tabla,fila,campo,tipo,reportado,propio,dif,tolerancia,ok,exacto_al_redondeo
"1. Long-only VW: cartera ""buena"" menos mercado, en USD",OP-LO-VW,ultimo mes pre,categoria,201504,201504,,igual,True,True
"1. Long-only VW: cartera ""buena"" menos mercado, en USD",OP-LO-VW,completo x12,x12,1.06,1.060661,0.000661,0.12,True,True
"1. Long-only VW: cartera ""buena"" menos mercado, en USD",OP-LO-VW,completo t,t,1.89,1.894867,0.004867,0.05,True,True
"1. Long-only VW: cartera ""buena"" menos mercado, en USD",OP-LO-VW,completo apoyo(negrita),categoria,False,False,,igual,True,True
"1. Long-only VW: cartera ""buena"" menos mercado, en USD",OP-LO-VW,pre x12,x12,1.14,1.135177,-0.004823,0.12,True,True
"1. Long-only VW: cartera ""buena"" menos mercado, en USD",OP-LO-VW,pre t,t,1.82,1.824917,0.004917,0.05,True,True
"1. Long-only VW: cartera ""buena"" menos mercado, en USD",OP-LO-VW,pre apoyo(negrita),categoria,False,False,,igual,True,True
"1. Long-only VW: cartera ""buena"" menos mercado, en USD",OP-LO-VW,2000-2025 x12,x12,1.06,1.063462,0.003462,0.12,True,True
"1. Long-only VW: cartera ""buena"" menos mercado, en USD",OP-LO-VW,2000-2025 t,t,1.21,1.210307,0.000307,0.05,True,True
"1. Long-only VW: cartera ""buena"" menos mercado, en USD",OP-LO-VW,2000-2025 apoyo(negrita),categoria,False,False,,igual,True,True
"1. Long-only VW: cartera ""buena"" menos mercado, en USD",OP-LO-VW,2000-ult x12,x12,0.92,0.915235,-0.004765,0.12,True,True
"1. Long-only VW: cartera ""buena"" menos mercado, en USD",OP-LO-VW,2000-ult t,t,1.04,1.038826,-0.001174,0.05,True,True
"1. Long-only VW: cartera ""buena"" menos mercado, en USD",OP-LO-VW,2000-ult apoyo(negrita),categoria,False,False,,igual,True,True
"1. Long-only VW: cartera ""buena"" menos mercado, en USD",OP-LO-VW,post x12,x12,0.72,0.717333,-0.002667,0.12,True,True
"1. Long-only VW: cartera ""buena"" menos mercado, en USD",OP-LO-VW,post t,t,0.56,0.559532,-0.000468,0.05,True,True
"1. Long-only VW: cartera ""buena"" menos mercado, en USD",OP-LO-VW,post apoyo(negrita),categoria,False,False,,igual,True,True
"1. Long-only VW: cartera ""buena"" menos mercado, en USD",NI-LO-VW,ultimo mes pre,categoria,200804,200804,,igual,True,True
"1. Long-only VW: cartera ""buena"" menos mercado, en USD",NI-LO-VW,completo x12,x12,1.97,1.971995,0.001995,0.12,True,True
"1. Long-only VW: cartera ""buena"" menos mercado, en USD",NI-LO-VW,completo t,t,3.22,3.224021,0.004021,0.05,True,True
"1. Long-only VW: cartera ""buena"" menos mercado, en USD",NI-LO-VW,completo apoyo(negrita),categoria,True,True,,igual,True,True
"1. Long-only VW: cartera ""buena"" menos mercado, en USD",NI-LO-VW,pre x12,x12,2.58,2.580000,0.000000,0.12,True,True
"1. Long-only VW: cartera ""buena"" menos mercado, en USD",NI-LO-VW,pre t,t,3.19,3.194694,0.004694,0.05,True,True
"1. Long-only VW: cartera ""buena"" menos mercado, en USD",NI-LO-VW,pre apoyo(negrita),categoria,True,True,,igual,True,True
"1. Long-only VW: cartera ""buena"" menos mercado, en USD",NI-LO-VW,2000-2025 x12,x12,1.30,1.296923,-0.003077,0.12,True,True
"1. Long-only VW: cartera ""buena"" menos mercado, en USD",NI-LO-VW,2000-2025 t,t,1.34,1.343761,0.003761,0.05,True,True
"1. Long-only VW: cartera ""buena"" menos mercado, en USD",NI-LO-VW,2000-2025 apoyo(negrita),categoria,False,False,,igual,True,True
"1. Long-only VW: cartera ""buena"" menos mercado, en USD",NI-LO-VW,2000-ult x12,x12,1.28,1.275235,-0.004765,0.12,True,True
"1. Long-only VW: cartera ""buena"" menos mercado, en USD",NI-LO-VW,2000-ult t,t,1.35,1.346637,-0.003363,0.05,True,True
"1. Long-only VW: cartera ""buena"" menos mercado, en USD",NI-LO-VW,2000-ult apoyo(negrita),categoria,False,False,,igual,True,True
"1. Long-only VW: cartera ""buena"" menos mercado, en USD",NI-LO-VW,post x12,x12,0.48,0.478356,-0.001644,0.12,True,True
"1. Long-only VW: cartera ""buena"" menos mercado, en USD",NI-LO-VW,post t,t,0.72,0.723578,0.003578,0.05,True,True
"1. Long-only VW: cartera ""buena"" menos mercado, en USD",NI-LO-VW,post apoyo(negrita),categoria,False,False,,igual,True,True
"1. Long-only VW: cartera ""buena"" menos mercado, en USD",VAR-LO-VW,ultimo mes pre,categoria,200602,200602,,igual,True,True
"1. Long-only VW: cartera ""buena"" menos mercado, en USD",VAR-LO-VW,completo x12,x12,-0.09,-0.094795,-0.004795,0.12,True,True
"1. Long-only VW: cartera ""buena"" menos mercado, en USD",VAR-LO-VW,completo t,t,-0.11,-0.106737,0.003263,0.05,True,True
"1. Long-only VW: cartera ""buena"" menos mercado, en USD",VAR-LO-VW,completo apoyo(negrita),categoria,False,False,,igual,True,True
"1. Long-only VW: cartera ""buena"" menos mercado, en USD",VAR-LO-VW,pre x12,x12,-0.21,-0.210469,-0.000469,0.12,True,True
"1. Long-only VW: cartera ""buena"" menos mercado, en USD",VAR-LO-VW,pre t,t,-0.20,-0.197004,0.002996,0.05,True,True
"1. Long-only VW: cartera ""buena"" menos mercado, en USD",VAR-LO-VW,pre apoyo(negrita),categoria,False,False,,igual,True,True
"1. Long-only VW: cartera ""buena"" menos mercado, en USD",VAR-LO-VW,2000-2025 x12,x12,0.84,0.839615,-0.000385,0.12,True,True
"1. Long-only VW: cartera ""buena"" menos mercado, en USD",VAR-LO-VW,2000-2025 t,t,0.52,0.519509,-0.000491,0.05,True,True
"1. Long-only VW: cartera ""buena"" menos mercado, en USD",VAR-LO-VW,2000-2025 apoyo(negrita),categoria,False,False,,igual,True,True
"1. Long-only VW: cartera ""buena"" menos mercado, en USD",VAR-LO-VW,2000-ult x12,x12,0.85,0.846771,-0.003229,0.12,True,True
"1. Long-only VW: cartera ""buena"" menos mercado, en USD",VAR-LO-VW,2000-ult t,t,0.53,0.532339,0.002339,0.05,True,True
"1. Long-only VW: cartera ""buena"" menos mercado, en USD",VAR-LO-VW,2000-ult apoyo(negrita),categoria,False,False,,igual,True,True
"1. Long-only VW: cartera ""buena"" menos mercado, en USD",VAR-LO-VW,post x12,x12,0.15,0.146939,-0.003061,0.12,True,True
"1. Long-only VW: cartera ""buena"" menos mercado, en USD",VAR-LO-VW,post t,t,0.09,0.091872,0.001872,0.05,True,True
"1. Long-only VW: cartera ""buena"" menos mercado, en USD",VAR-LO-VW,post apoyo(negrita),categoria,False,False,,igual,True,True
"1. Long-only VW: cartera ""buena"" menos mercado, en USD",INV-LO-VW,ultimo mes pre,categoria,200808,200808,,igual,True,True
"1. Long-only VW: cartera ""buena"" menos mercado, en USD",INV-LO-VW,completo x12,x12,2.39,2.386526,-0.003474,0.12,True,True
"1. Long-only VW: cartera ""buena"" menos mercado, en USD",INV-LO-VW,completo t,t,2.71,2.714290,0.004290,0.05,True,True
"1. Long-only VW: cartera ""buena"" menos mercado, en USD",INV-LO-VW,completo apoyo(negrita),categoria,True,True,,igual,True,True
"1. Long-only VW: cartera ""buena"" menos mercado, en USD",INV-LO-VW,pre x12,x12,3.11,3.113137,0.003137,0.12,True,True
"1. Long-only VW: cartera ""buena"" menos mercado, en USD",INV-LO-VW,pre t,t,3.09,3.089568,-0.000432,0.05,True,True
"1. Long-only VW: cartera ""buena"" menos mercado, en USD",INV-LO-VW,pre apoyo(negrita),categoria,True,True,,igual,True,True
"1. Long-only VW: cartera ""buena"" menos mercado, en USD",INV-LO-VW,2000-2025 x12,x12,2.09,2.094231,0.004231,0.12,True,True
"1. Long-only VW: cartera ""buena"" menos mercado, en USD",INV-LO-VW,2000-2025 t,t,1.42,1.423227,0.003227,0.05,True,True
"1. Long-only VW: cartera ""buena"" menos mercado, en USD",INV-LO-VW,2000-2025 apoyo(negrita),categoria,False,False,,igual,True,True
"1. Long-only VW: cartera ""buena"" menos mercado, en USD",INV-LO-VW,2000-ult x12,x12,2.15,2.145705,-0.004295,0.12,True,True
"1. Long-only VW: cartera ""buena"" menos mercado, en USD",INV-LO-VW,2000-ult t,t,1.49,1.485450,-0.004550,0.05,True,True
"1. Long-only VW: cartera ""buena"" menos mercado, en USD",INV-LO-VW,2000-ult apoyo(negrita),categoria,False,False,,igual,True,True
"1. Long-only VW: cartera ""buena"" menos mercado, en USD",INV-LO-VW,post x12,x12,0.55,0.554791,0.004791,0.12,True,True
"1. Long-only VW: cartera ""buena"" menos mercado, en USD",INV-LO-VW,post t,t,0.32,0.319944,-0.000056,0.05,True,True
"1. Long-only VW: cartera ""buena"" menos mercado, en USD",INV-LO-VW,post apoyo(negrita),categoria,False,False,,igual,True,True
"1. Long-only VW: cartera ""buena"" menos mercado, en USD",RESVAR-LO-VW,ultimo mes pre,categoria,200602,200602,,igual,True,True
"1. Long-only VW: cartera ""buena"" menos mercado, en USD",RESVAR-LO-VW,completo x12,x12,0.21,0.206552,-0.003448,0.12,True,True
"1. Long-only VW: cartera ""buena"" menos mercado, en USD",RESVAR-LO-VW,completo t,t,0.31,0.308875,-0.001125,0.05,True,True
"1. Long-only VW: cartera ""buena"" menos mercado, en USD",RESVAR-LO-VW,completo apoyo(negrita),categoria,False,False,,igual,True,True
"1. Long-only VW: cartera ""buena"" menos mercado, en USD",RESVAR-LO-VW,pre x12,x12,0.24,0.237891,-0.002109,0.12,True,True
"1. Long-only VW: cartera ""buena"" menos mercado, en USD",RESVAR-LO-VW,pre t,t,0.29,0.290608,0.000608,0.05,True,True
"1. Long-only VW: cartera ""buena"" menos mercado, en USD",RESVAR-LO-VW,pre apoyo(negrita),categoria,False,False,,igual,True,True
"1. Long-only VW: cartera ""buena"" menos mercado, en USD",RESVAR-LO-VW,2000-2025 x12,x12,0.79,0.790769,0.000769,0.12,True,True
"1. Long-only VW: cartera ""buena"" menos mercado, en USD",RESVAR-LO-VW,2000-2025 t,t,0.68,0.677931,-0.002069,0.05,True,True
"1. Long-only VW: cartera ""buena"" menos mercado, en USD",RESVAR-LO-VW,2000-2025 apoyo(negrita),categoria,False,False,,igual,True,True
"1. Long-only VW: cartera ""buena"" menos mercado, en USD",RESVAR-LO-VW,2000-ult x12,x12,0.65,0.648527,-0.001473,0.12,True,True
"1. Long-only VW: cartera ""buena"" menos mercado, en USD",RESVAR-LO-VW,2000-ult t,t,0.56,0.556071,-0.003929,0.05,True,True
"1. Long-only VW: cartera ""buena"" menos mercado, en USD",RESVAR-LO-VW,2000-ult apoyo(negrita),categoria,False,False,,igual,True,True
"1. Long-only VW: cartera ""buena"" menos mercado, en USD",RESVAR-LO-VW,post x12,x12,0.14,0.141061,0.001061,0.12,True,True
"1. Long-only VW: cartera ""buena"" menos mercado, en USD",RESVAR-LO-VW,post t,t,0.12,0.121440,0.001440,0.05,True,True
"1. Long-only VW: cartera ""buena"" menos mercado, en USD",RESVAR-LO-VW,post apoyo(negrita),categoria,False,False,,igual,True,True
2. Largo-corto VW (académico; no operable en GBM),OP-LS-VW,ultimo mes pre,categoria,201504,201504,,igual,True,True
2. Largo-corto VW (académico; no operable en GBM),OP-LS-VW,completo x12,x12,2.63,2.632867,0.002867,0.12,True,True
2. Largo-corto VW (académico; no operable en GBM),OP-LS-VW,completo t,t,1.70,1.695273,-0.004727,0.05,True,True
2. Largo-corto VW (académico; no operable en GBM),OP-LS-VW,completo apoyo(negrita),categoria,False,False,,igual,True,True
2. Largo-corto VW (académico; no operable en GBM),OP-LS-VW,pre x12,x12,2.50,2.501865,0.001865,0.12,True,True
2. Largo-corto VW (académico; no operable en GBM),OP-LS-VW,pre t,t,1.50,1.497251,-0.002749,0.05,True,True
2. Largo-corto VW (académico; no operable en GBM),OP-LS-VW,pre apoyo(negrita),categoria,False,False,,igual,True,True
2. Largo-corto VW (académico; no operable en GBM),OP-LS-VW,2000-2025 x12,x12,5.08,5.075385,-0.004615,0.12,True,True
2. Largo-corto VW (académico; no operable en GBM),OP-LS-VW,2000-2025 t,t,1.89,1.889816,-0.000184,0.05,True,True
2. Largo-corto VW (académico; no operable en GBM),OP-LS-VW,2000-2025 apoyo(negrita),categoria,False,False,,igual,True,True
2. Largo-corto VW (académico; no operable en GBM),OP-LS-VW,2000-ult x12,x12,4.26,4.256050,-0.003950,0.12,True,True
2. Largo-corto VW (académico; no operable en GBM),OP-LS-VW,2000-ult t,t,1.52,1.524969,0.004969,0.05,True,True
2. Largo-corto VW (académico; no operable en GBM),OP-LS-VW,2000-ult apoyo(negrita),categoria,False,False,,igual,True,True
2. Largo-corto VW (académico; no operable en GBM),OP-LS-VW,post x12,x12,3.24,3.236444,-0.003556,0.12,True,True
2. Largo-corto VW (académico; no operable en GBM),OP-LS-VW,post t,t,0.79,0.793505,0.003505,0.05,True,True
2. Largo-corto VW (académico; no operable en GBM),OP-LS-VW,post apoyo(negrita),categoria,False,False,,igual,True,True
2. Largo-corto VW (académico; no operable en GBM),NI-LS-VW,ultimo mes pre,categoria,200804,200804,,igual,True,True
2. Largo-corto VW (académico; no operable en GBM),NI-LS-VW,completo x12,x12,5.84,5.841955,0.001955,0.12,True,True
2. Largo-corto VW (académico; no operable en GBM),NI-LS-VW,completo t,t,4.05,4.048568,-0.001432,0.05,True,True
2. Largo-corto VW (académico; no operable en GBM),NI-LS-VW,completo apoyo(negrita),categoria,True,True,,igual,True,True
2. Largo-corto VW (académico; no operable en GBM),NI-LS-VW,pre x12,x12,6.58,6.575465,-0.004535,0.12,True,True
2. Largo-corto VW (académico; no operable en GBM),NI-LS-VW,pre t,t,4.13,4.129351,-0.000649,0.05,True,True
2. Largo-corto VW (académico; no operable en GBM),NI-LS-VW,pre apoyo(negrita),categoria,True,True,,igual,True,True
2. Largo-corto VW (académico; no operable en GBM),NI-LS-VW,2000-2025 x12,x12,4.91,4.906923,-0.003077,0.12,True,True
2. Largo-corto VW (académico; no operable en GBM),NI-LS-VW,2000-2025 t,t,1.87,1.870461,0.000461,0.05,True,True
2. Largo-corto VW (académico; no operable en GBM),NI-LS-VW,2000-2025 apoyo(negrita),categoria,False,False,,igual,True,True
2. Largo-corto VW (académico; no operable en GBM),NI-LS-VW,2000-ult x12,x12,5.29,5.291661,0.001661,0.12,True,True
2. Largo-corto VW (académico; no operable en GBM),NI-LS-VW,2000-ult t,t,2.00,2.004928,0.004928,0.05,True,True
2. Largo-corto VW (académico; no operable en GBM),NI-LS-VW,2000-ult apoyo(negrita),categoria,True,True,,igual,True,True
2. Largo-corto VW (académico; no operable en GBM),NI-LS-VW,post x12,x12,4.04,4.040000,-0.000000,0.12,True,True
2. Largo-corto VW (académico; no operable en GBM),NI-LS-VW,post t,t,1.31,1.314368,0.004368,0.05,True,True
2. Largo-corto VW (académico; no operable en GBM),NI-LS-VW,post apoyo(negrita),categoria,False,False,,igual,True,True
2. Largo-corto VW (académico; no operable en GBM),VAR-LS-VW,ultimo mes pre,categoria,200602,200602,,igual,True,True
2. Largo-corto VW (académico; no operable en GBM),VAR-LS-VW,completo x12,x12,1.56,1.560634,0.000634,0.12,True,True
2. Largo-corto VW (académico; no operable en GBM),VAR-LS-VW,completo t,t,0.51,0.510739,0.000739,0.05,True,True
2. Largo-corto VW (académico; no operable en GBM),VAR-LS-VW,completo apoyo(negrita),categoria,False,False,,igual,True,True
2. Largo-corto VW (académico; no operable en GBM),VAR-LS-VW,pre x12,x12,2.36,2.364844,0.004844,0.12,True,True
2. Largo-corto VW (académico; no operable en GBM),VAR-LS-VW,pre t,t,0.66,0.660008,0.000008,0.05,True,True
2. Largo-corto VW (académico; no operable en GBM),VAR-LS-VW,pre apoyo(negrita),categoria,False,False,,igual,True,True
2. Largo-corto VW (académico; no operable en GBM),VAR-LS-VW,2000-2025 x12,x12,2.71,2.706154,-0.003846,0.12,True,True
2. Largo-corto VW (académico; no operable en GBM),VAR-LS-VW,2000-2025 t,t,0.51,0.505887,-0.004113,0.05,True,True
2. Largo-corto VW (académico; no operable en GBM),VAR-LS-VW,2000-2025 apoyo(negrita),categoria,False,False,,igual,True,True
2. Largo-corto VW (académico; no operable en GBM),VAR-LS-VW,2000-ult x12,x12,1.70,1.699185,-0.000815,0.12,True,True
2. Largo-corto VW (académico; no operable en GBM),VAR-LS-VW,2000-ult t,t,0.32,0.316043,-0.003957,0.05,True,True
2. Largo-corto VW (académico; no operable en GBM),VAR-LS-VW,2000-ult apoyo(negrita),categoria,False,False,,igual,True,True
2. Largo-corto VW (académico; no operable en GBM),VAR-LS-VW,post x12,x12,-0.12,-0.120000,-0.000000,0.12,True,True
2. Largo-corto VW (académico; no operable en GBM),VAR-LS-VW,post t,t,-0.02,-0.020877,-0.000877,0.05,True,True
2. Largo-corto VW (académico; no operable en GBM),VAR-LS-VW,post apoyo(negrita),categoria,False,False,,igual,True,True
2. Largo-corto VW (académico; no operable en GBM),INV-LS-VW,ultimo mes pre,categoria,200808,200808,,igual,True,True
2. Largo-corto VW (académico; no operable en GBM),INV-LS-VW,completo x12,x12,2.66,2.663461,0.003461,0.12,True,True
2. Largo-corto VW (académico; no operable en GBM),INV-LS-VW,completo t,t,1.78,1.777074,-0.002926,0.05,True,True
2. Largo-corto VW (académico; no operable en GBM),INV-LS-VW,completo apoyo(negrita),categoria,False,False,,igual,True,True
2. Largo-corto VW (académico; no operable en GBM),INV-LS-VW,pre x12,x12,4.10,4.095720,-0.004280,0.12,True,True
2. Largo-corto VW (académico; no operable en GBM),INV-LS-VW,pre t,t,2.36,2.363704,0.003704,0.05,True,True
2. Largo-corto VW (académico; no operable en GBM),INV-LS-VW,pre apoyo(negrita),categoria,True,True,,igual,True,True
2. Largo-corto VW (académico; no operable en GBM),INV-LS-VW,2000-2025 x12,x12,2.50,2.496154,-0.003846,0.12,True,True
2. Largo-corto VW (académico; no operable en GBM),INV-LS-VW,2000-2025 t,t,0.93,0.934094,0.004094,0.05,True,True
2. Largo-corto VW (académico; no operable en GBM),INV-LS-VW,2000-2025 apoyo(negrita),categoria,False,False,,igual,True,True
2. Largo-corto VW (académico; no operable en GBM),INV-LS-VW,2000-ult x12,x12,2.76,2.764514,0.004514,0.12,True,True
2. Largo-corto VW (académico; no operable en GBM),INV-LS-VW,2000-ult t,t,1.05,1.051487,0.001487,0.05,True,True
2. Largo-corto VW (académico; no operable en GBM),INV-LS-VW,2000-ult apoyo(negrita),categoria,False,False,,igual,True,True
2. Largo-corto VW (académico; no operable en GBM),INV-LS-VW,post x12,x12,-0.95,-0.947163,0.002837,0.12,True,True
2. Largo-corto VW (académico; no operable en GBM),INV-LS-VW,post t,t,-0.33,-0.330091,-0.000091,0.05,True,True
2. Largo-corto VW (académico; no operable en GBM),INV-LS-VW,post apoyo(negrita),categoria,False,False,,igual,True,True
2. Largo-corto VW (académico; no operable en GBM),RESVAR-LS-VW,ultimo mes pre,categoria,200602,200602,,igual,True,True
2. Largo-corto VW (académico; no operable en GBM),RESVAR-LS-VW,completo x12,x12,2.09,2.086129,-0.003871,0.12,True,True
2. Largo-corto VW (académico; no operable en GBM),RESVAR-LS-VW,completo t,t,0.72,0.720127,0.000127,0.05,True,True
2. Largo-corto VW (académico; no operable en GBM),RESVAR-LS-VW,completo apoyo(negrita),categoria,False,False,,igual,True,True
2. Largo-corto VW (académico; no operable en GBM),RESVAR-LS-VW,pre x12,x12,3.30,3.296719,-0.003281,0.12,True,True
2. Largo-corto VW (académico; no operable en GBM),RESVAR-LS-VW,pre t,t,0.99,0.987317,-0.002683,0.05,True,True
2. Largo-corto VW (académico; no operable en GBM),RESVAR-LS-VW,pre apoyo(negrita),categoria,False,False,,igual,True,True
2. Largo-corto VW (académico; no operable en GBM),RESVAR-LS-VW,2000-2025 x12,x12,2.76,2.756154,-0.003846,0.12,True,True
2. Largo-corto VW (académico; no operable en GBM),RESVAR-LS-VW,2000-2025 t,t,0.56,0.555552,-0.004448,0.05,True,True
2. Largo-corto VW (académico; no operable en GBM),RESVAR-LS-VW,2000-2025 apoyo(negrita),categoria,False,False,,igual,True,True
2. Largo-corto VW (académico; no operable en GBM),RESVAR-LS-VW,2000-ult x12,x12,1.23,1.234232,0.004232,0.12,True,True
2. Largo-corto VW (académico; no operable en GBM),RESVAR-LS-VW,2000-ult t,t,0.24,0.240714,0.000714,0.05,True,True
2. Largo-corto VW (académico; no operable en GBM),RESVAR-LS-VW,2000-ult apoyo(negrita),categoria,False,False,,igual,True,True
2. Largo-corto VW (académico; no operable en GBM),RESVAR-LS-VW,post x12,x12,-0.44,-0.443755,-0.003755,0.12,True,True
2. Largo-corto VW (académico; no operable en GBM),RESVAR-LS-VW,post t,t,-0.08,-0.079364,0.000636,0.05,True,True
2. Largo-corto VW (académico; no operable en GBM),RESVAR-LS-VW,post apoyo(negrita),categoria,False,False,,igual,True,True
3. Largo-corto equiponderado y factores de referencia,OP-LS-EW,ultimo mes pre,categoria,201504,201504,,igual,True,True
3. Largo-corto equiponderado y factores de referencia,OP-LS-EW,completo x12,x12,1.17,1.166394,-0.003606,0.12,True,True
3. Largo-corto equiponderado y factores de referencia,OP-LS-EW,completo t,t,0.72,0.715338,-0.004662,0.05,True,True
3. Largo-corto equiponderado y factores de referencia,OP-LS-EW,completo apoyo(negrita),categoria,False,False,,igual,True,True
3. Largo-corto equiponderado y factores de referencia,OP-LS-EW,pre x12,x12,0.45,0.448167,-0.001833,0.12,True,True
3. Largo-corto equiponderado y factores de referencia,OP-LS-EW,pre t,t,0.27,0.267287,-0.002713,0.05,True,True
3. Largo-corto equiponderado y factores de referencia,OP-LS-EW,pre apoyo(negrita),categoria,False,False,,igual,True,True
3. Largo-corto equiponderado y factores de referencia,OP-LS-EW,2000-2025 x12,x12,3.04,3.043462,0.003462,0.12,True,True
3. Largo-corto equiponderado y factores de referencia,OP-LS-EW,2000-2025 t,t,0.99,0.994300,0.004300,0.05,True,True
3. Largo-corto equiponderado y factores de referencia,OP-LS-EW,2000-2025 apoyo(negrita),categoria,False,False,,igual,True,True
3. Largo-corto equiponderado y factores de referencia,OP-LS-EW,2000-ult x12,x12,3.17,3.168527,-0.001473,0.12,True,True
3. Largo-corto equiponderado y factores de referencia,OP-LS-EW,2000-ult t,t,1.06,1.057567,-0.002433,0.05,True,True
3. Largo-corto equiponderado y factores de referencia,OP-LS-EW,2000-ult apoyo(negrita),categoria,False,False,,igual,True,True
3. Largo-corto equiponderado y factores de referencia,OP-LS-EW,post x12,x12,4.48,4.475556,-0.004444,0.12,True,True
3. Largo-corto equiponderado y factores de referencia,OP-LS-EW,post t,t,0.92,0.924195,0.004195,0.05,True,True
3. Largo-corto equiponderado y factores de referencia,OP-LS-EW,post apoyo(negrita),categoria,False,False,,igual,True,True
3. Largo-corto equiponderado y factores de referencia,NI-LS-EW,ultimo mes pre,categoria,200804,200804,,igual,True,True
3. Largo-corto equiponderado y factores de referencia,NI-LS-EW,completo x12,x12,10.41,10.413052,0.003052,0.12,True,True
3. Largo-corto equiponderado y factores de referencia,NI-LS-EW,completo t,t,5.75,5.746503,-0.003497,0.05,True,True
3. Largo-corto equiponderado y factores de referencia,NI-LS-EW,completo apoyo(negrita),categoria,True,True,,igual,True,True
3. Largo-corto equiponderado y factores de referencia,NI-LS-EW,pre x12,x12,10.30,10.296803,-0.003197,0.12,True,True
3. Largo-corto equiponderado y factores de referencia,NI-LS-EW,pre t,t,5.30,5.301146,0.001146,0.05,True,True
3. Largo-corto equiponderado y factores de referencia,NI-LS-EW,pre apoyo(negrita),categoria,True,True,,igual,True,True
3. Largo-corto equiponderado y factores de referencia,NI-LS-EW,2000-2025 x12,x12,11.25,11.252692,0.002692,0.12,True,True
3. Largo-corto equiponderado y factores de referencia,NI-LS-EW,2000-2025 t,t,3.02,3.016246,-0.003754,0.05,True,True
3. Largo-corto equiponderado y factores de referencia,NI-LS-EW,2000-2025 apoyo(negrita),categoria,True,True,,igual,True,True
3. Largo-corto equiponderado y factores de referencia,NI-LS-EW,2000-ult x12,x12,11.65,11.649404,-0.000596,0.12,True,True
3. Largo-corto equiponderado y factores de referencia,NI-LS-EW,2000-ult t,t,3.18,3.177792,-0.002208,0.05,True,True
3. Largo-corto equiponderado y factores de referencia,NI-LS-EW,2000-ult apoyo(negrita),categoria,True,True,,igual,True,True
3. Largo-corto equiponderado y factores de referencia,NI-LS-EW,post x12,x12,10.70,10.698630,-0.001370,0.12,True,True
3. Largo-corto equiponderado y factores de referencia,NI-LS-EW,post t,t,2.63,2.629636,-0.000364,0.05,True,True
3. Largo-corto equiponderado y factores de referencia,NI-LS-EW,post apoyo(negrita),categoria,True,True,,igual,True,True
3. Largo-corto equiponderado y factores de referencia,VAR-LS-EW,ultimo mes pre,categoria,200602,200602,,igual,True,True
3. Largo-corto equiponderado y factores de referencia,VAR-LS-EW,completo x12,x12,1.95,1.954875,0.004875,0.12,True,True
3. Largo-corto equiponderado y factores de referencia,VAR-LS-EW,completo t,t,0.62,0.624981,0.004981,0.05,True,True
3. Largo-corto equiponderado y factores de referencia,VAR-LS-EW,completo apoyo(negrita),categoria,False,False,,igual,True,True
3. Largo-corto equiponderado y factores de referencia,VAR-LS-EW,pre x12,x12,0.11,0.110156,0.000156,0.12,True,True
3. Largo-corto equiponderado y factores de referencia,VAR-LS-EW,pre t,t,0.03,0.030483,0.000483,0.05,True,True
3. Largo-corto equiponderado y factores de referencia,VAR-LS-EW,pre apoyo(negrita),categoria,False,False,,igual,True,True
3. Largo-corto equiponderado y factores de referencia,VAR-LS-EW,2000-2025 x12,x12,4.75,4.747692,-0.002308,0.12,True,True
3. Largo-corto equiponderado y factores de referencia,VAR-LS-EW,2000-2025 t,t,0.85,0.850059,0.000059,0.05,True,True
3. Largo-corto equiponderado y factores de referencia,VAR-LS-EW,2000-2025 apoyo(negrita),categoria,False,False,,igual,True,True
3. Largo-corto equiponderado y factores de referencia,VAR-LS-EW,2000-ult x12,x12,4.87,4.870345,0.000345,0.12,True,True
3. Largo-corto equiponderado y factores de referencia,VAR-LS-EW,2000-ult t,t,0.89,0.890280,0.000280,0.05,True,True
3. Largo-corto equiponderado y factores de referencia,VAR-LS-EW,2000-ult apoyo(negrita),categoria,False,False,,igual,True,True
3. Largo-corto equiponderado y factores de referencia,VAR-LS-EW,post x12,x12,5.81,5.809959,-0.000041,0.12,True,True
3. Largo-corto equiponderado y factores de referencia,VAR-LS-EW,post t,t,0.97,0.968334,-0.001666,0.05,True,True
3. Largo-corto equiponderado y factores de referencia,VAR-LS-EW,post apoyo(negrita),categoria,False,False,,igual,True,True
3. Largo-corto equiponderado y factores de referencia,INV-LS-EW,ultimo mes pre,categoria,200808,200808,,igual,True,True
3. Largo-corto equiponderado y factores de referencia,INV-LS-EW,completo x12,x12,8.43,8.432021,0.002021,0.12,True,True
3. Largo-corto equiponderado y factores de referencia,INV-LS-EW,completo t,t,6.61,6.609641,-0.000359,0.05,True,True
3. Largo-corto equiponderado y factores de referencia,INV-LS-EW,completo apoyo(negrita),categoria,True,True,,igual,True,True
3. Largo-corto equiponderado y factores de referencia,INV-LS-EW,pre x12,x12,9.94,9.939188,-0.000812,0.12,True,True
3. Largo-corto equiponderado y factores de referencia,INV-LS-EW,pre t,t,6.95,6.949329,-0.000671,0.05,True,True
3. Largo-corto equiponderado y factores de referencia,INV-LS-EW,pre apoyo(negrita),categoria,True,True,,igual,True,True
3. Largo-corto equiponderado y factores de referencia,INV-LS-EW,2000-2025 x12,x12,7.39,7.394615,0.004615,0.12,True,True
3. Largo-corto equiponderado y factores de referencia,INV-LS-EW,2000-2025 t,t,3.10,3.097257,-0.002743,0.05,True,True
3. Largo-corto equiponderado y factores de referencia,INV-LS-EW,2000-2025 apoyo(negrita),categoria,True,True,,igual,True,True
3. Largo-corto equiponderado y factores de referencia,INV-LS-EW,2000-ult x12,x12,7.19,7.192476,0.002476,0.12,True,True
3. Largo-corto equiponderado y factores de referencia,INV-LS-EW,2000-ult t,t,3.06,3.061725,0.001725,0.05,True,True
3. Largo-corto equiponderado y factores de referencia,INV-LS-EW,2000-ult apoyo(negrita),categoria,True,True,,igual,True,True
3. Largo-corto equiponderado y factores de referencia,INV-LS-EW,post x12,x12,4.63,4.632558,0.002558,0.12,True,True
3. Largo-corto equiponderado y factores de referencia,INV-LS-EW,post t,t,1.81,1.810804,0.000804,0.05,True,True
3. Largo-corto equiponderado y factores de referencia,INV-LS-EW,post apoyo(negrita),categoria,False,False,,igual,True,True
3. Largo-corto equiponderado y factores de referencia,RMW,ultimo mes pre,categoria,201504,201504,,igual,True,True
3. Largo-corto equiponderado y factores de referencia,RMW,completo x12,x12,3.08,3.084967,0.004967,0.12,True,True
3. Largo-corto equiponderado y factores de referencia,RMW,completo t,t,2.86,2.856997,-0.003003,0.05,True,True
3. Largo-corto equiponderado y factores de referencia,RMW,completo apoyo(negrita),categoria,True,True,,igual,True,True
3. Largo-corto equiponderado y factores de referencia,RMW,pre x12,x12,3.16,3.161479,0.001479,0.12,True,True
3. Largo-corto equiponderado y factores de referencia,RMW,pre t,t,2.59,2.587094,-0.002906,0.05,True,True
3. Largo-corto equiponderado y factores de referencia,RMW,pre apoyo(negrita),categoria,True,True,,igual,True,True
3. Largo-corto equiponderado y factores de referencia,RMW,2000-2025 x12,x12,4.76,4.761538,0.001538,0.12,True,True
3. Largo-corto equiponderado y factores de referencia,RMW,2000-2025 t,t,2.43,2.426429,-0.003571,0.05,True,True
3. Largo-corto equiponderado y factores de referencia,RMW,2000-2025 apoyo(negrita),categoria,True,True,,igual,True,True
3. Largo-corto equiponderado y factores de referencia,RMW,2000-ult x12,x12,4.48,4.476489,-0.003511,0.12,True,True
3. Largo-corto equiponderado y factores de referencia,RMW,2000-ult t,t,2.28,2.275034,-0.004966,0.05,True,True
3. Largo-corto equiponderado y factores de referencia,RMW,2000-ult apoyo(negrita),categoria,True,True,,igual,True,True
3. Largo-corto equiponderado y factores de referencia,RMW,post x12,x12,2.73,2.732444,0.002444,0.12,True,True
3. Largo-corto equiponderado y factores de referencia,RMW,post t,t,1.23,1.225185,-0.004815,0.05,True,True
3. Largo-corto equiponderado y factores de referencia,RMW,post apoyo(negrita),categoria,False,False,,igual,True,True
3. Largo-corto equiponderado y factores de referencia,CMA,ultimo mes pre,categoria,201504,201504,,igual,True,True
3. Largo-corto equiponderado y factores de referencia,CMA,completo x12,x12,2.96,2.958785,-0.001215,0.12,True,True
3. Largo-corto equiponderado y factores de referencia,CMA,completo t,t,2.88,2.876507,-0.003493,0.05,True,True
3. Largo-corto equiponderado y factores de referencia,CMA,completo apoyo(negrita),categoria,True,True,,igual,True,True
3. Largo-corto equiponderado y factores de referencia,CMA,pre x12,x12,3.67,3.671961,0.001961,0.12,True,True
3. Largo-corto equiponderado y factores de referencia,CMA,pre t,t,3.34,3.344445,0.004445,0.05,True,True
3. Largo-corto equiponderado y factores de referencia,CMA,pre apoyo(negrita),categoria,True,True,,igual,True,True
3. Largo-corto equiponderado y factores de referencia,CMA,2000-2025 x12,x12,2.53,2.534615,0.004615,0.12,True,True
3. Largo-corto equiponderado y factores de referencia,CMA,2000-2025 t,t,1.41,1.413544,0.003544,0.05,True,True
3. Largo-corto equiponderado y factores de referencia,CMA,2000-2025 apoyo(negrita),categoria,False,False,,igual,True,True
3. Largo-corto equiponderado y factores de referencia,CMA,2000-ult x12,x12,2.75,2.753229,0.003229,0.12,True,True
3. Largo-corto equiponderado y factores de referencia,CMA,2000-ult t,t,1.57,1.568315,-0.001685,0.05,True,True
3. Largo-corto equiponderado y factores de referencia,CMA,2000-ult apoyo(negrita),categoria,False,False,,igual,True,True
3. Largo-corto equiponderado y factores de referencia,CMA,post x12,x12,-0.33,-0.327111,0.002889,0.12,True,True
3. Largo-corto equiponderado y factores de referencia,CMA,post t,t,-0.13,-0.125007,0.004993,0.05,True,True
3. Largo-corto equiponderado y factores de referencia,CMA,post apoyo(negrita),categoria,False,False,,igual,True,True
4. Detalle de las 16 pruebas primarias (IC Newey-West y bootstrap de bloques),OP-LO-VW 2000-2025,meses,categoria,200001-202512,200001-202512,,igual,True,True
4. Detalle de las 16 pruebas primarias (IC Newey-West y bootstrap de bloques),OP-LO-VW 2000-2025,n,n,312,312,0.0,0,True,True
4. Detalle de las 16 pruebas primarias (IC Newey-West y bootstrap de bloques),OP-LO-VW 2000-2025,media,media,0.089,0.088622,-0.000378,0.01,True,True
4. Detalle de las 16 pruebas primarias (IC Newey-West y bootstrap de bloques),OP-LO-VW 2000-2025,x12,x12,1.06,1.063462,0.003462,0.12,True,True
4. Detalle de las 16 pruebas primarias (IC Newey-West y bootstrap de bloques),OP-LO-VW 2000-2025,t,t,1.21,1.210307,0.000307,0.05,True,True
4. Detalle de las 16 pruebas primarias (IC Newey-West y bootstrap de bloques),OP-LO-VW 2000-2025,IC NW lo,ic,-0.055,-0.054892,0.000108,0.01,True,True
4. Detalle de las 16 pruebas primarias (IC Newey-West y bootstrap de bloques),OP-LO-VW 2000-2025,IC NW hi,ic,0.232,0.232135,0.000135,0.01,True,True
4. Detalle de las 16 pruebas primarias (IC Newey-West y bootstrap de bloques),OP-LO-VW 2000-2025,IC boot lo,ic,-0.047,-0.046827,0.000173,0.01,True,True
4. Detalle de las 16 pruebas primarias (IC Newey-West y bootstrap de bloques),OP-LO-VW 2000-2025,IC boot hi,ic,0.255,0.254840,-0.000160,0.01,True,True
4. Detalle de las 16 pruebas primarias (IC Newey-West y bootstrap de bloques),OP-LO-VW 2000-2025,veredicto,categoria,inconcluso,inconcluso,,igual,True,True
4. Detalle de las 16 pruebas primarias (IC Newey-West y bootstrap de bloques),OP-LO-VW post,meses,categoria,201505-202607,201505-202607,,igual,True,True
4. Detalle de las 16 pruebas primarias (IC Newey-West y bootstrap de bloques),OP-LO-VW post,n,n,135,135,0.0,0,True,True
4. Detalle de las 16 pruebas primarias (IC Newey-West y bootstrap de bloques),OP-LO-VW post,media,media,0.060,0.059778,-0.000222,0.01,True,True
4. Detalle de las 16 pruebas primarias (IC Newey-West y bootstrap de bloques),OP-LO-VW post,x12,x12,0.72,0.717333,-0.002667,0.12,True,True
4. Detalle de las 16 pruebas primarias (IC Newey-West y bootstrap de bloques),OP-LO-VW post,t,t,0.56,0.559532,-0.000468,0.05,True,True
4. Detalle de las 16 pruebas primarias (IC Newey-West y bootstrap de bloques),OP-LO-VW post,IC NW lo,ic,-0.150,-0.149616,0.000384,0.01,True,True
4. Detalle de las 16 pruebas primarias (IC Newey-West y bootstrap de bloques),OP-LO-VW post,IC NW hi,ic,0.269,0.269171,0.000171,0.01,True,True
4. Detalle de las 16 pruebas primarias (IC Newey-West y bootstrap de bloques),OP-LO-VW post,IC boot lo,ic,-0.137,-0.137111,-0.000111,0.01,True,True
4. Detalle de las 16 pruebas primarias (IC Newey-West y bootstrap de bloques),OP-LO-VW post,IC boot hi,ic,0.310,0.309630,-0.000370,0.01,True,True
4. Detalle de las 16 pruebas primarias (IC Newey-West y bootstrap de bloques),OP-LO-VW post,veredicto,categoria,inconcluso,inconcluso,,igual,True,True
4. Detalle de las 16 pruebas primarias (IC Newey-West y bootstrap de bloques),OP-LS-VW 2000-2025,meses,categoria,200001-202512,200001-202512,,igual,True,True
4. Detalle de las 16 pruebas primarias (IC Newey-West y bootstrap de bloques),OP-LS-VW 2000-2025,n,n,312,312,0.0,0,True,True
4. Detalle de las 16 pruebas primarias (IC Newey-West y bootstrap de bloques),OP-LS-VW 2000-2025,media,media,0.423,0.422949,-0.000051,0.01,True,True
4. Detalle de las 16 pruebas primarias (IC Newey-West y bootstrap de bloques),OP-LS-VW 2000-2025,x12,x12,5.08,5.075385,-0.004615,0.12,True,True
4. Detalle de las 16 pruebas primarias (IC Newey-West y bootstrap de bloques),OP-LS-VW 2000-2025,t,t,1.89,1.889816,-0.000184,0.05,True,True
4. Detalle de las 16 pruebas primarias (IC Newey-West y bootstrap de bloques),OP-LS-VW 2000-2025,IC NW lo,ic,-0.016,-0.015699,0.000301,0.01,True,True
4. Detalle de las 16 pruebas primarias (IC Newey-West y bootstrap de bloques),OP-LS-VW 2000-2025,IC NW hi,ic,0.862,0.861597,-0.000403,0.01,True,True
4. Detalle de las 16 pruebas primarias (IC Newey-West y bootstrap de bloques),OP-LS-VW 2000-2025,IC boot lo,ic,0.018,0.017596,-0.000404,0.01,True,True
4. Detalle de las 16 pruebas primarias (IC Newey-West y bootstrap de bloques),OP-LS-VW 2000-2025,IC boot hi,ic,0.913,0.912532,-0.000468,0.01,True,True
4. Detalle de las 16 pruebas primarias (IC Newey-West y bootstrap de bloques),OP-LS-VW 2000-2025,veredicto,categoria,inconcluso,inconcluso,,igual,True,True
4. Detalle de las 16 pruebas primarias (IC Newey-West y bootstrap de bloques),OP-LS-VW post,meses,categoria,201505-202607,201505-202607,,igual,True,True
4. Detalle de las 16 pruebas primarias (IC Newey-West y bootstrap de bloques),OP-LS-VW post,n,n,135,135,0.0,0,True,True
4. Detalle de las 16 pruebas primarias (IC Newey-West y bootstrap de bloques),OP-LS-VW post,media,media,0.270,0.269704,-0.000296,0.01,True,True
4. Detalle de las 16 pruebas primarias (IC Newey-West y bootstrap de bloques),OP-LS-VW post,x12,x12,3.24,3.236444,-0.003556,0.12,True,True
4. Detalle de las 16 pruebas primarias (IC Newey-West y bootstrap de bloques),OP-LS-VW post,t,t,0.79,0.793505,0.003505,0.05,True,True
4. Detalle de las 16 pruebas primarias (IC Newey-West y bootstrap de bloques),OP-LS-VW post,IC NW lo,ic,-0.396,-0.396466,-0.000466,0.01,True,True
4. Detalle de las 16 pruebas primarias (IC Newey-West y bootstrap de bloques),OP-LS-VW post,IC NW hi,ic,0.936,0.935874,-0.000126,0.01,True,True
4. Detalle de las 16 pruebas primarias (IC Newey-West y bootstrap de bloques),OP-LS-VW post,IC boot lo,ic,-0.330,-0.331333,-0.001333,0.01,True,False
4. Detalle de las 16 pruebas primarias (IC Newey-West y bootstrap de bloques),OP-LS-VW post,IC boot hi,ic,0.977,0.977111,0.000111,0.01,True,True
4. Detalle de las 16 pruebas primarias (IC Newey-West y bootstrap de bloques),OP-LS-VW post,veredicto,categoria,inconcluso,inconcluso,,igual,True,True
4. Detalle de las 16 pruebas primarias (IC Newey-West y bootstrap de bloques),NI-LO-VW 2000-2025,meses,categoria,200001-202512,200001-202512,,igual,True,True
4. Detalle de las 16 pruebas primarias (IC Newey-West y bootstrap de bloques),NI-LO-VW 2000-2025,n,n,312,312,0.0,0,True,True
4. Detalle de las 16 pruebas primarias (IC Newey-West y bootstrap de bloques),NI-LO-VW 2000-2025,media,media,0.108,0.108077,0.000077,0.01,True,True
4. Detalle de las 16 pruebas primarias (IC Newey-West y bootstrap de bloques),NI-LO-VW 2000-2025,x12,x12,1.30,1.296923,-0.003077,0.12,True,True
4. Detalle de las 16 pruebas primarias (IC Newey-West y bootstrap de bloques),NI-LO-VW 2000-2025,t,t,1.34,1.343761,0.003761,0.05,True,True
4. Detalle de las 16 pruebas primarias (IC Newey-West y bootstrap de bloques),NI-LO-VW 2000-2025,IC NW lo,ic,-0.050,-0.049560,0.000440,0.01,True,True
4. Detalle de las 16 pruebas primarias (IC Newey-West y bootstrap de bloques),NI-LO-VW 2000-2025,IC NW hi,ic,0.266,0.265714,-0.000286,0.01,True,True
4. Detalle de las 16 pruebas primarias (IC Newey-West y bootstrap de bloques),NI-LO-VW 2000-2025,IC boot lo,ic,-0.048,-0.049071,-0.001071,0.01,True,False
4. Detalle de las 16 pruebas primarias (IC Newey-West y bootstrap de bloques),NI-LO-VW 2000-2025,IC boot hi,ic,0.282,0.281538,-0.000462,0.01,True,True
4. Detalle de las 16 pruebas primarias (IC Newey-West y bootstrap de bloques),NI-LO-VW 2000-2025,veredicto,categoria,inconcluso,inconcluso,,igual,True,True
4. Detalle de las 16 pruebas primarias (IC Newey-West y bootstrap de bloques),NI-LO-VW post,meses,categoria,200805-202607,200805-202607,,igual,True,True
4. Detalle de las 16 pruebas primarias (IC Newey-West y bootstrap de bloques),NI-LO-VW post,n,n,219,219,0.0,0,True,True
4. Detalle de las 16 pruebas primarias (IC Newey-West y bootstrap de bloques),NI-LO-VW post,media,media,0.040,0.039863,-0.000137,0.01,True,True
4. Detalle de las 16 pruebas primarias (IC Newey-West y bootstrap de bloques),NI-LO-VW post,x12,x12,0.48,0.478356,-0.001644,0.12,True,True
4. Detalle de las 16 pruebas primarias (IC Newey-West y bootstrap de bloques),NI-LO-VW post,t,t,0.72,0.723578,0.003578,0.05,True,True
4. Detalle de las 16 pruebas primarias (IC Newey-West y bootstrap de bloques),NI-LO-VW post,IC NW lo,ic,-0.068,-0.068114,-0.000114,0.01,True,True
4. Detalle de las 16 pruebas primarias (IC Newey-West y bootstrap de bloques),NI-LO-VW post,IC NW hi,ic,0.148,0.147840,-0.000160,0.01,True,True
4. Detalle de las 16 pruebas primarias (IC Newey-West y bootstrap de bloques),NI-LO-VW post,IC boot lo,ic,-0.073,-0.073607,-0.000607,0.01,True,False
4. Detalle de las 16 pruebas primarias (IC Newey-West y bootstrap de bloques),NI-LO-VW post,IC boot hi,ic,0.128,0.128402,0.000402,0.01,True,True
4. Detalle de las 16 pruebas primarias (IC Newey-West y bootstrap de bloques),NI-LO-VW post,veredicto,categoria,inconcluso,inconcluso,,igual,True,True
4. Detalle de las 16 pruebas primarias (IC Newey-West y bootstrap de bloques),NI-LS-VW 2000-2025,meses,categoria,200001-202512,200001-202512,,igual,True,True
4. Detalle de las 16 pruebas primarias (IC Newey-West y bootstrap de bloques),NI-LS-VW 2000-2025,n,n,312,312,0.0,0,True,True
4. Detalle de las 16 pruebas primarias (IC Newey-West y bootstrap de bloques),NI-LS-VW 2000-2025,media,media,0.409,0.408910,-0.000090,0.01,True,True
4. Detalle de las 16 pruebas primarias (IC Newey-West y bootstrap de bloques),NI-LS-VW 2000-2025,x12,x12,4.91,4.906923,-0.003077,0.12,True,True
4. Detalle de las 16 pruebas primarias (IC Newey-West y bootstrap de bloques),NI-LS-VW 2000-2025,t,t,1.87,1.870461,0.000461,0.05,True,True
4. Detalle de las 16 pruebas primarias (IC Newey-West y bootstrap de bloques),NI-LS-VW 2000-2025,IC NW lo,ic,-0.020,-0.019567,0.000433,0.01,True,True
4. Detalle de las 16 pruebas primarias (IC Newey-West y bootstrap de bloques),NI-LS-VW 2000-2025,IC NW hi,ic,0.837,0.837387,0.000387,0.01,True,True
4. Detalle de las 16 pruebas primarias (IC Newey-West y bootstrap de bloques),NI-LS-VW 2000-2025,IC boot lo,ic,-0.012,-0.013397,-0.001397,0.01,True,False
4. Detalle de las 16 pruebas primarias (IC Newey-West y bootstrap de bloques),NI-LS-VW 2000-2025,IC boot hi,ic,0.874,0.873750,-0.000250,0.01,True,True
4. Detalle de las 16 pruebas primarias (IC Newey-West y bootstrap de bloques),NI-LS-VW 2000-2025,veredicto,categoria,inconcluso,inconcluso,,igual,True,True
4. Detalle de las 16 pruebas primarias (IC Newey-West y bootstrap de bloques),NI-LS-VW post,meses,categoria,200805-202607,200805-202607,,igual,True,True
4. Detalle de las 16 pruebas primarias (IC Newey-West y bootstrap de bloques),NI-LS-VW post,n,n,219,219,0.0,0,True,True
4. Detalle de las 16 pruebas primarias (IC Newey-West y bootstrap de bloques),NI-LS-VW post,media,media,0.337,0.336667,-0.000333,0.01,True,True
4. Detalle de las 16 pruebas primarias (IC Newey-West y bootstrap de bloques),NI-LS-VW post,x12,x12,4.04,4.040000,-0.000000,0.12,True,True
4. Detalle de las 16 pruebas primarias (IC Newey-West y bootstrap de bloques),NI-LS-VW post,t,t,1.31,1.314368,0.004368,0.05,True,True
4. Detalle de las 16 pruebas primarias (IC Newey-West y bootstrap de bloques),NI-LS-VW post,IC NW lo,ic,-0.165,-0.165365,-0.000365,0.01,True,True
4. Detalle de las 16 pruebas primarias (IC Newey-West y bootstrap de bloques),NI-LS-VW post,IC NW hi,ic,0.839,0.838699,-0.000301,0.01,True,True
4. Detalle de las 16 pruebas primarias (IC Newey-West y bootstrap de bloques),NI-LS-VW post,IC boot lo,ic,-0.243,-0.244018,-0.001018,0.01,True,False
4. Detalle de las 16 pruebas primarias (IC Newey-West y bootstrap de bloques),NI-LS-VW post,IC boot hi,ic,0.660,0.659817,-0.000183,0.01,True,True
4. Detalle de las 16 pruebas primarias (IC Newey-West y bootstrap de bloques),NI-LS-VW post,veredicto,categoria,inconcluso,inconcluso,,igual,True,True
4. Detalle de las 16 pruebas primarias (IC Newey-West y bootstrap de bloques),VAR-LO-VW 2000-2025,meses,categoria,200001-202512,200001-202512,,igual,True,True
4. Detalle de las 16 pruebas primarias (IC Newey-West y bootstrap de bloques),VAR-LO-VW 2000-2025,n,n,312,312,0.0,0,True,True
4. Detalle de las 16 pruebas primarias (IC Newey-West y bootstrap de bloques),VAR-LO-VW 2000-2025,media,media,0.070,0.069968,-0.000032,0.01,True,True
4. Detalle de las 16 pruebas primarias (IC Newey-West y bootstrap de bloques),VAR-LO-VW 2000-2025,x12,x12,0.84,0.839615,-0.000385,0.12,True,True
4. Detalle de las 16 pruebas primarias (IC Newey-West y bootstrap de bloques),VAR-LO-VW 2000-2025,t,t,0.52,0.519509,-0.000491,0.05,True,True
4. Detalle de las 16 pruebas primarias (IC Newey-West y bootstrap de bloques),VAR-LO-VW 2000-2025,IC NW lo,ic,-0.194,-0.194002,-0.000002,0.01,True,True
4. Detalle de las 16 pruebas primarias (IC Newey-West y bootstrap de bloques),VAR-LO-VW 2000-2025,IC NW hi,ic,0.334,0.333938,-0.000062,0.01,True,True
4. Detalle de las 16 pruebas primarias (IC Newey-West y bootstrap de bloques),VAR-LO-VW 2000-2025,IC boot lo,ic,-0.166,-0.165994,0.000006,0.01,True,True
4. Detalle de las 16 pruebas primarias (IC Newey-West y bootstrap de bloques),VAR-LO-VW 2000-2025,IC boot hi,ic,0.356,0.355705,-0.000295,0.01,True,True
4. Detalle de las 16 pruebas primarias (IC Newey-West y bootstrap de bloques),VAR-LO-VW 2000-2025,veredicto,categoria,inconcluso,inconcluso,,igual,True,True
4. Detalle de las 16 pruebas primarias (IC Newey-West y bootstrap de bloques),VAR-LO-VW post,meses,categoria,200603-202607,200603-202607,,igual,True,True
4. Detalle de las 16 pruebas primarias (IC Newey-West y bootstrap de bloques),VAR-LO-VW post,n,n,245,245,0.0,0,True,True
4. Detalle de las 16 pruebas primarias (IC Newey-West y bootstrap de bloques),VAR-LO-VW post,media,media,0.012,0.012245,0.000245,0.01,True,True
4. Detalle de las 16 pruebas primarias (IC Newey-West y bootstrap de bloques),VAR-LO-VW post,x12,x12,0.15,0.146939,-0.003061,0.12,True,True
4. Detalle de las 16 pruebas primarias (IC Newey-West y bootstrap de bloques),VAR-LO-VW post,t,t,0.09,0.091872,0.001872,0.05,True,True
4. Detalle de las 16 pruebas primarias (IC Newey-West y bootstrap de bloques),VAR-LO-VW post,IC NW lo,ic,-0.249,-0.248983,0.000017,0.01,True,True
4. Detalle de las 16 pruebas primarias (IC Newey-West y bootstrap de bloques),VAR-LO-VW post,IC NW hi,ic,0.273,0.273473,0.000473,0.01,True,True
4. Detalle de las 16 pruebas primarias (IC Newey-West y bootstrap de bloques),VAR-LO-VW post,IC boot lo,ic,-0.252,-0.252367,-0.000367,0.01,True,True
4. Detalle de las 16 pruebas primarias (IC Newey-West y bootstrap de bloques),VAR-LO-VW post,IC boot hi,ic,0.270,0.269673,-0.000327,0.01,True,True
4. Detalle de las 16 pruebas primarias (IC Newey-West y bootstrap de bloques),VAR-LO-VW post,veredicto,categoria,inconcluso,inconcluso,,igual,True,True
4. Detalle de las 16 pruebas primarias (IC Newey-West y bootstrap de bloques),VAR-LS-VW 2000-2025,meses,categoria,200001-202512,200001-202512,,igual,True,True
4. Detalle de las 16 pruebas primarias (IC Newey-West y bootstrap de bloques),VAR-LS-VW 2000-2025,n,n,312,312,0.0,0,True,True
4. Detalle de las 16 pruebas primarias (IC Newey-West y bootstrap de bloques),VAR-LS-VW 2000-2025,media,media,0.226,0.225513,-0.000487,0.01,True,True
4. Detalle de las 16 pruebas primarias (IC Newey-West y bootstrap de bloques),VAR-LS-VW 2000-2025,x12,x12,2.71,2.706154,-0.003846,0.12,True,True
4. Detalle de las 16 pruebas primarias (IC Newey-West y bootstrap de bloques),VAR-LS-VW 2000-2025,t,t,0.51,0.505887,-0.004113,0.05,True,True
4. Detalle de las 16 pruebas primarias (IC Newey-West y bootstrap de bloques),VAR-LS-VW 2000-2025,IC NW lo,ic,-0.648,-0.648193,-0.000193,0.01,True,True
4. Detalle de las 16 pruebas primarias (IC Newey-West y bootstrap de bloques),VAR-LS-VW 2000-2025,IC NW hi,ic,1.099,1.099219,0.000219,0.01,True,True
4. Detalle de las 16 pruebas primarias (IC Newey-West y bootstrap de bloques),VAR-LS-VW 2000-2025,IC boot lo,ic,-0.561,-0.562981,-0.001981,0.01,True,False
4. Detalle de las 16 pruebas primarias (IC Newey-West y bootstrap de bloques),VAR-LS-VW 2000-2025,IC boot hi,ic,1.177,1.177083,0.000083,0.01,True,True
4. Detalle de las 16 pruebas primarias (IC Newey-West y bootstrap de bloques),VAR-LS-VW 2000-2025,veredicto,categoria,inconcluso,inconcluso,,igual,True,True
4. Detalle de las 16 pruebas primarias (IC Newey-West y bootstrap de bloques),VAR-LS-VW post,meses,categoria,200603-202607,200603-202607,,igual,True,True
4. Detalle de las 16 pruebas primarias (IC Newey-West y bootstrap de bloques),VAR-LS-VW post,n,n,245,245,0.0,0,True,True
4. Detalle de las 16 pruebas primarias (IC Newey-West y bootstrap de bloques),VAR-LS-VW post,media,media,−0.010,-0.010000,-0.000000,0.01,True,True
4. Detalle de las 16 pruebas primarias (IC Newey-West y bootstrap de bloques),VAR-LS-VW post,x12,x12,−0.12,-0.120000,-0.000000,0.12,True,True
4. Detalle de las 16 pruebas primarias (IC Newey-West y bootstrap de bloques),VAR-LS-VW post,t,t,−0.02,-0.020877,-0.000877,0.05,True,True
4. Detalle de las 16 pruebas primarias (IC Newey-West y bootstrap de bloques),VAR-LS-VW post,IC NW lo,ic,-0.949,-0.948819,0.000181,0.01,True,True
4. Detalle de las 16 pruebas primarias (IC Newey-West y bootstrap de bloques),VAR-LS-VW post,IC NW hi,ic,0.929,0.928819,-0.000181,0.01,True,True
4. Detalle de las 16 pruebas primarias (IC Newey-West y bootstrap de bloques),VAR-LS-VW post,IC boot lo,ic,-0.919,-0.918694,0.000306,0.01,True,True
4. Detalle de las 16 pruebas primarias (IC Newey-West y bootstrap de bloques),VAR-LS-VW post,IC boot hi,ic,0.968,0.967755,-0.000245,0.01,True,True
4. Detalle de las 16 pruebas primarias (IC Newey-West y bootstrap de bloques),VAR-LS-VW post,veredicto,categoria,inconcluso,inconcluso,,igual,True,True
4. Detalle de las 16 pruebas primarias (IC Newey-West y bootstrap de bloques),INV-LO-VW 2000-2025,meses,categoria,200001-202512,200001-202512,,igual,True,True
4. Detalle de las 16 pruebas primarias (IC Newey-West y bootstrap de bloques),INV-LO-VW 2000-2025,n,n,312,312,0.0,0,True,True
4. Detalle de las 16 pruebas primarias (IC Newey-West y bootstrap de bloques),INV-LO-VW 2000-2025,media,media,0.175,0.174519,-0.000481,0.01,True,True
4. Detalle de las 16 pruebas primarias (IC Newey-West y bootstrap de bloques),INV-LO-VW 2000-2025,x12,x12,2.09,2.094231,0.004231,0.12,True,True
4. Detalle de las 16 pruebas primarias (IC Newey-West y bootstrap de bloques),INV-LO-VW 2000-2025,t,t,1.42,1.423227,0.003227,0.05,True,True
4. Detalle de las 16 pruebas primarias (IC Newey-West y bootstrap de bloques),INV-LO-VW 2000-2025,IC NW lo,ic,-0.066,-0.065816,0.000184,0.01,True,True
4. Detalle de las 16 pruebas primarias (IC Newey-West y bootstrap de bloques),INV-LO-VW 2000-2025,IC NW hi,ic,0.415,0.414854,-0.000146,0.01,True,True
4. Detalle de las 16 pruebas primarias (IC Newey-West y bootstrap de bloques),INV-LO-VW 2000-2025,IC boot lo,ic,-0.099,-0.099231,-0.000231,0.01,True,True
4. Detalle de las 16 pruebas primarias (IC Newey-West y bootstrap de bloques),INV-LO-VW 2000-2025,IC boot hi,ic,0.423,0.423205,0.000205,0.01,True,True
4. Detalle de las 16 pruebas primarias (IC Newey-West y bootstrap de bloques),INV-LO-VW 2000-2025,veredicto,categoria,inconcluso,inconcluso,,igual,True,True
4. Detalle de las 16 pruebas primarias (IC Newey-West y bootstrap de bloques),INV-LO-VW post,meses,categoria,200809-202607,200809-202607,,igual,True,True
4. Detalle de las 16 pruebas primarias (IC Newey-West y bootstrap de bloques),INV-LO-VW post,n,n,215,215,0.0,0,True,True
4. Detalle de las 16 pruebas primarias (IC Newey-West y bootstrap de bloques),INV-LO-VW post,media,media,0.046,0.046233,0.000233,0.01,True,True
4. Detalle de las 16 pruebas primarias (IC Newey-West y bootstrap de bloques),INV-LO-VW post,x12,x12,0.55,0.554791,0.004791,0.12,True,True
4. Detalle de las 16 pruebas primarias (IC Newey-West y bootstrap de bloques),INV-LO-VW post,t,t,0.32,0.319944,-0.000056,0.05,True,True
4. Detalle de las 16 pruebas primarias (IC Newey-West y bootstrap de bloques),INV-LO-VW post,IC NW lo,ic,-0.237,-0.236987,0.000013,0.01,True,True
4. Detalle de las 16 pruebas primarias (IC Newey-West y bootstrap de bloques),INV-LO-VW post,IC NW hi,ic,0.329,0.329452,0.000452,0.01,True,True
4. Detalle de las 16 pruebas primarias (IC Newey-West y bootstrap de bloques),INV-LO-VW post,IC boot lo,ic,-0.232,-0.233116,-0.001116,0.01,True,False
4. Detalle de las 16 pruebas primarias (IC Newey-West y bootstrap de bloques),INV-LO-VW post,IC boot hi,ic,0.367,0.366651,-0.000349,0.01,True,True
4. Detalle de las 16 pruebas primarias (IC Newey-West y bootstrap de bloques),INV-LO-VW post,veredicto,categoria,inconcluso,inconcluso,,igual,True,True
4. Detalle de las 16 pruebas primarias (IC Newey-West y bootstrap de bloques),INV-LS-VW 2000-2025,meses,categoria,200001-202512,200001-202512,,igual,True,True
4. Detalle de las 16 pruebas primarias (IC Newey-West y bootstrap de bloques),INV-LS-VW 2000-2025,n,n,312,312,0.0,0,True,True
4. Detalle de las 16 pruebas primarias (IC Newey-West y bootstrap de bloques),INV-LS-VW 2000-2025,media,media,0.208,0.208013,0.000013,0.01,True,True
4. Detalle de las 16 pruebas primarias (IC Newey-West y bootstrap de bloques),INV-LS-VW 2000-2025,x12,x12,2.50,2.496154,-0.003846,0.12,True,True
4. Detalle de las 16 pruebas primarias (IC Newey-West y bootstrap de bloques),INV-LS-VW 2000-2025,t,t,0.93,0.934094,0.004094,0.05,True,True
4. Detalle de las 16 pruebas primarias (IC Newey-West y bootstrap de bloques),INV-LS-VW 2000-2025,IC NW lo,ic,-0.228,-0.228450,-0.000450,0.01,True,True
4. Detalle de las 16 pruebas primarias (IC Newey-West y bootstrap de bloques),INV-LS-VW 2000-2025,IC NW hi,ic,0.644,0.644476,0.000476,0.01,True,True
4. Detalle de las 16 pruebas primarias (IC Newey-West y bootstrap de bloques),INV-LS-VW 2000-2025,IC boot lo,ic,-0.297,-0.299071,-0.002071,0.01,True,False
4. Detalle de las 16 pruebas primarias (IC Newey-West y bootstrap de bloques),INV-LS-VW 2000-2025,IC boot hi,ic,0.686,0.685865,-0.000135,0.01,True,True
4. Detalle de las 16 pruebas primarias (IC Newey-West y bootstrap de bloques),INV-LS-VW 2000-2025,veredicto,categoria,inconcluso,inconcluso,,igual,True,True
4. Detalle de las 16 pruebas primarias (IC Newey-West y bootstrap de bloques),INV-LS-VW post,meses,categoria,200809-202607,200809-202607,,igual,True,True
4. Detalle de las 16 pruebas primarias (IC Newey-West y bootstrap de bloques),INV-LS-VW post,n,n,215,215,0.0,0,True,True
4. Detalle de las 16 pruebas primarias (IC Newey-West y bootstrap de bloques),INV-LS-VW post,media,media,−0.079,-0.078930,0.000070,0.01,True,True
4. Detalle de las 16 pruebas primarias (IC Newey-West y bootstrap de bloques),INV-LS-VW post,x12,x12,−0.95,-0.947163,0.002837,0.12,True,True
4. Detalle de las 16 pruebas primarias (IC Newey-West y bootstrap de bloques),INV-LS-VW post,t,t,−0.33,-0.330091,-0.000091,0.05,True,True
4. Detalle de las 16 pruebas primarias (IC Newey-West y bootstrap de bloques),INV-LS-VW post,IC NW lo,ic,-0.548,-0.547591,0.000409,0.01,True,True
4. Detalle de las 16 pruebas primarias (IC Newey-West y bootstrap de bloques),INV-LS-VW post,IC NW hi,ic,0.390,0.389730,-0.000270,0.01,True,True
4. Detalle de las 16 pruebas primarias (IC Newey-West y bootstrap de bloques),INV-LS-VW post,IC boot lo,ic,-0.583,-0.583209,-0.000209,0.01,True,True
4. Detalle de las 16 pruebas primarias (IC Newey-West y bootstrap de bloques),INV-LS-VW post,IC boot hi,ic,0.432,0.431674,-0.000326,0.01,True,True
4. Detalle de las 16 pruebas primarias (IC Newey-West y bootstrap de bloques),INV-LS-VW post,veredicto,categoria,inconcluso,inconcluso,,igual,True,True
5. Variantes de fecha de publicación,OP-LO-VW NM13 pre,meses,categoria,196307-201304,196307-201304,,igual,True,True
5. Variantes de fecha de publicación,OP-LO-VW NM13 pre,x12,x12,1.14,1.139398,-0.000602,0.12,True,True
5. Variantes de fecha de publicación,OP-LO-VW NM13 pre,t,t,1.77,1.770405,0.000405,0.05,True,True
5. Variantes de fecha de publicación,OP-LO-VW NM13 pre,IC NW lo,ic,-0.010,-0.010166,-0.000166,0.01,True,True
5. Variantes de fecha de publicación,OP-LO-VW NM13 pre,IC NW hi,ic,0.200,0.200066,0.000066,0.01,True,True
5. Variantes de fecha de publicación,OP-LO-VW NM13 pre,veredicto,categoria,inconcluso,inconcluso,,igual,True,True
5. Variantes de fecha de publicación,OP-LO-VW NM13 post,meses,categoria,201305-202607,201305-202607,,igual,True,True
5. Variantes de fecha de publicación,OP-LO-VW NM13 post,x12,x12,0.76,0.764528,0.004528,0.12,True,True
5. Variantes de fecha de publicación,OP-LO-VW NM13 post,t,t,0.69,0.690526,0.000526,0.05,True,True
5. Variantes de fecha de publicación,OP-LO-VW NM13 post,IC NW lo,ic,-0.117,-0.117123,-0.000123,0.01,True,True
5. Variantes de fecha de publicación,OP-LO-VW NM13 post,IC NW hi,ic,0.245,0.244545,-0.000455,0.01,True,True
5. Variantes de fecha de publicación,OP-LO-VW NM13 post,veredicto,categoria,inconcluso,inconcluso,,igual,True,True
5. Variantes de fecha de publicación,OP-LS-VW NM13 pre,meses,categoria,196307-201304,196307-201304,,igual,True,True
5. Variantes de fecha de publicación,OP-LS-VW NM13 pre,x12,x12,2.66,2.659064,-0.000936,0.12,True,True
5. Variantes de fecha de publicación,OP-LS-VW NM13 pre,t,t,1.54,1.544282,0.004282,0.05,True,True
5. Variantes de fecha de publicación,OP-LS-VW NM13 pre,IC NW lo,ic,-0.060,-0.059646,0.000354,0.01,True,True
5. Variantes de fecha de publicación,OP-LS-VW NM13 pre,IC NW hi,ic,0.503,0.502823,-0.000177,0.01,True,True
5. Variantes de fecha de publicación,OP-LS-VW NM13 pre,veredicto,categoria,inconcluso,inconcluso,,igual,True,True
5. Variantes de fecha de publicación,OP-LS-VW NM13 post,meses,categoria,201305-202607,201305-202607,,igual,True,True
5. Variantes de fecha de publicación,OP-LS-VW NM13 post,x12,x12,2.53,2.534340,0.004340,0.12,True,True
5. Variantes de fecha de publicación,OP-LS-VW NM13 post,t,t,0.72,0.715417,-0.004583,0.05,True,True
5. Variantes de fecha de publicación,OP-LS-VW NM13 post,IC NW lo,ic,-0.367,-0.367397,-0.000397,0.01,True,True
5. Variantes de fecha de publicación,OP-LS-VW NM13 post,IC NW hi,ic,0.790,0.789787,-0.000213,0.01,True,True
5. Variantes de fecha de publicación,OP-LS-VW NM13 post,veredicto,categoria,inconcluso,inconcluso,,igual,True,True
5. Variantes de fecha de publicación,INV-LO-VW FF15 pre,meses,categoria,196307-201504,196307-201504,,igual,True,True
5. Variantes de fecha de publicación,INV-LO-VW FF15 pre,x12,x12,3.10,3.097235,-0.002765,0.12,True,True
5. Variantes de fecha de publicación,INV-LO-VW FF15 pre,t,t,3.32,3.321050,0.001050,0.05,True,True
5. Variantes de fecha de publicación,INV-LO-VW FF15 pre,IC NW lo,ic,0.106,0.105780,-0.000220,0.01,True,True
5. Variantes de fecha de publicación,INV-LO-VW FF15 pre,IC NW hi,ic,0.410,0.410426,0.000426,0.01,True,True
5. Variantes de fecha de publicación,INV-LO-VW FF15 pre,veredicto,categoria,apoyo,apoyo,,igual,True,True
5. Variantes de fecha de publicación,INV-LO-VW FF15 post,meses,categoria,201505-202607,201505-202607,,igual,True,True
5. Variantes de fecha de publicación,INV-LO-VW FF15 post,x12,x12,−0.89,-0.888000,0.002000,0.12,True,True
5. Variantes de fecha de publicación,INV-LO-VW FF15 post,t,t,−0.39,-0.388723,0.001277,0.05,True,True
5. Variantes de fecha de publicación,INV-LO-VW FF15 post,IC NW lo,ic,-0.447,-0.447112,-0.000112,0.01,True,True
5. Variantes de fecha de publicación,INV-LO-VW FF15 post,IC NW hi,ic,0.299,0.299112,0.000112,0.01,True,True
5. Variantes de fecha de publicación,INV-LO-VW FF15 post,veredicto,categoria,inconcluso,inconcluso,,igual,True,True
5. Variantes de fecha de publicación,INV-LS-VW FF15 pre,meses,categoria,196307-201504,196307-201504,,igual,True,True
5. Variantes de fecha de publicación,INV-LS-VW FF15 pre,x12,x12,3.80,3.801029,0.001029,0.12,True,True
5. Variantes de fecha de publicación,INV-LS-VW FF15 pre,t,t,2.42,2.421687,0.001687,0.05,True,True
5. Variantes de fecha de publicación,INV-LS-VW FF15 pre,IC NW lo,ic,0.060,0.060393,0.000393,0.01,True,True
5. Variantes de fecha de publicación,INV-LS-VW FF15 pre,IC NW hi,ic,0.573,0.573112,0.000112,0.01,True,True
5. Variantes de fecha de publicación,INV-LS-VW FF15 pre,veredicto,categoria,apoyo,apoyo,,igual,True,True
5. Variantes de fecha de publicación,INV-LS-VW FF15 post,meses,categoria,201505-202607,201505-202607,,igual,True,True
5. Variantes de fecha de publicación,INV-LS-VW FF15 post,x12,x12,−2.58,-2.577778,0.002222,0.12,True,True
5. Variantes de fecha de publicación,INV-LS-VW FF15 post,t,t,−0.63,-0.633314,-0.003314,0.05,True,True
5. Variantes de fecha de publicación,INV-LS-VW FF15 post,IC NW lo,ic,-0.880,-0.879618,0.000382,0.01,True,True
5. Variantes de fecha de publicación,INV-LS-VW FF15 post,IC NW hi,ic,0.450,0.449989,-0.000011,0.01,True,True
5. Variantes de fecha de publicación,INV-LS-VW FF15 post,veredicto,categoria,inconcluso,inconcluso,,igual,True,True
6. Exceso long-only sobre el mercado en MXN,OP-LO-VW MXN mxn-completo,meses,categoria,199401-202607,199401-202607,,igual,True,True
6. Exceso long-only sobre el mercado en MXN,OP-LO-VW MXN mxn-completo,n,n,391,391,0.0,0,True,True
6. Exceso long-only sobre el mercado en MXN,OP-LO-VW MXN mxn-completo,media,media,0.087,0.087027,0.000027,0.01,True,True
6. Exceso long-only sobre el mercado en MXN,OP-LO-VW MXN mxn-completo,x12,x12,1.04,1.044319,0.004319,0.12,True,True
6. Exceso long-only sobre el mercado en MXN,OP-LO-VW MXN mxn-completo,t,t,1.28,1.283035,0.003035,0.05,True,True
6. Exceso long-only sobre el mercado en MXN,OP-LO-VW MXN mxn-completo,IC NW lo,ic,-0.046,-0.045915,0.000085,0.01,True,True
6. Exceso long-only sobre el mercado en MXN,OP-LO-VW MXN mxn-completo,IC NW hi,ic,0.220,0.219968,-0.000032,0.01,True,True
6. Exceso long-only sobre el mercado en MXN,OP-LO-VW MXN mxn-completo,veredicto,categoria,inconcluso,inconcluso,,igual,True,True
6. Exceso long-only sobre el mercado en MXN,OP-LO-VW MXN 2000-2025,meses,categoria,200001-202512,200001-202512,,igual,True,True
6. Exceso long-only sobre el mercado en MXN,OP-LO-VW MXN 2000-2025,n,n,312,312,0.0,0,True,True
6. Exceso long-only sobre el mercado en MXN,OP-LO-VW MXN 2000-2025,media,media,0.097,0.096704,-0.000296,0.01,True,True
6. Exceso long-only sobre el mercado en MXN,OP-LO-VW MXN 2000-2025,x12,x12,1.16,1.160442,0.000442,0.12,True,True
6. Exceso long-only sobre el mercado en MXN,OP-LO-VW MXN 2000-2025,t,t,1.30,1.299139,-0.000861,0.05,True,True
6. Exceso long-only sobre el mercado en MXN,OP-LO-VW MXN 2000-2025,IC NW lo,ic,-0.049,-0.049190,-0.000190,0.01,True,True
6. Exceso long-only sobre el mercado en MXN,OP-LO-VW MXN 2000-2025,IC NW hi,ic,0.243,0.242597,-0.000403,0.01,True,True
6. Exceso long-only sobre el mercado en MXN,OP-LO-VW MXN 2000-2025,veredicto,categoria,inconcluso,inconcluso,,igual,True,True
6. Exceso long-only sobre el mercado en MXN,OP-LO-VW MXN post,meses,categoria,201505-202607,201505-202607,,igual,True,True
6. Exceso long-only sobre el mercado en MXN,OP-LO-VW MXN post,n,n,135,135,0.0,0,True,True
6. Exceso long-only sobre el mercado en MXN,OP-LO-VW MXN post,media,media,0.069,0.069388,0.000388,0.01,True,True
6. Exceso long-only sobre el mercado en MXN,OP-LO-VW MXN post,x12,x12,0.83,0.832656,0.002656,0.12,True,True
6. Exceso long-only sobre el mercado en MXN,OP-LO-VW MXN post,t,t,0.63,0.634368,0.004368,0.05,True,True
6. Exceso long-only sobre el mercado en MXN,OP-LO-VW MXN post,IC NW lo,ic,-0.145,-0.144995,0.000005,0.01,True,True
6. Exceso long-only sobre el mercado en MXN,OP-LO-VW MXN post,IC NW hi,ic,0.284,0.283771,-0.000229,0.01,True,True
6. Exceso long-only sobre el mercado en MXN,OP-LO-VW MXN post,veredicto,categoria,inconcluso,inconcluso,,igual,True,True
6. Exceso long-only sobre el mercado en MXN,NI-LO-VW MXN mxn-completo,meses,categoria,199401-202607,199401-202607,,igual,True,True
6. Exceso long-only sobre el mercado en MXN,NI-LO-VW MXN mxn-completo,n,n,391,391,0.0,0,True,True
6. Exceso long-only sobre el mercado en MXN,NI-LO-VW MXN mxn-completo,media,media,0.125,0.124857,-0.000143,0.01,True,True
6. Exceso long-only sobre el mercado en MXN,NI-LO-VW MXN mxn-completo,x12,x12,1.50,1.498279,-0.001721,0.12,True,True
6. Exceso long-only sobre el mercado en MXN,NI-LO-VW MXN mxn-completo,t,t,1.68,1.679177,-0.000823,0.05,True,True
6. Exceso long-only sobre el mercado en MXN,NI-LO-VW MXN mxn-completo,IC NW lo,ic,-0.021,-0.020878,0.000122,0.01,True,True
6. Exceso long-only sobre el mercado en MXN,NI-LO-VW MXN mxn-completo,IC NW hi,ic,0.271,0.270591,-0.000409,0.01,True,True
6. Exceso long-only sobre el mercado en MXN,NI-LO-VW MXN mxn-completo,veredicto,categoria,inconcluso,inconcluso,,igual,True,True
6. Exceso long-only sobre el mercado en MXN,NI-LO-VW MXN 2000-2025,meses,categoria,200001-202512,200001-202512,,igual,True,True
6. Exceso long-only sobre el mercado en MXN,NI-LO-VW MXN 2000-2025,n,n,312,312,0.0,0,True,True
6. Exceso long-only sobre el mercado en MXN,NI-LO-VW MXN 2000-2025,media,media,0.114,0.113995,-0.000005,0.01,True,True
6. Exceso long-only sobre el mercado en MXN,NI-LO-VW MXN 2000-2025,x12,x12,1.37,1.367936,-0.002064,0.12,True,True
6. Exceso long-only sobre el mercado en MXN,NI-LO-VW MXN 2000-2025,t,t,1.41,1.406252,-0.003748,0.05,True,True
6. Exceso long-only sobre el mercado en MXN,NI-LO-VW MXN 2000-2025,IC NW lo,ic,-0.045,-0.044885,0.000115,0.01,True,True
6. Exceso long-only sobre el mercado en MXN,NI-LO-VW MXN 2000-2025,IC NW hi,ic,0.273,0.272875,-0.000125,0.01,True,True
6. Exceso long-only sobre el mercado en MXN,NI-LO-VW MXN 2000-2025,veredicto,categoria,inconcluso,inconcluso,,igual,True,True
6. Exceso long-only sobre el mercado en MXN,NI-LO-VW MXN post,meses,categoria,200805-202607,200805-202607,,igual,True,True
6. Exceso long-only sobre el mercado en MXN,NI-LO-VW MXN post,n,n,219,219,0.0,0,True,True
6. Exceso long-only sobre el mercado en MXN,NI-LO-VW MXN post,media,media,0.045,0.045355,0.000355,0.01,True,True
6. Exceso long-only sobre el mercado en MXN,NI-LO-VW MXN post,x12,x12,0.54,0.544259,0.004259,0.12,True,True
6. Exceso long-only sobre el mercado en MXN,NI-LO-VW MXN post,t,t,0.81,0.808799,-0.001201,0.05,True,True
6. Exceso long-only sobre el mercado en MXN,NI-LO-VW MXN post,IC NW lo,ic,-0.065,-0.064554,0.000446,0.01,True,True
6. Exceso long-only sobre el mercado en MXN,NI-LO-VW MXN post,IC NW hi,ic,0.155,0.155264,0.000264,0.01,True,True
6. Exceso long-only sobre el mercado en MXN,NI-LO-VW MXN post,veredicto,categoria,inconcluso,inconcluso,,igual,True,True
6. Exceso long-only sobre el mercado en MXN,VAR-LO-VW MXN mxn-completo,meses,categoria,199401-202607,199401-202607,,igual,True,True
6. Exceso long-only sobre el mercado en MXN,VAR-LO-VW MXN mxn-completo,n,n,391,391,0.0,0,True,True
6. Exceso long-only sobre el mercado en MXN,VAR-LO-VW MXN mxn-completo,media,media,0.007,0.006551,-0.000449,0.01,True,True
6. Exceso long-only sobre el mercado en MXN,VAR-LO-VW MXN mxn-completo,x12,x12,0.08,0.078614,-0.001386,0.12,True,True
6. Exceso long-only sobre el mercado en MXN,VAR-LO-VW MXN mxn-completo,t,t,0.05,0.054033,0.004033,0.05,True,True
6. Exceso long-only sobre el mercado en MXN,VAR-LO-VW MXN mxn-completo,IC NW lo,ic,-0.231,-0.231086,-0.000086,0.01,True,True
6. Exceso long-only sobre el mercado en MXN,VAR-LO-VW MXN mxn-completo,IC NW hi,ic,0.244,0.244188,0.000188,0.01,True,True
6. Exceso long-only sobre el mercado en MXN,VAR-LO-VW MXN mxn-completo,veredicto,categoria,inconcluso,inconcluso,,igual,True,True
6. Exceso long-only sobre el mercado en MXN,VAR-LO-VW MXN 2000-2025,meses,categoria,200001-202512,200001-202512,,igual,True,True
6. Exceso long-only sobre el mercado en MXN,VAR-LO-VW MXN 2000-2025,n,n,312,312,0.0,0,True,True
6. Exceso long-only sobre el mercado en MXN,VAR-LO-VW MXN 2000-2025,media,media,0.090,0.090437,0.000437,0.01,True,True
6. Exceso long-only sobre el mercado en MXN,VAR-LO-VW MXN 2000-2025,x12,x12,1.09,1.085247,-0.004753,0.12,True,True
6. Exceso long-only sobre el mercado en MXN,VAR-LO-VW MXN 2000-2025,t,t,0.67,0.665074,-0.004926,0.05,True,True
6. Exceso long-only sobre el mercado en MXN,VAR-LO-VW MXN 2000-2025,IC NW lo,ic,-0.176,-0.176080,-0.000080,0.01,True,True
6. Exceso long-only sobre el mercado en MXN,VAR-LO-VW MXN 2000-2025,IC NW hi,ic,0.357,0.356955,-0.000045,0.01,True,True
6. Exceso long-only sobre el mercado en MXN,VAR-LO-VW MXN 2000-2025,veredicto,categoria,inconcluso,inconcluso,,igual,True,True
6. Exceso long-only sobre el mercado en MXN,VAR-LO-VW MXN post,meses,categoria,200603-202607,200603-202607,,igual,True,True
6. Exceso long-only sobre el mercado en MXN,VAR-LO-VW MXN post,n,n,245,245,0.0,0,True,True
6. Exceso long-only sobre el mercado en MXN,VAR-LO-VW MXN post,media,media,0.034,0.033659,-0.000341,0.01,True,True
6. Exceso long-only sobre el mercado en MXN,VAR-LO-VW MXN post,x12,x12,0.40,0.403907,0.003907,0.12,True,True
6. Exceso long-only sobre el mercado en MXN,VAR-LO-VW MXN post,t,t,0.25,0.248409,-0.001591,0.05,True,True
6. Exceso long-only sobre el mercado en MXN,VAR-LO-VW MXN post,IC NW lo,ic,-0.232,-0.231913,0.000087,0.01,True,True
6. Exceso long-only sobre el mercado en MXN,VAR-LO-VW MXN post,IC NW hi,ic,0.299,0.299231,0.000231,0.01,True,True
6. Exceso long-only sobre el mercado en MXN,VAR-LO-VW MXN post,veredicto,categoria,inconcluso,inconcluso,,igual,True,True
6. Exceso long-only sobre el mercado en MXN,INV-LO-VW MXN mxn-completo,meses,categoria,199401-202607,199401-202607,,igual,True,True
6. Exceso long-only sobre el mercado en MXN,INV-LO-VW MXN mxn-completo,n,n,391,391,0.0,0,True,True
6. Exceso long-only sobre el mercado en MXN,INV-LO-VW MXN mxn-completo,media,media,0.131,0.130967,-0.000033,0.01,True,True
6. Exceso long-only sobre el mercado en MXN,INV-LO-VW MXN mxn-completo,x12,x12,1.57,1.571606,0.001606,0.12,True,True
6. Exceso long-only sobre el mercado en MXN,INV-LO-VW MXN mxn-completo,t,t,1.27,1.271225,0.001225,0.05,True,True
6. Exceso long-only sobre el mercado en MXN,INV-LO-VW MXN mxn-completo,IC NW lo,ic,-0.071,-0.070957,0.000043,0.01,True,True
6. Exceso long-only sobre el mercado en MXN,INV-LO-VW MXN mxn-completo,IC NW hi,ic,0.333,0.332891,-0.000109,0.01,True,True
6. Exceso long-only sobre el mercado en MXN,INV-LO-VW MXN mxn-completo,veredicto,categoria,inconcluso,inconcluso,,igual,True,True
6. Exceso long-only sobre el mercado en MXN,INV-LO-VW MXN 2000-2025,meses,categoria,200001-202512,200001-202512,,igual,True,True
6. Exceso long-only sobre el mercado en MXN,INV-LO-VW MXN 2000-2025,n,n,312,312,0.0,0,True,True
6. Exceso long-only sobre el mercado en MXN,INV-LO-VW MXN 2000-2025,media,media,0.174,0.174412,0.000412,0.01,True,True
6. Exceso long-only sobre el mercado en MXN,INV-LO-VW MXN 2000-2025,x12,x12,2.09,2.092945,0.002945,0.12,True,True
6. Exceso long-only sobre el mercado en MXN,INV-LO-VW MXN 2000-2025,t,t,1.42,1.416959,-0.003041,0.05,True,True
6. Exceso long-only sobre el mercado en MXN,INV-LO-VW MXN 2000-2025,IC NW lo,ic,-0.067,-0.066838,0.000162,0.01,True,True
6. Exceso long-only sobre el mercado en MXN,INV-LO-VW MXN 2000-2025,IC NW hi,ic,0.416,0.415662,-0.000338,0.01,True,True
6. Exceso long-only sobre el mercado en MXN,INV-LO-VW MXN 2000-2025,veredicto,categoria,inconcluso,inconcluso,,igual,True,True
6. Exceso long-only sobre el mercado en MXN,INV-LO-VW MXN post,meses,categoria,200809-202607,200809-202607,,igual,True,True
6. Exceso long-only sobre el mercado en MXN,INV-LO-VW MXN post,n,n,215,215,0.0,0,True,True
6. Exceso long-only sobre el mercado en MXN,INV-LO-VW MXN post,media,media,0.045,0.044789,-0.000211,0.01,True,True
6. Exceso long-only sobre el mercado en MXN,INV-LO-VW MXN post,x12,x12,0.54,0.537468,-0.002532,0.12,True,True
6. Exceso long-only sobre el mercado en MXN,INV-LO-VW MXN post,t,t,0.31,0.309128,-0.000872,0.05,True,True
6. Exceso long-only sobre el mercado en MXN,INV-LO-VW MXN post,IC NW lo,ic,-0.239,-0.239187,-0.000187,0.01,True,True
6. Exceso long-only sobre el mercado en MXN,INV-LO-VW MXN post,IC NW hi,ic,0.329,0.328765,-0.000235,0.01,True,True
6. Exceso long-only sobre el mercado en MXN,INV-LO-VW MXN post,veredicto,categoria,inconcluso,inconcluso,,igual,True,True
6. Exceso long-only sobre el mercado en MXN,RESVAR-LO-VW MXN mxn-completo,meses,categoria,199401-202607,199401-202607,,igual,True,True
6. Exceso long-only sobre el mercado en MXN,RESVAR-LO-VW MXN mxn-completo,n,n,391,391,0.0,0,True,True
6. Exceso long-only sobre el mercado en MXN,RESVAR-LO-VW MXN mxn-completo,media,media,0.056,0.055674,-0.000326,0.01,True,True
6. Exceso long-only sobre el mercado en MXN,RESVAR-LO-VW MXN mxn-completo,x12,x12,0.67,0.668092,-0.001908,0.12,True,True
6. Exceso long-only sobre el mercado en MXN,RESVAR-LO-VW MXN mxn-completo,t,t,0.65,0.652935,0.002935,0.05,True,True
6. Exceso long-only sobre el mercado en MXN,RESVAR-LO-VW MXN mxn-completo,IC NW lo,ic,-0.111,-0.111448,-0.000448,0.01,True,True
6. Exceso long-only sobre el mercado en MXN,RESVAR-LO-VW MXN mxn-completo,IC NW hi,ic,0.223,0.222796,-0.000204,0.01,True,True
6. Exceso long-only sobre el mercado en MXN,RESVAR-LO-VW MXN mxn-completo,veredicto,categoria,inconcluso,inconcluso,,igual,True,True
6. Exceso long-only sobre el mercado en MXN,RESVAR-LO-VW MXN 2000-2025,meses,categoria,200001-202512,200001-202512,,igual,True,True
6. Exceso long-only sobre el mercado en MXN,RESVAR-LO-VW MXN 2000-2025,n,n,312,312,0.0,0,True,True
6. Exceso long-only sobre el mercado en MXN,RESVAR-LO-VW MXN 2000-2025,media,media,0.079,0.078992,-0.000008,0.01,True,True
6. Exceso long-only sobre el mercado en MXN,RESVAR-LO-VW MXN 2000-2025,x12,x12,0.95,0.947898,-0.002102,0.12,True,True
6. Exceso long-only sobre el mercado en MXN,RESVAR-LO-VW MXN 2000-2025,t,t,0.80,0.802752,0.002752,0.05,True,True
6. Exceso long-only sobre el mercado en MXN,RESVAR-LO-VW MXN 2000-2025,IC NW lo,ic,-0.114,-0.113871,0.000129,0.01,True,True
6. Exceso long-only sobre el mercado en MXN,RESVAR-LO-VW MXN 2000-2025,IC NW hi,ic,0.272,0.271854,-0.000146,0.01,True,True
6. Exceso long-only sobre el mercado en MXN,RESVAR-LO-VW MXN 2000-2025,veredicto,categoria,inconcluso,inconcluso,,igual,True,True
6. Exceso long-only sobre el mercado en MXN,RESVAR-LO-VW MXN post,meses,categoria,200603-202607,200603-202607,,igual,True,True
6. Exceso long-only sobre el mercado en MXN,RESVAR-LO-VW MXN post,n,n,245,245,0.0,0,True,True
6. Exceso long-only sobre el mercado en MXN,RESVAR-LO-VW MXN post,media,media,0.028,0.027717,-0.000283,0.01,True,True
6. Exceso long-only sobre el mercado en MXN,RESVAR-LO-VW MXN post,x12,x12,0.33,0.332608,0.002608,0.12,True,True
6. Exceso long-only sobre el mercado en MXN,RESVAR-LO-VW MXN post,t,t,0.28,0.279359,-0.000641,0.05,True,True
6. Exceso long-only sobre el mercado en MXN,RESVAR-LO-VW MXN post,IC NW lo,ic,-0.167,-0.166745,0.000255,0.01,True,True
6. Exceso long-only sobre el mercado en MXN,RESVAR-LO-VW MXN post,IC NW hi,ic,0.222,0.222180,0.000180,0.01,True,True
6. Exceso long-only sobre el mercado en MXN,RESVAR-LO-VW MXN post,veredicto,categoria,inconcluso,inconcluso,,igual,True,True
7. Descriptivo long-only (sin prueba estadística),OP-LO-VW completo USD,CAGR cartera,cagr,12.02%,12.024133,0.004133,0.1,True,True
7. Descriptivo long-only (sin prueba estadística),OP-LO-VW completo USD,CAGR mercado,cagr,10.85%,10.854864,0.004864,0.1,True,True
7. Descriptivo long-only (sin prueba estadística),OP-LO-VW completo USD,Dif. CAGR,dif,+1.17,1.169269,-0.000731,0.1,True,True
7. Descriptivo long-only (sin prueba estadística),OP-LO-VW completo USD,Vol. cartera,vol,15.4%,15.432757,0.032757,0.1,True,True
7. Descriptivo long-only (sin prueba estadística),OP-LO-VW completo USD,Vol. mercado,vol,15.4%,15.406043,0.006043,0.1,True,True
7. Descriptivo long-only (sin prueba estadística),OP-LO-VW completo USD,Caida max. cartera,mdd,−50.0%,-49.950466,0.049534,0.1,True,True
7. Descriptivo long-only (sin prueba estadística),OP-LO-VW completo USD,Caida max. mercado,mdd,−50.3%,-50.311707,-0.011707,0.1,True,True
7. Descriptivo long-only (sin prueba estadística),OP-LO-VW 2000-2025 USD,CAGR cartera,cagr,9.60%,9.596496,-0.003504,0.1,True,True
7. Descriptivo long-only (sin prueba estadística),OP-LO-VW 2000-2025 USD,CAGR mercado,cagr,8.27%,8.271008,0.001008,0.1,True,True
7. Descriptivo long-only (sin prueba estadística),OP-LO-VW 2000-2025 USD,Dif. CAGR,dif,+1.33,1.325488,-0.004512,0.1,True,True
7. Descriptivo long-only (sin prueba estadística),OP-LO-VW 2000-2025 USD,Vol. cartera,vol,14.6%,14.646414,0.046414,0.1,True,True
7. Descriptivo long-only (sin prueba estadística),OP-LO-VW 2000-2025 USD,Vol. mercado,vol,15.7%,15.669382,-0.030618,0.1,True,True
7. Descriptivo long-only (sin prueba estadística),OP-LO-VW 2000-2025 USD,Caida max. cartera,mdd,−42.5%,-42.548909,-0.048909,0.1,True,True
7. Descriptivo long-only (sin prueba estadística),OP-LO-VW 2000-2025 USD,Caida max. mercado,mdd,−50.3%,-50.311707,-0.011707,0.1,True,True
7. Descriptivo long-only (sin prueba estadística),OP-LO-VW post USD,CAGR cartera,cagr,14.55%,14.554077,0.004077,0.1,True,True
7. Descriptivo long-only (sin prueba estadística),OP-LO-VW post USD,CAGR mercado,cagr,13.70%,13.698604,-0.001396,0.1,True,True
7. Descriptivo long-only (sin prueba estadística),OP-LO-VW post USD,Dif. CAGR,dif,+0.86,0.855474,-0.004526,0.1,True,True
7. Descriptivo long-only (sin prueba estadística),OP-LO-VW post USD,Vol. cartera,vol,15.4%,15.414377,0.014377,0.1,True,True
7. Descriptivo long-only (sin prueba estadística),OP-LO-VW post USD,Vol. mercado,vol,15.6%,15.649529,0.049529,0.1,True,True
7. Descriptivo long-only (sin prueba estadística),OP-LO-VW post USD,Caida max. cartera,mdd,−23.7%,-23.667843,0.032157,0.1,True,True
7. Descriptivo long-only (sin prueba estadística),OP-LO-VW post USD,Caida max. mercado,mdd,−24.8%,-24.844932,-0.044932,0.1,True,True
7. Descriptivo long-only (sin prueba estadística),NI-LO-VW completo USD,CAGR cartera,cagr,13.18%,13.176078,-0.003922,0.1,True,True
7. Descriptivo long-only (sin prueba estadística),NI-LO-VW completo USD,CAGR mercado,cagr,10.85%,10.854864,0.004864,0.1,True,True
7. Descriptivo long-only (sin prueba estadística),NI-LO-VW completo USD,Dif. CAGR,dif,+2.32,2.321214,0.001214,0.1,True,True
7. Descriptivo long-only (sin prueba estadística),NI-LO-VW completo USD,Vol. cartera,vol,14.6%,14.634304,0.034304,0.1,True,True
7. Descriptivo long-only (sin prueba estadística),NI-LO-VW completo USD,Vol. mercado,vol,15.4%,15.406043,0.006043,0.1,True,True
7. Descriptivo long-only (sin prueba estadística),NI-LO-VW completo USD,Caida max. cartera,mdd,−48.3%,-48.325954,-0.025954,0.1,True,True
7. Descriptivo long-only (sin prueba estadística),NI-LO-VW completo USD,Caida max. mercado,mdd,−50.3%,-50.311707,-0.011707,0.1,True,True
7. Descriptivo long-only (sin prueba estadística),NI-LO-VW 2000-2025 USD,CAGR cartera,cagr,9.91%,9.910772,0.000772,0.1,True,True
7. Descriptivo long-only (sin prueba estadística),NI-LO-VW 2000-2025 USD,CAGR mercado,cagr,8.27%,8.271008,0.001008,0.1,True,True
7. Descriptivo long-only (sin prueba estadística),NI-LO-VW 2000-2025 USD,Dif. CAGR,dif,+1.64,1.639763,-0.000237,0.1,True,True
7. Descriptivo long-only (sin prueba estadística),NI-LO-VW 2000-2025 USD,Vol. cartera,vol,14.2%,14.234610,0.034610,0.1,True,True
7. Descriptivo long-only (sin prueba estadística),NI-LO-VW 2000-2025 USD,Vol. mercado,vol,15.7%,15.669382,-0.030618,0.1,True,True
7. Descriptivo long-only (sin prueba estadística),NI-LO-VW 2000-2025 USD,Caida max. cartera,mdd,−48.3%,-48.325954,-0.025954,0.1,True,True
7. Descriptivo long-only (sin prueba estadística),NI-LO-VW 2000-2025 USD,Caida max. mercado,mdd,−50.3%,-50.311707,-0.011707,0.1,True,True
7. Descriptivo long-only (sin prueba estadística),NI-LO-VW post USD,CAGR cartera,cagr,12.54%,12.537517,-0.002483,0.1,True,True
7. Descriptivo long-only (sin prueba estadística),NI-LO-VW post USD,CAGR mercado,cagr,11.86%,11.860486,0.000486,0.1,True,True
7. Descriptivo long-only (sin prueba estadística),NI-LO-VW post USD,Dif. CAGR,dif,+0.68,0.677031,-0.002969,0.1,True,True
7. Descriptivo long-only (sin prueba estadística),NI-LO-VW post USD,Vol. cartera,vol,15.4%,15.352966,-0.047034,0.1,True,True
7. Descriptivo long-only (sin prueba estadística),NI-LO-VW post USD,Vol. mercado,vol,16.2%,16.188855,-0.011145,0.1,True,True
7. Descriptivo long-only (sin prueba estadística),NI-LO-VW post USD,Caida max. cartera,mdd,−43.2%,-43.246434,-0.046434,0.1,True,True
7. Descriptivo long-only (sin prueba estadística),NI-LO-VW post USD,Caida max. mercado,mdd,−45.9%,-45.876890,0.023110,0.1,True,True
7. Descriptivo long-only (sin prueba estadística),VAR-LO-VW completo USD,CAGR cartera,cagr,11.26%,11.262625,0.002625,0.1,True,True
7. Descriptivo long-only (sin prueba estadística),VAR-LO-VW completo USD,CAGR mercado,cagr,10.85%,10.854864,0.004864,0.1,True,True
7. Descriptivo long-only (sin prueba estadística),VAR-LO-VW completo USD,Dif. CAGR,dif,+0.41,0.407760,-0.002240,0.1,True,True
7. Descriptivo long-only (sin prueba estadística),VAR-LO-VW completo USD,Vol. cartera,vol,12.1%,12.099380,-0.000620,0.1,True,True
7. Descriptivo long-only (sin prueba estadística),VAR-LO-VW completo USD,Vol. mercado,vol,15.4%,15.406043,0.006043,0.1,True,True
7. Descriptivo long-only (sin prueba estadística),VAR-LO-VW completo USD,Caida max. cartera,mdd,−42.3%,-42.300694,-0.000694,0.1,True,True
7. Descriptivo long-only (sin prueba estadística),VAR-LO-VW completo USD,Caida max. mercado,mdd,−50.3%,-50.311707,-0.011707,0.1,True,True
7. Descriptivo long-only (sin prueba estadística),VAR-LO-VW 2000-2025 USD,CAGR cartera,cagr,9.76%,9.756461,-0.003539,0.1,True,True
7. Descriptivo long-only (sin prueba estadística),VAR-LO-VW 2000-2025 USD,CAGR mercado,cagr,8.27%,8.271008,0.001008,0.1,True,True
7. Descriptivo long-only (sin prueba estadística),VAR-LO-VW 2000-2025 USD,Dif. CAGR,dif,+1.49,1.485453,-0.004547,0.1,True,True
7. Descriptivo long-only (sin prueba estadística),VAR-LO-VW 2000-2025 USD,Vol. cartera,vol,11.9%,11.879723,-0.020277,0.1,True,True
7. Descriptivo long-only (sin prueba estadística),VAR-LO-VW 2000-2025 USD,Vol. mercado,vol,15.7%,15.669382,-0.030618,0.1,True,True
7. Descriptivo long-only (sin prueba estadística),VAR-LO-VW 2000-2025 USD,Caida max. cartera,mdd,−36.5%,-36.499362,0.000638,0.1,True,True
7. Descriptivo long-only (sin prueba estadística),VAR-LO-VW 2000-2025 USD,Caida max. mercado,mdd,−50.3%,-50.311707,-0.011707,0.1,True,True
7. Descriptivo long-only (sin prueba estadística),VAR-LO-VW post USD,CAGR cartera,cagr,11.83%,11.828487,-0.001513,0.1,True,True
7. Descriptivo long-only (sin prueba estadística),VAR-LO-VW post USD,CAGR mercado,cagr,11.14%,11.141710,0.001710,0.1,True,True
7. Descriptivo long-only (sin prueba estadística),VAR-LO-VW post USD,Dif. CAGR,dif,+0.69,0.686777,-0.003223,0.1,True,True
7. Descriptivo long-only (sin prueba estadística),VAR-LO-VW post USD,Vol. cartera,vol,12.3%,12.278398,-0.021602,0.1,True,True
7. Descriptivo long-only (sin prueba estadística),VAR-LO-VW post USD,Vol. mercado,vol,15.6%,15.628145,0.028145,0.1,True,True
7. Descriptivo long-only (sin prueba estadística),VAR-LO-VW post USD,Caida max. cartera,mdd,−36.5%,-36.499362,0.000638,0.1,True,True
7. Descriptivo long-only (sin prueba estadística),VAR-LO-VW post USD,Caida max. mercado,mdd,−50.3%,-50.311707,-0.011707,0.1,True,True
7. Descriptivo long-only (sin prueba estadística),INV-LO-VW completo USD,CAGR cartera,cagr,13.28%,13.279498,-0.000502,0.1,True,True
7. Descriptivo long-only (sin prueba estadística),INV-LO-VW completo USD,CAGR mercado,cagr,10.85%,10.854864,0.004864,0.1,True,True
7. Descriptivo long-only (sin prueba estadística),INV-LO-VW completo USD,Dif. CAGR,dif,+2.42,2.424634,0.004634,0.1,True,True
7. Descriptivo long-only (sin prueba estadística),INV-LO-VW completo USD,Vol. cartera,vol,16.7%,16.689568,-0.010432,0.1,True,True
7. Descriptivo long-only (sin prueba estadística),INV-LO-VW completo USD,Vol. mercado,vol,15.4%,15.406043,0.006043,0.1,True,True
7. Descriptivo long-only (sin prueba estadística),INV-LO-VW completo USD,Caida max. cartera,mdd,−53.5%,-53.537729,-0.037729,0.1,True,True
7. Descriptivo long-only (sin prueba estadística),INV-LO-VW completo USD,Caida max. mercado,mdd,−50.3%,-50.311707,-0.011707,0.1,True,True
7. Descriptivo long-only (sin prueba estadística),INV-LO-VW 2000-2025 USD,CAGR cartera,cagr,10.31%,10.309496,-0.000504,0.1,True,True
7. Descriptivo long-only (sin prueba estadística),INV-LO-VW 2000-2025 USD,CAGR mercado,cagr,8.27%,8.271008,0.001008,0.1,True,True
7. Descriptivo long-only (sin prueba estadística),INV-LO-VW 2000-2025 USD,Dif. CAGR,dif,+2.04,2.038487,-0.001513,0.1,True,True
7. Descriptivo long-only (sin prueba estadística),INV-LO-VW 2000-2025 USD,Vol. cartera,vol,17.0%,17.041694,0.041694,0.1,True,True
7. Descriptivo long-only (sin prueba estadística),INV-LO-VW 2000-2025 USD,Vol. mercado,vol,15.7%,15.669382,-0.030618,0.1,True,True
7. Descriptivo long-only (sin prueba estadística),INV-LO-VW 2000-2025 USD,Caida max. cartera,mdd,−53.5%,-53.537729,-0.037729,0.1,True,True
7. Descriptivo long-only (sin prueba estadística),INV-LO-VW 2000-2025 USD,Caida max. mercado,mdd,−50.3%,-50.311707,-0.011707,0.1,True,True
7. Descriptivo long-only (sin prueba estadística),INV-LO-VW post USD,CAGR cartera,cagr,12.77%,12.770650,0.000650,0.1,True,True
7. Descriptivo long-only (sin prueba estadística),INV-LO-VW post USD,CAGR mercado,cagr,12.44%,12.441589,0.001589,0.1,True,True
7. Descriptivo long-only (sin prueba estadística),INV-LO-VW post USD,Dif. CAGR,dif,+0.33,0.329062,-0.000938,0.1,True,True
7. Descriptivo long-only (sin prueba estadística),INV-LO-VW post USD,Vol. cartera,vol,17.7%,17.746989,0.046989,0.1,True,True
7. Descriptivo long-only (sin prueba estadística),INV-LO-VW post USD,Vol. mercado,vol,16.2%,16.182302,-0.017698,0.1,True,True
7. Descriptivo long-only (sin prueba estadística),INV-LO-VW post USD,Caida max. cartera,mdd,−45.3%,-45.342645,-0.042645,0.1,True,True
7. Descriptivo long-only (sin prueba estadística),INV-LO-VW post USD,Caida max. mercado,mdd,−41.6%,-41.616851,-0.016851,0.1,True,True
7. Descriptivo long-only (sin prueba estadística),RESVAR-LO-VW 2000-2025 USD,CAGR cartera,cagr,9.54%,9.541510,0.001510,0.1,True,True
7. Descriptivo long-only (sin prueba estadística),RESVAR-LO-VW 2000-2025 USD,CAGR mercado,cagr,8.27%,8.271008,0.001008,0.1,True,True
7. Descriptivo long-only (sin prueba estadística),RESVAR-LO-VW 2000-2025 USD,Dif. CAGR,dif,+1.27,1.270502,0.000502,0.1,True,True
7. Descriptivo long-only (sin prueba estadística),RESVAR-LO-VW 2000-2025 USD,Vol. cartera,vol,13.1%,13.052149,-0.047851,0.1,True,True
7. Descriptivo long-only (sin prueba estadística),RESVAR-LO-VW 2000-2025 USD,Vol. mercado,vol,15.7%,15.669382,-0.030618,0.1,True,True
7. Descriptivo long-only (sin prueba estadística),RESVAR-LO-VW 2000-2025 USD,Caida max. cartera,mdd,−38.3%,-38.334293,-0.034293,0.1,True,True
7. Descriptivo long-only (sin prueba estadística),RESVAR-LO-VW 2000-2025 USD,Caida max. mercado,mdd,−50.3%,-50.311707,-0.011707,0.1,True,True
7. Descriptivo long-only (sin prueba estadística),OP-LO-VW 2000-2025 MXN,CAGR cartera,cagr,12.33%,12.334232,0.004232,0.1,True,True
7. Descriptivo long-only (sin prueba estadística),OP-LO-VW 2000-2025 MXN,CAGR mercado,cagr,10.98%,10.975633,-0.004367,0.1,True,True
7. Descriptivo long-only (sin prueba estadística),OP-LO-VW 2000-2025 MXN,Dif. CAGR,dif,+1.36,1.358599,-0.001401,0.1,True,True
7. Descriptivo long-only (sin prueba estadística),OP-LO-VW 2000-2025 MXN,Vol. cartera,vol,13.4%,13.421993,0.021993,0.1,True,True
7. Descriptivo long-only (sin prueba estadística),OP-LO-VW 2000-2025 MXN,Vol. mercado,vol,13.9%,13.888044,-0.011956,0.1,True,True
7. Descriptivo long-only (sin prueba estadística),OP-LO-VW 2000-2025 MXN,Caida max. cartera,mdd,−32.4%,-32.397360,0.002640,0.1,True,True
7. Descriptivo long-only (sin prueba estadística),OP-LO-VW 2000-2025 MXN,Caida max. mercado,mdd,−39.9%,-39.862731,0.037269,0.1,True,True
7. Descriptivo long-only (sin prueba estadística),OP-LO-VW post MXN,CAGR cartera,cagr,15.77%,15.768516,-0.001484,0.1,True,True
7. Descriptivo long-only (sin prueba estadística),OP-LO-VW post MXN,CAGR mercado,cagr,14.90%,14.903973,0.003973,0.1,True,True
7. Descriptivo long-only (sin prueba estadística),OP-LO-VW post MXN,Dif. CAGR,dif,+0.86,0.864543,0.004543,0.1,True,True
7. Descriptivo long-only (sin prueba estadística),OP-LO-VW post MXN,Vol. cartera,vol,15.6%,15.641021,0.041021,0.1,True,True
7. Descriptivo long-only (sin prueba estadística),OP-LO-VW post MXN,Vol. mercado,vol,15.1%,15.139746,0.039746,0.1,True,True
7. Descriptivo long-only (sin prueba estadística),OP-LO-VW post MXN,Caida max. cartera,mdd,−25.2%,-25.152514,0.047486,0.1,True,True
7. Descriptivo long-only (sin prueba estadística),OP-LO-VW post MXN,Caida max. mercado,mdd,−27.2%,-27.249117,-0.049117,0.1,True,True
7. Descriptivo long-only (sin prueba estadística),NI-LO-VW 2000-2025 MXN,CAGR cartera,cagr,12.66%,12.656358,-0.003642,0.1,True,True
7. Descriptivo long-only (sin prueba estadística),NI-LO-VW 2000-2025 MXN,CAGR mercado,cagr,10.98%,10.975633,-0.004367,0.1,True,True
7. Descriptivo long-only (sin prueba estadística),NI-LO-VW 2000-2025 MXN,Dif. CAGR,dif,+1.68,1.680725,0.000725,0.1,True,True
7. Descriptivo long-only (sin prueba estadística),NI-LO-VW 2000-2025 MXN,Vol. cartera,vol,12.8%,12.786247,-0.013753,0.1,True,True
7. Descriptivo long-only (sin prueba estadística),NI-LO-VW 2000-2025 MXN,Vol. mercado,vol,13.9%,13.888044,-0.011956,0.1,True,True
7. Descriptivo long-only (sin prueba estadística),NI-LO-VW 2000-2025 MXN,Caida max. cartera,mdd,−27.9%,-27.857653,0.042347,0.1,True,True
7. Descriptivo long-only (sin prueba estadística),NI-LO-VW 2000-2025 MXN,Caida max. mercado,mdd,−39.9%,-39.862731,0.037269,0.1,True,True
7. Descriptivo long-only (sin prueba estadística),NI-LO-VW post MXN,CAGR cartera,cagr,15.66%,15.661632,0.001632,0.1,True,True
7. Descriptivo long-only (sin prueba estadística),NI-LO-VW post MXN,CAGR mercado,cagr,14.97%,14.965807,-0.004193,0.1,True,True
7. Descriptivo long-only (sin prueba estadística),NI-LO-VW post MXN,Dif. CAGR,dif,+0.70,0.695826,-0.004174,0.1,True,True
7. Descriptivo long-only (sin prueba estadística),NI-LO-VW post MXN,Vol. cartera,vol,13.3%,13.306870,0.006870,0.1,True,True
7. Descriptivo long-only (sin prueba estadística),NI-LO-VW post MXN,Vol. mercado,vol,13.8%,13.810885,0.010885,0.1,True,True
7. Descriptivo long-only (sin prueba estadística),NI-LO-VW post MXN,Caida max. cartera,mdd,−24.6%,-24.597283,0.002717,0.1,True,True
7. Descriptivo long-only (sin prueba estadística),NI-LO-VW post MXN,Caida max. mercado,mdd,−27.2%,-27.249117,-0.049117,0.1,True,True
7. Descriptivo long-only (sin prueba estadística),VAR-LO-VW 2000-2025 MXN,CAGR cartera,cagr,12.50%,12.498192,-0.001808,0.1,True,True
7. Descriptivo long-only (sin prueba estadística),VAR-LO-VW 2000-2025 MXN,CAGR mercado,cagr,10.98%,10.975633,-0.004367,0.1,True,True
7. Descriptivo long-only (sin prueba estadística),VAR-LO-VW 2000-2025 MXN,Dif. CAGR,dif,+1.52,1.522560,0.002560,0.1,True,True
7. Descriptivo long-only (sin prueba estadística),VAR-LO-VW 2000-2025 MXN,Vol. cartera,vol,11.6%,11.633461,0.033461,0.1,True,True
7. Descriptivo long-only (sin prueba estadística),VAR-LO-VW 2000-2025 MXN,Vol. mercado,vol,13.9%,13.888044,-0.011956,0.1,True,True
7. Descriptivo long-only (sin prueba estadística),VAR-LO-VW 2000-2025 MXN,Caida max. cartera,mdd,−17.0%,-17.022540,-0.022540,0.1,True,True
7. Descriptivo long-only (sin prueba estadística),VAR-LO-VW 2000-2025 MXN,Caida max. mercado,mdd,−39.9%,-39.862731,0.037269,0.1,True,True
7. Descriptivo long-only (sin prueba estadística),VAR-LO-VW post MXN,CAGR cartera,cagr,14.63%,14.629360,-0.000640,0.1,True,True
7. Descriptivo long-only (sin prueba estadística),VAR-LO-VW post MXN,CAGR mercado,cagr,13.93%,13.925382,-0.004618,0.1,True,True
7. Descriptivo long-only (sin prueba estadística),VAR-LO-VW post MXN,Dif. CAGR,dif,+0.70,0.703978,0.003978,0.1,True,True
7. Descriptivo long-only (sin prueba estadística),VAR-LO-VW post MXN,Vol. cartera,vol,11.7%,11.736443,0.036443,0.1,True,True
7. Descriptivo long-only (sin prueba estadística),VAR-LO-VW post MXN,Vol. mercado,vol,13.5%,13.491608,-0.008392,0.1,True,True
7. Descriptivo long-only (sin prueba estadística),VAR-LO-VW post MXN,Caida max. cartera,mdd,−17.0%,-17.022540,-0.022540,0.1,True,True
7. Descriptivo long-only (sin prueba estadística),VAR-LO-VW post MXN,Caida max. mercado,mdd,−30.0%,-29.971590,0.028410,0.1,True,True
7. Descriptivo long-only (sin prueba estadística),INV-LO-VW 2000-2025 MXN,CAGR cartera,cagr,13.07%,13.065042,-0.004958,0.1,True,True
7. Descriptivo long-only (sin prueba estadística),INV-LO-VW 2000-2025 MXN,CAGR mercado,cagr,10.98%,10.975633,-0.004367,0.1,True,True
7. Descriptivo long-only (sin prueba estadística),INV-LO-VW 2000-2025 MXN,Dif. CAGR,dif,+2.09,2.089409,-0.000591,0.1,True,True
7. Descriptivo long-only (sin prueba estadística),INV-LO-VW 2000-2025 MXN,Vol. cartera,vol,15.4%,15.394877,-0.005123,0.1,True,True
7. Descriptivo long-only (sin prueba estadística),INV-LO-VW 2000-2025 MXN,Vol. mercado,vol,13.9%,13.888044,-0.011956,0.1,True,True
7. Descriptivo long-only (sin prueba estadística),INV-LO-VW 2000-2025 MXN,Caida max. cartera,mdd,−34.5%,-34.481407,0.018593,0.1,True,True
7. Descriptivo long-only (sin prueba estadística),INV-LO-VW 2000-2025 MXN,Caida max. mercado,mdd,−39.9%,-39.862731,0.037269,0.1,True,True
7. Descriptivo long-only (sin prueba estadística),INV-LO-VW post MXN,CAGR cartera,cagr,16.09%,16.092950,0.002950,0.1,True,True
7. Descriptivo long-only (sin prueba estadística),INV-LO-VW post MXN,CAGR mercado,cagr,15.75%,15.754194,0.004194,0.1,True,True
7. Descriptivo long-only (sin prueba estadística),INV-LO-VW post MXN,Dif. CAGR,dif,+0.34,0.338756,-0.001244,0.1,True,True
7. Descriptivo long-only (sin prueba estadística),INV-LO-VW post MXN,Vol. cartera,vol,15.4%,15.387405,-0.012595,0.1,True,True
7. Descriptivo long-only (sin prueba estadística),INV-LO-VW post MXN,Vol. mercado,vol,13.7%,13.684597,-0.015403,0.1,True,True
7. Descriptivo long-only (sin prueba estadística),INV-LO-VW post MXN,Caida max. cartera,mdd,−21.3%,-21.268387,0.031613,0.1,True,True
7. Descriptivo long-only (sin prueba estadística),INV-LO-VW post MXN,Caida max. mercado,mdd,−27.2%,-27.249117,-0.049117,0.1,True,True
"8. Costos (sensibilidad, no entra al veredicto)",OP-LO-VW 2000-2025,x12 bruto,x12,1.06,1.063462,0.003462,0.12,True,True
"8. Costos (sensibilidad, no entra al veredicto)",OP-LO-VW 2000-2025,tau*,tau,156%,156.391403,0.391403,1.0,True,True
"8. Costos (sensibilidad, no entra al veredicto)",OP-LO-VW 2000-2025,neto tau=100%,neto,0.38,0.383462,0.003462,0.12,True,True
"8. Costos (sensibilidad, no entra al veredicto)",OP-LO-VW post,x12 bruto,x12,0.72,0.717333,-0.002667,0.12,True,True
"8. Costos (sensibilidad, no entra al veredicto)",OP-LO-VW post,tau*,tau,105%,105.490196,0.490196,1.0,True,True
"8. Costos (sensibilidad, no entra al veredicto)",OP-LO-VW post,neto tau=100%,neto,0.04,0.037333,-0.002667,0.12,True,True
"8. Costos (sensibilidad, no entra al veredicto)",NI-LO-VW 2000-2025,x12 bruto,x12,1.30,1.296923,-0.003077,0.12,True,True
"8. Costos (sensibilidad, no entra al veredicto)",NI-LO-VW 2000-2025,tau*,tau,191%,190.723982,-0.276018,1.0,True,True
"8. Costos (sensibilidad, no entra al veredicto)",NI-LO-VW 2000-2025,neto tau=100%,neto,0.62,0.616923,-0.003077,0.12,True,True
"8. Costos (sensibilidad, no entra al veredicto)",NI-LO-VW post,x12 bruto,x12,0.48,0.478356,-0.001644,0.12,True,True
"8. Costos (sensibilidad, no entra al veredicto)",NI-LO-VW post,tau*,tau,70%,70.346495,0.346495,1.0,True,True
"8. Costos (sensibilidad, no entra al veredicto)",NI-LO-VW post,neto tau=100%,neto,−0.20,-0.201644,-0.001644,0.12,True,True
"8. Costos (sensibilidad, no entra al veredicto)",VAR-LO-VW 2000-2025,x12 bruto,x12,0.84,0.839615,-0.000385,0.12,True,True
"8. Costos (sensibilidad, no entra al veredicto)",VAR-LO-VW 2000-2025,tau*,tau,123%,123.472851,0.472851,1.0,True,True
"8. Costos (sensibilidad, no entra al veredicto)",VAR-LO-VW 2000-2025,neto tau=100%,neto,0.16,0.159615,-0.000385,0.12,True,True
"8. Costos (sensibilidad, no entra al veredicto)",VAR-LO-VW post,x12 bruto,x12,0.15,0.146939,-0.003061,0.12,True,True
"8. Costos (sensibilidad, no entra al veredicto)",VAR-LO-VW post,tau*,tau,22%,21.608643,-0.391357,1.0,True,True
"8. Costos (sensibilidad, no entra al veredicto)",VAR-LO-VW post,neto tau=100%,neto,−0.53,-0.533061,-0.003061,0.12,True,True
"8. Costos (sensibilidad, no entra al veredicto)",INV-LO-VW 2000-2025,x12 bruto,x12,2.09,2.094231,0.004231,0.12,True,True
"8. Costos (sensibilidad, no entra al veredicto)",INV-LO-VW 2000-2025,tau*,tau,308%,307.975113,-0.024887,1.0,True,True
"8. Costos (sensibilidad, no entra al veredicto)",INV-LO-VW 2000-2025,neto tau=100%,neto,1.41,1.414231,0.004231,0.12,True,True
"8. Costos (sensibilidad, no entra al veredicto)",INV-LO-VW post,x12 bruto,x12,0.55,0.554791,0.004791,0.12,True,True
"8. Costos (sensibilidad, no entra al veredicto)",INV-LO-VW post,tau*,tau,82%,81.586867,-0.413133,1.0,True,True
"8. Costos (sensibilidad, no entra al veredicto)",INV-LO-VW post,neto tau=100%,neto,−0.13,-0.125209,0.004791,0.12,True,True
"8. Costos (sensibilidad, no entra al veredicto)","OP-LO-VW, MXN post",x12 bruto,x12,0.83,0.832656,0.002656,0.12,True,True
"8. Costos (sensibilidad, no entra al veredicto)","OP-LO-VW, MXN post",tau*,tau,122%,122.449406,0.449406,1.0,True,True
"8. Costos (sensibilidad, no entra al veredicto)","OP-LO-VW, MXN post",neto tau=100%,neto,0.15,0.152656,0.002656,0.12,True,True
"8. Costos (sensibilidad, no entra al veredicto)","NI-LO-VW, MXN post",x12 bruto,x12,0.54,0.544259,0.004259,0.12,True,True
"8. Costos (sensibilidad, no entra al veredicto)","NI-LO-VW, MXN post",tau*,tau,80%,80.038139,0.038139,1.0,True,True
"8. Costos (sensibilidad, no entra al veredicto)","NI-LO-VW, MXN post",neto tau=100%,neto,−0.14,-0.135741,0.004259,0.12,True,True
"8. Costos (sensibilidad, no entra al veredicto)","VAR-LO-VW, MXN post",x12 bruto,x12,0.40,0.403907,0.003907,0.12,True,True
"8. Costos (sensibilidad, no entra al veredicto)","VAR-LO-VW, MXN post",tau*,tau,59%,59.398104,0.398104,1.0,True,True
"8. Costos (sensibilidad, no entra al veredicto)","VAR-LO-VW, MXN post",neto tau=100%,neto,−0.28,-0.276093,0.003907,0.12,True,True
"8. Costos (sensibilidad, no entra al veredicto)","INV-LO-VW, MXN post",x12 bruto,x12,0.54,0.537468,-0.002532,0.12,True,True
"8. Costos (sensibilidad, no entra al veredicto)","INV-LO-VW, MXN post",tau*,tau,79%,79.039406,0.039406,1.0,True,True
"8. Costos (sensibilidad, no entra al veredicto)","INV-LO-VW, MXN post",neto tau=100%,neto,−0.14,-0.142532,-0.002532,0.12,True,True
9. Afirmaciones recibidas,VAR Lo 10 - Mkt 2000-2025,n,n,312,312,0.0,0,True,True
9. Afirmaciones recibidas,VAR Lo 10 - Mkt 2000-2025,x12,x12,0.39,0.393462,0.003462,0.12,True,True
9. Afirmaciones recibidas,VAR Lo 10 - Mkt 2000-2025,Dif. CAGR,dif,1.07,1.070402,0.000402,0.1,True,True
9. Afirmaciones recibidas,VAR Lo 10 - Mkt 2000-2025,t,t,0.18,0.183174,0.003174,0.05,True,True
9. Afirmaciones recibidas,VAR Lo 10 - Mkt 2000-2025,IC NW lo,ic,-0.318,-0.318049,-0.000049,0.01,True,True
9. Afirmaciones recibidas,VAR Lo 10 - Mkt 2000-2025,IC NW hi,ic,0.384,0.383626,-0.000374,0.01,True,True
9. Afirmaciones recibidas,VAR Lo 10 - Mkt 2000-ult,n,n,319,319,0.0,0,True,True
9. Afirmaciones recibidas,VAR Lo 10 - Mkt 2000-ult,x12,x12,−0.07,-0.071097,-0.001097,0.12,True,True
9. Afirmaciones recibidas,VAR Lo 10 - Mkt 2000-ult,Dif. CAGR,dif,0.57,0.566730,-0.003270,0.1,True,True
9. Afirmaciones recibidas,VAR Lo 10 - Mkt 2000-ult,t,t,−0.03,-0.032788,-0.002788,0.05,True,True
9. Afirmaciones recibidas,VAR Lo 10 - Mkt 2000-ult,IC NW lo,ic,-0.360,-0.360087,-0.000087,0.01,True,True
9. Afirmaciones recibidas,VAR Lo 10 - Mkt 2000-ult,IC NW hi,ic,0.348,0.348238,0.000238,0.01,True,True
9. Afirmaciones recibidas,VAR Lo 10 - Hi 10 2000-2025,n,n,312,312,0.0,0,True,True
9. Afirmaciones recibidas,VAR Lo 10 - Hi 10 2000-2025,x12,x12,6.02,6.023077,0.003077,0.12,True,True
9. Afirmaciones recibidas,VAR Lo 10 - Hi 10 2000-2025,Dif. CAGR,dif,12.35,12.353839,0.003839,0.1,True,True
9. Afirmaciones recibidas,VAR Lo 10 - Hi 10 2000-2025,t,t,0.89,0.890751,0.000751,0.05,True,True
9. Afirmaciones recibidas,VAR Lo 10 - Hi 10 2000-2025,IC NW lo,ic,-0.602,-0.602484,-0.000484,0.01,True,True
9. Afirmaciones recibidas,VAR Lo 10 - Hi 10 2000-2025,IC NW hi,ic,1.606,1.606330,0.000330,0.01,True,True
9. Afirmaciones recibidas,VAR Lo 10 - Hi 10 2000-ult,n,n,319,319,0.0,0,True,True
9. Afirmaciones recibidas,VAR Lo 10 - Hi 10 2000-ult,x12,x12,**3.53**,3.532665,0.002665,0.12,True,True
9. Afirmaciones recibidas,VAR Lo 10 - Hi 10 2000-ult,Dif. CAGR,dif,10.26,10.260352,0.000352,0.1,True,True
9. Afirmaciones recibidas,VAR Lo 10 - Hi 10 2000-ult,t,t,0.50,0.500959,0.000959,0.05,True,True
9. Afirmaciones recibidas,VAR Lo 10 - Hi 10 2000-ult,IC NW lo,ic,-0.857,-0.857385,-0.000385,0.01,True,True
9. Afirmaciones recibidas,VAR Lo 10 - Hi 10 2000-ult,IC NW hi,ic,1.446,1.446162,0.000162,0.01,True,True
9. Afirmaciones recibidas,RESVAR Lo 10 - Mkt 2000-2025,n,n,312,312,0.0,0,True,True
9. Afirmaciones recibidas,RESVAR Lo 10 - Mkt 2000-2025,x12,x12,1.79,1.786923,-0.003077,0.12,True,True
9. Afirmaciones recibidas,RESVAR Lo 10 - Mkt 2000-2025,Dif. CAGR,dif,2.38,2.380668,0.000668,0.1,True,True
9. Afirmaciones recibidas,RESVAR Lo 10 - Mkt 2000-2025,t,t,1.07,1.065265,-0.004735,0.05,True,True
9. Afirmaciones recibidas,RESVAR Lo 10 - Mkt 2000-2025,IC NW lo,ic,-0.125,-0.125067,-0.000067,0.01,True,True
9. Afirmaciones recibidas,RESVAR Lo 10 - Mkt 2000-2025,IC NW hi,ic,0.423,0.422888,-0.000112,0.01,True,True
9. Afirmaciones recibidas,RESVAR Lo 10 - Mkt 2000-ult,n,n,319,319,0.0,0,True,True
9. Afirmaciones recibidas,RESVAR Lo 10 - Mkt 2000-ult,x12,x12,1.36,1.356489,-0.003511,0.12,True,True
9. Afirmaciones recibidas,RESVAR Lo 10 - Mkt 2000-ult,Dif. CAGR,dif,1.92,1.916425,-0.003575,0.1,True,True
9. Afirmaciones recibidas,RESVAR Lo 10 - Mkt 2000-ult,t,t,0.79,0.791223,0.001223,0.05,True,True
9. Afirmaciones recibidas,RESVAR Lo 10 - Mkt 2000-ult,IC NW lo,ic,-0.167,-0.166976,0.000024,0.01,True,True
9. Afirmaciones recibidas,RESVAR Lo 10 - Mkt 2000-ult,IC NW hi,ic,0.393,0.393058,0.000058,0.01,True,True
9. Afirmaciones recibidas,RESVAR Lo 10 - Hi 10 2000-2025,n,n,312,312,0.0,0,True,True
9. Afirmaciones recibidas,RESVAR Lo 10 - Hi 10 2000-2025,x12,x12,6.26,6.263462,0.003462,0.12,True,True
9. Afirmaciones recibidas,RESVAR Lo 10 - Hi 10 2000-2025,Dif. CAGR,dif,12.10,12.104274,0.004274,0.1,True,True
9. Afirmaciones recibidas,RESVAR Lo 10 - Hi 10 2000-2025,t,t,0.98,0.979213,-0.000787,0.05,True,True
9. Afirmaciones recibidas,RESVAR Lo 10 - Hi 10 2000-2025,IC NW lo,ic,-0.523,-0.522775,0.000225,0.01,True,True
9. Afirmaciones recibidas,RESVAR Lo 10 - Hi 10 2000-2025,IC NW hi,ic,1.567,1.566686,-0.000314,0.01,True,True
9. Afirmaciones recibidas,RESVAR Lo 10 - Hi 10 2000-ult,n,n,319,319,0.0,0,True,True
9. Afirmaciones recibidas,RESVAR Lo 10 - Hi 10 2000-ult,x12,x12,4.65,4.648025,-0.001975,0.12,True,True
9. Afirmaciones recibidas,RESVAR Lo 10 - Hi 10 2000-ult,Dif. CAGR,dif,10.76,10.758815,-0.001185,0.1,True,True
9. Afirmaciones recibidas,RESVAR Lo 10 - Hi 10 2000-ult,t,t,0.72,0.716186,-0.003814,0.05,True,True
9. Afirmaciones recibidas,RESVAR Lo 10 - Hi 10 2000-ult,IC NW lo,ic,-0.673,-0.672673,0.000327,0.01,True,True
9. Afirmaciones recibidas,RESVAR Lo 10 - Hi 10 2000-ult,IC NW hi,ic,1.447,1.447344,0.000344,0.01,True,True
texto,Resumen 2,LO 2000-2025 x12 minimo,x12,0.8,0.839615,0.039615,0.12,True,True
texto,Resumen 2,LO 2000-2025 x12 maximo,x12,2.1,2.094231,-0.005769,0.12,True,True
texto,Resumen 2,LO post x12 minimo,x12,0.15,0.146939,-0.003061,0.12,True,True
texto,Resumen 2,LO post x12 maximo,x12,0.72,0.717333,-0.002667,0.12,True,True
texto,Conclusion 3,LO 2000-2025 t minima,t,0.52,0.519509,-0.000491,0.05,True,True
texto,Conclusion 3,LO 2000-2025 t maxima,t,1.42,1.423227,0.003227,0.05,True,True
texto,Resumen 3 / Controles,RMW 2000-ult x12,x12,4.48,4.476489,-0.003511,0.12,True,True
texto,Resumen 3 / Controles,RMW 2000-ult t,t,2.28,2.275034,-0.004966,0.05,True,True
texto,Controles,RMW 2000-2025 x12,x12,4.76,4.761538,0.001538,0.12,True,True
texto,Controles,RMW 2000-2025 t,t,2.43,2.426429,-0.003571,0.05,True,True
texto,Seccion 9 (Recompras),NI-LS-VW 2000-ult IC lo,ic,0.010,0.009890,-0.000110,0.01,True,True
texto,Seccion 9 (Recompras),NI-LS-VW 2000-ult IC hi,ic,0.872,0.872054,0.000054,0.01,True,True
texto,Resumen 5 / Seccion 9,VAR-LO-VW 2000-2025 Dif. CAGR,dif,1.49,1.485453,-0.004547,0.1,True,True
texto,Resumen 6 / Conclusion 8,NI-LS-EW post x12,x12,10.70,10.698630,-0.001370,0.12,True,True
texto,Resumen 6 / Conclusion 8,NI-LS-EW post t,t,2.63,2.629636,-0.000364,0.05,True,True
texto,Resumen 7 / Conclusion 7,VAR-LO 2000-2025 USD vol cartera,vol,11.9,11.879723,-0.020277,0.1,True,True
texto,Resumen 7 / Conclusion 7,VAR-LO 2000-2025 USD vol mercado,vol,15.7,15.669382,-0.030618,0.1,True,True
texto,Resumen 7 / Conclusion 7,VAR-LO 2000-2025 USD MDD cartera,mdd,-36.5,-36.499362,0.000638,0.1,True,True
texto,Resumen 7 / Conclusion 7,VAR-LO 2000-2025 USD MDD mercado,mdd,-50.3,-50.311707,-0.011707,0.1,True,True
texto,Resumen 7 / Conclusion 7,VAR-LO 2000-2025 MXN MDD cartera,mdd,-17.0,-17.022540,-0.022540,0.1,True,True
texto,Resumen 7 / Conclusion 7,VAR-LO 2000-2025 MXN MDD mercado,mdd,-39.9,-39.862731,0.037269,0.1,True,True
texto,Seccion 10,pruebas registradas,n,103,103,0.0,0,True,True
texto,Seccion 10,pruebas con apoyo,n,25,25,0.0,0,True,True
texto,Seccion 10 / Resumen 1,primarias con apoyo (de 16),n,0,0,0.0,0,True,True
texto,Seccion 10 / Resumen 1,MXN con apoyo (de 15),n,0,0,0.0,0,True,True
texto,Seccion 10,unica serie con apoyo en post,categoria,NI-LS-EW,NI-LS-EW,,igual,True,True
texto,Tabla 1 (nota),pruebas contrarias,n,0,0,0.0,0,True,True
texto,Controles,faltantes -99.99/-999 en series usadas,n,0,0,0.0,0,True,True
texto,Tabla 1 (nota),inicio de todas las series,categoria,196307,196307,,igual,True,True
texto,Datos,rango Mkt (FF3),categoria,192607-202607,192607-202607,,igual,True,True
texto,Datos,rango DEXMXUS,categoria,1993-11-08..2026-09-18,1993-11-08..2026-09-18,,igual,True,True
texto,Seccion 9 (criterio),coincidencias 'Rentables 4.5%',categoria,RMW 2000-2025 x12; RMW 2000-ult x12; OP-LS-VW 2000-ult x12,RMW 2000-2025 x12; RMW 2000-ult x12; OP-LS-VW 2000-ult x12,,igual,True,True
texto,Seccion 9 (criterio),coincidencias 'Recompras 5.3%',categoria,NI-LS-VW 2000-ult x12,NI-LS-VW 2000-ult x12,,igual,True,True
texto,Seccion 9 (criterio),coincidencias 'Baja volatilidad 3.6%',categoria,ninguna,ninguna,,igual,True,True
