fecha_registro_utc,id_replica,corrida,variante,es_prueba,segmento,fecha_inicio,fecha_fin,n_periodos,periodos_por_anio,moneda,rendimiento_total,cagr,vol_anual,sharpe,sortino,mdd,calmar,sharpe_periodo,asimetria,curtosis,psr,exposicion_media,tiempo_invertido,rotacion_anual,costo_anual,n_cambios_senal,cagr_activo_sin_costos,cagr_efectivo,comision_por_lado,spread_por_lado,cortes,huella_datos,fuente_datos,parametros_json,nota
2026-09-25T05:28:44.806551Z,R01,de03ba3223,sma6,1,completo,1927-06-30,2026-07-31,1189,12,USD,3538.7184462667096,0.0859684669292724,0.12806862374558614,0.45476973906692403,0.7004739331115002,-0.4697171177198519,0.18302178840445327,0.13128071563479224,0.21268849759340777,15.538689023458621,0.9999956731128703,0.7056349873843566,0.7056349873843566,2.1900265259318616,0.007446090188168305,217,0.10260130985470983,0.03287249298954742,0.0029,0.0005,2006-12-31,e85ac74d630dff95,French F-F_Research_Data_Factors CRSP 202607 sha256 b840dba55d31,"{""comision_por_lado"": 0.0029, ""cortes"": [""2006-12-31""], ""efectivo_en_mxn"": false, ""exposicion_inicial"": 0.0, ""exposicion_max"": 1.0, ""exposicion_min"": 0.0, ""extras"": [], ""fx"": false, ""max_dias_fx"": 10, ""min_historia"": 12, ""periodos_por_anio"": 12, ""permitir_capturas"": false, ""rebalanceo_con_deriva"": true, ""segmentos"": [""dentro_muestra"", ""fuera_muestra""], ""senal"": ""media_movil_6"", ""spread_por_lado"": 0.0005, ""usuario"": {""bloque"": ""A"", ""escenario_costos"": ""defecto"", ""senal_sobre"": ""indice TR (Mkt-RF+RF)"", ""ventana"": 6}, ""variante"": ""sma6""}",principal; costos GBM por defecto
2026-09-25T05:28:44.806551Z,R01,de03ba3223,sma6,1,dentro_muestra,1927-06-30,2006-12-31,954,12,USD,649.7039937037225,0.0848919608226748,0.1333170014903205,0.4025466674664101,0.6168764816028427,-0.4697171177198519,0.18072997048684514,0.11620521341155933,0.273300437272816,16.11319567960713,0.9998097688048824,0.6960167714884696,0.6960167714884696,2.251446330796515,0.007654917524708141,179,0.10073588705476877,0.037291120660129184,0.0029,0.0005,2006-12-31,e85ac74d630dff95,French F-F_Research_Data_Factors CRSP 202607 sha256 b840dba55d31,"{""comision_por_lado"": 0.0029, ""cortes"": [""2006-12-31""], ""efectivo_en_mxn"": false, ""exposicion_inicial"": 0.0, ""exposicion_max"": 1.0, ""exposicion_min"": 0.0, ""extras"": [], ""fx"": false, ""max_dias_fx"": 10, ""min_historia"": 12, ""periodos_por_anio"": 12, ""permitir_capturas"": false, ""rebalanceo_con_deriva"": true, ""segmentos"": [""dentro_muestra"", ""fuera_muestra""], ""senal"": ""media_movil_6"", ""spread_por_lado"": 0.0005, ""usuario"": {""bloque"": ""A"", ""escenario_costos"": ""defecto"", ""senal_sobre"": ""indice TR (Mkt-RF+RF)"", ""ventana"": 6}, ""variante"": ""sma6""}",principal; costos GBM por defecto
2026-09-25T05:28:44.806551Z,R01,de03ba3223,sma6,1,fuera_muestra,2006-12-31,2026-07-31,235,12,USD,4.43982898601727,0.09035034927315655,0.10432845071528654,0.7372312818473354,1.1773016262206066,-0.16792111706644708,0.5380523358322142,0.21282033951478602,-0.22661831692287235,4.43140485912916,0.9991031095379587,0.7446808510638298,0.7446808510638298,1.9406459731543626,0.006598196308724832,38,0.11020794942552814,0.015124226882966774,0.0029,0.0005,2006-12-31,e85ac74d630dff95,French F-F_Research_Data_Factors CRSP 202607 sha256 b840dba55d31,"{""comision_por_lado"": 0.0029, ""cortes"": [""2006-12-31""], ""efectivo_en_mxn"": false, ""exposicion_inicial"": 0.0, ""exposicion_max"": 1.0, ""exposicion_min"": 0.0, ""extras"": [], ""fx"": false, ""max_dias_fx"": 10, ""min_historia"": 12, ""periodos_por_anio"": 12, ""permitir_capturas"": false, ""rebalanceo_con_deriva"": true, ""segmentos"": [""dentro_muestra"", ""fuera_muestra""], ""senal"": ""media_movil_6"", ""spread_por_lado"": 0.0005, ""usuario"": {""bloque"": ""A"", ""escenario_costos"": ""defecto"", ""senal_sobre"": ""indice TR (Mkt-RF+RF)"", ""ventana"": 6}, ""variante"": ""sma6""}",principal; costos GBM por defecto
2026-09-25T05:28:44.831485Z,R01,bcd20b9c45,sma8,1,completo,1927-06-30,2026-07-31,1189,12,USD,2949.1284024277375,0.08397342325014767,0.12315070558842899,0.4543606537038372,0.663359194546686,-0.5460933925606224,0.15377117612867966,0.13116262286254238,-0.7480265969337954,9.242100602019038,0.9999891264404352,0.7115222876366695,0.7115222876366695,1.766150424138598,0.006004911442071227,175,0.10260130985470983,0.03287249298954742,0.0029,0.0005,2006-12-31,e85ac74d630dff95,French F-F_Research_Data_Factors CRSP 202607 sha256 b840dba55d31,"{""comision_por_lado"": 0.0029, ""cortes"": [""2006-12-31""], ""efectivo_en_mxn"": false, ""exposicion_inicial"": 0.0, ""exposicion_max"": 1.0, ""exposicion_min"": 0.0, ""extras"": [], ""fx"": false, ""max_dias_fx"": 10, ""min_historia"": 12, ""periodos_por_anio"": 12, ""permitir_capturas"": false, ""rebalanceo_con_deriva"": true, ""segmentos"": [""dentro_muestra"", ""fuera_muestra""], ""senal"": ""media_movil_8"", ""spread_por_lado"": 0.0005, ""usuario"": {""bloque"": ""A"", ""escenario_costos"": ""defecto"", ""senal_sobre"": ""indice TR (Mkt-RF+RF)"", ""ventana"": 8}, ""variante"": ""sma8""}",principal; costos GBM por defecto
2026-09-25T05:28:44.831485Z,R01,bcd20b9c45,sma8,1,dentro_muestra,1927-06-30,2006-12-31,954,12,USD,472.7518702980863,0.08056984942613332,0.12697118718640263,0.38641272384876174,0.55496416358886,-0.5460933925606224,0.14753859051167548,0.11154774506618956,-0.8089122189783116,9.652586222425965,0.9994390095457808,0.6970649895178197,0.6970649895178197,1.8237973070698026,0.006200910844037335,145,0.10073588705476877,0.037291120660129184,0.0029,0.0005,2006-12-31,e85ac74d630dff95,French F-F_Research_Data_Factors CRSP 202607 sha256 b840dba55d31,"{""comision_por_lado"": 0.0029, ""cortes"": [""2006-12-31""], ""efectivo_en_mxn"": false, ""exposicion_inicial"": 0.0, ""exposicion_max"": 1.0, ""exposicion_min"": 0.0, ""extras"": [], ""fx"": false, ""max_dias_fx"": 10, ""min_historia"": 12, ""periodos_por_anio"": 12, ""permitir_capturas"": false, ""rebalanceo_con_deriva"": true, ""segmentos"": [""dentro_muestra"", ""fuera_muestra""], ""senal"": ""media_movil_8"", ""spread_por_lado"": 0.0005, ""usuario"": {""bloque"": ""A"", ""escenario_costos"": ""defecto"", ""senal_sobre"": ""indice TR (Mkt-RF+RF)"", ""ventana"": 8}, ""variante"": ""sma8""}",principal; costos GBM por defecto
2026-09-25T05:28:44.831485Z,R01,bcd20b9c45,sma8,1,fuera_muestra,2006-12-31,2026-07-31,235,12,USD,5.227159378962462,0.09790331439520394,0.1064285364315508,0.7900309960978037,1.2820422595676086,-0.13755087519413256,0.711760752209159,0.22806230413260759,-0.20015959951946508,4.243235355910391,0.9995884340073699,0.7702127659574468,0.7702127659574468,1.5320889261744968,0.0052091023489932884,30,0.11020794942552814,0.015124226882966774,0.0029,0.0005,2006-12-31,e85ac74d630dff95,French F-F_Research_Data_Factors CRSP 202607 sha256 b840dba55d31,"{""comision_por_lado"": 0.0029, ""cortes"": [""2006-12-31""], ""efectivo_en_mxn"": false, ""exposicion_inicial"": 0.0, ""exposicion_max"": 1.0, ""exposicion_min"": 0.0, ""extras"": [], ""fx"": false, ""max_dias_fx"": 10, ""min_historia"": 12, ""periodos_por_anio"": 12, ""permitir_capturas"": false, ""rebalanceo_con_deriva"": true, ""segmentos"": [""dentro_muestra"", ""fuera_muestra""], ""senal"": ""media_movil_8"", ""spread_por_lado"": 0.0005, ""usuario"": {""bloque"": ""A"", ""escenario_costos"": ""defecto"", ""senal_sobre"": ""indice TR (Mkt-RF+RF)"", ""ventana"": 8}, ""variante"": ""sma8""}",principal; costos GBM por defecto
2026-09-25T05:28:44.854002Z,R01,6b1c54b434,sma10,1,completo,1927-06-30,2026-07-31,1189,12,USD,6233.730767371164,0.09219049755986264,0.12524180166177942,0.5101000589602692,0.7559508271665315,-0.4349816634196292,0.21194111226460127,0.14725320317717772,-0.6770074863023119,8.664195594880193,0.999998987923093,0.7300252312867956,0.7300252312867956,1.4835663562764223,0.005044125611339841,147,0.10260130985470983,0.03287249298954742,0.0029,0.0005,2006-12-31,e85ac74d630dff95,French F-F_Research_Data_Factors CRSP 202607 sha256 b840dba55d31,"{""comision_por_lado"": 0.0029, ""cortes"": [""2006-12-31""], ""efectivo_en_mxn"": false, ""exposicion_inicial"": 0.0, ""exposicion_max"": 1.0, ""exposicion_min"": 0.0, ""extras"": [], ""fx"": false, ""max_dias_fx"": 10, ""min_historia"": 12, ""periodos_por_anio"": 12, ""permitir_capturas"": false, ""rebalanceo_con_deriva"": true, ""segmentos"": [""dentro_muestra"", ""fuera_muestra""], ""senal"": ""media_movil_10"", ""spread_por_lado"": 0.0005, ""usuario"": {""bloque"": ""A"", ""escenario_costos"": ""defecto"", ""senal_sobre"": ""indice TR (Mkt-RF+RF)"", ""ventana"": 10}, ""variante"": ""sma10""}",principal; costos GBM por defecto
2026-09-25T05:28:44.854002Z,R01,6b1c54b434,sma10,1,dentro_muestra,1927-06-30,2006-12-31,954,12,USD,1184.4478265692735,0.0931078781193797,0.12913417375913028,0.4723038339636044,0.6935580726958053,-0.4349816634196292,0.21405012199228735,0.13634237283908968,-0.7248673237160503,9.037764959244502,0.9999607098349479,0.7169811320754716,0.7169811320754716,1.4716157581183924,0.005003493577602536,117,0.10073588705476877,0.037291120660129184,0.0029,0.0005,2006-12-31,e85ac74d630dff95,French F-F_Research_Data_Factors CRSP 202607 sha256 b840dba55d31,"{""comision_por_lado"": 0.0029, ""cortes"": [""2006-12-31""], ""efectivo_en_mxn"": false, ""exposicion_inicial"": 0.0, ""exposicion_max"": 1.0, ""exposicion_min"": 0.0, ""extras"": [], ""fx"": false, ""max_dias_fx"": 10, ""min_historia"": 12, ""periodos_por_anio"": 12, ""permitir_capturas"": false, ""rebalanceo_con_deriva"": true, ""segmentos"": [""dentro_muestra"", ""fuera_muestra""], ""senal"": ""media_movil_10"", ""spread_por_lado"": 0.0005, ""usuario"": {""bloque"": ""A"", ""escenario_costos"": ""defecto"", ""senal_sobre"": ""indice TR (Mkt-RF+RF)"", ""ventana"": 10}, ""variante"": ""sma10""}",principal; costos GBM por defecto
2026-09-25T05:28:44.854002Z,R01,6b1c54b434,sma10,1,fuera_muestra,2006-12-31,2026-07-31,235,12,USD,4.259388585168433,0.08847359378722519,0.10824455637489537,0.6987335112623703,1.0975949181127538,-0.19307574579550835,0.4582325626799853,0.20170699040957094,-0.2749302182401569,4.229792962271229,0.9984502496046856,0.7829787234042553,0.7829787234042553,1.5320889261744968,0.0052091023489932884,30,0.11020794942552814,0.015124226882966774,0.0029,0.0005,2006-12-31,e85ac74d630dff95,French F-F_Research_Data_Factors CRSP 202607 sha256 b840dba55d31,"{""comision_por_lado"": 0.0029, ""cortes"": [""2006-12-31""], ""efectivo_en_mxn"": false, ""exposicion_inicial"": 0.0, ""exposicion_max"": 1.0, ""exposicion_min"": 0.0, ""extras"": [], ""fx"": false, ""max_dias_fx"": 10, ""min_historia"": 12, ""periodos_por_anio"": 12, ""permitir_capturas"": false, ""rebalanceo_con_deriva"": true, ""segmentos"": [""dentro_muestra"", ""fuera_muestra""], ""senal"": ""media_movil_10"", ""spread_por_lado"": 0.0005, ""usuario"": {""bloque"": ""A"", ""escenario_costos"": ""defecto"", ""senal_sobre"": ""indice TR (Mkt-RF+RF)"", ""ventana"": 10}, ""variante"": ""sma10""}",principal; costos GBM por defecto
2026-09-25T05:28:44.875086Z,R01,74fb7c8847,sma12,1,completo,1927-06-30,2026-07-31,1189,12,USD,7674.891146133563,0.09448506418801461,0.12597305058223474,0.5249414262941472,0.7845801989380545,-0.46256931745863683,0.2042614168771873,0.151537536889856,-0.619678614875739,8.531410435555866,0.9999995159807091,0.7333894028595458,0.7333894028595458,1.3220897460694647,0.004495105136636183,131,0.10260130985470983,0.03287249298954742,0.0029,0.0005,2006-12-31,e85ac74d630dff95,French F-F_Research_Data_Factors CRSP 202607 sha256 b840dba55d31,"{""comision_por_lado"": 0.0029, ""cortes"": [""2006-12-31""], ""efectivo_en_mxn"": false, ""exposicion_inicial"": 0.0, ""exposicion_max"": 1.0, ""exposicion_min"": 0.0, ""extras"": [], ""fx"": false, ""max_dias_fx"": 10, ""min_historia"": 12, ""periodos_por_anio"": 12, ""permitir_capturas"": false, ""rebalanceo_con_deriva"": true, ""segmentos"": [""dentro_muestra"", ""fuera_muestra""], ""senal"": ""media_movil_12"", ""spread_por_lado"": 0.0005, ""usuario"": {""bloque"": ""A"", ""escenario_costos"": ""defecto"", ""senal_sobre"": ""indice TR (Mkt-RF+RF)"", ""ventana"": 12}, ""variante"": ""sma12""}",principal; costos GBM por defecto
2026-09-25T05:28:44.875086Z,R01,74fb7c8847,sma12,1,dentro_muestra,1927-06-30,2006-12-31,954,12,USD,1609.9715197749947,0.09733307706331606,0.12924538747147024,0.5020786622791454,0.7464089927446156,-0.46256931745863683,0.21041835977808804,0.14493762541061592,-0.6664033392819401,8.989380957305858,0.999986251713674,0.720125786163522,0.720125786163522,1.2955249836426874,0.004404784944385136,103,0.10073588705476877,0.037291120660129184,0.0029,0.0005,2006-12-31,e85ac74d630dff95,French F-F_Research_Data_Factors CRSP 202607 sha256 b840dba55d31,"{""comision_por_lado"": 0.0029, ""cortes"": [""2006-12-31""], ""efectivo_en_mxn"": false, ""exposicion_inicial"": 0.0, ""exposicion_max"": 1.0, ""exposicion_min"": 0.0, ""extras"": [], ""fx"": false, ""max_dias_fx"": 10, ""min_historia"": 12, ""periodos_por_anio"": 12, ""permitir_capturas"": false, ""rebalanceo_con_deriva"": true, ""segmentos"": [""dentro_muestra"", ""fuera_muestra""], ""senal"": ""media_movil_12"", ""spread_por_lado"": 0.0005, ""usuario"": {""bloque"": ""A"", ""escenario_costos"": ""defecto"", ""senal_sobre"": ""indice TR (Mkt-RF+RF)"", ""ventana"": 12}, ""variante"": ""sma12""}",principal; costos GBM por defecto
2026-09-25T05:28:44.875086Z,R01,74fb7c8847,sma12,1,fuera_muestra,2006-12-31,2026-07-31,235,12,USD,3.7647590611692907,0.08299711761935069,0.11189106123712374,0.6358061712310478,0.9815309051585033,-0.19307574579550824,0.42986817053269444,0.18354143205633536,-0.2923618789214159,4.355828743190102,0.996525253689623,0.7872340425531915,0.7872340425531915,1.4299496644295302,0.004861828859060403,28,0.11020794942552814,0.015124226882966774,0.0029,0.0005,2006-12-31,e85ac74d630dff95,French F-F_Research_Data_Factors CRSP 202607 sha256 b840dba55d31,"{""comision_por_lado"": 0.0029, ""cortes"": [""2006-12-31""], ""efectivo_en_mxn"": false, ""exposicion_inicial"": 0.0, ""exposicion_max"": 1.0, ""exposicion_min"": 0.0, ""extras"": [], ""fx"": false, ""max_dias_fx"": 10, ""min_historia"": 12, ""periodos_por_anio"": 12, ""permitir_capturas"": false, ""rebalanceo_con_deriva"": true, ""segmentos"": [""dentro_muestra"", ""fuera_muestra""], ""senal"": ""media_movil_12"", ""spread_por_lado"": 0.0005, ""usuario"": {""bloque"": ""A"", ""escenario_costos"": ""defecto"", ""senal_sobre"": ""indice TR (Mkt-RF+RF)"", ""ventana"": 12}, ""variante"": ""sma12""}",principal; costos GBM por defecto
2026-09-25T05:28:44.895131Z,R01,4cea6abe94,mom12,1,completo,1927-06-30,2026-07-31,1189,12,USD,8843.135546656964,0.09605105234395239,0.12583210336031714,0.5361827224318338,0.8075674492991086,-0.4516676006306942,0.21265871674175826,0.15478261956542283,-0.5795193550596873,8.67159830707787,0.9999997224306731,0.7064760302775441,0.7064760302775441,0.8780290680003315,0.002985298831201124,87,0.10260130985470983,0.03287249298954742,0.0029,0.0005,2006-12-31,e85ac74d630dff95,French F-F_Research_Data_Factors CRSP 202607 sha256 b840dba55d31,"{""comision_por_lado"": 0.0029, ""cortes"": [""2006-12-31""], ""efectivo_en_mxn"": false, ""exposicion_inicial"": 0.0, ""exposicion_max"": 1.0, ""exposicion_min"": 0.0, ""extras"": [], ""fx"": false, ""max_dias_fx"": 10, ""min_historia"": 12, ""periodos_por_anio"": 12, ""permitir_capturas"": false, ""rebalanceo_con_deriva"": true, ""segmentos"": [""dentro_muestra"", ""fuera_muestra""], ""senal"": ""momentum_absoluto_12"", ""spread_por_lado"": 0.0005, ""usuario"": {""bloque"": ""A"", ""escenario_costos"": ""defecto"", ""regla"": ""momentum absoluto vs RF"", ""ventana"": 12}, ""variante"": ""mom12""}",principal; costos GBM por defecto
2026-09-25T05:28:44.895131Z,R01,4cea6abe94,mom12,1,dentro_muestra,1927-06-30,2006-12-31,954,12,USD,1710.6422178759794,0.09817002563791966,0.12606740882091216,0.5167802743882277,0.7737046977431186,-0.4516676006306942,0.21735016082809164,0.14918161526496598,-0.6519355623048841,9.632597055250569,0.999991587497288,0.6844863731656184,0.6844863731656184,0.8930317848410758,0.0030363080684596517,71,0.10073588705476877,0.037291120660129184,0.0029,0.0005,2006-12-31,e85ac74d630dff95,French F-F_Research_Data_Factors CRSP 202607 sha256 b840dba55d31,"{""comision_por_lado"": 0.0029, ""cortes"": [""2006-12-31""], ""efectivo_en_mxn"": false, ""exposicion_inicial"": 0.0, ""exposicion_max"": 1.0, ""exposicion_min"": 0.0, ""extras"": [], ""fx"": false, ""max_dias_fx"": 10, ""min_historia"": 12, ""periodos_por_anio"": 12, ""permitir_capturas"": false, ""rebalanceo_con_deriva"": true, ""segmentos"": [""dentro_muestra"", ""fuera_muestra""], ""senal"": ""momentum_absoluto_12"", ""spread_por_lado"": 0.0005, ""usuario"": {""bloque"": ""A"", ""escenario_costos"": ""defecto"", ""regla"": ""momentum absoluto vs RF"", ""ventana"": 12}, ""variante"": ""mom12""}",principal; costos GBM por defecto
2026-09-25T05:28:44.895131Z,R01,4cea6abe94,mom12,1,fuera_muestra,2006-12-31,2026-07-31,235,12,USD,4.16704685961291,0.08748938401309903,0.12511246574298726,0.6148367825171756,0.9518932353759678,-0.2451888924524458,0.3568244186676096,0.17748809094698736,-0.27326827800027503,4.540984492281924,0.9955638072769961,0.7957446808510639,0.7957446808510639,0.8171140939597316,0.0027781879194630874,16,0.11020794942552814,0.015124226882966774,0.0029,0.0005,2006-12-31,e85ac74d630dff95,French F-F_Research_Data_Factors CRSP 202607 sha256 b840dba55d31,"{""comision_por_lado"": 0.0029, ""cortes"": [""2006-12-31""], ""efectivo_en_mxn"": false, ""exposicion_inicial"": 0.0, ""exposicion_max"": 1.0, ""exposicion_min"": 0.0, ""extras"": [], ""fx"": false, ""max_dias_fx"": 10, ""min_historia"": 12, ""periodos_por_anio"": 12, ""permitir_capturas"": false, ""rebalanceo_con_deriva"": true, ""segmentos"": [""dentro_muestra"", ""fuera_muestra""], ""senal"": ""momentum_absoluto_12"", ""spread_por_lado"": 0.0005, ""usuario"": {""bloque"": ""A"", ""escenario_costos"": ""defecto"", ""regla"": ""momentum absoluto vs RF"", ""ventana"": 12}, ""variante"": ""mom12""}",principal; costos GBM por defecto
2026-09-25T05:28:44.911576Z,R01,69f6c479d5,comprar_y_mantener,0,completo,1927-06-30,2026-07-31,1189,12,USD,15905.770725779157,0.10256341162295546,0.18407262054752943,0.4474463953280563,0.6755322777788232,-0.8365224657023863,0.12260688245454121,0.12916664839529052,0.15627536024461244,10.310747573454414,0.9999948574896089,1.0,1.0,0.010092288137934845,3.4313779668978476e-05,1,0.10260130985470983,0.03287249298954742,0.0029,0.0005,2006-12-31,e85ac74d630dff95,French F-F_Research_Data_Factors CRSP 202607 sha256 b840dba55d31,"{""comision_por_lado"": 0.0029, ""cortes"": [""2006-12-31""], ""efectivo_en_mxn"": false, ""exposicion_inicial"": 0.0, ""exposicion_max"": 1.0, ""exposicion_min"": 0.0, ""extras"": [], ""fx"": false, ""max_dias_fx"": 10, ""min_historia"": 12, ""periodos_por_anio"": 12, ""permitir_capturas"": false, ""rebalanceo_con_deriva"": true, ""segmentos"": [""dentro_muestra"", ""fuera_muestra""], ""senal"": ""senal_comprar_y_mantener"", ""spread_por_lado"": 0.0005, ""usuario"": {""bloque"": ""B"", ""escenario_costos"": ""defecto""}, ""variante"": ""comprar_y_mantener""}",referencia
2026-09-25T05:28:44.911576Z,R01,69f6c479d5,comprar_y_mantener,0,dentro_muestra,1927-06-30,2006-12-31,954,12,USD,2052.5952052959287,0.10068873499625464,0.1898031644079522,0.40778500009967045,0.6163411487578481,-0.8365224657023863,0.12036584685351076,0.11771738978951816,0.2562297406680677,10.901843015362228,0.9998563653593853,1.0,1.0,0.012577912462550363,4.2764902372671234e-05,1,0.10073588705476877,0.037291120660129184,0.0029,0.0005,2006-12-31,e85ac74d630dff95,French F-F_Research_Data_Factors CRSP 202607 sha256 b840dba55d31,"{""comision_por_lado"": 0.0029, ""cortes"": [""2006-12-31""], ""efectivo_en_mxn"": false, ""exposicion_inicial"": 0.0, ""exposicion_max"": 1.0, ""exposicion_min"": 0.0, ""extras"": [], ""fx"": false, ""max_dias_fx"": 10, ""min_historia"": 12, ""periodos_por_anio"": 12, ""permitir_capturas"": false, ""rebalanceo_con_deriva"": true, ""segmentos"": [""dentro_muestra"", ""fuera_muestra""], ""senal"": ""senal_comprar_y_mantener"", ""spread_por_lado"": 0.0005, ""usuario"": {""bloque"": ""B"", ""escenario_costos"": ""defecto""}, ""variante"": ""comprar_y_mantener""}",referencia
2026-09-25T05:28:44.911576Z,R01,69f6c479d5,comprar_y_mantener,0,fuera_muestra,2006-12-31,2026-07-31,235,12,USD,6.745816061879126,0.11020794942552814,0.159062982403124,0.6452006427175135,0.969267472829161,-0.5031170717166413,0.21905030781304505,0.186253382377138,-0.4995817776621852,4.0069978983606465,0.9964617573696892,1.0,1.0,0.0,0.0,0,0.11020794942552814,0.015124226882966774,0.0029,0.0005,2006-12-31,e85ac74d630dff95,French F-F_Research_Data_Factors CRSP 202607 sha256 b840dba55d31,"{""comision_por_lado"": 0.0029, ""cortes"": [""2006-12-31""], ""efectivo_en_mxn"": false, ""exposicion_inicial"": 0.0, ""exposicion_max"": 1.0, ""exposicion_min"": 0.0, ""extras"": [], ""fx"": false, ""max_dias_fx"": 10, ""min_historia"": 12, ""periodos_por_anio"": 12, ""permitir_capturas"": false, ""rebalanceo_con_deriva"": true, ""segmentos"": [""dentro_muestra"", ""fuera_muestra""], ""senal"": ""senal_comprar_y_mantener"", ""spread_por_lado"": 0.0005, ""usuario"": {""bloque"": ""B"", ""escenario_costos"": ""defecto""}, ""variante"": ""comprar_y_mantener""}",referencia
2026-09-25T05:28:44.924373Z,R01,f4c1546ec1,efectivo,0,completo,1927-06-30,2026-07-31,1189,12,USD,23.65052983122982,0.03287249298954742,0.008640101911741083,0.0,0.0,-0.0008998599580103406,36.5306764646257,,0.0,3.0,,0.0,0.0,0.0,0.0,0,0.10260130985470983,0.03287249298954742,0.0029,0.0005,2006-12-31,e85ac74d630dff95,French F-F_Research_Data_Factors CRSP 202607 sha256 b840dba55d31,"{""comision_por_lado"": 0.0029, ""cortes"": [""2006-12-31""], ""efectivo_en_mxn"": false, ""exposicion_inicial"": 0.0, ""exposicion_max"": 1.0, ""exposicion_min"": 0.0, ""extras"": [], ""fx"": false, ""max_dias_fx"": 10, ""min_historia"": 12, ""periodos_por_anio"": 12, ""permitir_capturas"": false, ""rebalanceo_con_deriva"": true, ""segmentos"": [""dentro_muestra"", ""fuera_muestra""], ""senal"": ""senal_efectivo"", ""spread_por_lado"": 0.0005, ""usuario"": {""bloque"": ""B"", ""escenario_costos"": ""defecto""}, ""variante"": ""efectivo""}",referencia
2026-09-25T05:28:44.924373Z,R01,f4c1546ec1,efectivo,0,dentro_muestra,1927-06-30,2006-12-31,954,12,USD,17.372710664919282,0.037291120660129184,0.008839731204607095,0.0,0.0,-0.0008998599580103406,41.441026826643906,,0.0,3.0,,0.0,0.0,0.0,0.0,0,0.10073588705476877,0.037291120660129184,0.0029,0.0005,2006-12-31,e85ac74d630dff95,French F-F_Research_Data_Factors CRSP 202607 sha256 b840dba55d31,"{""comision_por_lado"": 0.0029, ""cortes"": [""2006-12-31""], ""efectivo_en_mxn"": false, ""exposicion_inicial"": 0.0, ""exposicion_max"": 1.0, ""exposicion_min"": 0.0, ""extras"": [], ""fx"": false, ""max_dias_fx"": 10, ""min_historia"": 12, ""periodos_por_anio"": 12, ""permitir_capturas"": false, ""rebalanceo_con_deriva"": true, ""segmentos"": [""dentro_muestra"", ""fuera_muestra""], ""senal"": ""senal_efectivo"", ""spread_por_lado"": 0.0005, ""usuario"": {""bloque"": ""B"", ""escenario_costos"": ""defecto""}, ""variante"": ""efectivo""}",referencia
2026-09-25T05:28:44.924373Z,R01,f4c1546ec1,efectivo,0,fuera_muestra,2006-12-31,2026-07-31,235,12,USD,0.34169259402192487,0.015124226882966774,0.005404488647874855,0.0,0.0,0.0,inf,,0.0,3.0,,0.0,0.0,0.0,0.0,0,0.11020794942552814,0.015124226882966774,0.0029,0.0005,2006-12-31,e85ac74d630dff95,French F-F_Research_Data_Factors CRSP 202607 sha256 b840dba55d31,"{""comision_por_lado"": 0.0029, ""cortes"": [""2006-12-31""], ""efectivo_en_mxn"": false, ""exposicion_inicial"": 0.0, ""exposicion_max"": 1.0, ""exposicion_min"": 0.0, ""extras"": [], ""fx"": false, ""max_dias_fx"": 10, ""min_historia"": 12, ""periodos_por_anio"": 12, ""permitir_capturas"": false, ""rebalanceo_con_deriva"": true, ""segmentos"": [""dentro_muestra"", ""fuera_muestra""], ""senal"": ""senal_efectivo"", ""spread_por_lado"": 0.0005, ""usuario"": {""bloque"": ""B"", ""escenario_costos"": ""defecto""}, ""variante"": ""efectivo""}",referencia
2026-09-25T05:28:44.940795Z,R01,ce679f9af0,sma6|sin_costos,0,completo,1927-06-30,2026-07-31,1189,12,USD,7411.029580352784,0.09409874716866296,0.12811617155019972,0.5130151513233343,0.7967373836029205,-0.461094638025751,0.20407686277064832,0.14809471785744183,0.2315511300790009,15.955272809694591,0.9999996931646671,0.7056349873843566,0.7056349873843566,2.1900265259318616,0.0,217,0.10260130985470983,0.03287249298954742,0.0,0.0,2006-12-31,e85ac74d630dff95,French F-F_Research_Data_Factors CRSP 202607 sha256 b840dba55d31,"{""comision_por_lado"": 0.0, ""cortes"": [""2006-12-31""], ""efectivo_en_mxn"": false, ""exposicion_inicial"": 0.0, ""exposicion_max"": 1.0, ""exposicion_min"": 0.0, ""extras"": [], ""fx"": false, ""max_dias_fx"": 10, ""min_historia"": 12, ""periodos_por_anio"": 12, ""permitir_capturas"": false, ""rebalanceo_con_deriva"": true, ""segmentos"": [""dentro_muestra"", ""fuera_muestra""], ""senal"": ""media_movil_6"", ""spread_por_lado"": 0.0, ""usuario"": {""bloque"": ""C"", ""escenario_costos"": ""sin_costos"", ""senal_sobre"": ""indice TR (Mkt-RF+RF)"", ""ventana"": 6}, ""variante"": ""sma6|sin_costos""}",sensibilidad de costos: sin_costos
2026-09-25T05:28:44.940795Z,R01,ce679f9af0,sma6|sin_costos,0,dentro_muestra,1927-06-30,2006-12-31,954,12,USD,1196.1413855514425,0.09324284568806673,0.1334219606292794,0.45992869501045663,0.7108331995512697,-0.461094638025751,0.20222062457134743,0.13276997793616022,0.295156518244221,16.530955808706544,0.9999732777519584,0.6960167714884696,0.6960167714884696,2.251446330796515,0.0,179,0.10073588705476877,0.037291120660129184,0.0,0.0,2006-12-31,e85ac74d630dff95,French F-F_Research_Data_Factors CRSP 202607 sha256 b840dba55d31,"{""comision_por_lado"": 0.0, ""cortes"": [""2006-12-31""], ""efectivo_en_mxn"": false, ""exposicion_inicial"": 0.0, ""exposicion_max"": 1.0, ""exposicion_min"": 0.0, ""extras"": [], ""fx"": false, ""max_dias_fx"": 10, ""min_historia"": 12, ""periodos_por_anio"": 12, ""permitir_capturas"": false, ""rebalanceo_con_deriva"": true, ""segmentos"": [""dentro_muestra"", ""fuera_muestra""], ""senal"": ""media_movil_6"", ""spread_por_lado"": 0.0, ""usuario"": {""bloque"": ""C"", ""escenario_costos"": ""sin_costos"", ""senal_sobre"": ""indice TR (Mkt-RF+RF)"", ""ventana"": 6}, ""variante"": ""sma6|sin_costos""}",sensibilidad de costos: sin_costos
2026-09-25T05:28:44.940795Z,R01,ce679f9af0,sma6|sin_costos,0,fuera_muestra,2006-12-31,2026-07-31,235,12,USD,5.1914404345302545,0.09758082146340308,0.1040788280928164,0.8026078734540794,1.2904588152139413,-0.15074286685311633,0.6473329285855078,0.23169293589621293,-0.2442558526140881,4.435685720736134,0.9996311104549724,0.7446808510638298,0.7446808510638298,1.9406459731543626,0.0,38,0.11020794942552814,0.015124226882966774,0.0,0.0,2006-12-31,e85ac74d630dff95,French F-F_Research_Data_Factors CRSP 202607 sha256 b840dba55d31,"{""comision_por_lado"": 0.0, ""cortes"": [""2006-12-31""], ""efectivo_en_mxn"": false, ""exposicion_inicial"": 0.0, ""exposicion_max"": 1.0, ""exposicion_min"": 0.0, ""extras"": [], ""fx"": false, ""max_dias_fx"": 10, ""min_historia"": 12, ""periodos_por_anio"": 12, ""permitir_capturas"": false, ""rebalanceo_con_deriva"": true, ""segmentos"": [""dentro_muestra"", ""fuera_muestra""], ""senal"": ""media_movil_6"", ""spread_por_lado"": 0.0, ""usuario"": {""bloque"": ""C"", ""escenario_costos"": ""sin_costos"", ""senal_sobre"": ""indice TR (Mkt-RF+RF)"", ""ventana"": 6}, ""variante"": ""sma6|sin_costos""}",sensibilidad de costos: sin_costos
2026-09-25T05:28:44.957756Z,R01,575346d068,sma8|sin_costos,0,completo,1927-06-30,2026-07-31,1189,12,USD,5353.099313063583,0.09051332789988065,0.12317734120421917,0.5033156123418294,0.7388707441405075,-0.5384822512437042,0.16808971454644375,0.1452947021364483,-0.7570602907469958,9.354182590676253,0.9999984314985761,0.7115222876366695,0.7115222876366695,1.766150424138598,0.0,175,0.10260130985470983,0.03287249298954742,0.0,0.0,2006-12-31,e85ac74d630dff95,French F-F_Research_Data_Factors CRSP 202607 sha256 b840dba55d31,"{""comision_por_lado"": 0.0, ""cortes"": [""2006-12-31""], ""efectivo_en_mxn"": false, ""exposicion_inicial"": 0.0, ""exposicion_max"": 1.0, ""exposicion_min"": 0.0, ""extras"": [], ""fx"": false, ""max_dias_fx"": 10, ""min_historia"": 12, ""periodos_por_anio"": 12, ""permitir_capturas"": false, ""rebalanceo_con_deriva"": true, ""segmentos"": [""dentro_muestra"", ""fuera_muestra""], ""senal"": ""media_movil_8"", ""spread_por_lado"": 0.0, ""usuario"": {""bloque"": ""C"", ""escenario_costos"": ""sin_costos"", ""senal_sobre"": ""indice TR (Mkt-RF+RF)"", ""ventana"": 8}, ""variante"": ""sma8|sin_costos""}",sensibilidad de costos: sin_costos
2026-09-25T05:28:44.957756Z,R01,575346d068,sma8|sin_costos,0,dentro_muestra,1927-06-30,2006-12-31,954,12,USD,775.2880958309906,0.08730267222533605,0.12706171563044835,0.43530087806551265,0.6285678629081457,-0.5384822512437042,0.16212729764759684,0.1256605395648021,-0.817595023837234,9.764679976732353,0.9998623395610571,0.6970649895178197,0.6970649895178197,1.8237973070698026,0.0,145,0.10073588705476877,0.037291120660129184,0.0,0.0,2006-12-31,e85ac74d630dff95,French F-F_Research_Data_Factors CRSP 202607 sha256 b840dba55d31,"{""comision_por_lado"": 0.0, ""cortes"": [""2006-12-31""], ""efectivo_en_mxn"": false, ""exposicion_inicial"": 0.0, ""exposicion_max"": 1.0, ""exposicion_min"": 0.0, ""extras"": [], ""fx"": false, ""max_dias_fx"": 10, ""min_historia"": 12, ""periodos_por_anio"": 12, ""permitir_capturas"": false, ""rebalanceo_con_deriva"": true, ""segmentos"": [""dentro_muestra"", ""fuera_muestra""], ""senal"": ""media_movil_8"", ""spread_por_lado"": 0.0, ""usuario"": {""bloque"": ""C"", ""escenario_costos"": ""sin_costos"", ""senal_sobre"": ""indice TR (Mkt-RF+RF)"", ""ventana"": 8}, ""variante"": ""sma8|sin_costos""}",sensibilidad de costos: sin_costos
2026-09-25T05:28:44.957756Z,R01,575346d068,sma8|sin_costos,0,fuera_muestra,2006-12-31,2026-07-31,235,12,USD,5.897051934478265,0.10364712217615701,0.10615309178634053,0.8412413157194851,1.374784171974988,-0.12572118596805437,0.824420493475886,0.24284545004203986,-0.20562979025516978,4.231569008938903,0.9998043212085541,0.7702127659574468,0.7702127659574468,1.5320889261744968,0.0,30,0.11020794942552814,0.015124226882966774,0.0,0.0,2006-12-31,e85ac74d630dff95,French F-F_Research_Data_Factors CRSP 202607 sha256 b840dba55d31,"{""comision_por_lado"": 0.0, ""cortes"": [""2006-12-31""], ""efectivo_en_mxn"": false, ""exposicion_inicial"": 0.0, ""exposicion_max"": 1.0, ""exposicion_min"": 0.0, ""extras"": [], ""fx"": false, ""max_dias_fx"": 10, ""min_historia"": 12, ""periodos_por_anio"": 12, ""permitir_capturas"": false, ""rebalanceo_con_deriva"": true, ""segmentos"": [""dentro_muestra"", ""fuera_muestra""], ""senal"": ""media_movil_8"", ""spread_por_lado"": 0.0, ""usuario"": {""bloque"": ""C"", ""escenario_costos"": ""sin_costos"", ""senal_sobre"": ""indice TR (Mkt-RF+RF)"", ""ventana"": 8}, ""variante"": ""sma8|sin_costos""}",sensibilidad de costos: sin_costos
2026-09-25T05:28:44.975647Z,R01,aeed2aea36,sma10|sin_costos,0,completo,1927-06-30,2026-07-31,1189,12,USD,10285.033335053668,0.09772299576432286,0.1251446010023785,0.5509722372470663,0.8204533777850712,-0.4294073005816472,0.2275764655886233,0.15905198474530208,-0.6823778214557398,8.77247226487388,0.9999998257054933,0.7300252312867956,0.7300252312867956,1.4835663562764223,0.0,147,0.10260130985470983,0.03287249298954742,0.0,0.0,2006-12-31,e85ac74d630dff95,French F-F_Research_Data_Factors CRSP 202607 sha256 b840dba55d31,"{""comision_por_lado"": 0.0, ""cortes"": [""2006-12-31""], ""efectivo_en_mxn"": false, ""exposicion_inicial"": 0.0, ""exposicion_max"": 1.0, ""exposicion_min"": 0.0, ""extras"": [], ""fx"": false, ""max_dias_fx"": 10, ""min_historia"": 12, ""periodos_por_anio"": 12, ""permitir_capturas"": false, ""rebalanceo_con_deriva"": true, ""segmentos"": [""dentro_muestra"", ""fuera_muestra""], ""senal"": ""media_movil_10"", ""spread_por_lado"": 0.0, ""usuario"": {""bloque"": ""C"", ""escenario_costos"": ""sin_costos"", ""senal_sobre"": ""indice TR (Mkt-RF+RF)"", ""ventana"": 10}, ""variante"": ""sma10|sin_costos""}",sensibilidad de costos: sin_costos
2026-09-25T05:28:44.975647Z,R01,aeed2aea36,sma10|sin_costos,0,dentro_muestra,1927-06-30,2006-12-31,954,12,USD,1764.7904067928603,0.09860030798872099,0.12906575587194963,0.5115119903934722,0.7545468167784567,-0.4294073005816472,0.22961954269329707,0.14766079267369622,-0.729788239014855,9.153239042650165,0.9999891507201867,0.7169811320754716,0.7169811320754716,1.4716157581183924,0.0,117,0.10073588705476877,0.037291120660129184,0.0,0.0,2006-12-31,e85ac74d630dff95,French F-F_Research_Data_Factors CRSP 202607 sha256 b840dba55d31,"{""comision_por_lado"": 0.0, ""cortes"": [""2006-12-31""], ""efectivo_en_mxn"": false, ""exposicion_inicial"": 0.0, ""exposicion_max"": 1.0, ""exposicion_min"": 0.0, ""extras"": [], ""fx"": false, ""max_dias_fx"": 10, ""min_historia"": 12, ""periodos_por_anio"": 12, ""permitir_capturas"": false, ""rebalanceo_con_deriva"": true, ""segmentos"": [""dentro_muestra"", ""fuera_muestra""], ""senal"": ""media_movil_10"", ""spread_por_lado"": 0.0, ""usuario"": {""bloque"": ""C"", ""escenario_costos"": ""sin_costos"", ""senal_sobre"": ""indice TR (Mkt-RF+RF)"", ""ventana"": 10}, ""variante"": ""sma10|sin_costos""}",sensibilidad de costos: sin_costos
2026-09-25T05:28:44.975647Z,R01,aeed2aea36,sma10|sin_costos,0,fuera_muestra,2006-12-31,2026-07-31,235,12,USD,4.825172282896125,0.09416806889754104,0.10800667201714077,0.7486246663548244,1.1839791091030385,-0.17641681233830986,0.5337817164327707,0.21610932632097582,-0.2795307686442556,4.206801159149024,0.9991977159162114,0.7829787234042553,0.7829787234042553,1.5320889261744968,0.0,30,0.11020794942552814,0.015124226882966774,0.0,0.0,2006-12-31,e85ac74d630dff95,French F-F_Research_Data_Factors CRSP 202607 sha256 b840dba55d31,"{""comision_por_lado"": 0.0, ""cortes"": [""2006-12-31""], ""efectivo_en_mxn"": false, ""exposicion_inicial"": 0.0, ""exposicion_max"": 1.0, ""exposicion_min"": 0.0, ""extras"": [], ""fx"": false, ""max_dias_fx"": 10, ""min_historia"": 12, ""periodos_por_anio"": 12, ""permitir_capturas"": false, ""rebalanceo_con_deriva"": true, ""segmentos"": [""dentro_muestra"", ""fuera_muestra""], ""senal"": ""media_movil_10"", ""spread_por_lado"": 0.0, ""usuario"": {""bloque"": ""C"", ""escenario_costos"": ""sin_costos"", ""senal_sobre"": ""indice TR (Mkt-RF+RF)"", ""ventana"": 10}, ""variante"": ""sma10|sin_costos""}",sensibilidad de costos: sin_costos
2026-09-25T05:28:44.993641Z,R01,397693d300,sma12|sin_costos,0,completo,1927-06-30,2026-07-31,1189,12,USD,11991.042413874813,0.09942438428291456,0.125900733155133,0.5611117518630564,0.8423347113341185,-0.4535576379504983,0.21921003189845042,0.16197901049179905,-0.6228290093095878,8.624273406798507,0.9999999025522074,0.7333894028595458,0.7333894028595458,1.3220897460694647,0.0,131,0.10260130985470983,0.03287249298954742,0.0,0.0,2006-12-31,e85ac74d630dff95,French F-F_Research_Data_Factors CRSP 202607 sha256 b840dba55d31,"{""comision_por_lado"": 0.0, ""cortes"": [""2006-12-31""], ""efectivo_en_mxn"": false, ""exposicion_inicial"": 0.0, ""exposicion_max"": 1.0, ""exposicion_min"": 0.0, ""extras"": [], ""fx"": false, ""max_dias_fx"": 10, ""min_historia"": 12, ""periodos_por_anio"": 12, ""permitir_capturas"": false, ""rebalanceo_con_deriva"": true, ""segmentos"": [""dentro_muestra"", ""fuera_muestra""], ""senal"": ""media_movil_12"", ""spread_por_lado"": 0.0, ""usuario"": {""bloque"": ""C"", ""escenario_costos"": ""sin_costos"", ""senal_sobre"": ""indice TR (Mkt-RF+RF)"", ""ventana"": 12}, ""variante"": ""sma12|sin_costos""}",sensibilidad de costos: sin_costos
2026-09-25T05:28:44.993641Z,R01,397693d300,sma12|sin_costos,0,dentro_muestra,1927-06-30,2006-12-31,954,12,USD,2286.8994327322057,0.10218552626484634,0.12921685579113443,0.5364789346207987,0.8007784038043562,-0.4535576379504983,0.22529777411884078,0.1548681286589409,-0.6694273711662149,9.091375217916644,0.9999957850202308,0.720125786163522,0.720125786163522,1.2955249836426874,0.0,103,0.10073588705476877,0.037291120660129184,0.0,0.0,2006-12-31,e85ac74d630dff95,French F-F_Research_Data_Factors CRSP 202607 sha256 b840dba55d31,"{""comision_por_lado"": 0.0, ""cortes"": [""2006-12-31""], ""efectivo_en_mxn"": false, ""exposicion_inicial"": 0.0, ""exposicion_max"": 1.0, ""exposicion_min"": 0.0, ""extras"": [], ""fx"": false, ""max_dias_fx"": 10, ""min_historia"": 12, ""periodos_por_anio"": 12, ""permitir_capturas"": false, ""rebalanceo_con_deriva"": true, ""segmentos"": [""dentro_muestra"", ""fuera_muestra""], ""senal"": ""media_movil_12"", ""spread_por_lado"": 0.0, ""usuario"": {""bloque"": ""C"", ""escenario_costos"": ""sin_costos"", ""senal_sobre"": ""indice TR (Mkt-RF+RF)"", ""ventana"": 12}, ""variante"": ""sma12|sin_costos""}",sensibilidad de costos: sin_costos
2026-09-25T05:28:44.993641Z,R01,397693d300,sma12|sin_costos,0,fuera_muestra,2006-12-31,2026-07-31,235,12,USD,4.241507665200974,0.08828429982700547,0.11161560937126648,0.6809577416924201,1.058213632928712,-0.17641681233830986,0.5004301951545582,0.1965755677364392,-0.2923449380142814,4.31014539141413,0.998017565329551,0.7872340425531915,0.7872340425531915,1.4299496644295302,0.0,28,0.11020794942552814,0.015124226882966774,0.0,0.0,2006-12-31,e85ac74d630dff95,French F-F_Research_Data_Factors CRSP 202607 sha256 b840dba55d31,"{""comision_por_lado"": 0.0, ""cortes"": [""2006-12-31""], ""efectivo_en_mxn"": false, ""exposicion_inicial"": 0.0, ""exposicion_max"": 1.0, ""exposicion_min"": 0.0, ""extras"": [], ""fx"": false, ""max_dias_fx"": 10, ""min_historia"": 12, ""periodos_por_anio"": 12, ""permitir_capturas"": false, ""rebalanceo_con_deriva"": true, ""segmentos"": [""dentro_muestra"", ""fuera_muestra""], ""senal"": ""media_movil_12"", ""spread_por_lado"": 0.0, ""usuario"": {""bloque"": ""C"", ""escenario_costos"": ""sin_costos"", ""senal_sobre"": ""indice TR (Mkt-RF+RF)"", ""ventana"": 12}, ""variante"": ""sma12|sin_costos""}",sensibilidad de costos: sin_costos
2026-09-25T05:28:45.012303Z,R01,3846fc5a65,mom12|sin_costos,0,completo,1927-06-30,2026-07-31,1189,12,USD,11893.291653031543,0.09933357293246448,0.12601162340550853,0.5594277813036803,0.84466594630103,-0.44225010953451926,0.22460949311468995,0.16149289006391745,-0.5807395973656498,8.7165394191573,0.9999999024333404,0.7064760302775441,0.7064760302775441,0.8780290680003315,0.0,87,0.10260130985470983,0.03287249298954742,0.0,0.0,2006-12-31,e85ac74d630dff95,French F-F_Research_Data_Factors CRSP 202607 sha256 b840dba55d31,"{""comision_por_lado"": 0.0, ""cortes"": [""2006-12-31""], ""efectivo_en_mxn"": false, ""exposicion_inicial"": 0.0, ""exposicion_max"": 1.0, ""exposicion_min"": 0.0, ""extras"": [], ""fx"": false, ""max_dias_fx"": 10, ""min_historia"": 12, ""periodos_por_anio"": 12, ""permitir_capturas"": false, ""rebalanceo_con_deriva"": true, ""segmentos"": [""dentro_muestra"", ""fuera_muestra""], ""senal"": ""momentum_absoluto_12"", ""spread_por_lado"": 0.0, ""usuario"": {""bloque"": ""C"", ""escenario_costos"": ""sin_costos"", ""regla"": ""momentum absoluto vs RF"", ""ventana"": 12}, ""variante"": ""mom12|sin_costos""}",sensibilidad de costos: sin_costos
2026-09-25T05:28:45.012303Z,R01,3846fc5a65,mom12|sin_costos,0,dentro_muestra,1927-06-30,2006-12-31,954,12,USD,2178.868564711749,0.10151517400366084,0.12626207723593824,0.5403570373690996,0.8112195794394275,-0.44225010953451926,0.22954245078765143,0.15598764049177916,-0.650154155205929,9.687196954773045,0.9999963049623961,0.6844863731656184,0.6844863731656184,0.8930317848410758,0.0,71,0.10073588705476877,0.037291120660129184,0.0,0.0,2006-12-31,e85ac74d630dff95,French F-F_Research_Data_Factors CRSP 202607 sha256 b840dba55d31,"{""comision_por_lado"": 0.0, ""cortes"": [""2006-12-31""], ""efectivo_en_mxn"": false, ""exposicion_inicial"": 0.0, ""exposicion_max"": 1.0, ""exposicion_min"": 0.0, ""extras"": [], ""fx"": false, ""max_dias_fx"": 10, ""min_historia"": 12, ""periodos_por_anio"": 12, ""permitir_capturas"": false, ""rebalanceo_con_deriva"": true, ""segmentos"": [""dentro_muestra"", ""fuera_muestra""], ""senal"": ""momentum_absoluto_12"", ""spread_por_lado"": 0.0, ""usuario"": {""bloque"": ""C"", ""escenario_costos"": ""sin_costos"", ""regla"": ""momentum absoluto vs RF"", ""ventana"": 12}, ""variante"": ""mom12|sin_costos""}",sensibilidad de costos: sin_costos
2026-09-25T05:28:45.012303Z,R01,3846fc5a65,mom12|sin_costos,0,fuera_muestra,2006-12-31,2026-07-31,235,12,USD,4.45642606420371,0.09051999670152977,0.12522874236293563,0.6367188429672073,0.9871156288984564,-0.2322251739255098,0.3897940743089533,0.1838048976926121,-0.28656724332218686,4.53665544078254,0.9965574880825994,0.7957446808510639,0.7957446808510639,0.8171140939597316,0.0,16,0.11020794942552814,0.015124226882966774,0.0,0.0,2006-12-31,e85ac74d630dff95,French F-F_Research_Data_Factors CRSP 202607 sha256 b840dba55d31,"{""comision_por_lado"": 0.0, ""cortes"": [""2006-12-31""], ""efectivo_en_mxn"": false, ""exposicion_inicial"": 0.0, ""exposicion_max"": 1.0, ""exposicion_min"": 0.0, ""extras"": [], ""fx"": false, ""max_dias_fx"": 10, ""min_historia"": 12, ""periodos_por_anio"": 12, ""permitir_capturas"": false, ""rebalanceo_con_deriva"": true, ""segmentos"": [""dentro_muestra"", ""fuera_muestra""], ""senal"": ""momentum_absoluto_12"", ""spread_por_lado"": 0.0, ""usuario"": {""bloque"": ""C"", ""escenario_costos"": ""sin_costos"", ""regla"": ""momentum absoluto vs RF"", ""ventana"": 12}, ""variante"": ""mom12|sin_costos""}",sensibilidad de costos: sin_costos
2026-09-25T05:28:45.028913Z,R01,909ffab73e,comprar_y_mantener|sin_costos,0,completo,1927-06-30,2026-07-31,1189,12,USD,15960.038255849035,0.10260130985470983,0.18408550203700255,0.4476154664719452,0.6758344273814236,-0.8365224657023863,0.1226521869541909,0.12921545503050874,0.15631943600725307,10.308250362094258,0.99999489664844,1.0,1.0,0.010092288137934845,0.0,1,0.10260130985470983,0.03287249298954742,0.0,0.0,2006-12-31,e85ac74d630dff95,French F-F_Research_Data_Factors CRSP 202607 sha256 b840dba55d31,"{""comision_por_lado"": 0.0, ""cortes"": [""2006-12-31""], ""efectivo_en_mxn"": false, ""exposicion_inicial"": 0.0, ""exposicion_max"": 1.0, ""exposicion_min"": 0.0, ""extras"": [], ""fx"": false, ""max_dias_fx"": 10, ""min_historia"": 12, ""periodos_por_anio"": 12, ""permitir_capturas"": false, ""rebalanceo_con_deriva"": true, ""segmentos"": [""dentro_muestra"", ""fuera_muestra""], ""senal"": ""senal_comprar_y_mantener"", ""spread_por_lado"": 0.0, ""usuario"": {""bloque"": ""C"", ""escenario_costos"": ""sin_costos""}, ""variante"": ""comprar_y_mantener|sin_costos""}",sensibilidad de costos: sin_costos
2026-09-25T05:28:45.028913Z,R01,909ffab73e,comprar_y_mantener|sin_costos,0,dentro_muestra,1927-06-30,2006-12-31,954,12,USD,2059.6012495443792,0.10073588705476877,0.1898187510928453,0.4079934729963995,0.6167067263313524,-0.8365224657023863,0.12042221361046873,0.11777757073104078,0.25624512282528095,10.898652125419753,0.9998573859393836,1.0,1.0,0.012577912462550363,0.0,1,0.10073588705476877,0.037291120660129184,0.0,0.0,2006-12-31,e85ac74d630dff95,French F-F_Research_Data_Factors CRSP 202607 sha256 b840dba55d31,"{""comision_por_lado"": 0.0, ""cortes"": [""2006-12-31""], ""efectivo_en_mxn"": false, ""exposicion_inicial"": 0.0, ""exposicion_max"": 1.0, ""exposicion_min"": 0.0, ""extras"": [], ""fx"": false, ""max_dias_fx"": 10, ""min_historia"": 12, ""periodos_por_anio"": 12, ""permitir_capturas"": false, ""rebalanceo_con_deriva"": true, ""segmentos"": [""dentro_muestra"", ""fuera_muestra""], ""senal"": ""senal_comprar_y_mantener"", ""spread_por_lado"": 0.0, ""usuario"": {""bloque"": ""C"", ""escenario_costos"": ""sin_costos""}, ""variante"": ""comprar_y_mantener|sin_costos""}",sensibilidad de costos: sin_costos
2026-09-25T05:28:45.028913Z,R01,909ffab73e,comprar_y_mantener|sin_costos,0,fuera_muestra,2006-12-31,2026-07-31,235,12,USD,6.745816061879126,0.11020794942552814,0.159062982403124,0.6452006427175135,0.969267472829161,-0.5031170717166413,0.21905030781304505,0.186253382377138,-0.4995817776621852,4.0069978983606465,0.9964617573696892,1.0,1.0,0.0,0.0,0,0.11020794942552814,0.015124226882966774,0.0,0.0,2006-12-31,e85ac74d630dff95,French F-F_Research_Data_Factors CRSP 202607 sha256 b840dba55d31,"{""comision_por_lado"": 0.0, ""cortes"": [""2006-12-31""], ""efectivo_en_mxn"": false, ""exposicion_inicial"": 0.0, ""exposicion_max"": 1.0, ""exposicion_min"": 0.0, ""extras"": [], ""fx"": false, ""max_dias_fx"": 10, ""min_historia"": 12, ""periodos_por_anio"": 12, ""permitir_capturas"": false, ""rebalanceo_con_deriva"": true, ""segmentos"": [""dentro_muestra"", ""fuera_muestra""], ""senal"": ""senal_comprar_y_mantener"", ""spread_por_lado"": 0.0, ""usuario"": {""bloque"": ""C"", ""escenario_costos"": ""sin_costos""}, ""variante"": ""comprar_y_mantener|sin_costos""}",sensibilidad de costos: sin_costos
2026-09-25T05:28:45.049168Z,R01,b025ce99d5,sma6|spread_medio,0,completo,1927-06-30,2026-07-31,1189,12,USD,2845.805695876107,0.08358347807571787,0.12808602214222733,0.43752605816158885,0.6721410777642222,-0.47237224397697086,0.17694409259108107,0.1263028937285346,0.2070697821263253,15.405623619557767,0.9999909352384864,0.7056349873843566,0.7056349873843566,2.1900265259318616,0.009636116714100154,217,0.10260130985470983,0.03287249298954742,0.0029,0.0015,2006-12-31,e85ac74d630dff95,French F-F_Research_Data_Factors CRSP 202607 sha256 b840dba55d31,"{""comision_por_lado"": 0.0029, ""cortes"": [""2006-12-31""], ""efectivo_en_mxn"": false, ""exposicion_inicial"": 0.0, ""exposicion_max"": 1.0, ""exposicion_min"": 0.0, ""extras"": [], ""fx"": false, ""max_dias_fx"": 10, ""min_historia"": 12, ""periodos_por_anio"": 12, ""permitir_capturas"": false, ""rebalanceo_con_deriva"": true, ""segmentos"": [""dentro_muestra"", ""fuera_muestra""], ""senal"": ""media_movil_6"", ""spread_por_lado"": 0.0015, ""usuario"": {""bloque"": ""C"", ""escenario_costos"": ""spread_medio"", ""senal_sobre"": ""indice TR (Mkt-RF+RF)"", ""ventana"": 6}, ""variante"": ""sma6|spread_medio""}",sensibilidad de costos: spread_medio
2026-09-25T05:28:45.049168Z,R01,b025ce99d5,sma6|spread_medio,0,dentro_muestra,1927-06-30,2006-12-31,954,12,USD,542.6762797225963,0.08244259040034252,0.13331698452664853,0.3855650666143746,0.5892579234001453,-0.47237224397697086,0.17452886246288798,0.11130304749996259,0.26678953689009993,15.979785452424721,0.99967239691648,0.6960167714884696,0.6960167714884696,2.251446330796515,0.009906363855504639,179,0.10073588705476877,0.037291120660129184,0.0029,0.0015,2006-12-31,e85ac74d630dff95,French F-F_Research_Data_Factors CRSP 202607 sha256 b840dba55d31,"{""comision_por_lado"": 0.0029, ""cortes"": [""2006-12-31""], ""efectivo_en_mxn"": false, ""exposicion_inicial"": 0.0, ""exposicion_max"": 1.0, ""exposicion_min"": 0.0, ""extras"": [], ""fx"": false, ""max_dias_fx"": 10, ""min_historia"": 12, ""periodos_por_anio"": 12, ""permitir_capturas"": false, ""rebalanceo_con_deriva"": true, ""segmentos"": [""dentro_muestra"", ""fuera_muestra""], ""senal"": ""media_movil_6"", ""spread_por_lado"": 0.0015, ""usuario"": {""bloque"": ""C"", ""escenario_costos"": ""spread_medio"", ""senal_sobre"": ""indice TR (Mkt-RF+RF)"", ""ventana"": 6}, ""variante"": ""sma6|spread_medio""}",sensibilidad de costos: spread_medio
2026-09-25T05:28:45.049168Z,R01,b025ce99d5,sma6|spread_medio,0,fuera_muestra,2006-12-31,2026-07-31,235,12,USD,4.236214641051937,0.08822814838645798,0.10443655386020308,0.7178291738804045,1.1437343210306794,-0.1729180729928722,0.5102309253127914,0.2072194333860091,-0.22147340992507208,4.427211527819832,0.998842016000038,0.7446808510638298,0.7446808510638298,1.9406459731543626,0.00853884228187919,38,0.11020794942552814,0.015124226882966774,0.0029,0.0015,2006-12-31,e85ac74d630dff95,French F-F_Research_Data_Factors CRSP 202607 sha256 b840dba55d31,"{""comision_por_lado"": 0.0029, ""cortes"": [""2006-12-31""], ""efectivo_en_mxn"": false, ""exposicion_inicial"": 0.0, ""exposicion_max"": 1.0, ""exposicion_min"": 0.0, ""extras"": [], ""fx"": false, ""max_dias_fx"": 10, ""min_historia"": 12, ""periodos_por_anio"": 12, ""permitir_capturas"": false, ""rebalanceo_con_deriva"": true, ""segmentos"": [""dentro_muestra"", ""fuera_muestra""], ""senal"": ""media_movil_6"", ""spread_por_lado"": 0.0015, ""usuario"": {""bloque"": ""C"", ""escenario_costos"": ""spread_medio"", ""senal_sobre"": ""indice TR (Mkt-RF+RF)"", ""ventana"": 6}, ""variante"": ""sma6|spread_medio""}",sensibilidad de costos: spread_medio
2026-09-25T05:28:45.063266Z,R01,3278a361b3,sma8|spread_medio,0,completo,1927-06-30,2026-07-31,1189,12,USD,2473.809711257279,0.08205317021038305,0.1231703140616891,0.4398632521713532,0.6410711924057043,-0.5483661028289797,0.14963209758421772,0.1269775835238775,-0.7448489026206009,9.203286757715045,0.9999811744774683,0.7115222876366695,0.7115222876366695,1.766150424138598,0.007771061866209811,175,0.10260130985470983,0.03287249298954742,0.0029,0.0015,2006-12-31,e85ac74d630dff95,French F-F_Research_Data_Factors CRSP 202607 sha256 b840dba55d31,"{""comision_por_lado"": 0.0029, ""cortes"": [""2006-12-31""], ""efectivo_en_mxn"": false, ""exposicion_inicial"": 0.0, ""exposicion_max"": 1.0, ""exposicion_min"": 0.0, ""extras"": [], ""fx"": false, ""max_dias_fx"": 10, ""min_historia"": 12, ""periodos_por_anio"": 12, ""permitir_capturas"": false, ""rebalanceo_con_deriva"": true, ""segmentos"": [""dentro_muestra"", ""fuera_muestra""], ""senal"": ""media_movil_8"", ""spread_por_lado"": 0.0015, ""usuario"": {""bloque"": ""C"", ""escenario_costos"": ""spread_medio"", ""senal_sobre"": ""indice TR (Mkt-RF+RF)"", ""ventana"": 8}, ""variante"": ""sma8|spread_medio""}",sensibilidad de costos: spread_medio
2026-09-25T05:28:45.063266Z,R01,3278a361b3,sma8|spread_medio,0,dentro_muestra,1927-06-30,2006-12-31,954,12,USD,408.5733376328638,0.07859320300950934,0.1269719497218588,0.3719430425677612,0.5332639501032981,-0.5483661028289797,0.14332250407903202,0.10737070787485267,-0.8057703520198192,9.613495278368676,0.9991672589301306,0.6970649895178197,0.6970649895178197,1.8237973070698026,0.008024708151107122,145,0.10073588705476877,0.037291120660129184,0.0029,0.0015,2006-12-31,e85ac74d630dff95,French F-F_Research_Data_Factors CRSP 202607 sha256 b840dba55d31,"{""comision_por_lado"": 0.0029, ""cortes"": [""2006-12-31""], ""efectivo_en_mxn"": false, ""exposicion_inicial"": 0.0, ""exposicion_max"": 1.0, ""exposicion_min"": 0.0, ""extras"": [], ""fx"": false, ""max_dias_fx"": 10, ""min_historia"": 12, ""periodos_por_anio"": 12, ""permitir_capturas"": false, ""rebalanceo_con_deriva"": true, ""segmentos"": [""dentro_muestra"", ""fuera_muestra""], ""senal"": ""media_movil_8"", ""spread_por_lado"": 0.0015, ""usuario"": {""bloque"": ""C"", ""escenario_costos"": ""spread_medio"", ""senal_sobre"": ""indice TR (Mkt-RF+RF)"", ""ventana"": 8}, ""variante"": ""sma8|spread_medio""}",sensibilidad de costos: spread_medio
2026-09-25T05:28:45.063266Z,R01,3278a361b3,sma8|spread_medio,0,fuera_muestra,2006-12-31,2026-07-31,235,12,USD,5.042409219214524,0.09621594092196051,0.10653736843472263,0.7748199999262242,1.2545238883452277,-0.141007234438556,0.6823475497910475,0.22367126776545568,-0.19864813267793227,4.244927552039047,0.9994896021116585,0.7702127659574468,0.7702127659574468,1.5320889261744968,0.006741191275167786,30,0.11020794942552814,0.015124226882966774,0.0029,0.0015,2006-12-31,e85ac74d630dff95,French F-F_Research_Data_Factors CRSP 202607 sha256 b840dba55d31,"{""comision_por_lado"": 0.0029, ""cortes"": [""2006-12-31""], ""efectivo_en_mxn"": false, ""exposicion_inicial"": 0.0, ""exposicion_max"": 1.0, ""exposicion_min"": 0.0, ""extras"": [], ""fx"": false, ""max_dias_fx"": 10, ""min_historia"": 12, ""periodos_por_anio"": 12, ""permitir_capturas"": false, ""rebalanceo_con_deriva"": true, ""segmentos"": [""dentro_muestra"", ""fuera_muestra""], ""senal"": ""media_movil_8"", ""spread_por_lado"": 0.0015, ""usuario"": {""bloque"": ""C"", ""escenario_costos"": ""spread_medio"", ""senal_sobre"": ""indice TR (Mkt-RF+RF)"", ""ventana"": 8}, ""variante"": ""sma8|spread_medio""}",sensibilidad de costos: spread_medio
2026-09-25T05:28:45.078619Z,R01,2173d8045b,sma10|spread_medio,0,completo,1927-06-30,2026-07-31,1189,12,USD,5378.308532341711,0.09056502705807112,0.1252935515548255,0.49799928134454874,0.7368924784944245,-0.436680795208474,0.20739411499613772,0.1437600095702577,-0.6751034016509131,8.62821254971622,0.9999983243296044,0.7300252312867956,0.7300252312867956,1.4835663562764223,0.00652769196761625,147,0.10260130985470983,0.03287249298954742,0.0029,0.0015,2006-12-31,e85ac74d630dff95,French F-F_Research_Data_Factors CRSP 202607 sha256 b840dba55d31,"{""comision_por_lado"": 0.0029, ""cortes"": [""2006-12-31""], ""efectivo_en_mxn"": false, ""exposicion_inicial"": 0.0, ""exposicion_max"": 1.0, ""exposicion_min"": 0.0, ""extras"": [], ""fx"": false, ""max_dias_fx"": 10, ""min_historia"": 12, ""periodos_por_anio"": 12, ""permitir_capturas"": false, ""rebalanceo_con_deriva"": true, ""segmentos"": [""dentro_muestra"", ""fuera_muestra""], ""senal"": ""media_movil_10"", ""spread_por_lado"": 0.0015, ""usuario"": {""bloque"": ""C"", ""escenario_costos"": ""spread_medio"", ""senal_sobre"": ""indice TR (Mkt-RF+RF)"", ""ventana"": 10}, ""variante"": ""sma10|spread_medio""}",sensibilidad de costos: spread_medio
2026-09-25T05:28:45.078619Z,R01,2173d8045b,sma10|spread_medio,0,dentro_muestra,1927-06-30,2006-12-31,954,12,USD,1053.0738557257207,0.09149413731203704,0.12917665096074957,0.4607002713873536,0.6755443144659478,-0.436680795208474,0.20952177956064497,0.13299271285061112,-0.7230697660864117,8.999669361016828,0.9999432092199201,0.7169811320754716,0.7169811320754716,1.4716157581183924,0.006475109335720932,117,0.10073588705476877,0.037291120660129184,0.0029,0.0015,2006-12-31,e85ac74d630dff95,French F-F_Research_Data_Factors CRSP 202607 sha256 b840dba55d31,"{""comision_por_lado"": 0.0029, ""cortes"": [""2006-12-31""], ""efectivo_en_mxn"": false, ""exposicion_inicial"": 0.0, ""exposicion_max"": 1.0, ""exposicion_min"": 0.0, ""extras"": [], ""fx"": false, ""max_dias_fx"": 10, ""min_historia"": 12, ""periodos_por_anio"": 12, ""permitir_capturas"": false, ""rebalanceo_con_deriva"": true, ""segmentos"": [""dentro_muestra"", ""fuera_muestra""], ""senal"": ""media_movil_10"", ""spread_por_lado"": 0.0015, ""usuario"": {""bloque"": ""C"", ""escenario_costos"": ""spread_medio"", ""senal_sobre"": ""indice TR (Mkt-RF+RF)"", ""ventana"": 10}, ""variante"": ""sma10|spread_medio""}",sensibilidad de costos: spread_medio
2026-09-25T05:28:45.078619Z,R01,2173d8045b,sma10|spread_medio,0,fuera_muestra,2006-12-31,2026-07-31,235,12,USD,4.103350683750812,0.08680071290199498,0.10834190836078939,0.6839320814040643,1.0720354676987947,-0.1979216384349265,0.4385610062061692,0.19743418565302878,-0.2735807859341711,4.234900277315872,0.9981266090025925,0.7829787234042553,0.7829787234042553,1.5320889261744968,0.006741191275167786,30,0.11020794942552814,0.015124226882966774,0.0029,0.0015,2006-12-31,e85ac74d630dff95,French F-F_Research_Data_Factors CRSP 202607 sha256 b840dba55d31,"{""comision_por_lado"": 0.0029, ""cortes"": [""2006-12-31""], ""efectivo_en_mxn"": false, ""exposicion_inicial"": 0.0, ""exposicion_max"": 1.0, ""exposicion_min"": 0.0, ""extras"": [], ""fx"": false, ""max_dias_fx"": 10, ""min_historia"": 12, ""periodos_por_anio"": 12, ""permitir_capturas"": false, ""rebalanceo_con_deriva"": true, ""segmentos"": [""dentro_muestra"", ""fuera_muestra""], ""senal"": ""media_movil_10"", ""spread_por_lado"": 0.0015, ""usuario"": {""bloque"": ""C"", ""escenario_costos"": ""spread_medio"", ""senal_sobre"": ""indice TR (Mkt-RF+RF)"", ""ventana"": 10}, ""variante"": ""sma10|spread_medio""}",sensibilidad de costos: spread_medio
2026-09-25T05:28:45.092743Z,R01,cbb21ca297,sma12|spread_medio,0,completo,1927-06-30,2026-07-31,1189,12,USD,6728.97538147053,0.09303335477661911,0.12601518357889127,0.5142253794071401,0.7674965112385422,-0.4652602327498512,0.19995982512143656,0.1484440806124249,-0.6184730051471167,8.500504465898496,0.9999992321339324,0.7333894028595458,0.7333894028595458,1.3220897460694647,0.005817194882705643,131,0.10260130985470983,0.03287249298954742,0.0029,0.0015,2006-12-31,e85ac74d630dff95,French F-F_Research_Data_Factors CRSP 202607 sha256 b840dba55d31,"{""comision_por_lado"": 0.0029, ""cortes"": [""2006-12-31""], ""efectivo_en_mxn"": false, ""exposicion_inicial"": 0.0, ""exposicion_max"": 1.0, ""exposicion_min"": 0.0, ""extras"": [], ""fx"": false, ""max_dias_fx"": 10, ""min_historia"": 12, ""periodos_por_anio"": 12, ""permitir_capturas"": false, ""rebalanceo_con_deriva"": true, ""segmentos"": [""dentro_muestra"", ""fuera_muestra""], ""senal"": ""media_movil_12"", ""spread_por_lado"": 0.0015, ""usuario"": {""bloque"": ""C"", ""escenario_costos"": ""spread_medio"", ""senal_sobre"": ""indice TR (Mkt-RF+RF)"", ""ventana"": 12}, ""variante"": ""sma12|spread_medio""}",sensibilidad de costos: spread_medio
2026-09-25T05:28:45.092743Z,R01,cbb21ca297,sma12|spread_medio,0,dentro_muestra,1927-06-30,2006-12-31,954,12,USD,1451.7148903868347,0.09590681618843444,0.12927382511230326,0.4918871593774635,0.7303218026373183,-0.4652602327498512,0.2061358556728382,0.14199559193874947,-0.6652028846696921,8.955706779536756,0.9999806713078376,0.720125786163522,0.720125786163522,1.2955249836426874,0.00570030992802783,103,0.10073588705476877,0.037291120660129184,0.0029,0.0015,2006-12-31,e85ac74d630dff95,French F-F_Research_Data_Factors CRSP 202607 sha256 b840dba55d31,"{""comision_por_lado"": 0.0029, ""cortes"": [""2006-12-31""], ""efectivo_en_mxn"": false, ""exposicion_inicial"": 0.0, ""exposicion_max"": 1.0, ""exposicion_min"": 0.0, ""extras"": [], ""fx"": false, ""max_dias_fx"": 10, ""min_historia"": 12, ""periodos_por_anio"": 12, ""permitir_capturas"": false, ""rebalanceo_con_deriva"": true, ""segmentos"": [""dentro_muestra"", ""fuera_muestra""], ""senal"": ""media_movil_12"", ""spread_por_lado"": 0.0015, ""usuario"": {""bloque"": ""C"", ""escenario_costos"": ""spread_medio"", ""senal_sobre"": ""indice TR (Mkt-RF+RF)"", ""ventana"": 12}, ""variante"": ""sma12|spread_medio""}",sensibilidad de costos: spread_medio
2026-09-25T05:28:45.092743Z,R01,cbb21ca297,sma12|spread_medio,0,fuera_muestra,2006-12-31,2026-07-31,235,12,USD,3.632688372649948,0.08144353820067285,0.11199691056585592,0.6224304519020597,0.9588975411869024,-0.19792163843492638,0.4114938560770365,0.17968019447873732,-0.2923733618069408,4.367795005110906,0.9959174897093169,0.7872340425531915,0.7872340425531915,1.4299496644295302,0.006291778523489934,28,0.11020794942552814,0.015124226882966774,0.0029,0.0015,2006-12-31,e85ac74d630dff95,French F-F_Research_Data_Factors CRSP 202607 sha256 b840dba55d31,"{""comision_por_lado"": 0.0029, ""cortes"": [""2006-12-31""], ""efectivo_en_mxn"": false, ""exposicion_inicial"": 0.0, ""exposicion_max"": 1.0, ""exposicion_min"": 0.0, ""extras"": [], ""fx"": false, ""max_dias_fx"": 10, ""min_historia"": 12, ""periodos_por_anio"": 12, ""permitir_capturas"": false, ""rebalanceo_con_deriva"": true, ""segmentos"": [""dentro_muestra"", ""fuera_muestra""], ""senal"": ""media_movil_12"", ""spread_por_lado"": 0.0015, ""usuario"": {""bloque"": ""C"", ""escenario_costos"": ""spread_medio"", ""senal_sobre"": ""indice TR (Mkt-RF+RF)"", ""ventana"": 12}, ""variante"": ""sma12|spread_medio""}",sensibilidad de costos: spread_medio
2026-09-25T05:28:45.109517Z,R01,ec2513f632,mom12|spread_medio,0,completo,1927-06-30,2026-07-31,1189,12,USD,8103.455348529514,0.09508534534358293,0.1257939946873402,0.5292715591070523,0.7965424032351461,-0.45441310081530206,0.20924868841365277,0.15278753856243477,-0.5788143379922595,8.65551270291662,0.9999996235575566,0.7064760302775441,0.7064760302775441,0.8780290680003315,0.0038633278992014604,87,0.10260130985470983,0.03287249298954742,0.0029,0.0015,2006-12-31,e85ac74d630dff95,French F-F_Research_Data_Factors CRSP 202607 sha256 b840dba55d31,"{""comision_por_lado"": 0.0029, ""cortes"": [""2006-12-31""], ""efectivo_en_mxn"": false, ""exposicion_inicial"": 0.0, ""exposicion_max"": 1.0, ""exposicion_min"": 0.0, ""extras"": [], ""fx"": false, ""max_dias_fx"": 10, ""min_historia"": 12, ""periodos_por_anio"": 12, ""permitir_capturas"": false, ""rebalanceo_con_deriva"": true, ""segmentos"": [""dentro_muestra"", ""fuera_muestra""], ""senal"": ""momentum_absoluto_12"", ""spread_por_lado"": 0.0015, ""usuario"": {""bloque"": ""C"", ""escenario_costos"": ""spread_medio"", ""regla"": ""momentum absoluto vs RF"", ""ventana"": 12}, ""variante"": ""mom12|spread_medio""}",sensibilidad de costos: spread_medio
2026-09-25T05:28:45.109517Z,R01,ec2513f632,mom12|spread_medio,0,dentro_muestra,1927-06-30,2006-12-31,954,12,USD,1592.8863526502007,0.09718592631181111,0.12602506203396646,0.509771925486281,0.7625609756548201,-0.45441310081530206,0.2138713125511597,0.1471584792024091,-0.6520768977043303,9.613330509125221,0.9999893103193972,0.6844863731656184,0.6844863731656184,0.8930317848410758,0.003929339853300733,71,0.10073588705476877,0.037291120660129184,0.0029,0.0015,2006-12-31,e85ac74d630dff95,French F-F_Research_Data_Factors CRSP 202607 sha256 b840dba55d31,"{""comision_por_lado"": 0.0029, ""cortes"": [""2006-12-31""], ""efectivo_en_mxn"": false, ""exposicion_inicial"": 0.0, ""exposicion_max"": 1.0, ""exposicion_min"": 0.0, ""extras"": [], ""fx"": false, ""max_dias_fx"": 10, ""min_historia"": 12, ""periodos_por_anio"": 12, ""permitir_capturas"": false, ""rebalanceo_con_deriva"": true, ""segmentos"": [""dentro_muestra"", ""fuera_muestra""], ""senal"": ""momentum_absoluto_12"", ""spread_por_lado"": 0.0015, ""usuario"": {""bloque"": ""C"", ""escenario_costos"": ""spread_medio"", ""regla"": ""momentum absoluto vs RF"", ""ventana"": 12}, ""variante"": ""mom12|spread_medio""}",sensibilidad de costos: spread_medio
2026-09-25T05:28:45.109517Z,R01,ec2513f632,mom12|spread_medio,0,fuera_muestra,2006-12-31,2026-07-31,235,12,USD,4.084713433334816,0.0865976677089928,0.12509208761887727,0.6083253436061755,0.9414088971331341,-0.24896823147654767,0.34782617523292375,0.17560840044294854,-0.26916550192547056,4.540685839994616,0.9952208857791595,0.7957446808510639,0.7957446808510639,0.8171140939597316,0.003595302013422819,16,0.11020794942552814,0.015124226882966774,0.0029,0.0015,2006-12-31,e85ac74d630dff95,French F-F_Research_Data_Factors CRSP 202607 sha256 b840dba55d31,"{""comision_por_lado"": 0.0029, ""cortes"": [""2006-12-31""], ""efectivo_en_mxn"": false, ""exposicion_inicial"": 0.0, ""exposicion_max"": 1.0, ""exposicion_min"": 0.0, ""extras"": [], ""fx"": false, ""max_dias_fx"": 10, ""min_historia"": 12, ""periodos_por_anio"": 12, ""permitir_capturas"": false, ""rebalanceo_con_deriva"": true, ""segmentos"": [""dentro_muestra"", ""fuera_muestra""], ""senal"": ""momentum_absoluto_12"", ""spread_por_lado"": 0.0015, ""usuario"": {""bloque"": ""C"", ""escenario_costos"": ""spread_medio"", ""regla"": ""momentum absoluto vs RF"", ""ventana"": 12}, ""variante"": ""mom12|spread_medio""}",sensibilidad de costos: spread_medio
2026-09-25T05:28:45.122154Z,R01,626cd23662,comprar_y_mantener|spread_medio,0,completo,1927-06-30,2026-07-31,1189,12,USD,15889.809687523319,0.10255224072424562,0.18406897125689994,0.44739632654897044,0.6754434102486467,-0.8365224657023862,0.12259352848119581,0.1291521947837489,0.15626739309087426,10.311463756664937,0.9999948458770487,1.0,1.0,0.010092288137934845,4.440606780691331e-05,1,0.10260130985470983,0.03287249298954742,0.0029,0.0015,2006-12-31,e85ac74d630dff95,French F-F_Research_Data_Factors CRSP 202607 sha256 b840dba55d31,"{""comision_por_lado"": 0.0029, ""cortes"": [""2006-12-31""], ""efectivo_en_mxn"": false, ""exposicion_inicial"": 0.0, ""exposicion_max"": 1.0, ""exposicion_min"": 0.0, ""extras"": [], ""fx"": false, ""max_dias_fx"": 10, ""min_historia"": 12, ""periodos_por_anio"": 12, ""permitir_capturas"": false, ""rebalanceo_con_deriva"": true, ""segmentos"": [""dentro_muestra"", ""fuera_muestra""], ""senal"": ""senal_comprar_y_mantener"", ""spread_por_lado"": 0.0015, ""usuario"": {""bloque"": ""C"", ""escenario_costos"": ""spread_medio""}, ""variante"": ""comprar_y_mantener|spread_medio""}",sensibilidad de costos: spread_medio
2026-09-25T05:28:45.122154Z,R01,626cd23662,comprar_y_mantener|spread_medio,0,dentro_muestra,1927-06-30,2006-12-31,954,12,USD,2050.5346040463874,0.10067483651185238,0.18979874852541836,0.40772331765676917,0.6162336259421116,-0.8365224657023862,0.12034923225561042,0.11769958360201149,0.2562306579942477,10.902757349080895,0.9998560628345099,1.0,1.0,0.012577912462550363,5.5342814835221594e-05,1,0.10073588705476877,0.037291120660129184,0.0029,0.0015,2006-12-31,e85ac74d630dff95,French F-F_Research_Data_Factors CRSP 202607 sha256 b840dba55d31,"{""comision_por_lado"": 0.0029, ""cortes"": [""2006-12-31""], ""efectivo_en_mxn"": false, ""exposicion_inicial"": 0.0, ""exposicion_max"": 1.0, ""exposicion_min"": 0.0, ""extras"": [], ""fx"": false, ""max_dias_fx"": 10, ""min_historia"": 12, ""periodos_por_anio"": 12, ""permitir_capturas"": false, ""rebalanceo_con_deriva"": true, ""segmentos"": [""dentro_muestra"", ""fuera_muestra""], ""senal"": ""senal_comprar_y_mantener"", ""spread_por_lado"": 0.0015, ""usuario"": {""bloque"": ""C"", ""escenario_costos"": ""spread_medio""}, ""variante"": ""comprar_y_mantener|spread_medio""}",sensibilidad de costos: spread_medio
2026-09-25T05:28:45.122154Z,R01,626cd23662,comprar_y_mantener|spread_medio,0,fuera_muestra,2006-12-31,2026-07-31,235,12,USD,6.745816061879126,0.11020794942552814,0.159062982403124,0.6452006427175135,0.969267472829161,-0.5031170717166413,0.21905030781304505,0.186253382377138,-0.4995817776621852,4.0069978983606465,0.9964617573696892,1.0,1.0,0.0,0.0,0,0.11020794942552814,0.015124226882966774,0.0029,0.0015,2006-12-31,e85ac74d630dff95,French F-F_Research_Data_Factors CRSP 202607 sha256 b840dba55d31,"{""comision_por_lado"": 0.0029, ""cortes"": [""2006-12-31""], ""efectivo_en_mxn"": false, ""exposicion_inicial"": 0.0, ""exposicion_max"": 1.0, ""exposicion_min"": 0.0, ""extras"": [], ""fx"": false, ""max_dias_fx"": 10, ""min_historia"": 12, ""periodos_por_anio"": 12, ""permitir_capturas"": false, ""rebalanceo_con_deriva"": true, ""segmentos"": [""dentro_muestra"", ""fuera_muestra""], ""senal"": ""senal_comprar_y_mantener"", ""spread_por_lado"": 0.0015, ""usuario"": {""bloque"": ""C"", ""escenario_costos"": ""spread_medio""}, ""variante"": ""comprar_y_mantener|spread_medio""}",sensibilidad de costos: spread_medio
2026-09-25T05:28:45.136281Z,R01,fe01c24471,sma6|spread_iliquido,0,completo,1927-06-30,2026-07-31,1189,12,USD,2051.4054438065245,0.08001133657618187,0.12813885356865298,0.41158563532672515,0.6296907417053391,-0.47633498205583535,0.16797283338472724,0.11881453867523396,0.19855949428488562,15.197663508147391,0.9999735001765218,0.7056349873843566,0.7056349873843566,2.1900265259318616,0.01292115650299801,217,0.10260130985470983,0.03287249298954742,0.0029,0.003,2006-12-31,e85ac74d630dff95,French F-F_Research_Data_Factors CRSP 202607 sha256 b840dba55d31,"{""comision_por_lado"": 0.0029, ""cortes"": [""2006-12-31""], ""efectivo_en_mxn"": false, ""exposicion_inicial"": 0.0, ""exposicion_max"": 1.0, ""exposicion_min"": 0.0, ""extras"": [], ""fx"": false, ""max_dias_fx"": 10, ""min_historia"": 12, ""periodos_por_anio"": 12, ""permitir_capturas"": false, ""rebalanceo_con_deriva"": true, ""segmentos"": [""dentro_muestra"", ""fuera_muestra""], ""senal"": ""media_movil_6"", ""spread_por_lado"": 0.003, ""usuario"": {""bloque"": ""C"", ""escenario_costos"": ""spread_iliquido"", ""senal_sobre"": ""indice TR (Mkt-RF+RF)"", ""ventana"": 6}, ""variante"": ""sma6|spread_iliquido""}",sensibilidad de costos: spread_iliquido
2026-09-25T05:28:45.136281Z,R01,fe01c24471,sma6|spread_iliquido,0,dentro_muestra,1927-06-30,2006-12-31,954,12,USD,414.0769859769569,0.07877430365213023,0.13334326233840166,0.36002310082768585,0.5479046361936517,-0.47633498205583535,0.1653758523301075,0.10392971708867411,0.2569372912915669,15.7712626471649,0.9992823086870267,0.6960167714884696,0.6960167714884696,2.251446330796515,0.013283533351699465,179,0.10073588705476877,0.037291120660129184,0.0029,0.003,2006-12-31,e85ac74d630dff95,French F-F_Research_Data_Factors CRSP 202607 sha256 b840dba55d31,"{""comision_por_lado"": 0.0029, ""cortes"": [""2006-12-31""], ""efectivo_en_mxn"": false, ""exposicion_inicial"": 0.0, ""exposicion_max"": 1.0, ""exposicion_min"": 0.0, ""extras"": [], ""fx"": false, ""max_dias_fx"": 10, ""min_historia"": 12, ""periodos_por_anio"": 12, ""permitir_capturas"": false, ""rebalanceo_con_deriva"": true, ""segmentos"": [""dentro_muestra"", ""fuera_muestra""], ""senal"": ""media_movil_6"", ""spread_por_lado"": 0.003, ""usuario"": {""bloque"": ""C"", ""escenario_costos"": ""spread_iliquido"", ""senal_sobre"": ""indice TR (Mkt-RF+RF)"", ""ventana"": 6}, ""variante"": ""sma6|spread_iliquido""}",sensibilidad de costos: spread_iliquido
2026-09-25T05:28:45.136281Z,R01,fe01c24471,sma6|spread_iliquido,0,fuera_muestra,2006-12-31,2026-07-31,235,12,USD,3.94463801450188,0.08504860480989929,0.1046281017058169,0.6886120283762686,1.093247908252172,-0.18036660274631922,0.47153188847005045,0.19878516997512644,-0.21389100187382756,4.418486370016016,0.9983110618335955,0.7446808510638298,0.7446808510638298,1.9406459731543626,0.01144981124161073,38,0.11020794942552814,0.015124226882966774,0.0029,0.003,2006-12-31,e85ac74d630dff95,French F-F_Research_Data_Factors CRSP 202607 sha256 b840dba55d31,"{""comision_por_lado"": 0.0029, ""cortes"": [""2006-12-31""], ""efectivo_en_mxn"": false, ""exposicion_inicial"": 0.0, ""exposicion_max"": 1.0, ""exposicion_min"": 0.0, ""extras"": [], ""fx"": false, ""max_dias_fx"": 10, ""min_historia"": 12, ""periodos_por_anio"": 12, ""permitir_capturas"": false, ""rebalanceo_con_deriva"": true, ""segmentos"": [""dentro_muestra"", ""fuera_muestra""], ""senal"": ""media_movil_6"", ""spread_por_lado"": 0.003, ""usuario"": {""bloque"": ""C"", ""escenario_costos"": ""spread_iliquido"", ""senal_sobre"": ""indice TR (Mkt-RF+RF)"", ""ventana"": 6}, ""variante"": ""sma6|spread_iliquido""}",sensibilidad de costos: spread_iliquido
2026-09-25T05:28:45.150205Z,R01,5bda962956,sma8|spread_iliquido,0,completo,1927-06-30,2026-07-31,1189,12,USD,1899.856521801527,0.07917556038978435,0.12322309992365085,0.41804909387688544,0.607612113940311,-0.5517580904975496,0.1434968725485974,0.12068037844214947,-0.739693956282092,9.140246773521216,0.9999579341992841,0.7115222876366695,0.7115222876366695,1.766150424138598,0.010420287502417748,175,0.10260130985470983,0.03287249298954742,0.0029,0.003,2006-12-31,e85ac74d630dff95,French F-F_Research_Data_Factors CRSP 202607 sha256 b840dba55d31,"{""comision_por_lado"": 0.0029, ""cortes"": [""2006-12-31""], ""efectivo_en_mxn"": false, ""exposicion_inicial"": 0.0, ""exposicion_max"": 1.0, ""exposicion_min"": 0.0, ""extras"": [], ""fx"": false, ""max_dias_fx"": 10, ""min_historia"": 12, ""periodos_por_anio"": 12, ""permitir_capturas"": false, ""rebalanceo_con_deriva"": true, ""segmentos"": [""dentro_muestra"", ""fuera_muestra""], ""senal"": ""media_movil_8"", ""spread_por_lado"": 0.003, ""usuario"": {""bloque"": ""C"", ""escenario_costos"": ""spread_iliquido"", ""senal_sobre"": ""indice TR (Mkt-RF+RF)"", ""ventana"": 8}, ""variante"": ""sma8|spread_iliquido""}",sensibilidad de costos: spread_iliquido
2026-09-25T05:28:45.150205Z,R01,5bda962956,sma8|spread_iliquido,0,dentro_muestra,1927-06-30,2006-12-31,954,12,USD,328.14224502080134,0.07563129886774811,0.12699644162376916,0.3501766729821629,0.5007071613393046,-0.5517580904975496,0.13707329384068903,0.10108729820508965,-0.8006072921645999,9.549790706347656,0.9985190556033776,0.6970649895178197,0.6970649895178197,1.8237973070698026,0.010760404111711854,145,0.10073588705476877,0.037291120660129184,0.0029,0.003,2006-12-31,e85ac74d630dff95,French F-F_Research_Data_Factors CRSP 202607 sha256 b840dba55d31,"{""comision_por_lado"": 0.0029, ""cortes"": [""2006-12-31""], ""efectivo_en_mxn"": false, ""exposicion_inicial"": 0.0, ""exposicion_max"": 1.0, ""exposicion_min"": 0.0, ""extras"": [], ""fx"": false, ""max_dias_fx"": 10, ""min_historia"": 12, ""periodos_por_anio"": 12, ""permitir_capturas"": false, ""rebalanceo_con_deriva"": true, ""segmentos"": [""dentro_muestra"", ""fuera_muestra""], ""senal"": ""media_movil_8"", ""spread_por_lado"": 0.003, ""usuario"": {""bloque"": ""C"", ""escenario_costos"": ""spread_iliquido"", ""senal_sobre"": ""indice TR (Mkt-RF+RF)"", ""ventana"": 8}, ""variante"": ""sma8|spread_iliquido""}",sensibilidad de costos: spread_iliquido
2026-09-25T05:28:45.150205Z,R01,5bda962956,sma8|spread_iliquido,0,fuera_muestra,2006-12-31,2026-07-31,235,12,USD,4.775182464594889,0.09368657126927404,0.10672419093085511,0.7518978635401303,1.2130968591020894,-0.14617228128074855,0.6409325382924904,0.21705421695899937,-0.19653125275406175,4.246008342727668,0.9992975346554291,0.7702127659574468,0.7702127659574468,1.5320889261744968,0.009039324664429527,30,0.11020794942552814,0.015124226882966774,0.0029,0.003,2006-12-31,e85ac74d630dff95,French F-F_Research_Data_Factors CRSP 202607 sha256 b840dba55d31,"{""comision_por_lado"": 0.0029, ""cortes"": [""2006-12-31""], ""efectivo_en_mxn"": false, ""exposicion_inicial"": 0.0, ""exposicion_max"": 1.0, ""exposicion_min"": 0.0, ""extras"": [], ""fx"": false, ""max_dias_fx"": 10, ""min_historia"": 12, ""periodos_por_anio"": 12, ""permitir_capturas"": false, ""rebalanceo_con_deriva"": true, ""segmentos"": [""dentro_muestra"", ""fuera_muestra""], ""senal"": ""media_movil_8"", ""spread_por_lado"": 0.003, ""usuario"": {""bloque"": ""C"", ""escenario_costos"": ""spread_iliquido"", ""senal_sobre"": ""indice TR (Mkt-RF+RF)"", ""ventana"": 8}, ""variante"": ""sma8|spread_iliquido""}",sensibilidad de costos: spread_iliquido
2026-09-25T05:28:45.164786Z,R01,cdfa526153,sma10|spread_iliquido,0,completo,1927-06-30,2026-07-31,1189,12,USD,4308.915700397708,0.08812830138034111,0.12539087285689937,0.47979180458876647,0.7082586805567644,-0.44433749345087625,0.19833640572598707,0.13850396376715032,-0.6720156062438186,8.570853883968029,0.9999964737718733,0.7300252312867956,0.7300252312867956,1.4835663562764223,0.008753041502030906,147,0.10260130985470983,0.03287249298954742,0.0029,0.003,2006-12-31,e85ac74d630dff95,French F-F_Research_Data_Factors CRSP 202607 sha256 b840dba55d31,"{""comision_por_lado"": 0.0029, ""cortes"": [""2006-12-31""], ""efectivo_en_mxn"": false, ""exposicion_inicial"": 0.0, ""exposicion_max"": 1.0, ""exposicion_min"": 0.0, ""extras"": [], ""fx"": false, ""max_dias_fx"": 10, ""min_historia"": 12, ""periodos_por_anio"": 12, ""permitir_capturas"": false, ""rebalanceo_con_deriva"": true, ""segmentos"": [""dentro_muestra"", ""fuera_muestra""], ""senal"": ""media_movil_10"", ""spread_por_lado"": 0.003, ""usuario"": {""bloque"": ""C"", ""escenario_costos"": ""spread_iliquido"", ""senal_sobre"": ""indice TR (Mkt-RF+RF)"", ""ventana"": 10}, ""variante"": ""sma10|spread_iliquido""}",sensibilidad de costos: spread_iliquido
2026-09-25T05:28:45.164786Z,R01,cdfa526153,sma10|spread_iliquido,0,dentro_muestra,1927-06-30,2006-12-31,954,12,USD,882.604232217309,0.08907495919313502,0.1292593859761735,0.4432440244188003,0.648484340998485,-0.44433749345087625,0.20046689848598767,0.1279535284074437,-0.7201157178633563,8.939139299642282,0.9999022306376393,0.7169811320754716,0.7169811320754716,1.4716157581183924,0.008682532972898529,117,0.10073588705476877,0.037291120660129184,0.0029,0.003,2006-12-31,e85ac74d630dff95,French F-F_Research_Data_Factors CRSP 202607 sha256 b840dba55d31,"{""comision_por_lado"": 0.0029, ""cortes"": [""2006-12-31""], ""efectivo_en_mxn"": false, ""exposicion_inicial"": 0.0, ""exposicion_max"": 1.0, ""exposicion_min"": 0.0, ""extras"": [], ""fx"": false, ""max_dias_fx"": 10, ""min_historia"": 12, ""periodos_por_anio"": 12, ""permitir_capturas"": false, ""rebalanceo_con_deriva"": true, ""segmentos"": [""dentro_muestra"", ""fuera_muestra""], ""senal"": ""media_movil_10"", ""spread_por_lado"": 0.003, ""usuario"": {""bloque"": ""C"", ""escenario_costos"": ""spread_iliquido"", ""senal_sobre"": ""indice TR (Mkt-RF+RF)"", ""ventana"": 10}, ""variante"": ""sma10|spread_iliquido""}",sensibilidad de costos: spread_iliquido
2026-09-25T05:28:45.164786Z,R01,cdfa526153,sma10|spread_iliquido,0,fuera_muestra,2006-12-31,2026-07-31,235,12,USD,3.8776539804279118,0.08429306761139621,0.108511160636766,0.6616411414771445,1.0336132094080006,-0.20514499121973695,0.4108950801587321,0.19099934556938034,-0.27162433404154873,4.241151095035324,0.9975195507536739,0.7829787234042553,0.7829787234042553,1.5320889261744968,0.009039324664429527,30,0.11020794942552814,0.015124226882966774,0.0029,0.003,2006-12-31,e85ac74d630dff95,French F-F_Research_Data_Factors CRSP 202607 sha256 b840dba55d31,"{""comision_por_lado"": 0.0029, ""cortes"": [""2006-12-31""], ""efectivo_en_mxn"": false, ""exposicion_inicial"": 0.0, ""exposicion_max"": 1.0, ""exposicion_min"": 0.0, ""extras"": [], ""fx"": false, ""max_dias_fx"": 10, ""min_historia"": 12, ""periodos_por_anio"": 12, ""permitir_capturas"": false, ""rebalanceo_con_deriva"": true, ""segmentos"": [""dentro_muestra"", ""fuera_muestra""], ""senal"": ""media_movil_10"", ""spread_por_lado"": 0.003, ""usuario"": {""bloque"": ""C"", ""escenario_costos"": ""spread_iliquido"", ""senal_sobre"": ""indice TR (Mkt-RF+RF)"", ""ventana"": 10}, ""variante"": ""sma10|spread_iliquido""}",sensibilidad de costos: spread_iliquido
2026-09-25T05:28:45.179337Z,R01,73ef56203f,sma12|spread_iliquido,0,completo,1927-06-30,2026-07-31,1189,12,USD,5522.734848870389,0.09085667120563579,0.12609613287470742,0.498094177385703,0.7418108825416093,-0.4692763854517814,0.19361014963104595,0.14378740369771043,-0.6164662394845746,8.451189104183253,0.9999984798084829,0.7333894028595458,0.7333894028595458,1.3220897460694647,0.007800329501809855,131,0.10260130985470983,0.03287249298954742,0.0029,0.003,2006-12-31,e85ac74d630dff95,French F-F_Research_Data_Factors CRSP 202607 sha256 b840dba55d31,"{""comision_por_lado"": 0.0029, ""cortes"": [""2006-12-31""], ""efectivo_en_mxn"": false, ""exposicion_inicial"": 0.0, ""exposicion_max"": 1.0, ""exposicion_min"": 0.0, ""extras"": [], ""fx"": false, ""max_dias_fx"": 10, ""min_historia"": 12, ""periodos_por_anio"": 12, ""permitir_capturas"": false, ""rebalanceo_con_deriva"": true, ""segmentos"": [""dentro_muestra"", ""fuera_muestra""], ""senal"": ""media_movil_12"", ""spread_por_lado"": 0.003, ""usuario"": {""bloque"": ""C"", ""escenario_costos"": ""spread_iliquido"", ""senal_sobre"": ""indice TR (Mkt-RF+RF)"", ""ventana"": 12}, ""variante"": ""sma12|spread_iliquido""}",sensibilidad de costos: spread_iliquido
2026-09-25T05:28:45.179337Z,R01,73ef56203f,sma12|spread_iliquido,0,dentro_muestra,1927-06-30,2006-12-31,954,12,USD,1242.7541182366474,0.09376821864927143,0.1293335474168326,0.47654505905751404,0.706128297567969,-0.4692763854517814,0.19981448365231283,0.13756670906392093,-0.6631732467284466,8.902164737722563,0.9999679900830061,0.720125786163522,0.720125786163522,1.2955249836426874,0.007643597403491866,103,0.10073588705476877,0.037291120660129184,0.0029,0.003,2006-12-31,e85ac74d630dff95,French F-F_Research_Data_Factors CRSP 202607 sha256 b840dba55d31,"{""comision_por_lado"": 0.0029, ""cortes"": [""2006-12-31""], ""efectivo_en_mxn"": false, ""exposicion_inicial"": 0.0, ""exposicion_max"": 1.0, ""exposicion_min"": 0.0, ""extras"": [], ""fx"": false, ""max_dias_fx"": 10, ""min_historia"": 12, ""periodos_por_anio"": 12, ""permitir_capturas"": false, ""rebalanceo_con_deriva"": true, ""segmentos"": [""dentro_muestra"", ""fuera_muestra""], ""senal"": ""media_movil_12"", ""spread_por_lado"": 0.003, ""usuario"": {""bloque"": ""C"", ""escenario_costos"": ""spread_iliquido"", ""senal_sobre"": ""indice TR (Mkt-RF+RF)"", ""ventana"": 12}, ""variante"": ""sma12|spread_iliquido""}",sensibilidad de costos: spread_iliquido
2026-09-25T05:28:45.179337Z,R01,73ef56203f,sma12|spread_iliquido,0,fuera_muestra,2006-12-31,2026-07-31,235,12,USD,3.4411791429496956,0.07911442688313919,0.11217673809978047,0.6023010574328573,0.9249257653583808,-0.20514499121973695,0.3856512723647118,0.17386933882102823,-0.2924479305666924,4.384463239302128,0.9948193464044139,0.7872340425531915,0.7872340425531915,1.4299496644295302,0.008436703020134226,28,0.11020794942552814,0.015124226882966774,0.0029,0.003,2006-12-31,e85ac74d630dff95,French F-F_Research_Data_Factors CRSP 202607 sha256 b840dba55d31,"{""comision_por_lado"": 0.0029, ""cortes"": [""2006-12-31""], ""efectivo_en_mxn"": false, ""exposicion_inicial"": 0.0, ""exposicion_max"": 1.0, ""exposicion_min"": 0.0, ""extras"": [], ""fx"": false, ""max_dias_fx"": 10, ""min_historia"": 12, ""periodos_por_anio"": 12, ""permitir_capturas"": false, ""rebalanceo_con_deriva"": true, ""segmentos"": [""dentro_muestra"", ""fuera_muestra""], ""senal"": ""media_movil_12"", ""spread_por_lado"": 0.003, ""usuario"": {""bloque"": ""C"", ""escenario_costos"": ""spread_iliquido"", ""senal_sobre"": ""indice TR (Mkt-RF+RF)"", ""ventana"": 12}, ""variante"": ""sma12|spread_iliquido""}",sensibilidad de costos: spread_iliquido
2026-09-25T05:28:45.195130Z,R01,00dfc3651e,mom12|spread_iliquido,0,completo,1927-06-30,2026-07-31,1189,12,USD,7107.124136914315,0.09363656295881051,0.12574937695773492,0.5188452217447386,0.7799170297289726,-0.4585107206922867,0.2042189173187324,0.14977771422103794,-0.5774895674015201,8.628945019315681,0.9999994070103975,0.7064760302775441,0.7064760302775441,0.8780290680003315,0.0051803715012019615,87,0.10260130985470983,0.03287249298954742,0.0029,0.003,2006-12-31,e85ac74d630dff95,French F-F_Research_Data_Factors CRSP 202607 sha256 b840dba55d31,"{""comision_por_lado"": 0.0029, ""cortes"": [""2006-12-31""], ""efectivo_en_mxn"": false, ""exposicion_inicial"": 0.0, ""exposicion_max"": 1.0, ""exposicion_min"": 0.0, ""extras"": [], ""fx"": false, ""max_dias_fx"": 10, ""min_historia"": 12, ""periodos_por_anio"": 12, ""permitir_capturas"": false, ""rebalanceo_con_deriva"": true, ""segmentos"": [""dentro_muestra"", ""fuera_muestra""], ""senal"": ""momentum_absoluto_12"", ""spread_por_lado"": 0.003, ""usuario"": {""bloque"": ""C"", ""escenario_costos"": ""spread_iliquido"", ""regla"": ""momentum absoluto vs RF"", ""ventana"": 12}, ""variante"": ""mom12|spread_iliquido""}",sensibilidad de costos: spread_iliquido
2026-09-25T05:28:45.195130Z,R01,00dfc3651e,mom12|spread_iliquido,0,dentro_muestra,1927-06-30,2006-12-31,954,12,USD,1431.0742909103285,0.09570957902662203,0.12597427518757862,0.4992002158047876,0.7457612356011735,-0.4585107206922867,0.20874011164256753,0.1441066894872067,-0.651988983589479,9.581705415735755,0.9999847226040441,0.6844863731656184,0.6844863731656184,0.8930317848410758,0.005268887530562351,71,0.10073588705476877,0.037291120660129184,0.0029,0.003,2006-12-31,e85ac74d630dff95,French F-F_Research_Data_Factors CRSP 202607 sha256 b840dba55d31,"{""comision_por_lado"": 0.0029, ""cortes"": [""2006-12-31""], ""efectivo_en_mxn"": false, ""exposicion_inicial"": 0.0, ""exposicion_max"": 1.0, ""exposicion_min"": 0.0, ""extras"": [], ""fx"": false, ""max_dias_fx"": 10, ""min_historia"": 12, ""periodos_por_anio"": 12, ""permitir_capturas"": false, ""rebalanceo_con_deriva"": true, ""segmentos"": [""dentro_muestra"", ""fuera_muestra""], ""senal"": ""momentum_absoluto_12"", ""spread_por_lado"": 0.003, ""usuario"": {""bloque"": ""C"", ""escenario_costos"": ""spread_iliquido"", ""regla"": ""momentum absoluto vs RF"", ""ventana"": 12}, ""variante"": ""mom12|spread_iliquido""}",sensibilidad de costos: spread_iliquido
2026-09-25T05:28:45.195130Z,R01,00dfc3651e,mom12|spread_iliquido,0,fuera_muestra,2006-12-31,2026-07-31,235,12,USD,3.963516335731356,0.08525978603292184,0.12507331257450724,0.598497265408452,0.9255833297756471,-0.254608841079797,0.33486577163359604,0.17277127864641237,-0.2628816577639212,4.538881668514921,0.994656984423852,0.7957446808510639,0.7957446808510639,0.8171140939597316,0.004820973154362418,16,0.11020794942552814,0.015124226882966774,0.0029,0.003,2006-12-31,e85ac74d630dff95,French F-F_Research_Data_Factors CRSP 202607 sha256 b840dba55d31,"{""comision_por_lado"": 0.0029, ""cortes"": [""2006-12-31""], ""efectivo_en_mxn"": false, ""exposicion_inicial"": 0.0, ""exposicion_max"": 1.0, ""exposicion_min"": 0.0, ""extras"": [], ""fx"": false, ""max_dias_fx"": 10, ""min_historia"": 12, ""periodos_por_anio"": 12, ""permitir_capturas"": false, ""rebalanceo_con_deriva"": true, ""segmentos"": [""dentro_muestra"", ""fuera_muestra""], ""senal"": ""momentum_absoluto_12"", ""spread_por_lado"": 0.003, ""usuario"": {""bloque"": ""C"", ""escenario_costos"": ""spread_iliquido"", ""regla"": ""momentum absoluto vs RF"", ""ventana"": 12}, ""variante"": ""mom12|spread_iliquido""}",sensibilidad de costos: spread_iliquido
2026-09-25T05:28:45.207163Z,R01,d1c715d521,comprar_y_mantener|spread_iliquido,0,completo,1927-06-30,2026-07-31,1189,12,USD,15865.868130139543,0.10253546353318943,0.18406361612707808,0.44732093204882356,0.6753101089533817,-0.8365224657023862,0.12257347260494136,0.1291304302662713,0.15625954892136518,10.312521715900214,0.9999948283755218,1.0,1.0,0.010092288137934845,5.954450001381559e-05,1,0.10260130985470983,0.03287249298954742,0.0029,0.003,2006-12-31,e85ac74d630dff95,French F-F_Research_Data_Factors CRSP 202607 sha256 b840dba55d31,"{""comision_por_lado"": 0.0029, ""cortes"": [""2006-12-31""], ""efectivo_en_mxn"": false, ""exposicion_inicial"": 0.0, ""exposicion_max"": 1.0, ""exposicion_min"": 0.0, ""extras"": [], ""fx"": false, ""max_dias_fx"": 10, ""min_historia"": 12, ""periodos_por_anio"": 12, ""permitir_capturas"": false, ""rebalanceo_con_deriva"": true, ""segmentos"": [""dentro_muestra"", ""fuera_muestra""], ""senal"": ""senal_comprar_y_mantener"", ""spread_por_lado"": 0.003, ""usuario"": {""bloque"": ""C"", ""escenario_costos"": ""spread_iliquido""}, ""variante"": ""comprar_y_mantener|spread_iliquido""}",sensibilidad de costos: spread_iliquido
2026-09-25T05:28:45.207163Z,R01,d1c715d521,comprar_y_mantener|spread_iliquido,0,dentro_muestra,1927-06-30,2006-12-31,954,12,USD,2047.4437021720692,0.10065396291820639,0.18979226827536613,0.40763048149459813,0.6160723417185067,-0.8365224657023862,0.12032427943664642,0.11767278411040151,0.25623649946740545,10.904107444312189,0.9998556070083848,1.0,1.0,0.012577912462550363,7.420968352904715e-05,1,0.10073588705476877,0.037291120660129184,0.0029,0.003,2006-12-31,e85ac74d630dff95,French F-F_Research_Data_Factors CRSP 202607 sha256 b840dba55d31,"{""comision_por_lado"": 0.0029, ""cortes"": [""2006-12-31""], ""efectivo_en_mxn"": false, ""exposicion_inicial"": 0.0, ""exposicion_max"": 1.0, ""exposicion_min"": 0.0, ""extras"": [], ""fx"": false, ""max_dias_fx"": 10, ""min_historia"": 12, ""periodos_por_anio"": 12, ""permitir_capturas"": false, ""rebalanceo_con_deriva"": true, ""segmentos"": [""dentro_muestra"", ""fuera_muestra""], ""senal"": ""senal_comprar_y_mantener"", ""spread_por_lado"": 0.003, ""usuario"": {""bloque"": ""C"", ""escenario_costos"": ""spread_iliquido""}, ""variante"": ""comprar_y_mantener|spread_iliquido""}",sensibilidad de costos: spread_iliquido
2026-09-25T05:28:45.207163Z,R01,d1c715d521,comprar_y_mantener|spread_iliquido,0,fuera_muestra,2006-12-31,2026-07-31,235,12,USD,6.745816061879126,0.11020794942552814,0.159062982403124,0.6452006427175135,0.969267472829161,-0.5031170717166413,0.21905030781304505,0.186253382377138,-0.4995817776621852,4.0069978983606465,0.9964617573696892,1.0,1.0,0.0,0.0,0,0.11020794942552814,0.015124226882966774,0.0029,0.003,2006-12-31,e85ac74d630dff95,French F-F_Research_Data_Factors CRSP 202607 sha256 b840dba55d31,"{""comision_por_lado"": 0.0029, ""cortes"": [""2006-12-31""], ""efectivo_en_mxn"": false, ""exposicion_inicial"": 0.0, ""exposicion_max"": 1.0, ""exposicion_min"": 0.0, ""extras"": [], ""fx"": false, ""max_dias_fx"": 10, ""min_historia"": 12, ""periodos_por_anio"": 12, ""permitir_capturas"": false, ""rebalanceo_con_deriva"": true, ""segmentos"": [""dentro_muestra"", ""fuera_muestra""], ""senal"": ""senal_comprar_y_mantener"", ""spread_por_lado"": 0.003, ""usuario"": {""bloque"": ""C"", ""escenario_costos"": ""spread_iliquido""}, ""variante"": ""comprar_y_mantener|spread_iliquido""}",sensibilidad de costos: spread_iliquido
2026-09-25T05:28:45.221279Z,R01,4255d3e238,sma6|doble_pierna,0,completo,1927-06-30,2026-07-31,1189,12,USD,1685.177948423186,0.0778711278762112,0.12818593687157412,0.39598532730186414,0.6042698322566713,-0.47870117215828034,0.16267168832096252,0.11431111765643667,0.19339888560738663,15.068294647002308,0.9999506658710042,0.7056349873843566,0.7056349873843566,2.1900265259318616,0.01489218037633661,217,0.10260130985470983,0.03287249298954742,0.0058,0.001,2006-12-31,e85ac74d630dff95,French F-F_Research_Data_Factors CRSP 202607 sha256 b840dba55d31,"{""comision_por_lado"": 0.0058, ""cortes"": [""2006-12-31""], ""efectivo_en_mxn"": false, ""exposicion_inicial"": 0.0, ""exposicion_max"": 1.0, ""exposicion_min"": 0.0, ""extras"": [], ""fx"": false, ""max_dias_fx"": 10, ""min_historia"": 12, ""periodos_por_anio"": 12, ""permitir_capturas"": false, ""rebalanceo_con_deriva"": true, ""segmentos"": [""dentro_muestra"", ""fuera_muestra""], ""senal"": ""media_movil_6"", ""spread_por_lado"": 0.001, ""usuario"": {""bloque"": ""C"", ""escenario_costos"": ""doble_pierna"", ""senal_sobre"": ""indice TR (Mkt-RF+RF)"", ""ventana"": 6}, ""variante"": ""sma6|doble_pierna""}",sensibilidad de costos: doble_pierna
2026-09-25T05:28:45.221279Z,R01,4255d3e238,sma6|doble_pierna,0,dentro_muestra,1927-06-30,2006-12-31,954,12,USD,351.95284973373595,0.07657665352945497,0.13337417307100868,0.3446644087982161,0.5231560060782491,-0.47870117215828034,0.15996754965984344,0.09949604459986665,0.25097145782708635,15.641514074839591,0.9988722812982151,0.6960167714884696,0.6960167714884696,2.251446330796515,0.015309835049416283,179,0.10073588705476877,0.037291120660129184,0.0058,0.001,2006-12-31,e85ac74d630dff95,French F-F_Research_Data_Factors CRSP 202607 sha256 b840dba55d31,"{""comision_por_lado"": 0.0058, ""cortes"": [""2006-12-31""], ""efectivo_en_mxn"": false, ""exposicion_inicial"": 0.0, ""exposicion_max"": 1.0, ""exposicion_min"": 0.0, ""extras"": [], ""fx"": false, ""max_dias_fx"": 10, ""min_historia"": 12, ""periodos_por_anio"": 12, ""permitir_capturas"": false, ""rebalanceo_con_deriva"": true, ""segmentos"": [""dentro_muestra"", ""fuera_muestra""], ""senal"": ""media_movil_6"", ""spread_por_lado"": 0.001, ""usuario"": {""bloque"": ""C"", ""escenario_costos"": ""doble_pierna"", ""senal_sobre"": ""indice TR (Mkt-RF+RF)"", ""ventana"": 6}, ""variante"": ""sma6|doble_pierna""}",sensibilidad de costos: doble_pierna
2026-09-25T05:28:45.221279Z,R01,4255d3e238,sma6|doble_pierna,0,fuera_muestra,2006-12-31,2026-07-31,235,12,USD,3.7773461800782195,0.08314304327632804,0.10475989090256768,0.6710274442172874,1.0628998499537283,-0.18480882664690945,0.4498867547878479,0.19370893777623877,-0.20945093792353553,4.411879718103741,0.9978895683640616,0.7446808510638298,0.7446808510638298,1.9406459731543626,0.013196392617449664,38,0.11020794942552814,0.015124226882966774,0.0058,0.001,2006-12-31,e85ac74d630dff95,French F-F_Research_Data_Factors CRSP 202607 sha256 b840dba55d31,"{""comision_por_lado"": 0.0058, ""cortes"": [""2006-12-31""], ""efectivo_en_mxn"": false, ""exposicion_inicial"": 0.0, ""exposicion_max"": 1.0, ""exposicion_min"": 0.0, ""extras"": [], ""fx"": false, ""max_dias_fx"": 10, ""min_historia"": 12, ""periodos_por_anio"": 12, ""permitir_capturas"": false, ""rebalanceo_con_deriva"": true, ""segmentos"": [""dentro_muestra"", ""fuera_muestra""], ""senal"": ""media_movil_6"", ""spread_por_lado"": 0.001, ""usuario"": {""bloque"": ""C"", ""escenario_costos"": ""doble_pierna"", ""senal_sobre"": ""indice TR (Mkt-RF+RF)"", ""ventana"": 6}, ""variante"": ""sma6|doble_pierna""}",sensibilidad de costos: doble_pierna
2026-09-25T05:28:45.234912Z,R01,03c6ed5596,sma8|doble_pierna,0,completo,1927-06-30,2026-07-31,1189,12,USD,1621.224017937066,0.07745059029217072,0.12326822142460361,0.4049268429251391,0.5875343501965353,-0.5537834798846997,0.13985717000495626,0.11689231088246718,-0.7363962432567281,9.099712498364772,0.9999326468957114,0.7115222876366695,0.7115222876366695,1.766150424138598,0.012009822884142454,175,0.10260130985470983,0.03287249298954742,0.0058,0.001,2006-12-31,e85ac74d630dff95,French F-F_Research_Data_Factors CRSP 202607 sha256 b840dba55d31,"{""comision_por_lado"": 0.0058, ""cortes"": [""2006-12-31""], ""efectivo_en_mxn"": false, ""exposicion_inicial"": 0.0, ""exposicion_max"": 1.0, ""exposicion_min"": 0.0, ""extras"": [], ""fx"": false, ""max_dias_fx"": 10, ""min_historia"": 12, ""periodos_por_anio"": 12, ""permitir_capturas"": false, ""rebalanceo_con_deriva"": true, ""segmentos"": [""dentro_muestra"", ""fuera_muestra""], ""senal"": ""media_movil_8"", ""spread_por_lado"": 0.001, ""usuario"": {""bloque"": ""C"", ""escenario_costos"": ""doble_pierna"", ""senal_sobre"": ""indice TR (Mkt-RF+RF)"", ""ventana"": 8}, ""variante"": ""sma8|doble_pierna""}",sensibilidad de costos: doble_pierna
2026-09-25T05:28:45.234912Z,R01,03c6ed5596,sma8|doble_pierna,0,dentro_muestra,1927-06-30,2006-12-31,954,12,USD,287.63301397069046,0.07385592245545936,0.12702457950429194,0.337086448927138,0.48118215041741436,-0.5537834798846997,0.13336606297977055,0.09730847601412909,-0.7972677597990198,9.508709268115023,0.9979290805745119,0.6970649895178197,0.6970649895178197,1.8237973070698026,0.01240182168807467,145,0.10073588705476877,0.037291120660129184,0.0058,0.001,2006-12-31,e85ac74d630dff95,French F-F_Research_Data_Factors CRSP 202607 sha256 b840dba55d31,"{""comision_por_lado"": 0.0058, ""cortes"": [""2006-12-31""], ""efectivo_en_mxn"": false, ""exposicion_inicial"": 0.0, ""exposicion_max"": 1.0, ""exposicion_min"": 0.0, ""extras"": [], ""fx"": false, ""max_dias_fx"": 10, ""min_historia"": 12, ""periodos_por_anio"": 12, ""permitir_capturas"": false, ""rebalanceo_con_deriva"": true, ""segmentos"": [""dentro_muestra"", ""fuera_muestra""], ""senal"": ""media_movil_8"", ""spread_por_lado"": 0.001, ""usuario"": {""bloque"": ""C"", ""escenario_costos"": ""doble_pierna"", ""senal_sobre"": ""indice TR (Mkt-RF+RF)"", ""ventana"": 8}, ""variante"": ""sma8|doble_pierna""}",sensibilidad de costos: doble_pierna
2026-09-25T05:28:45.234912Z,R01,03c6ed5596,sma8|doble_pierna,0,fuera_muestra,2006-12-31,2026-07-31,235,12,USD,4.620368909364595,0.09216992375777822,0.10684980965583268,0.7380909080341671,1.1881688204309002,-0.1492601075311739,0.6175121087764723,0.21306849221997085,-0.1953692112102279,4.245831083996835,0.9991509641293042,0.7702127659574468,0.7702127659574468,1.5320889261744968,0.010418204697986577,30,0.11020794942552814,0.015124226882966774,0.0058,0.001,2006-12-31,e85ac74d630dff95,French F-F_Research_Data_Factors CRSP 202607 sha256 b840dba55d31,"{""comision_por_lado"": 0.0058, ""cortes"": [""2006-12-31""], ""efectivo_en_mxn"": false, ""exposicion_inicial"": 0.0, ""exposicion_max"": 1.0, ""exposicion_min"": 0.0, ""extras"": [], ""fx"": false, ""max_dias_fx"": 10, ""min_historia"": 12, ""periodos_por_anio"": 12, ""permitir_capturas"": false, ""rebalanceo_con_deriva"": true, ""segmentos"": [""dentro_muestra"", ""fuera_muestra""], ""senal"": ""media_movil_8"", ""spread_por_lado"": 0.001, ""usuario"": {""bloque"": ""C"", ""escenario_costos"": ""doble_pierna"", ""senal_sobre"": ""indice TR (Mkt-RF+RF)"", ""ventana"": 8}, ""variante"": ""sma8|doble_pierna""}",sensibilidad de costos: doble_pierna
2026-09-25T05:28:45.248732Z,R01,2284a9da68,sma10|doble_pierna,0,completo,1927-06-30,2026-07-31,1189,12,USD,3771.6318524283192,0.08666711899856905,0.12546059093331033,0.46883872908734375,0.6910615462394567,-0.45084192276072466,0.19223393970965272,0.13534208322254998,-0.6700446022574401,8.534542988552419,0.999994530511128,0.7300252312867956,0.7300252312867956,1.4835663562764223,0.010088251222679681,147,0.10260130985470983,0.03287249298954742,0.0058,0.001,2006-12-31,e85ac74d630dff95,French F-F_Research_Data_Factors CRSP 202607 sha256 b840dba55d31,"{""comision_por_lado"": 0.0058, ""cortes"": [""2006-12-31""], ""efectivo_en_mxn"": false, ""exposicion_inicial"": 0.0, ""exposicion_max"": 1.0, ""exposicion_min"": 0.0, ""extras"": [], ""fx"": false, ""max_dias_fx"": 10, ""min_historia"": 12, ""periodos_por_anio"": 12, ""permitir_capturas"": false, ""rebalanceo_con_deriva"": true, ""segmentos"": [""dentro_muestra"", ""fuera_muestra""], ""senal"": ""media_movil_10"", ""spread_por_lado"": 0.001, ""usuario"": {""bloque"": ""C"", ""escenario_costos"": ""doble_pierna"", ""senal_sobre"": ""indice TR (Mkt-RF+RF)"", ""ventana"": 10}, ""variante"": ""sma10|doble_pierna""}",sensibilidad de costos: doble_pierna
2026-09-25T05:28:45.248732Z,R01,2284a9da68,sma10|doble_pierna,0,dentro_muestra,1927-06-30,2006-12-31,954,12,USD,793.7569351369717,0.08762427827985975,0.1293199662387186,0.43274438789671327,0.6322350044236873,-0.45084192276072466,0.19435698823945569,0.12492254442123363,-0.7182086283722109,8.900921610126504,0.9998653194881669,0.7169811320754716,0.7169811320754716,1.4716157581183924,0.010006987155205071,117,0.10073588705476877,0.037291120660129184,0.0058,0.001,2006-12-31,e85ac74d630dff95,French F-F_Research_Data_Factors CRSP 202607 sha256 b840dba55d31,"{""comision_por_lado"": 0.0058, ""cortes"": [""2006-12-31""], ""efectivo_en_mxn"": false, ""exposicion_inicial"": 0.0, ""exposicion_max"": 1.0, ""exposicion_min"": 0.0, ""extras"": [], ""fx"": false, ""max_dias_fx"": 10, ""min_historia"": 12, ""periodos_por_anio"": 12, ""permitir_capturas"": false, ""rebalanceo_con_deriva"": true, ""segmentos"": [""dentro_muestra"", ""fuera_muestra""], ""senal"": ""media_movil_10"", ""spread_por_lado"": 0.001, ""usuario"": {""bloque"": ""C"", ""escenario_costos"": ""doble_pierna"", ""senal_sobre"": ""indice TR (Mkt-RF+RF)"", ""ventana"": 10}, ""variante"": ""sma10|doble_pierna""}",sensibilidad de costos: doble_pierna
2026-09-25T05:28:45.248732Z,R01,2284a9da68,sma10|doble_pierna,0,fuera_muestra,2006-12-31,2026-07-31,235,12,USD,3.7469001975781797,0.08278944634921293,0.10862604208244754,0.6482220851355321,1.0105241131273457,-0.20945292197187382,0.39526517734772987,0.18712559767383,-0.2705102979354975,4.244094817135143,0.9970713707469245,0.7829787234042553,0.7829787234042553,1.5320889261744968,0.010418204697986577,30,0.11020794942552814,0.015124226882966774,0.0058,0.001,2006-12-31,e85ac74d630dff95,French F-F_Research_Data_Factors CRSP 202607 sha256 b840dba55d31,"{""comision_por_lado"": 0.0058, ""cortes"": [""2006-12-31""], ""efectivo_en_mxn"": false, ""exposicion_inicial"": 0.0, ""exposicion_max"": 1.0, ""exposicion_min"": 0.0, ""extras"": [], ""fx"": false, ""max_dias_fx"": 10, ""min_historia"": 12, ""periodos_por_anio"": 12, ""permitir_capturas"": false, ""rebalanceo_con_deriva"": true, ""segmentos"": [""dentro_muestra"", ""fuera_muestra""], ""senal"": ""media_movil_10"", ""spread_por_lado"": 0.001, ""usuario"": {""bloque"": ""C"", ""escenario_costos"": ""doble_pierna"", ""senal_sobre"": ""indice TR (Mkt-RF+RF)"", ""ventana"": 10}, ""variante"": ""sma10|doble_pierna""}",sensibilidad de costos: doble_pierna
2026-09-25T05:28:45.262446Z,R01,857a90f7d5,sma12|doble_pierna,0,completo,1927-06-30,2026-07-31,1189,12,USD,4904.714632170791,0.08955116864943813,0.12615491153263442,0.48838560406483844,0.7263727234875549,-0.47167446995398477,0.18985799392147404,0.14098477998758624,-0.6151611849852844,8.41993764927498,0.9999977226442112,0.7333894028595458,0.7333894028595458,1.3220897460694647,0.008990210273272367,131,0.10260130985470983,0.03287249298954742,0.0058,0.001,2006-12-31,e85ac74d630dff95,French F-F_Research_Data_Factors CRSP 202607 sha256 b840dba55d31,"{""comision_por_lado"": 0.0058, ""cortes"": [""2006-12-31""], ""efectivo_en_mxn"": false, ""exposicion_inicial"": 0.0, ""exposicion_max"": 1.0, ""exposicion_min"": 0.0, ""extras"": [], ""fx"": false, ""max_dias_fx"": 10, ""min_historia"": 12, ""periodos_por_anio"": 12, ""permitir_capturas"": false, ""rebalanceo_con_deriva"": true, ""segmentos"": [""dentro_muestra"", ""fuera_muestra""], ""senal"": ""media_movil_12"", ""spread_por_lado"": 0.001, ""usuario"": {""bloque"": ""C"", ""escenario_costos"": ""doble_pierna"", ""senal_sobre"": ""indice TR (Mkt-RF+RF)"", ""ventana"": 12}, ""variante"": ""sma12|doble_pierna""}",sensibilidad de costos: doble_pierna
2026-09-25T05:28:45.262446Z,R01,857a90f7d5,sma12|doble_pierna,0,dentro_muestra,1927-06-30,2006-12-31,954,12,USD,1131.9693249198613,0.0924855177061803,0.12937920049892515,0.4673109071501867,0.6915835127722846,-0.47167446995398477,0.19607912574789754,0.13490103901920425,-0.6618357972099398,8.868332898387386,0.9999568469795937,0.720125786163522,0.720125786163522,1.2955249836426874,0.008809569888770272,103,0.10073588705476877,0.037291120660129184,0.0058,0.001,2006-12-31,e85ac74d630dff95,French F-F_Research_Data_Factors CRSP 202607 sha256 b840dba55d31,"{""comision_por_lado"": 0.0058, ""cortes"": [""2006-12-31""], ""efectivo_en_mxn"": false, ""exposicion_inicial"": 0.0, ""exposicion_max"": 1.0, ""exposicion_min"": 0.0, ""extras"": [], ""fx"": false, ""max_dias_fx"": 10, ""min_historia"": 12, ""periodos_por_anio"": 12, ""permitir_capturas"": false, ""rebalanceo_con_deriva"": true, ""segmentos"": [""dentro_muestra"", ""fuera_muestra""], ""senal"": ""media_movil_12"", ""spread_por_lado"": 0.001, ""usuario"": {""bloque"": ""C"", ""escenario_costos"": ""doble_pierna"", ""senal_sobre"": ""indice TR (Mkt-RF+RF)"", ""ventana"": 12}, ""variante"": ""sma12|doble_pierna""}",sensibilidad de costos: doble_pierna
2026-09-25T05:28:45.262446Z,R01,857a90f7d5,sma12|doble_pierna,0,fuera_muestra,2006-12-31,2026-07-31,235,12,USD,3.3299624484694608,0.07771768506208643,0.11229671754532469,0.5901907969067621,0.9045400948396664,-0.2094529219718736,0.3710508515728549,0.17037340773367946,-0.2925424178004461,4.393721426143683,0.9940361339505026,0.7872340425531915,0.7872340425531915,1.4299496644295302,0.009723657718120806,28,0.11020794942552814,0.015124226882966774,0.0058,0.001,2006-12-31,e85ac74d630dff95,French F-F_Research_Data_Factors CRSP 202607 sha256 b840dba55d31,"{""comision_por_lado"": 0.0058, ""cortes"": [""2006-12-31""], ""efectivo_en_mxn"": false, ""exposicion_inicial"": 0.0, ""exposicion_max"": 1.0, ""exposicion_min"": 0.0, ""extras"": [], ""fx"": false, ""max_dias_fx"": 10, ""min_historia"": 12, ""periodos_por_anio"": 12, ""permitir_capturas"": false, ""rebalanceo_con_deriva"": true, ""segmentos"": [""dentro_muestra"", ""fuera_muestra""], ""senal"": ""media_movil_12"", ""spread_por_lado"": 0.001, ""usuario"": {""bloque"": ""C"", ""escenario_costos"": ""doble_pierna"", ""senal_sobre"": ""indice TR (Mkt-RF+RF)"", ""ventana"": 12}, ""variante"": ""sma12|doble_pierna""}",sensibilidad de costos: doble_pierna
2026-09-25T05:28:45.279507Z,R01,4dc0f46543,mom12|doble_pierna,0,completo,1927-06-30,2026-07-31,1189,12,USD,6568.501712135194,0.09276716555918418,0.1257298382463124,0.5125563915915697,0.7698931660052551,-0.46095745005050914,0.2012488691722398,0.147962285330128,-0.5765502979859087,8.611604820946571,0.9999992223888767,0.7064760302775441,0.7064760302775441,0.8780290680003315,0.005970597662402248,87,0.10260130985470983,0.03287249298954742,0.0058,0.001,2006-12-31,e85ac74d630dff95,French F-F_Research_Data_Factors CRSP 202607 sha256 b840dba55d31,"{""comision_por_lado"": 0.0058, ""cortes"": [""2006-12-31""], ""efectivo_en_mxn"": false, ""exposicion_inicial"": 0.0, ""exposicion_max"": 1.0, ""exposicion_min"": 0.0, ""extras"": [], ""fx"": false, ""max_dias_fx"": 10, ""min_historia"": 12, ""periodos_por_anio"": 12, ""permitir_capturas"": false, ""rebalanceo_con_deriva"": true, ""segmentos"": [""dentro_muestra"", ""fuera_muestra""], ""senal"": ""momentum_absoluto_12"", ""spread_por_lado"": 0.001, ""usuario"": {""bloque"": ""C"", ""escenario_costos"": ""doble_pierna"", ""regla"": ""momentum absoluto vs RF"", ""ventana"": 12}, ""variante"": ""mom12|doble_pierna""}",sensibilidad de costos: doble_pierna
2026-09-25T05:28:45.279507Z,R01,4dc0f46543,mom12|doble_pierna,0,dentro_muestra,1927-06-30,2006-12-31,954,12,USD,1341.8786873320582,0.09482365629287526,0.12595114421725867,0.49282442567663215,0.7356355422318452,-0.46095745005050914,0.20571021529749658,0.14226615741381315,-0.6517725228166837,9.561167620477292,0.9999810978875121,0.6844863731656184,0.6844863731656184,0.8930317848410758,0.0060726161369193035,71,0.10073588705476877,0.037291120660129184,0.0058,0.001,2006-12-31,e85ac74d630dff95,French F-F_Research_Data_Factors CRSP 202607 sha256 b840dba55d31,"{""comision_por_lado"": 0.0058, ""cortes"": [""2006-12-31""], ""efectivo_en_mxn"": false, ""exposicion_inicial"": 0.0, ""exposicion_max"": 1.0, ""exposicion_min"": 0.0, ""extras"": [], ""fx"": false, ""max_dias_fx"": 10, ""min_historia"": 12, ""periodos_por_anio"": 12, ""permitir_capturas"": false, ""rebalanceo_con_deriva"": true, ""segmentos"": [""dentro_muestra"", ""fuera_muestra""], ""senal"": ""momentum_absoluto_12"", ""spread_por_lado"": 0.001, ""usuario"": {""bloque"": ""C"", ""escenario_costos"": ""doble_pierna"", ""regla"": ""momentum absoluto vs RF"", ""ventana"": 12}, ""variante"": ""mom12|doble_pierna""}",sensibilidad de costos: doble_pierna
2026-09-25T05:28:45.279507Z,R01,4dc0f46543,mom12|doble_pierna,0,fuera_muestra,2006-12-31,2026-07-31,235,12,USD,3.892103638331651,0.08445687982999828,0.12506884216177588,0.5925665101299359,0.916029275459476,-0.2579769048653283,0.327381553298685,0.17105921706813781,-0.259047895480954,4.537015351238237,0.9942877846019675,0.7957446808510639,0.7957446808510639,0.8171140939597316,0.005556375838926175,16,0.11020794942552814,0.015124226882966774,0.0058,0.001,2006-12-31,e85ac74d630dff95,French F-F_Research_Data_Factors CRSP 202607 sha256 b840dba55d31,"{""comision_por_lado"": 0.0058, ""cortes"": [""2006-12-31""], ""efectivo_en_mxn"": false, ""exposicion_inicial"": 0.0, ""exposicion_max"": 1.0, ""exposicion_min"": 0.0, ""extras"": [], ""fx"": false, ""max_dias_fx"": 10, ""min_historia"": 12, ""periodos_por_anio"": 12, ""permitir_capturas"": false, ""rebalanceo_con_deriva"": true, ""segmentos"": [""dentro_muestra"", ""fuera_muestra""], ""senal"": ""momentum_absoluto_12"", ""spread_por_lado"": 0.001, ""usuario"": {""bloque"": ""C"", ""escenario_costos"": ""doble_pierna"", ""regla"": ""momentum absoluto vs RF"", ""ventana"": 12}, ""variante"": ""mom12|doble_pierna""}",sensibilidad de costos: doble_pierna
2026-09-25T05:28:45.293425Z,R01,e9c0c70713,comprar_y_mantener|doble_pierna,0,completo,1927-06-30,2026-07-31,1189,12,USD,15851.50319570932,0.1025253851857475,0.18406047148602644,0.44727552758326367,0.6752301281762229,-0.8365224657023863,0.12256142469486701,0.12911732312606458,0.15625715741105378,10.313146859333383,0.9999948178264726,1.0,1.0,0.010092288137934845,6.862755933795695e-05,1,0.10260130985470983,0.03287249298954742,0.0058,0.001,2006-12-31,e85ac74d630dff95,French F-F_Research_Data_Factors CRSP 202607 sha256 b840dba55d31,"{""comision_por_lado"": 0.0058, ""cortes"": [""2006-12-31""], ""efectivo_en_mxn"": false, ""exposicion_inicial"": 0.0, ""exposicion_max"": 1.0, ""exposicion_min"": 0.0, ""extras"": [], ""fx"": false, ""max_dias_fx"": 10, ""min_historia"": 12, ""periodos_por_anio"": 12, ""permitir_capturas"": false, ""rebalanceo_con_deriva"": true, ""segmentos"": [""dentro_muestra"", ""fuera_muestra""], ""senal"": ""senal_comprar_y_mantener"", ""spread_por_lado"": 0.001, ""usuario"": {""bloque"": ""C"", ""escenario_costos"": ""doble_pierna""}, ""variante"": ""comprar_y_mantener|doble_pierna""}",sensibilidad de costos: doble_pierna
2026-09-25T05:28:45.293425Z,R01,e9c0c70713,comprar_y_mantener|doble_pierna,0,dentro_muestra,1927-06-30,2006-12-31,954,12,USD,2045.5891610474828,0.10064142382883179,0.18978846283021722,0.4075745998623221,0.6159755711843438,-0.8365224657023863,0.12030928989376058,0.11765665247268284,0.25624251926399577,10.904904910243637,0.9998553323274932,1.0,1.0,0.012577912462550363,8.552980474534247e-05,1,0.10073588705476877,0.037291120660129184,0.0058,0.001,2006-12-31,e85ac74d630dff95,French F-F_Research_Data_Factors CRSP 202607 sha256 b840dba55d31,"{""comision_por_lado"": 0.0058, ""cortes"": [""2006-12-31""], ""efectivo_en_mxn"": false, ""exposicion_inicial"": 0.0, ""exposicion_max"": 1.0, ""exposicion_min"": 0.0, ""extras"": [], ""fx"": false, ""max_dias_fx"": 10, ""min_historia"": 12, ""periodos_por_anio"": 12, ""permitir_capturas"": false, ""rebalanceo_con_deriva"": true, ""segmentos"": [""dentro_muestra"", ""fuera_muestra""], ""senal"": ""senal_comprar_y_mantener"", ""spread_por_lado"": 0.001, ""usuario"": {""bloque"": ""C"", ""escenario_costos"": ""doble_pierna""}, ""variante"": ""comprar_y_mantener|doble_pierna""}",sensibilidad de costos: doble_pierna
2026-09-25T05:28:45.293425Z,R01,e9c0c70713,comprar_y_mantener|doble_pierna,0,fuera_muestra,2006-12-31,2026-07-31,235,12,USD,6.745816061879126,0.11020794942552814,0.159062982403124,0.6452006427175135,0.969267472829161,-0.5031170717166413,0.21905030781304505,0.186253382377138,-0.4995817776621852,4.0069978983606465,0.9964617573696892,1.0,1.0,0.0,0.0,0,0.11020794942552814,0.015124226882966774,0.0058,0.001,2006-12-31,e85ac74d630dff95,French F-F_Research_Data_Factors CRSP 202607 sha256 b840dba55d31,"{""comision_por_lado"": 0.0058, ""cortes"": [""2006-12-31""], ""efectivo_en_mxn"": false, ""exposicion_inicial"": 0.0, ""exposicion_max"": 1.0, ""exposicion_min"": 0.0, ""extras"": [], ""fx"": false, ""max_dias_fx"": 10, ""min_historia"": 12, ""periodos_por_anio"": 12, ""permitir_capturas"": false, ""rebalanceo_con_deriva"": true, ""segmentos"": [""dentro_muestra"", ""fuera_muestra""], ""senal"": ""senal_comprar_y_mantener"", ""spread_por_lado"": 0.001, ""usuario"": {""bloque"": ""C"", ""escenario_costos"": ""doble_pierna""}, ""variante"": ""comprar_y_mantener|doble_pierna""}",sensibilidad de costos: doble_pierna
2026-09-25T05:28:45.309438Z,R01,5b6148b11f,sma10|rezago1m,0,completo,1927-06-30,2026-07-31,1189,12,USD,4825.71731276989,0.08937267112059843,0.12921095394705,0.4783285945114809,0.7006410555130879,-0.5101519347696677,0.17518834102030795,0.13808157140114943,-0.7485845944651675,7.871403697236176,0.9999959985867765,0.7300252312867956,0.7300252312867956,1.4835663562764223,0.005044125611339841,147,0.10260130985470983,0.03287249298954742,0.0029,0.0005,2006-12-31,e85ac74d630dff95,French F-F_Research_Data_Factors CRSP 202607 sha256 b840dba55d31,"{""comision_por_lado"": 0.0029, ""cortes"": [""2006-12-31""], ""efectivo_en_mxn"": false, ""exposicion_inicial"": 0.0, ""exposicion_max"": 1.0, ""exposicion_min"": 0.0, ""extras"": [], ""fx"": false, ""max_dias_fx"": 10, ""min_historia"": 12, ""periodos_por_anio"": 12, ""permitir_capturas"": false, ""rebalanceo_con_deriva"": true, ""segmentos"": [""dentro_muestra"", ""fuera_muestra""], ""senal"": ""media_movil_10_rezago_1"", ""spread_por_lado"": 0.0005, ""usuario"": {""bloque"": ""D"", ""escenario_costos"": ""defecto"", ""rezago_meses"": 1, ""ventana"": 10}, ""variante"": ""sma10|rezago1m""}",sensibilidad de ejecucion: decide t con datos hasta t-2
2026-09-25T05:28:45.309438Z,R01,5b6148b11f,sma10|rezago1m,0,dentro_muestra,1927-06-30,2006-12-31,954,12,USD,823.025576140704,0.08811913289299689,0.1315624777674078,0.43102457343872763,0.6211681488904336,-0.5101519347696677,0.1727311549505001,0.12442607675109651,-0.8408308995056806,8.343586603973375,0.9998460516614216,0.7169811320754716,0.7169811320754716,1.4716157581183924,0.005003493577602536,117,0.10073588705476877,0.037291120660129184,0.0029,0.0005,2006-12-31,e85ac74d630dff95,French F-F_Research_Data_Factors CRSP 202607 sha256 b840dba55d31,"{""comision_por_lado"": 0.0029, ""cortes"": [""2006-12-31""], ""efectivo_en_mxn"": false, ""exposicion_inicial"": 0.0, ""exposicion_max"": 1.0, ""exposicion_min"": 0.0, ""extras"": [], ""fx"": false, ""max_dias_fx"": 10, ""min_historia"": 12, ""periodos_por_anio"": 12, ""permitir_capturas"": false, ""rebalanceo_con_deriva"": true, ""segmentos"": [""dentro_muestra"", ""fuera_muestra""], ""senal"": ""media_movil_10_rezago_1"", ""spread_por_lado"": 0.0005, ""usuario"": {""bloque"": ""D"", ""escenario_costos"": ""defecto"", ""rezago_meses"": 1, ""ventana"": 10}, ""variante"": ""sma10|rezago1m""}",sensibilidad de ejecucion: decide t con datos hasta t-2
2026-09-25T05:28:45.309438Z,R01,5b6148b11f,sma10|rezago1m,0,fuera_muestra,2006-12-31,2026-07-31,235,12,USD,4.857484831205918,0.09447721856535884,0.11944982504997635,0.6920050693834818,1.1092257021593788,-0.2153277461153974,0.43876007746222856,0.19976465654456946,-0.201790557962245,4.5395958783831984,0.9983926864088718,0.7829787234042553,0.7829787234042553,1.5320889261744968,0.0052091023489932884,30,0.11020794942552814,0.015124226882966774,0.0029,0.0005,2006-12-31,e85ac74d630dff95,French F-F_Research_Data_Factors CRSP 202607 sha256 b840dba55d31,"{""comision_por_lado"": 0.0029, ""cortes"": [""2006-12-31""], ""efectivo_en_mxn"": false, ""exposicion_inicial"": 0.0, ""exposicion_max"": 1.0, ""exposicion_min"": 0.0, ""extras"": [], ""fx"": false, ""max_dias_fx"": 10, ""min_historia"": 12, ""periodos_por_anio"": 12, ""permitir_capturas"": false, ""rebalanceo_con_deriva"": true, ""segmentos"": [""dentro_muestra"", ""fuera_muestra""], ""senal"": ""media_movil_10_rezago_1"", ""spread_por_lado"": 0.0005, ""usuario"": {""bloque"": ""D"", ""escenario_costos"": ""defecto"", ""rezago_meses"": 1, ""ventana"": 10}, ""variante"": ""sma10|rezago1m""}",sensibilidad de ejecucion: decide t con datos hasta t-2
2026-09-25T05:28:45.327790Z,R01,b2b2dc2450,sma10|vintage202407|defecto,0,completo,1927-06-30,2024-07-31,1165,12,USD,5176.070937267699,0.09208198854591654,0.1257050154095066,0.5093098401674506,0.7542447958850514,-0.4352447323533599,0.21156370589031828,0.14702508666080147,-0.681982966325535,8.695331492236264,0.9999986618022336,0.7270386266094421,0.7270386266094421,1.4729068554186289,0.005007883308423343,143,0.10088703050850234,0.032684093603930986,0.0029,0.0005,2006-12-31,7f6330f17d9d7c84,French F-F_Research_Data_Factors CRSP 202407 sha256 0b04328f5d25,"{""comision_por_lado"": 0.0029, ""cortes"": [""2006-12-31""], ""efectivo_en_mxn"": false, ""exposicion_inicial"": 0.0, ""exposicion_max"": 1.0, ""exposicion_min"": 0.0, ""extras"": [], ""fx"": false, ""max_dias_fx"": 10, ""min_historia"": 12, ""periodos_por_anio"": 12, ""permitir_capturas"": false, ""rebalanceo_con_deriva"": true, ""segmentos"": [""dentro_muestra"", ""fuera_muestra""], ""senal"": ""media_movil_10"", ""spread_por_lado"": 0.0005, ""usuario"": {""bloque"": ""E"", ""escenario_costos"": ""defecto"", ""ventana"": 10, ""vintage"": ""202407""}, ""variante"": ""sma10|vintage202407|defecto""}","sensibilidad de datos: vintage 202407, defecto"
2026-09-25T05:28:45.327790Z,R01,b2b2dc2450,sma10|vintage202407|defecto,0,dentro_muestra,1927-06-30,2006-12-31,954,12,USD,1175.7812220198605,0.09300699686581648,0.12914187476599767,0.4715633136584903,0.6923816670981342,-0.4352447323533599,0.21368896612011692,0.13612860304034066,-0.7251837500522149,9.044300922916294,0.9999597392598651,0.7169811320754716,0.7169811320754716,1.4716157581183924,0.005003493577602536,117,0.1006744458923583,0.03728982902875799,0.0029,0.0005,2006-12-31,7f6330f17d9d7c84,French F-F_Research_Data_Factors CRSP 202407 sha256 0b04328f5d25,"{""comision_por_lado"": 0.0029, ""cortes"": [""2006-12-31""], ""efectivo_en_mxn"": false, ""exposicion_inicial"": 0.0, ""exposicion_max"": 1.0, ""exposicion_min"": 0.0, ""extras"": [], ""fx"": false, ""max_dias_fx"": 10, ""min_historia"": 12, ""periodos_por_anio"": 12, ""permitir_capturas"": false, ""rebalanceo_con_deriva"": true, ""segmentos"": [""dentro_muestra"", ""fuera_muestra""], ""senal"": ""media_movil_10"", ""spread_por_lado"": 0.0005, ""usuario"": {""bloque"": ""E"", ""escenario_costos"": ""defecto"", ""ventana"": 10, ""vintage"": ""202407""}, ""variante"": ""sma10|vintage202407|defecto""}","sensibilidad de datos: vintage 202407, defecto"
2026-09-25T05:28:45.327790Z,R01,b2b2dc2450,sma10|vintage202407|defecto,0,fuera_muestra,2006-12-31,2024-07-31,211,12,USD,3.3993486982921333,0.08790904921874443,0.10908064381150076,0.716347672720206,1.1262012999917406,-0.19416504167005544,0.4527542572165397,0.20679176083918646,-0.28352962898686435,4.325142116555574,0.9979138208346829,0.7725118483412322,0.7725118483412322,1.478744939271255,0.005027732793522267,26,0.10184880834135246,0.012111857160904016,0.0029,0.0005,2006-12-31,7f6330f17d9d7c84,French F-F_Research_Data_Factors CRSP 202407 sha256 0b04328f5d25,"{""comision_por_lado"": 0.0029, ""cortes"": [""2006-12-31""], ""efectivo_en_mxn"": false, ""exposicion_inicial"": 0.0, ""exposicion_max"": 1.0, ""exposicion_min"": 0.0, ""extras"": [], ""fx"": false, ""max_dias_fx"": 10, ""min_historia"": 12, ""periodos_por_anio"": 12, ""permitir_capturas"": false, ""rebalanceo_con_deriva"": true, ""segmentos"": [""dentro_muestra"", ""fuera_muestra""], ""senal"": ""media_movil_10"", ""spread_por_lado"": 0.0005, ""usuario"": {""bloque"": ""E"", ""escenario_costos"": ""defecto"", ""ventana"": 10, ""vintage"": ""202407""}, ""variante"": ""sma10|vintage202407|defecto""}","sensibilidad de datos: vintage 202407, defecto"
2026-09-25T05:28:45.341164Z,R01,74e6669176,comprar_y_mantener|vintage202407|defecto,0,completo,1927-06-30,2024-07-31,1165,12,USD,11250.144817450522,0.10084841225316676,0.18514664133464073,0.43843772332826325,0.6604987276764578,-0.8370662912919892,0.12047840571564525,0.12656606879322974,0.15655374152575705,10.337074905021055,0.9999906826569485,1.0,1.0,0.010300047939990412,3.50201629959674e-05,1,0.10088703050850234,0.032684093603930986,0.0029,0.0005,2006-12-31,7f6330f17d9d7c84,French F-F_Research_Data_Factors CRSP 202407 sha256 0b04328f5d25,"{""comision_por_lado"": 0.0029, ""cortes"": [""2006-12-31""], ""efectivo_en_mxn"": false, ""exposicion_inicial"": 0.0, ""exposicion_max"": 1.0, ""exposicion_min"": 0.0, ""extras"": [], ""fx"": false, ""max_dias_fx"": 10, ""min_historia"": 12, ""periodos_por_anio"": 12, ""permitir_capturas"": false, ""rebalanceo_con_deriva"": true, ""segmentos"": [""dentro_muestra"", ""fuera_muestra""], ""senal"": ""senal_comprar_y_mantener"", ""spread_por_lado"": 0.0005, ""usuario"": {""bloque"": ""E"", ""escenario_costos"": ""defecto"", ""vintage"": ""202407""}, ""variante"": ""comprar_y_mantener|vintage202407|defecto""}","sensibilidad de datos: vintage 202407, defecto"
2026-09-25T05:28:45.341164Z,R01,74e6669176,comprar_y_mantener|vintage202407|defecto,0,dentro_muestra,1927-06-30,2006-12-31,954,12,USD,2043.5016991225423,0.10062729646578994,0.18989846499630023,0.40739899474807917,0.6156708954796996,-0.8370662912919892,0.12021425006910078,0.11760595964269323,0.2544798098615157,10.956872405712112,0.9998540791330418,1.0,1.0,0.012577912462550363,4.2764902372671234e-05,1,0.1006744458923583,0.03728982902875799,0.0029,0.0005,2006-12-31,7f6330f17d9d7c84,French F-F_Research_Data_Factors CRSP 202407 sha256 0b04328f5d25,"{""comision_por_lado"": 0.0029, ""cortes"": [""2006-12-31""], ""efectivo_en_mxn"": false, ""exposicion_inicial"": 0.0, ""exposicion_max"": 1.0, ""exposicion_min"": 0.0, ""extras"": [], ""fx"": false, ""max_dias_fx"": 10, ""min_historia"": 12, ""periodos_por_anio"": 12, ""permitir_capturas"": false, ""rebalanceo_con_deriva"": true, ""segmentos"": [""dentro_muestra"", ""fuera_muestra""], ""senal"": ""senal_comprar_y_mantener"", ""spread_por_lado"": 0.0005, ""usuario"": {""bloque"": ""E"", ""escenario_costos"": ""defecto"", ""vintage"": ""202407""}, ""variante"": ""comprar_y_mantener|vintage202407|defecto""}","sensibilidad de datos: vintage 202407, defecto"
2026-09-25T05:28:45.341164Z,R01,74e6669176,comprar_y_mantener|vintage202407|defecto,0,fuera_muestra,2006-12-31,2024-07-31,211,12,USD,4.503123241364526,0.10184880834135246,0.16233937228589182,0.6065848888152264,0.898264039044415,-0.5039438244018957,0.20210349528983995,0.1751059744219151,-0.5292380592682006,3.9752861955784313,0.9918602952889779,1.0,1.0,0.0,0.0,0,0.10184880834135246,0.012111857160904016,0.0029,0.0005,2006-12-31,7f6330f17d9d7c84,French F-F_Research_Data_Factors CRSP 202407 sha256 0b04328f5d25,"{""comision_por_lado"": 0.0029, ""cortes"": [""2006-12-31""], ""efectivo_en_mxn"": false, ""exposicion_inicial"": 0.0, ""exposicion_max"": 1.0, ""exposicion_min"": 0.0, ""extras"": [], ""fx"": false, ""max_dias_fx"": 10, ""min_historia"": 12, ""periodos_por_anio"": 12, ""permitir_capturas"": false, ""rebalanceo_con_deriva"": true, ""segmentos"": [""dentro_muestra"", ""fuera_muestra""], ""senal"": ""senal_comprar_y_mantener"", ""spread_por_lado"": 0.0005, ""usuario"": {""bloque"": ""E"", ""escenario_costos"": ""defecto"", ""vintage"": ""202407""}, ""variante"": ""comprar_y_mantener|vintage202407|defecto""}","sensibilidad de datos: vintage 202407, defecto"
2026-09-25T05:28:45.355909Z,R01,df1359aa55,sma10|vintage202407|sin_costos,0,completo,1927-06-30,2024-07-31,1165,12,USD,8424.542437981223,0.09757408998398964,0.12558551475193372,0.5498114220269085,0.8180417227002117,-0.4296729649031614,0.22708920028510668,0.15871688625538327,-0.687699099008817,8.808946583877626,0.9999997564699536,0.7270386266094421,0.7270386266094421,1.4729068554186289,0.0,143,0.10088703050850234,0.032684093603930986,0.0,0.0,2006-12-31,7f6330f17d9d7c84,French F-F_Research_Data_Factors CRSP 202407 sha256 0b04328f5d25,"{""comision_por_lado"": 0.0, ""cortes"": [""2006-12-31""], ""efectivo_en_mxn"": false, ""exposicion_inicial"": 0.0, ""exposicion_max"": 1.0, ""exposicion_min"": 0.0, ""extras"": [], ""fx"": false, ""max_dias_fx"": 10, ""min_historia"": 12, ""periodos_por_anio"": 12, ""permitir_capturas"": false, ""rebalanceo_con_deriva"": true, ""segmentos"": [""dentro_muestra"", ""fuera_muestra""], ""senal"": ""media_movil_10"", ""spread_por_lado"": 0.0, ""usuario"": {""bloque"": ""E"", ""escenario_costos"": ""sin_costos"", ""ventana"": 10, ""vintage"": ""202407""}, ""variante"": ""sma10|vintage202407|sin_costos""}","sensibilidad de datos: vintage 202407, sin_costos"
2026-09-25T05:28:45.355909Z,R01,df1359aa55,sma10|vintage202407|sin_costos,0,dentro_muestra,1927-06-30,2006-12-31,954,12,USD,1751.8810177587575,0.0984989198472086,0.12907394134463185,0.5107660181707561,0.753349426465654,-0.4296729649031614,0.2292416044128074,0.14744544904189966,-0.7301100195725612,9.159744292322078,0.9999888656164133,0.7169811320754716,0.7169811320754716,1.4716157581183924,0.0,117,0.1006744458923583,0.03728982902875799,0.0,0.0,2006-12-31,7f6330f17d9d7c84,French F-F_Research_Data_Factors CRSP 202407 sha256 0b04328f5d25,"{""comision_por_lado"": 0.0, ""cortes"": [""2006-12-31""], ""efectivo_en_mxn"": false, ""exposicion_inicial"": 0.0, ""exposicion_max"": 1.0, ""exposicion_min"": 0.0, ""extras"": [], ""fx"": false, ""max_dias_fx"": 10, ""min_historia"": 12, ""periodos_por_anio"": 12, ""permitir_capturas"": false, ""rebalanceo_con_deriva"": true, ""segmentos"": [""dentro_muestra"", ""fuera_muestra""], ""senal"": ""media_movil_10"", ""spread_por_lado"": 0.0, ""usuario"": {""bloque"": ""E"", ""escenario_costos"": ""sin_costos"", ""ventana"": 10, ""vintage"": ""202407""}, ""variante"": ""sma10|vintage202407|sin_costos""}","sensibilidad de datos: vintage 202407, sin_costos"
2026-09-25T05:28:45.355909Z,R01,df1359aa55,sma10|vintage202407|sin_costos,0,fuera_muestra,2006-12-31,2024-07-31,211,12,USD,3.8066824574061293,0.0934019050926711,0.10868178793044844,0.7651564816180487,1.2103343356148253,-0.17752859670219767,0.5261231532706351,0.2208816503171837,-0.2892935867220753,4.31069890068342,0.9988404505998412,0.7725118483412322,0.7725118483412322,1.478744939271255,0.0,26,0.10184880834135246,0.012111857160904016,0.0,0.0,2006-12-31,7f6330f17d9d7c84,French F-F_Research_Data_Factors CRSP 202407 sha256 0b04328f5d25,"{""comision_por_lado"": 0.0, ""cortes"": [""2006-12-31""], ""efectivo_en_mxn"": false, ""exposicion_inicial"": 0.0, ""exposicion_max"": 1.0, ""exposicion_min"": 0.0, ""extras"": [], ""fx"": false, ""max_dias_fx"": 10, ""min_historia"": 12, ""periodos_por_anio"": 12, ""permitir_capturas"": false, ""rebalanceo_con_deriva"": true, ""segmentos"": [""dentro_muestra"", ""fuera_muestra""], ""senal"": ""media_movil_10"", ""spread_por_lado"": 0.0, ""usuario"": {""bloque"": ""E"", ""escenario_costos"": ""sin_costos"", ""ventana"": 10, ""vintage"": ""202407""}, ""variante"": ""sma10|vintage202407|sin_costos""}","sensibilidad de datos: vintage 202407, sin_costos"
2026-09-25T05:28:45.373871Z,R01,46233df66f,comprar_y_mantener|vintage202407|sin_costos,0,completo,1927-06-30,2024-07-31,1165,12,USD,11288.529216787576,0.10088703050850234,0.18515973532372285,0.43861003232741946,0.6608046288853363,-0.8370662912919891,0.12052454095694852,0.12661581011675305,0.15659635683169185,10.334541046253925,0.9999907523138218,1.0,1.0,0.010300047939990412,0.0,1,0.10088703050850234,0.032684093603930986,0.0,0.0,2006-12-31,7f6330f17d9d7c84,French F-F_Research_Data_Factors CRSP 202407 sha256 0b04328f5d25,"{""comision_por_lado"": 0.0, ""cortes"": [""2006-12-31""], ""efectivo_en_mxn"": false, ""exposicion_inicial"": 0.0, ""exposicion_max"": 1.0, ""exposicion_min"": 0.0, ""extras"": [], ""fx"": false, ""max_dias_fx"": 10, ""min_historia"": 12, ""periodos_por_anio"": 12, ""permitir_capturas"": false, ""rebalanceo_con_deriva"": true, ""segmentos"": [""dentro_muestra"", ""fuera_muestra""], ""senal"": ""senal_comprar_y_mantener"", ""spread_por_lado"": 0.0, ""usuario"": {""bloque"": ""E"", ""escenario_costos"": ""sin_costos"", ""vintage"": ""202407""}, ""variante"": ""comprar_y_mantener|vintage202407|sin_costos""}","sensibilidad de datos: vintage 202407, sin_costos"
2026-09-25T05:28:45.373871Z,R01,46233df66f,comprar_y_mantener|vintage202407|sin_costos,0,dentro_muestra,1927-06-30,2006-12-31,954,12,USD,2050.4767199704365,0.1006744458923583,0.1899140445713106,0.40760740864846884,0.6160362354869362,-0.8370662912919891,0.12027057706142966,0.11766612355343964,0.2544953752959324,10.953666659794791,0.9998551142441218,1.0,1.0,0.012577912462550363,0.0,1,0.1006744458923583,0.03728982902875799,0.0,0.0,2006-12-31,7f6330f17d9d7c84,French F-F_Research_Data_Factors CRSP 202407 sha256 0b04328f5d25,"{""comision_por_lado"": 0.0, ""cortes"": [""2006-12-31""], ""efectivo_en_mxn"": false, ""exposicion_inicial"": 0.0, ""exposicion_max"": 1.0, ""exposicion_min"": 0.0, ""extras"": [], ""fx"": false, ""max_dias_fx"": 10, ""min_historia"": 12, ""periodos_por_anio"": 12, ""permitir_capturas"": false, ""rebalanceo_con_deriva"": true, ""segmentos"": [""dentro_muestra"", ""fuera_muestra""], ""senal"": ""senal_comprar_y_mantener"", ""spread_por_lado"": 0.0, ""usuario"": {""bloque"": ""E"", ""escenario_costos"": ""sin_costos"", ""vintage"": ""202407""}, ""variante"": ""comprar_y_mantener|vintage202407|sin_costos""}","sensibilidad de datos: vintage 202407, sin_costos"
2026-09-25T05:28:45.373871Z,R01,46233df66f,comprar_y_mantener|vintage202407|sin_costos,0,fuera_muestra,2006-12-31,2024-07-31,211,12,USD,4.503123241364526,0.10184880834135246,0.16233937228589182,0.6065848888152264,0.898264039044415,-0.5039438244018957,0.20210349528983995,0.1751059744219151,-0.5292380592682006,3.9752861955784313,0.9918602952889779,1.0,1.0,0.0,0.0,0,0.10184880834135246,0.012111857160904016,0.0,0.0,2006-12-31,7f6330f17d9d7c84,French F-F_Research_Data_Factors CRSP 202407 sha256 0b04328f5d25,"{""comision_por_lado"": 0.0, ""cortes"": [""2006-12-31""], ""efectivo_en_mxn"": false, ""exposicion_inicial"": 0.0, ""exposicion_max"": 1.0, ""exposicion_min"": 0.0, ""extras"": [], ""fx"": false, ""max_dias_fx"": 10, ""min_historia"": 12, ""periodos_por_anio"": 12, ""permitir_capturas"": false, ""rebalanceo_con_deriva"": true, ""segmentos"": [""dentro_muestra"", ""fuera_muestra""], ""senal"": ""senal_comprar_y_mantener"", ""spread_por_lado"": 0.0, ""usuario"": {""bloque"": ""E"", ""escenario_costos"": ""sin_costos"", ""vintage"": ""202407""}, ""variante"": ""comprar_y_mantener|vintage202407|sin_costos""}","sensibilidad de datos: vintage 202407, sin_costos"
2026-09-25T05:28:45.385464Z,R01,f1a259560c,sma10|vintage200607|defecto,0,completo,1927-06-30,2006-07-31,949,12,USD,1184.2506925592852,0.09362114041133118,0.12886313656684129,0.4769879510659856,0.7011889639156194,-0.43165852893933276,0.2168870394878474,0.13769456097407742,-0.7269010940213553,9.020100831741797,0.999964664785892,0.7154899894625922,0.7154899894625922,1.4035432389392786,0.004772047012393547,111,0.09921626876623013,0.03722788309019842,0.0029,0.0005,2006-12-31,b3166f196d4ffb98,French F-F_Research_Data_Factors CRSP 200607 sha256 6e240321b8b0,"{""comision_por_lado"": 0.0029, ""cortes"": [""2006-12-31""], ""efectivo_en_mxn"": false, ""exposicion_inicial"": 0.0, ""exposicion_max"": 1.0, ""exposicion_min"": 0.0, ""extras"": [], ""fx"": false, ""max_dias_fx"": 10, ""min_historia"": 12, ""periodos_por_anio"": 12, ""permitir_capturas"": false, ""rebalanceo_con_deriva"": true, ""segmentos"": [""dentro_muestra"", ""fuera_muestra""], ""senal"": ""media_movil_10"", ""spread_por_lado"": 0.0005, ""usuario"": {""bloque"": ""E"", ""escenario_costos"": ""defecto"", ""ventana"": 10, ""vintage"": ""200607""}, ""variante"": ""sma10|vintage200607|defecto""}","sensibilidad de datos: vintage 200607, defecto"
2026-09-25T05:28:45.385464Z,R01,f1a259560c,sma10|vintage200607|defecto,0,dentro_muestra,1927-06-30,2006-07-31,949,12,USD,1184.2506925592852,0.09362114041133118,0.12886313656684129,0.4769879510659856,0.7011889639156194,-0.43165852893933276,0.2168870394878474,0.13769456097407742,-0.7269010940213553,9.020100831741797,0.999964664785892,0.7154899894625922,0.7154899894625922,1.4035432389392786,0.004772047012393547,111,0.09921626876623013,0.03722788309019842,0.0029,0.0005,2006-12-31,b3166f196d4ffb98,French F-F_Research_Data_Factors CRSP 200607 sha256 6e240321b8b0,"{""comision_por_lado"": 0.0029, ""cortes"": [""2006-12-31""], ""efectivo_en_mxn"": false, ""exposicion_inicial"": 0.0, ""exposicion_max"": 1.0, ""exposicion_min"": 0.0, ""extras"": [], ""fx"": false, ""max_dias_fx"": 10, ""min_historia"": 12, ""periodos_por_anio"": 12, ""permitir_capturas"": false, ""rebalanceo_con_deriva"": true, ""segmentos"": [""dentro_muestra"", ""fuera_muestra""], ""senal"": ""media_movil_10"", ""spread_por_lado"": 0.0005, ""usuario"": {""bloque"": ""E"", ""escenario_costos"": ""defecto"", ""ventana"": 10, ""vintage"": ""200607""}, ""variante"": ""sma10|vintage200607|defecto""}","sensibilidad de datos: vintage 200607, defecto"
2026-09-25T05:28:45.385464Z,R01,f1a259560c,sma10|vintage200607|defecto,0,fuera_muestra,2006-07-31,,0,12,USD,,,,,,,,,,,,,,,,,,,0.0029,0.0005,2006-12-31,b3166f196d4ffb98,French F-F_Research_Data_Factors CRSP 200607 sha256 6e240321b8b0,"{""comision_por_lado"": 0.0029, ""cortes"": [""2006-12-31""], ""efectivo_en_mxn"": false, ""exposicion_inicial"": 0.0, ""exposicion_max"": 1.0, ""exposicion_min"": 0.0, ""extras"": [], ""fx"": false, ""max_dias_fx"": 10, ""min_historia"": 12, ""periodos_por_anio"": 12, ""permitir_capturas"": false, ""rebalanceo_con_deriva"": true, ""segmentos"": [""dentro_muestra"", ""fuera_muestra""], ""senal"": ""media_movil_10"", ""spread_por_lado"": 0.0005, ""usuario"": {""bloque"": ""E"", ""escenario_costos"": ""defecto"", ""ventana"": 10, ""vintage"": ""200607""}, ""variante"": ""sma10|vintage200607|defecto""}","sensibilidad de datos: vintage 200607, defecto"
2026-09-25T05:28:45.395984Z,R01,84f1d0c05d,comprar_y_mantener|vintage200607|defecto,0,completo,1927-06-30,2006-07-31,949,12,USD,1767.4977754738802,0.09916893240400748,0.1893235181611076,0.4013571803110717,0.6047451013258938,-0.8371509729804737,0.11846003361967133,0.11586183804689322,0.22573486195198428,10.790336195850594,0.9998113306654228,1.0,1.0,0.012644533684137644,4.299141452606799e-05,1,0.09921626876623013,0.03722788309019842,0.0029,0.0005,2006-12-31,b3166f196d4ffb98,French F-F_Research_Data_Factors CRSP 200607 sha256 6e240321b8b0,"{""comision_por_lado"": 0.0029, ""cortes"": [""2006-12-31""], ""efectivo_en_mxn"": false, ""exposicion_inicial"": 0.0, ""exposicion_max"": 1.0, ""exposicion_min"": 0.0, ""extras"": [], ""fx"": false, ""max_dias_fx"": 10, ""min_historia"": 12, ""periodos_por_anio"": 12, ""permitir_capturas"": false, ""rebalanceo_con_deriva"": true, ""segmentos"": [""dentro_muestra"", ""fuera_muestra""], ""senal"": ""senal_comprar_y_mantener"", ""spread_por_lado"": 0.0005, ""usuario"": {""bloque"": ""E"", ""escenario_costos"": ""defecto"", ""vintage"": ""200607""}, ""variante"": ""comprar_y_mantener|vintage200607|defecto""}","sensibilidad de datos: vintage 200607, defecto"
2026-09-25T05:28:45.395984Z,R01,84f1d0c05d,comprar_y_mantener|vintage200607|defecto,0,dentro_muestra,1927-06-30,2006-07-31,949,12,USD,1767.4977754738802,0.09916893240400748,0.1893235181611076,0.4013571803110717,0.6047451013258938,-0.8371509729804737,0.11846003361967133,0.11586183804689322,0.22573486195198428,10.790336195850594,0.9998113306654228,1.0,1.0,0.012644533684137644,4.299141452606799e-05,1,0.09921626876623013,0.03722788309019842,0.0029,0.0005,2006-12-31,b3166f196d4ffb98,French F-F_Research_Data_Factors CRSP 200607 sha256 6e240321b8b0,"{""comision_por_lado"": 0.0029, ""cortes"": [""2006-12-31""], ""efectivo_en_mxn"": false, ""exposicion_inicial"": 0.0, ""exposicion_max"": 1.0, ""exposicion_min"": 0.0, ""extras"": [], ""fx"": false, ""max_dias_fx"": 10, ""min_historia"": 12, ""periodos_por_anio"": 12, ""permitir_capturas"": false, ""rebalanceo_con_deriva"": true, ""segmentos"": [""dentro_muestra"", ""fuera_muestra""], ""senal"": ""senal_comprar_y_mantener"", ""spread_por_lado"": 0.0005, ""usuario"": {""bloque"": ""E"", ""escenario_costos"": ""defecto"", ""vintage"": ""200607""}, ""variante"": ""comprar_y_mantener|vintage200607|defecto""}","sensibilidad de datos: vintage 200607, defecto"
2026-09-25T05:28:45.395984Z,R01,84f1d0c05d,comprar_y_mantener|vintage200607|defecto,0,fuera_muestra,2006-07-31,,0,12,USD,,,,,,,,,,,,,,,,,,,0.0029,0.0005,2006-12-31,b3166f196d4ffb98,French F-F_Research_Data_Factors CRSP 200607 sha256 6e240321b8b0,"{""comision_por_lado"": 0.0029, ""cortes"": [""2006-12-31""], ""efectivo_en_mxn"": false, ""exposicion_inicial"": 0.0, ""exposicion_max"": 1.0, ""exposicion_min"": 0.0, ""extras"": [], ""fx"": false, ""max_dias_fx"": 10, ""min_historia"": 12, ""periodos_por_anio"": 12, ""permitir_capturas"": false, ""rebalanceo_con_deriva"": true, ""segmentos"": [""dentro_muestra"", ""fuera_muestra""], ""senal"": ""senal_comprar_y_mantener"", ""spread_por_lado"": 0.0005, ""usuario"": {""bloque"": ""E"", ""escenario_costos"": ""defecto"", ""vintage"": ""200607""}, ""variante"": ""comprar_y_mantener|vintage200607|defecto""}","sensibilidad de datos: vintage 200607, defecto"
2026-09-25T05:28:45.407714Z,R01,853e0a6274,sma10|vintage200607|sin_costos,0,completo,1927-06-30,2006-07-31,949,12,USD,1728.7853835822036,0.09886135865741319,0.12884799869387467,0.5143102705764511,0.7592468524806432,-0.42605138069218196,0.23204093012631163,0.14846858658215165,-0.7319725682115147,9.123980050618647,0.9999896118687857,0.7154899894625922,0.7154899894625922,1.4035432389392786,0.0,111,0.09921626876623013,0.03722788309019842,0.0,0.0,2006-12-31,b3166f196d4ffb98,French F-F_Research_Data_Factors CRSP 200607 sha256 6e240321b8b0,"{""comision_por_lado"": 0.0, ""cortes"": [""2006-12-31""], ""efectivo_en_mxn"": false, ""exposicion_inicial"": 0.0, ""exposicion_max"": 1.0, ""exposicion_min"": 0.0, ""extras"": [], ""fx"": false, ""max_dias_fx"": 10, ""min_historia"": 12, ""periodos_por_anio"": 12, ""permitir_capturas"": false, ""rebalanceo_con_deriva"": true, ""segmentos"": [""dentro_muestra"", ""fuera_muestra""], ""senal"": ""media_movil_10"", ""spread_por_lado"": 0.0, ""usuario"": {""bloque"": ""E"", ""escenario_costos"": ""sin_costos"", ""ventana"": 10, ""vintage"": ""200607""}, ""variante"": ""sma10|vintage200607|sin_costos""}","sensibilidad de datos: vintage 200607, sin_costos"
2026-09-25T05:28:45.407714Z,R01,853e0a6274,sma10|vintage200607|sin_costos,0,dentro_muestra,1927-06-30,2006-07-31,949,12,USD,1728.7853835822036,0.09886135865741319,0.12884799869387467,0.5143102705764511,0.7592468524806432,-0.42605138069218196,0.23204093012631163,0.14846858658215165,-0.7319725682115147,9.123980050618647,0.9999896118687857,0.7154899894625922,0.7154899894625922,1.4035432389392786,0.0,111,0.09921626876623013,0.03722788309019842,0.0,0.0,2006-12-31,b3166f196d4ffb98,French F-F_Research_Data_Factors CRSP 200607 sha256 6e240321b8b0,"{""comision_por_lado"": 0.0, ""cortes"": [""2006-12-31""], ""efectivo_en_mxn"": false, ""exposicion_inicial"": 0.0, ""exposicion_max"": 1.0, ""exposicion_min"": 0.0, ""extras"": [], ""fx"": false, ""max_dias_fx"": 10, ""min_historia"": 12, ""periodos_por_anio"": 12, ""permitir_capturas"": false, ""rebalanceo_con_deriva"": true, ""segmentos"": [""dentro_muestra"", ""fuera_muestra""], ""senal"": ""media_movil_10"", ""spread_por_lado"": 0.0, ""usuario"": {""bloque"": ""E"", ""escenario_costos"": ""sin_costos"", ""ventana"": 10, ""vintage"": ""200607""}, ""variante"": ""sma10|vintage200607|sin_costos""}","sensibilidad de datos: vintage 200607, sin_costos"
2026-09-25T05:28:45.407714Z,R01,853e0a6274,sma10|vintage200607|sin_costos,0,fuera_muestra,2006-07-31,,0,12,USD,,,,,,,,,,,,,,,,,,,0.0,0.0,2006-12-31,b3166f196d4ffb98,French F-F_Research_Data_Factors CRSP 200607 sha256 6e240321b8b0,"{""comision_por_lado"": 0.0, ""cortes"": [""2006-12-31""], ""efectivo_en_mxn"": false, ""exposicion_inicial"": 0.0, ""exposicion_max"": 1.0, ""exposicion_min"": 0.0, ""extras"": [], ""fx"": false, ""max_dias_fx"": 10, ""min_historia"": 12, ""periodos_por_anio"": 12, ""permitir_capturas"": false, ""rebalanceo_con_deriva"": true, ""segmentos"": [""dentro_muestra"", ""fuera_muestra""], ""senal"": ""media_movil_10"", ""spread_por_lado"": 0.0, ""usuario"": {""bloque"": ""E"", ""escenario_costos"": ""sin_costos"", ""ventana"": 10, ""vintage"": ""200607""}, ""variante"": ""sma10|vintage200607|sin_costos""}","sensibilidad de datos: vintage 200607, sin_costos"
2026-09-25T05:28:45.418267Z,R01,e106a7ddc2,comprar_y_mantener|vintage200607|sin_costos,0,completo,1927-06-30,2006-07-31,949,12,USD,1773.531181490941,0.09921626876623013,0.18933861127415286,0.40156843948873444,0.605111488107536,-0.8371509729804736,0.11851657821407602,0.1159228233184394,0.22574006722265075,10.787251287414481,0.9998126568192243,1.0,1.0,0.012644533684137644,0.0,1,0.09921626876623013,0.03722788309019842,0.0,0.0,2006-12-31,b3166f196d4ffb98,French F-F_Research_Data_Factors CRSP 200607 sha256 6e240321b8b0,"{""comision_por_lado"": 0.0, ""cortes"": [""2006-12-31""], ""efectivo_en_mxn"": false, ""exposicion_inicial"": 0.0, ""exposicion_max"": 1.0, ""exposicion_min"": 0.0, ""extras"": [], ""fx"": false, ""max_dias_fx"": 10, ""min_historia"": 12, ""periodos_por_anio"": 12, ""permitir_capturas"": false, ""rebalanceo_con_deriva"": true, ""segmentos"": [""dentro_muestra"", ""fuera_muestra""], ""senal"": ""senal_comprar_y_mantener"", ""spread_por_lado"": 0.0, ""usuario"": {""bloque"": ""E"", ""escenario_costos"": ""sin_costos"", ""vintage"": ""200607""}, ""variante"": ""comprar_y_mantener|vintage200607|sin_costos""}","sensibilidad de datos: vintage 200607, sin_costos"
2026-09-25T05:28:45.418267Z,R01,e106a7ddc2,comprar_y_mantener|vintage200607|sin_costos,0,dentro_muestra,1927-06-30,2006-07-31,949,12,USD,1773.531181490941,0.09921626876623013,0.18933861127415286,0.40156843948873444,0.605111488107536,-0.8371509729804736,0.11851657821407602,0.1159228233184394,0.22574006722265075,10.787251287414481,0.9998126568192243,1.0,1.0,0.012644533684137644,0.0,1,0.09921626876623013,0.03722788309019842,0.0,0.0,2006-12-31,b3166f196d4ffb98,French F-F_Research_Data_Factors CRSP 200607 sha256 6e240321b8b0,"{""comision_por_lado"": 0.0, ""cortes"": [""2006-12-31""], ""efectivo_en_mxn"": false, ""exposicion_inicial"": 0.0, ""exposicion_max"": 1.0, ""exposicion_min"": 0.0, ""extras"": [], ""fx"": false, ""max_dias_fx"": 10, ""min_historia"": 12, ""periodos_por_anio"": 12, ""permitir_capturas"": false, ""rebalanceo_con_deriva"": true, ""segmentos"": [""dentro_muestra"", ""fuera_muestra""], ""senal"": ""senal_comprar_y_mantener"", ""spread_por_lado"": 0.0, ""usuario"": {""bloque"": ""E"", ""escenario_costos"": ""sin_costos"", ""vintage"": ""200607""}, ""variante"": ""comprar_y_mantener|vintage200607|sin_costos""}","sensibilidad de datos: vintage 200607, sin_costos"
2026-09-25T05:28:45.418267Z,R01,e106a7ddc2,comprar_y_mantener|vintage200607|sin_costos,0,fuera_muestra,2006-07-31,,0,12,USD,,,,,,,,,,,,,,,,,,,0.0,0.0,2006-12-31,b3166f196d4ffb98,French F-F_Research_Data_Factors CRSP 200607 sha256 6e240321b8b0,"{""comision_por_lado"": 0.0, ""cortes"": [""2006-12-31""], ""efectivo_en_mxn"": false, ""exposicion_inicial"": 0.0, ""exposicion_max"": 1.0, ""exposicion_min"": 0.0, ""extras"": [], ""fx"": false, ""max_dias_fx"": 10, ""min_historia"": 12, ""periodos_por_anio"": 12, ""permitir_capturas"": false, ""rebalanceo_con_deriva"": true, ""segmentos"": [""dentro_muestra"", ""fuera_muestra""], ""senal"": ""senal_comprar_y_mantener"", ""spread_por_lado"": 0.0, ""usuario"": {""bloque"": ""E"", ""escenario_costos"": ""sin_costos"", ""vintage"": ""200607""}, ""variante"": ""comprar_y_mantener|vintage200607|sin_costos""}","sensibilidad de datos: vintage 200607, sin_costos"
2026-09-25T05:28:45.433633Z,R01,cb09b923d4,sma10|muestra1928,0,completo,1928-12-31,2026-07-31,1171,12,USD,3703.7333327067013,0.08785928936893228,0.12448980580275368,0.48039135427653207,0.704629177122461,-0.43498166341962907,0.20198389209839857,0.13867703885396235,-0.7186254203799339,8.840862523833538,0.9999956631843516,0.7258753202391118,0.7258753202391118,1.5064602564462275,0.005121964871917179,147,0.09838960746685776,0.032864838347938186,0.0029,0.0005,2006-12-31,baac3d2ceaf0f92a,French F-F_Research_Data_Factors CRSP 202607 sha256 b840dba55d31; Yahoo ^GSPC diario->fin de mes huella ddd4ca74000cd68c,"{""comision_por_lado"": 0.0029, ""cortes"": [""2006-12-31""], ""efectivo_en_mxn"": false, ""exposicion_inicial"": 0.0, ""exposicion_max"": 1.0, ""exposicion_min"": 0.0, ""extras"": [], ""fx"": false, ""max_dias_fx"": 10, ""min_historia"": 12, ""periodos_por_anio"": 12, ""permitir_capturas"": false, ""rebalanceo_con_deriva"": true, ""segmentos"": [""dentro_muestra"", ""fuera_muestra""], ""senal"": ""media_movil_10"", ""spread_por_lado"": 0.0005, ""usuario"": {""bloque"": ""F"", ""escenario_costos"": ""defecto"", ""senal_sobre"": ""indice TR"", ""ventana"": 10}, ""variante"": ""sma10|muestra1928""}",sensibilidad de senal: TR en muestra comun desde 1928-01
2026-09-25T05:28:45.433633Z,R01,cb09b923d4,sma10|muestra1928,0,dentro_muestra,1928-12-31,2006-12-31,936,12,USD,703.4038052548763,0.0877051262198818,0.12829827930811524,0.4351930503654836,0.6312664116088168,-0.43498166341962907,0.2016294791150132,0.12562941238898317,-0.7732312053764802,9.260722098843509,0.9998493458025066,0.7115384615384616,0.7115384615384616,1.5000263259503668,0.005100089508231248,117,0.09544248939730116,0.037366993030062856,0.0029,0.0005,2006-12-31,baac3d2ceaf0f92a,French F-F_Research_Data_Factors CRSP 202607 sha256 b840dba55d31; Yahoo ^GSPC diario->fin de mes huella ddd4ca74000cd68c,"{""comision_por_lado"": 0.0029, ""cortes"": [""2006-12-31""], ""efectivo_en_mxn"": false, ""exposicion_inicial"": 0.0, ""exposicion_max"": 1.0, ""exposicion_min"": 0.0, ""extras"": [], ""fx"": false, ""max_dias_fx"": 10, ""min_historia"": 12, ""periodos_por_anio"": 12, ""permitir_capturas"": false, ""rebalanceo_con_deriva"": true, ""segmentos"": [""dentro_muestra"", ""fuera_muestra""], ""senal"": ""media_movil_10"", ""spread_por_lado"": 0.0005, ""usuario"": {""bloque"": ""F"", ""escenario_costos"": ""defecto"", ""senal_sobre"": ""indice TR"", ""ventana"": 10}, ""variante"": ""sma10|muestra1928""}",sensibilidad de senal: TR en muestra comun desde 1928-01
2026-09-25T05:28:45.433633Z,R01,cb09b923d4,sma10|muestra1928,0,fuera_muestra,2006-12-31,2026-07-31,235,12,USD,4.259388585168433,0.08847359378722519,0.10824455637489537,0.6987335112623703,1.0975949181127538,-0.19307574579550835,0.4582325626799853,0.20170699040957094,-0.2749302182401569,4.229792962271229,0.9984502496046856,0.7829787234042553,0.7829787234042553,1.5320889261744968,0.0052091023489932884,30,0.11020794942552814,0.015124226882966774,0.0029,0.0005,2006-12-31,baac3d2ceaf0f92a,French F-F_Research_Data_Factors CRSP 202607 sha256 b840dba55d31; Yahoo ^GSPC diario->fin de mes huella ddd4ca74000cd68c,"{""comision_por_lado"": 0.0029, ""cortes"": [""2006-12-31""], ""efectivo_en_mxn"": false, ""exposicion_inicial"": 0.0, ""exposicion_max"": 1.0, ""exposicion_min"": 0.0, ""extras"": [], ""fx"": false, ""max_dias_fx"": 10, ""min_historia"": 12, ""periodos_por_anio"": 12, ""permitir_capturas"": false, ""rebalanceo_con_deriva"": true, ""segmentos"": [""dentro_muestra"", ""fuera_muestra""], ""senal"": ""media_movil_10"", ""spread_por_lado"": 0.0005, ""usuario"": {""bloque"": ""F"", ""escenario_costos"": ""defecto"", ""senal_sobre"": ""indice TR"", ""ventana"": 10}, ""variante"": ""sma10|muestra1928""}",sensibilidad de senal: TR en muestra comun desde 1928-01
2026-09-25T05:28:45.454235Z,R01,6139f283a0,sma10_precio_gspc|muestra1928,0,completo,1928-12-31,2026-07-31,1171,12,USD,5630.689456560646,0.09253825838992191,0.11796681371049414,0.5360086701411153,0.8089537644297382,-0.4625693174586367,0.20005273782171415,0.15473237499697312,-0.552837762532793,8.891247733929715,0.9999996700610503,0.6789069171648164,0.6789069171648164,1.5064602564462275,0.005121964871917179,147,0.09838960746685776,0.032864838347938186,0.0029,0.0005,2006-12-31,baac3d2ceaf0f92a,French F-F_Research_Data_Factors CRSP 202607 sha256 b840dba55d31; Yahoo ^GSPC diario->fin de mes huella ddd4ca74000cd68c,"{""comision_por_lado"": 0.0029, ""cortes"": [""2006-12-31""], ""efectivo_en_mxn"": false, ""exposicion_inicial"": 0.0, ""exposicion_max"": 1.0, ""exposicion_min"": 0.0, ""extras"": [""gspc""], ""fx"": false, ""max_dias_fx"": 10, ""min_historia"": 12, ""periodos_por_anio"": 12, ""permitir_capturas"": false, ""rebalanceo_con_deriva"": true, ""segmentos"": [""dentro_muestra"", ""fuera_muestra""], ""senal"": ""media_movil_10_sobre_gspc"", ""spread_por_lado"": 0.0005, ""usuario"": {""bloque"": ""F"", ""escenario_costos"": ""defecto"", ""senal_sobre"": ""^GSPC precio"", ""ventana"": 10}, ""variante"": ""sma10_precio_gspc|muestra1928""}",sensibilidad de senal: ^GSPC precio sin dividendos
2026-09-25T05:28:45.454235Z,R01,6139f283a0,sma10_precio_gspc|muestra1928,0,dentro_muestra,1928-12-31,2006-12-31,936,12,USD,1143.964168323579,0.09450051175361729,0.11994436440791333,0.5079328729876689,0.7637331534694295,-0.4625693174586367,0.20429481201391528,0.14662759047484533,-0.58555344513822,9.632474052132409,0.9999874310521657,0.6538461538461539,0.6538461538461539,1.4743848502930956,0.0050129084909965255,115,0.09544248939730116,0.037366993030062856,0.0029,0.0005,2006-12-31,baac3d2ceaf0f92a,French F-F_Research_Data_Factors CRSP 202607 sha256 b840dba55d31; Yahoo ^GSPC diario->fin de mes huella ddd4ca74000cd68c,"{""comision_por_lado"": 0.0029, ""cortes"": [""2006-12-31""], ""efectivo_en_mxn"": false, ""exposicion_inicial"": 0.0, ""exposicion_max"": 1.0, ""exposicion_min"": 0.0, ""extras"": [""gspc""], ""fx"": false, ""max_dias_fx"": 10, ""min_historia"": 12, ""periodos_por_anio"": 12, ""permitir_capturas"": false, ""rebalanceo_con_deriva"": true, ""segmentos"": [""dentro_muestra"", ""fuera_muestra""], ""senal"": ""media_movil_10_sobre_gspc"", ""spread_por_lado"": 0.0005, ""usuario"": {""bloque"": ""F"", ""escenario_costos"": ""defecto"", ""senal_sobre"": ""^GSPC precio"", ""ventana"": 10}, ""variante"": ""sma10_precio_gspc|muestra1928""}",sensibilidad de senal: ^GSPC precio sin dividendos
2026-09-25T05:28:45.454235Z,R01,6139f283a0,sma10_precio_gspc|muestra1928,0,fuera_muestra,2006-12-31,2026-07-31,235,12,USD,3.91866000034429,0.08475674903522368,0.10994862923059653,0.6588422401609185,1.0144005005005425,-0.24170364320457727,0.35066392840212923,0.1901913723552012,-0.3629895564736888,4.370694194480264,0.9972363513213904,0.7787234042553192,0.7787234042553192,1.6342281879194631,0.005556375838926175,32,0.11020794942552814,0.015124226882966774,0.0029,0.0005,2006-12-31,baac3d2ceaf0f92a,French F-F_Research_Data_Factors CRSP 202607 sha256 b840dba55d31; Yahoo ^GSPC diario->fin de mes huella ddd4ca74000cd68c,"{""comision_por_lado"": 0.0029, ""cortes"": [""2006-12-31""], ""efectivo_en_mxn"": false, ""exposicion_inicial"": 0.0, ""exposicion_max"": 1.0, ""exposicion_min"": 0.0, ""extras"": [""gspc""], ""fx"": false, ""max_dias_fx"": 10, ""min_historia"": 12, ""periodos_por_anio"": 12, ""permitir_capturas"": false, ""rebalanceo_con_deriva"": true, ""segmentos"": [""dentro_muestra"", ""fuera_muestra""], ""senal"": ""media_movil_10_sobre_gspc"", ""spread_por_lado"": 0.0005, ""usuario"": {""bloque"": ""F"", ""escenario_costos"": ""defecto"", ""senal_sobre"": ""^GSPC precio"", ""ventana"": 10}, ""variante"": ""sma10_precio_gspc|muestra1928""}",sensibilidad de senal: ^GSPC precio sin dividendos
2026-09-25T05:28:45.467629Z,R01,19600c65ec,comprar_y_mantener|muestra1928,0,completo,1928-12-31,2026-07-31,1171,12,USD,9450.946831757901,0.0983512714095427,0.1843563351938388,0.42616566335466066,0.6405227135574396,-0.8365224657023862,0.11757158407809411,0.12302343022859438,0.16222528463272556,10.379288132665193,0.9999851495308036,1.0,1.0,0.010248028955416514,3.4843298448416146e-05,1,0.09838960746685776,0.032864838347938186,0.0029,0.0005,2006-12-31,baac3d2ceaf0f92a,French F-F_Research_Data_Factors CRSP 202607 sha256 b840dba55d31; Yahoo ^GSPC diario->fin de mes huella ddd4ca74000cd68c,"{""comision_por_lado"": 0.0029, ""cortes"": [""2006-12-31""], ""efectivo_en_mxn"": false, ""exposicion_inicial"": 0.0, ""exposicion_max"": 1.0, ""exposicion_min"": 0.0, ""extras"": [], ""fx"": false, ""max_dias_fx"": 10, ""min_historia"": 12, ""periodos_por_anio"": 12, ""permitir_capturas"": false, ""rebalanceo_con_deriva"": true, ""segmentos"": [""dentro_muestra"", ""fuera_muestra""], ""senal"": ""senal_comprar_y_mantener"", ""spread_por_lado"": 0.0005, ""usuario"": {""bloque"": ""F"", ""escenario_costos"": ""defecto""}, ""variante"": ""comprar_y_mantener|muestra1928""}",referencia de la muestra comun desde 1928-01
2026-09-25T05:28:45.467629Z,R01,19600c65ec,comprar_y_mantener|muestra1928,0,dentro_muestra,1928-12-31,2006-12-31,936,12,USD,1219.2648186129124,0.09539465818531201,0.19025339914640493,0.3813796848307319,0.5733714240077471,-0.8365224657023862,0.11403717424996336,0.11009483185023886,0.26562775293930896,10.983256756217544,0.9996169491480316,1.0,1.0,0.012820737828635614,4.3590508617361086e-05,1,0.09544248939730116,0.037366993030062856,0.0029,0.0005,2006-12-31,baac3d2ceaf0f92a,French F-F_Research_Data_Factors CRSP 202607 sha256 b840dba55d31; Yahoo ^GSPC diario->fin de mes huella ddd4ca74000cd68c,"{""comision_por_lado"": 0.0029, ""cortes"": [""2006-12-31""], ""efectivo_en_mxn"": false, ""exposicion_inicial"": 0.0, ""exposicion_max"": 1.0, ""exposicion_min"": 0.0, ""extras"": [], ""fx"": false, ""max_dias_fx"": 10, ""min_historia"": 12, ""periodos_por_anio"": 12, ""permitir_capturas"": false, ""rebalanceo_con_deriva"": true, ""segmentos"": [""dentro_muestra"", ""fuera_muestra""], ""senal"": ""senal_comprar_y_mantener"", ""spread_por_lado"": 0.0005, ""usuario"": {""bloque"": ""F"", ""escenario_costos"": ""defecto""}, ""variante"": ""comprar_y_mantener|muestra1928""}",referencia de la muestra comun desde 1928-01
2026-09-25T05:28:45.467629Z,R01,19600c65ec,comprar_y_mantener|muestra1928,0,fuera_muestra,2006-12-31,2026-07-31,235,12,USD,6.745816061879126,0.11020794942552814,0.159062982403124,0.6452006427175135,0.969267472829161,-0.5031170717166413,0.21905030781304505,0.186253382377138,-0.4995817776621852,4.0069978983606465,0.9964617573696892,1.0,1.0,0.0,0.0,0,0.11020794942552814,0.015124226882966774,0.0029,0.0005,2006-12-31,baac3d2ceaf0f92a,French F-F_Research_Data_Factors CRSP 202607 sha256 b840dba55d31; Yahoo ^GSPC diario->fin de mes huella ddd4ca74000cd68c,"{""comision_por_lado"": 0.0029, ""cortes"": [""2006-12-31""], ""efectivo_en_mxn"": false, ""exposicion_inicial"": 0.0, ""exposicion_max"": 1.0, ""exposicion_min"": 0.0, ""extras"": [], ""fx"": false, ""max_dias_fx"": 10, ""min_historia"": 12, ""periodos_por_anio"": 12, ""permitir_capturas"": false, ""rebalanceo_con_deriva"": true, ""segmentos"": [""dentro_muestra"", ""fuera_muestra""], ""senal"": ""senal_comprar_y_mantener"", ""spread_por_lado"": 0.0005, ""usuario"": {""bloque"": ""F"", ""escenario_costos"": ""defecto""}, ""variante"": ""comprar_y_mantener|muestra1928""}",referencia de la muestra comun desde 1928-01
2026-09-25T05:28:45.481123Z,R01,ac7edce0d8,sma10|mxn|rf_usd,0,completo,1993-11-30,2026-07-31,392,12,MXN,115.25612853933481,0.15672378473804227,0.15584476215206186,0.6459807026550789,0.9769334191495445,-0.24012895283734714,0.6526650905115974,0.1864785662846067,-0.6752349352099629,6.043366195333745,0.9996743826847665,0.7678571428571429,0.7678571428571429,1.5000628614533569,0.005100213728941408,49,0.1694929348712011,0.0799444377424996,0.0029,0.0005,2006-12-31,6f7a2f88fb30b19e,French F-F_Research_Data_Factors CRSP 202607 sha256 b840dba55d31; FRED DEXMXUS huella 3a677532a76a7d0e,"{""comision_por_lado"": 0.0029, ""cortes"": [""2006-12-31""], ""efectivo_en_mxn"": false, ""exposicion_inicial"": 0.0, ""exposicion_max"": 1.0, ""exposicion_min"": 0.0, ""extras"": [""fx""], ""fx"": true, ""max_dias_fx"": 10, ""min_historia"": 12, ""periodos_por_anio"": 12, ""permitir_capturas"": false, ""rebalanceo_con_deriva"": true, ""segmentos"": [""dentro_muestra"", ""fuera_muestra""], ""senal"": ""media_movil_10"", ""spread_por_lado"": 0.0005, ""usuario"": {""bloque"": ""G"", ""efectivo"": ""rf_usd"", ""escenario_costos"": ""defecto"", ""moneda"": ""MXN""}, ""variante"": ""sma10|mxn|rf_usd""}","sensibilidad de moneda: MXN, efectivo rf_usd"
2026-09-25T05:28:45.481123Z,R01,ac7edce0d8,sma10|mxn|rf_usd,0,dentro_muestra,1993-11-30,2006-12-31,157,12,MXN,12.779980572957392,0.22199838679075,0.1814886292202971,0.6203044304692144,0.9203703550572822,-0.13368033912226263,1.6606659457058426,0.17906646495545922,-1.0721845103885117,8.407636330964712,0.9772133264232916,0.7452229299363057,0.7452229299363057,1.4521343377275582,0.0049372567482736975,19,0.2193377111130046,0.14273737321610658,0.0029,0.0005,2006-12-31,6f7a2f88fb30b19e,French F-F_Research_Data_Factors CRSP 202607 sha256 b840dba55d31; FRED DEXMXUS huella 3a677532a76a7d0e,"{""comision_por_lado"": 0.0029, ""cortes"": [""2006-12-31""], ""efectivo_en_mxn"": false, ""exposicion_inicial"": 0.0, ""exposicion_max"": 1.0, ""exposicion_min"": 0.0, ""extras"": [""fx""], ""fx"": true, ""max_dias_fx"": 10, ""min_historia"": 12, ""periodos_por_anio"": 12, ""permitir_capturas"": false, ""rebalanceo_con_deriva"": true, ""segmentos"": [""dentro_muestra"", ""fuera_muestra""], ""senal"": ""media_movil_10"", ""spread_por_lado"": 0.0005, ""usuario"": {""bloque"": ""G"", ""efectivo"": ""rf_usd"", ""escenario_costos"": ""defecto"", ""moneda"": ""MXN""}, ""variante"": ""sma10|mxn|rf_usd""}","sensibilidad de moneda: MXN, efectivo rf_usd"
2026-09-25T05:28:45.481123Z,R01,ac7edce0d8,sma10|mxn|rf_usd,0,fuera_muestra,2006-12-31,2026-07-31,235,12,MXN,7.436595967884191,0.11506200979470815,0.1352790127521404,0.6626837700449216,1.0190233612050765,-0.24012895283734748,0.47916758239747115,0.1913003265115158,-0.37409621549841554,4.1581849254021215,0.9973610684399461,0.7829787234042553,0.7829787234042553,1.5320889261744968,0.0052091023489932884,30,0.13732727596006877,0.03992091960725075,0.0029,0.0005,2006-12-31,6f7a2f88fb30b19e,French F-F_Research_Data_Factors CRSP 202607 sha256 b840dba55d31; FRED DEXMXUS huella 3a677532a76a7d0e,"{""comision_por_lado"": 0.0029, ""cortes"": [""2006-12-31""], ""efectivo_en_mxn"": false, ""exposicion_inicial"": 0.0, ""exposicion_max"": 1.0, ""exposicion_min"": 0.0, ""extras"": [""fx""], ""fx"": true, ""max_dias_fx"": 10, ""min_historia"": 12, ""periodos_por_anio"": 12, ""permitir_capturas"": false, ""rebalanceo_con_deriva"": true, ""segmentos"": [""dentro_muestra"", ""fuera_muestra""], ""senal"": ""media_movil_10"", ""spread_por_lado"": 0.0005, ""usuario"": {""bloque"": ""G"", ""efectivo"": ""rf_usd"", ""escenario_costos"": ""defecto"", ""moneda"": ""MXN""}, ""variante"": ""sma10|mxn|rf_usd""}","sensibilidad de moneda: MXN, efectivo rf_usd"
2026-09-25T05:28:45.492136Z,R01,6dcb13d6eb,comprar_y_mantener|mxn|rf_usd,0,completo,1993-11-30,2026-07-31,392,12,MXN,164.83752748151295,0.16937100598494137,0.1669232673685158,0.5377313814971924,0.768611372583657,-0.3986273085655938,0.42488560704583916,0.1552296789295567,-0.7742314731094355,4.719586220642732,0.9979577393569319,1.0,1.0,0.030613527784762385,0.0001040859944681921,1,0.1694929348712011,0.0799444377424996,0.0029,0.0005,2006-12-31,6f7a2f88fb30b19e,French F-F_Research_Data_Factors CRSP 202607 sha256 b840dba55d31; FRED DEXMXUS huella 3a677532a76a7d0e,"{""comision_por_lado"": 0.0029, ""cortes"": [""2006-12-31""], ""efectivo_en_mxn"": false, ""exposicion_inicial"": 0.0, ""exposicion_max"": 1.0, ""exposicion_min"": 0.0, ""extras"": [""fx""], ""fx"": true, ""max_dias_fx"": 10, ""min_historia"": 12, ""periodos_por_anio"": 12, ""permitir_capturas"": false, ""rebalanceo_con_deriva"": true, ""segmentos"": [""dentro_muestra"", ""fuera_muestra""], ""senal"": ""senal_comprar_y_mantener"", ""spread_por_lado"": 0.0005, ""usuario"": {""bloque"": ""G"", ""efectivo"": ""rf_usd"", ""escenario_costos"": ""defecto"", ""moneda"": ""MXN""}, ""variante"": ""comprar_y_mantener|mxn|rf_usd""}","sensibilidad de moneda: MXN, efectivo rf_usd"
2026-09-25T05:28:45.492136Z,R01,6dcb13d6eb,comprar_y_mantener|mxn|rf_usd,0,dentro_muestra,1993-11-30,2006-12-31,157,12,MXN,12.346999457873414,0.21902036079076792,0.20404718270338015,0.48614526608408815,0.6846419666911706,-0.3986273085655938,0.5494364186409679,0.14033805011945527,-0.8853053418354478,4.562757002988903,0.9495374219002866,1.0,1.0,0.07642812303829254,0.0002598556183301946,1,0.2193377111130046,0.14273737321610658,0.0029,0.0005,2006-12-31,6f7a2f88fb30b19e,French F-F_Research_Data_Factors CRSP 202607 sha256 b840dba55d31; FRED DEXMXUS huella 3a677532a76a7d0e,"{""comision_por_lado"": 0.0029, ""cortes"": [""2006-12-31""], ""efectivo_en_mxn"": false, ""exposicion_inicial"": 0.0, ""exposicion_max"": 1.0, ""exposicion_min"": 0.0, ""extras"": [""fx""], ""fx"": true, ""max_dias_fx"": 10, ""min_historia"": 12, ""periodos_por_anio"": 12, ""permitir_capturas"": false, ""rebalanceo_con_deriva"": true, ""segmentos"": [""dentro_muestra"", ""fuera_muestra""], ""senal"": ""senal_comprar_y_mantener"", ""spread_por_lado"": 0.0005, ""usuario"": {""bloque"": ""G"", ""efectivo"": ""rf_usd"", ""escenario_costos"": ""defecto"", ""moneda"": ""MXN""}, ""variante"": ""comprar_y_mantener|mxn|rf_usd""}","sensibilidad de moneda: MXN, efectivo rf_usd"
2026-09-25T05:28:45.492136Z,R01,6dcb13d6eb,comprar_y_mantener|mxn|rf_usd,0,fuera_muestra,2006-12-31,2026-07-31,235,12,MXN,11.425079359966938,0.13732727596006877,0.13633607088510533,0.5691476287353487,0.8218570226495324,-0.29971589617506855,0.45819149972563966,0.1642987683294954,-0.721908588178577,4.746335616246709,0.9906108473180313,1.0,1.0,0.0,0.0,0,0.13732727596006877,0.03992091960725075,0.0029,0.0005,2006-12-31,6f7a2f88fb30b19e,French F-F_Research_Data_Factors CRSP 202607 sha256 b840dba55d31; FRED DEXMXUS huella 3a677532a76a7d0e,"{""comision_por_lado"": 0.0029, ""cortes"": [""2006-12-31""], ""efectivo_en_mxn"": false, ""exposicion_inicial"": 0.0, ""exposicion_max"": 1.0, ""exposicion_min"": 0.0, ""extras"": [""fx""], ""fx"": true, ""max_dias_fx"": 10, ""min_historia"": 12, ""periodos_por_anio"": 12, ""permitir_capturas"": false, ""rebalanceo_con_deriva"": true, ""segmentos"": [""dentro_muestra"", ""fuera_muestra""], ""senal"": ""senal_comprar_y_mantener"", ""spread_por_lado"": 0.0005, ""usuario"": {""bloque"": ""G"", ""efectivo"": ""rf_usd"", ""escenario_costos"": ""defecto"", ""moneda"": ""MXN""}, ""variante"": ""comprar_y_mantener|mxn|rf_usd""}","sensibilidad de moneda: MXN, efectivo rf_usd"
2026-09-25T05:28:45.502398Z,R01,e3a1989fb0,efectivo|mxn|rf_usd,0,completo,1993-11-30,2026-07-31,392,12,MXN,11.3329527277241,0.0799444377424996,0.14064512261048165,0.0,0.0,-0.2736621224860777,0.2921282529575013,,0.0,3.0,,0.0,0.0,0.0,0.0,0,0.1694929348712011,0.0799444377424996,0.0029,0.0005,2006-12-31,6f7a2f88fb30b19e,French F-F_Research_Data_Factors CRSP 202607 sha256 b840dba55d31; FRED DEXMXUS huella 3a677532a76a7d0e,"{""comision_por_lado"": 0.0029, ""cortes"": [""2006-12-31""], ""efectivo_en_mxn"": false, ""exposicion_inicial"": 0.0, ""exposicion_max"": 1.0, ""exposicion_min"": 0.0, ""extras"": [""fx""], ""fx"": true, ""max_dias_fx"": 10, ""min_historia"": 12, ""periodos_por_anio"": 12, ""permitir_capturas"": false, ""rebalanceo_con_deriva"": true, ""segmentos"": [""dentro_muestra"", ""fuera_muestra""], ""senal"": ""senal_efectivo"", ""spread_por_lado"": 0.0005, ""usuario"": {""bloque"": ""G"", ""efectivo"": ""rf_usd"", ""escenario_costos"": ""defecto"", ""moneda"": ""MXN""}, ""variante"": ""efectivo|mxn|rf_usd""}","sensibilidad de moneda: MXN, efectivo rf_usd"
2026-09-25T05:28:45.502398Z,R01,e3a1989fb0,efectivo|mxn|rf_usd,0,dentro_muestra,1993-11-30,2006-12-31,157,12,MXN,4.730361927555707,0.14273737321610658,0.16701813259598805,0.0,0.0,-0.10899999999999999,1.3095171854688679,,0.0,3.0,,0.0,0.0,0.0,0.0,0,0.2193377111130046,0.14273737321610658,0.0029,0.0005,2006-12-31,6f7a2f88fb30b19e,French F-F_Research_Data_Factors CRSP 202607 sha256 b840dba55d31; FRED DEXMXUS huella 3a677532a76a7d0e,"{""comision_por_lado"": 0.0029, ""cortes"": [""2006-12-31""], ""efectivo_en_mxn"": false, ""exposicion_inicial"": 0.0, ""exposicion_max"": 1.0, ""exposicion_min"": 0.0, ""extras"": [""fx""], ""fx"": true, ""max_dias_fx"": 10, ""min_historia"": 12, ""periodos_por_anio"": 12, ""permitir_capturas"": false, ""rebalanceo_con_deriva"": true, ""segmentos"": [""dentro_muestra"", ""fuera_muestra""], ""senal"": ""senal_efectivo"", ""spread_por_lado"": 0.0005, ""usuario"": {""bloque"": ""G"", ""efectivo"": ""rf_usd"", ""escenario_costos"": ""defecto"", ""moneda"": ""MXN""}, ""variante"": ""efectivo|mxn|rf_usd""}","sensibilidad de moneda: MXN, efectivo rf_usd"
2026-09-25T05:28:45.502398Z,R01,e3a1989fb0,efectivo|mxn|rf_usd,0,fuera_muestra,2006-12-31,2026-07-31,235,12,MXN,1.1522118294864412,0.03992091960725075,0.11883146271299577,0.0,0.0,-0.27366212248607735,0.1458766717315135,,0.0,3.0,,0.0,0.0,0.0,0.0,0,0.13732727596006877,0.03992091960725075,0.0029,0.0005,2006-12-31,6f7a2f88fb30b19e,French F-F_Research_Data_Factors CRSP 202607 sha256 b840dba55d31; FRED DEXMXUS huella 3a677532a76a7d0e,"{""comision_por_lado"": 0.0029, ""cortes"": [""2006-12-31""], ""efectivo_en_mxn"": false, ""exposicion_inicial"": 0.0, ""exposicion_max"": 1.0, ""exposicion_min"": 0.0, ""extras"": [""fx""], ""fx"": true, ""max_dias_fx"": 10, ""min_historia"": 12, ""periodos_por_anio"": 12, ""permitir_capturas"": false, ""rebalanceo_con_deriva"": true, ""segmentos"": [""dentro_muestra"", ""fuera_muestra""], ""senal"": ""senal_efectivo"", ""spread_por_lado"": 0.0005, ""usuario"": {""bloque"": ""G"", ""efectivo"": ""rf_usd"", ""escenario_costos"": ""defecto"", ""moneda"": ""MXN""}, ""variante"": ""efectivo|mxn|rf_usd""}","sensibilidad de moneda: MXN, efectivo rf_usd"
2026-09-25T05:28:45.514769Z,R01,f89600b324,sma10|mxn|cetes,0,completo,1993-11-30,2026-07-31,392,12,MXN,117.7766833293417,0.1574835858622976,0.11751350718705554,0.42022422939399234,0.6658618072504644,-0.14307876605171954,1.1006775513102418,0.12130828598031226,0.1046598013894975,6.456296792419382,0.991573905413169,0.7678571428571429,0.7678571428571429,1.5000628614533569,0.005100213728941408,49,0.1694929348712011,0.11022046062864455,0.0029,0.0005,2006-12-31,3e07a4896babbbd8,French F-F_Research_Data_Factors CRSP 202607 sha256 b840dba55d31; FRED DEXMXUS huella 3a677532a76a7d0e; FRED INTGSTMXM193N/1200 huella db8f6e0293183ed1,"{""comision_por_lado"": 0.0029, ""cortes"": [""2006-12-31""], ""efectivo_en_mxn"": true, ""exposicion_inicial"": 0.0, ""exposicion_max"": 1.0, ""exposicion_min"": 0.0, ""extras"": [""fx""], ""fx"": true, ""max_dias_fx"": 10, ""min_historia"": 12, ""periodos_por_anio"": 12, ""permitir_capturas"": false, ""rebalanceo_con_deriva"": true, ""segmentos"": [""dentro_muestra"", ""fuera_muestra""], ""senal"": ""media_movil_10"", ""spread_por_lado"": 0.0005, ""usuario"": {""bloque"": ""G"", ""efectivo"": ""cetes"", ""escenario_costos"": ""defecto"", ""moneda"": ""MXN""}, ""variante"": ""sma10|mxn|cetes""}","sensibilidad de moneda: MXN, efectivo cetes"
2026-09-25T05:28:45.514769Z,R01,f89600b324,sma10|mxn|cetes,0,dentro_muestra,1993-11-30,2006-12-31,157,12,MXN,10.5446306941079,0.20557910653042022,0.12942685406862448,0.2038710154833998,0.3002405317219395,-0.13130342229910763,1.5656797281499142,0.058852492834651625,-0.01004735510236624,6.839420898013585,0.7682209178665282,0.7452229299363057,0.7452229299363057,1.4521343377275582,0.0049372567482736975,19,0.2193377111130046,0.18448517142448329,0.0029,0.0005,2006-12-31,3e07a4896babbbd8,French F-F_Research_Data_Factors CRSP 202607 sha256 b840dba55d31; FRED DEXMXUS huella 3a677532a76a7d0e; FRED INTGSTMXM193N/1200 huella db8f6e0293183ed1,"{""comision_por_lado"": 0.0029, ""cortes"": [""2006-12-31""], ""efectivo_en_mxn"": true, ""exposicion_inicial"": 0.0, ""exposicion_max"": 1.0, ""exposicion_min"": 0.0, ""extras"": [""fx""], ""fx"": true, ""max_dias_fx"": 10, ""min_historia"": 12, ""periodos_por_anio"": 12, ""permitir_capturas"": false, ""rebalanceo_con_deriva"": true, ""segmentos"": [""dentro_muestra"", ""fuera_muestra""], ""senal"": ""media_movil_10"", ""spread_por_lado"": 0.0005, ""usuario"": {""bloque"": ""G"", ""efectivo"": ""cetes"", ""escenario_costos"": ""defecto"", ""moneda"": ""MXN""}, ""variante"": ""sma10|mxn|cetes""}","sensibilidad de moneda: MXN, efectivo cetes"
2026-09-25T05:28:45.514769Z,R01,f89600b324,sma10|mxn|cetes,0,fuera_muestra,2006-12-31,2026-07-31,235,12,MXN,9.288478382419159,0.12642012083675613,0.10834108493779966,0.5860303954342793,0.9996809570236733,-0.14307876605171954,0.8835701084468277,0.169172403278642,0.25261426825576355,5.796154250576641,0.9953225398091368,0.7829787234042553,0.7829787234042553,1.5320889261744968,0.0052091023489932884,30,0.13732727596006877,0.0632099751534696,0.0029,0.0005,2006-12-31,3e07a4896babbbd8,French F-F_Research_Data_Factors CRSP 202607 sha256 b840dba55d31; FRED DEXMXUS huella 3a677532a76a7d0e; FRED INTGSTMXM193N/1200 huella db8f6e0293183ed1,"{""comision_por_lado"": 0.0029, ""cortes"": [""2006-12-31""], ""efectivo_en_mxn"": true, ""exposicion_inicial"": 0.0, ""exposicion_max"": 1.0, ""exposicion_min"": 0.0, ""extras"": [""fx""], ""fx"": true, ""max_dias_fx"": 10, ""min_historia"": 12, ""periodos_por_anio"": 12, ""permitir_capturas"": false, ""rebalanceo_con_deriva"": true, ""segmentos"": [""dentro_muestra"", ""fuera_muestra""], ""senal"": ""media_movil_10"", ""spread_por_lado"": 0.0005, ""usuario"": {""bloque"": ""G"", ""efectivo"": ""cetes"", ""escenario_costos"": ""defecto"", ""moneda"": ""MXN""}, ""variante"": ""sma10|mxn|cetes""}","sensibilidad de moneda: MXN, efectivo cetes"
2026-09-25T05:28:45.525809Z,R01,156dac413a,comprar_y_mantener|mxn|cetes,0,completo,1993-11-30,2026-07-31,392,12,MXN,164.83752748151295,0.16937100598494137,0.1669232673685158,0.39521603822747275,0.6743363299389212,-0.3986273085655938,0.42488560704583916,0.11408904302934442,2.060575511761018,23.508998157989232,0.9931333410493688,1.0,1.0,0.030613527784762385,0.0001040859944681921,1,0.1694929348712011,0.11022046062864455,0.0029,0.0005,2006-12-31,3e07a4896babbbd8,French F-F_Research_Data_Factors CRSP 202607 sha256 b840dba55d31; FRED DEXMXUS huella 3a677532a76a7d0e; FRED INTGSTMXM193N/1200 huella db8f6e0293183ed1,"{""comision_por_lado"": 0.0029, ""cortes"": [""2006-12-31""], ""efectivo_en_mxn"": true, ""exposicion_inicial"": 0.0, ""exposicion_max"": 1.0, ""exposicion_min"": 0.0, ""extras"": [""fx""], ""fx"": true, ""max_dias_fx"": 10, ""min_historia"": 12, ""periodos_por_anio"": 12, ""permitir_capturas"": false, ""rebalanceo_con_deriva"": true, ""segmentos"": [""dentro_muestra"", ""fuera_muestra""], ""senal"": ""senal_comprar_y_mantener"", ""spread_por_lado"": 0.0005, ""usuario"": {""bloque"": ""G"", ""efectivo"": ""cetes"", ""escenario_costos"": ""defecto"", ""moneda"": ""MXN""}, ""variante"": ""comprar_y_mantener|mxn|cetes""}","sensibilidad de moneda: MXN, efectivo cetes"
2026-09-25T05:28:45.525809Z,R01,156dac413a,comprar_y_mantener|mxn|cetes,0,dentro_muestra,1993-11-30,2006-12-31,157,12,MXN,12.346999457873414,0.21902036079076792,0.20404718270338015,0.23665845820756168,0.42031592558844166,-0.3986273085655938,0.5494364186409679,0.06831741227606877,2.905484447179543,26.439117023008265,0.8253458320227052,1.0,1.0,0.07642812303829254,0.0002598556183301946,1,0.2193377111130046,0.18448517142448329,0.0029,0.0005,2006-12-31,3e07a4896babbbd8,French F-F_Research_Data_Factors CRSP 202607 sha256 b840dba55d31; FRED DEXMXUS huella 3a677532a76a7d0e; FRED INTGSTMXM193N/1200 huella db8f6e0293183ed1,"{""comision_por_lado"": 0.0029, ""cortes"": [""2006-12-31""], ""efectivo_en_mxn"": true, ""exposicion_inicial"": 0.0, ""exposicion_max"": 1.0, ""exposicion_min"": 0.0, ""extras"": [""fx""], ""fx"": true, ""max_dias_fx"": 10, ""min_historia"": 12, ""periodos_por_anio"": 12, ""permitir_capturas"": false, ""rebalanceo_con_deriva"": true, ""segmentos"": [""dentro_muestra"", ""fuera_muestra""], ""senal"": ""senal_comprar_y_mantener"", ""spread_por_lado"": 0.0005, ""usuario"": {""bloque"": ""G"", ""efectivo"": ""cetes"", ""escenario_costos"": ""defecto"", ""moneda"": ""MXN""}, ""variante"": ""comprar_y_mantener|mxn|cetes""}","sensibilidad de moneda: MXN, efectivo cetes"
2026-09-25T05:28:45.525809Z,R01,156dac413a,comprar_y_mantener|mxn|cetes,0,fuera_muestra,2006-12-31,2026-07-31,235,12,MXN,11.425079359966938,0.13732727596006877,0.13633607088510533,0.5620217236557667,0.9129473120007924,-0.29971589617506855,0.45819149972563966,0.1622416967215372,0.10871879274838957,4.179145791315724,0.9933894633154956,1.0,1.0,0.0,0.0,0,0.13732727596006877,0.0632099751534696,0.0029,0.0005,2006-12-31,3e07a4896babbbd8,French F-F_Research_Data_Factors CRSP 202607 sha256 b840dba55d31; FRED DEXMXUS huella 3a677532a76a7d0e; FRED INTGSTMXM193N/1200 huella db8f6e0293183ed1,"{""comision_por_lado"": 0.0029, ""cortes"": [""2006-12-31""], ""efectivo_en_mxn"": true, ""exposicion_inicial"": 0.0, ""exposicion_max"": 1.0, ""exposicion_min"": 0.0, ""extras"": [""fx""], ""fx"": true, ""max_dias_fx"": 10, ""min_historia"": 12, ""periodos_por_anio"": 12, ""permitir_capturas"": false, ""rebalanceo_con_deriva"": true, ""segmentos"": [""dentro_muestra"", ""fuera_muestra""], ""senal"": ""senal_comprar_y_mantener"", ""spread_por_lado"": 0.0005, ""usuario"": {""bloque"": ""G"", ""efectivo"": ""cetes"", ""escenario_costos"": ""defecto"", ""moneda"": ""MXN""}, ""variante"": ""comprar_y_mantener|mxn|cetes""}","sensibilidad de moneda: MXN, efectivo cetes"
2026-09-25T05:28:45.535654Z,R01,d6c6f3570e,efectivo|mxn|cetes,0,completo,1993-11-30,2026-07-31,392,12,MXN,29.43027762558242,0.11022046062864455,0.028482434187164396,0.0,0.0,0.0,inf,,0.0,3.0,,0.0,0.0,0.0,0.0,0,0.1694929348712011,0.11022046062864455,0.0029,0.0005,2006-12-31,3e07a4896babbbd8,French F-F_Research_Data_Factors CRSP 202607 sha256 b840dba55d31; FRED DEXMXUS huella 3a677532a76a7d0e; FRED INTGSTMXM193N/1200 huella db8f6e0293183ed1,"{""comision_por_lado"": 0.0029, ""cortes"": [""2006-12-31""], ""efectivo_en_mxn"": true, ""exposicion_inicial"": 0.0, ""exposicion_max"": 1.0, ""exposicion_min"": 0.0, ""extras"": [""fx""], ""fx"": true, ""max_dias_fx"": 10, ""min_historia"": 12, ""periodos_por_anio"": 12, ""permitir_capturas"": false, ""rebalanceo_con_deriva"": true, ""segmentos"": [""dentro_muestra"", ""fuera_muestra""], ""senal"": ""senal_efectivo"", ""spread_por_lado"": 0.0005, ""usuario"": {""bloque"": ""G"", ""efectivo"": ""cetes"", ""escenario_costos"": ""defecto"", ""moneda"": ""MXN""}, ""variante"": ""efectivo|mxn|cetes""}","sensibilidad de moneda: MXN, efectivo cetes"
2026-09-25T05:28:45.535654Z,R01,d6c6f3570e,efectivo|mxn|cetes,0,dentro_muestra,1993-11-30,2006-12-31,157,12,MXN,8.163798803344433,0.18448517142448329,0.03683499581485352,0.0,0.0,0.0,inf,,0.0,3.0,,0.0,0.0,0.0,0.0,0,0.2193377111130046,0.18448517142448329,0.0029,0.0005,2006-12-31,3e07a4896babbbd8,French F-F_Research_Data_Factors CRSP 202607 sha256 b840dba55d31; FRED DEXMXUS huella 3a677532a76a7d0e; FRED INTGSTMXM193N/1200 huella db8f6e0293183ed1,"{""comision_por_lado"": 0.0029, ""cortes"": [""2006-12-31""], ""efectivo_en_mxn"": true, ""exposicion_inicial"": 0.0, ""exposicion_max"": 1.0, ""exposicion_min"": 0.0, ""extras"": [""fx""], ""fx"": true, ""max_dias_fx"": 10, ""min_historia"": 12, ""periodos_por_anio"": 12, ""permitir_capturas"": false, ""rebalanceo_con_deriva"": true, ""segmentos"": [""dentro_muestra"", ""fuera_muestra""], ""senal"": ""senal_efectivo"", ""spread_por_lado"": 0.0005, ""usuario"": {""bloque"": ""G"", ""efectivo"": ""cetes"", ""escenario_costos"": ""defecto"", ""moneda"": ""MXN""}, ""variante"": ""efectivo|mxn|cetes""}","sensibilidad de moneda: MXN, efectivo cetes"
2026-09-25T05:28:45.535654Z,R01,d6c6f3570e,efectivo|mxn|cetes,0,fuera_muestra,2006-12-31,2026-07-31,235,12,MXN,2.3207055587554515,0.0632099751534696,0.006896900694877747,0.0,0.0,0.0,inf,,0.0,3.0,,0.0,0.0,0.0,0.0,0,0.13732727596006877,0.0632099751534696,0.0029,0.0005,2006-12-31,3e07a4896babbbd8,French F-F_Research_Data_Factors CRSP 202607 sha256 b840dba55d31; FRED DEXMXUS huella 3a677532a76a7d0e; FRED INTGSTMXM193N/1200 huella db8f6e0293183ed1,"{""comision_por_lado"": 0.0029, ""cortes"": [""2006-12-31""], ""efectivo_en_mxn"": true, ""exposicion_inicial"": 0.0, ""exposicion_max"": 1.0, ""exposicion_min"": 0.0, ""extras"": [""fx""], ""fx"": true, ""max_dias_fx"": 10, ""min_historia"": 12, ""periodos_por_anio"": 12, ""permitir_capturas"": false, ""rebalanceo_con_deriva"": true, ""segmentos"": [""dentro_muestra"", ""fuera_muestra""], ""senal"": ""senal_efectivo"", ""spread_por_lado"": 0.0005, ""usuario"": {""bloque"": ""G"", ""efectivo"": ""cetes"", ""escenario_costos"": ""defecto"", ""moneda"": ""MXN""}, ""variante"": ""efectivo|mxn|cetes""}","sensibilidad de moneda: MXN, efectivo cetes"
2026-09-25T05:30:39.043928Z,R01,688de5f3b2,sma6,1,completo,1927-06-30,2026-07-31,1189,12,USD,3538.7184462667096,0.0859684669292724,0.12806862374558614,0.45476973906692403,0.7004739331115002,-0.4697171177198519,0.18302178840445327,0.13128071563479224,0.21268849759340777,15.538689023458621,0.9999956731128703,0.7056349873843566,0.7056349873843566,2.1900265259318616,0.007446090188168305,217,0.10260130985470983,0.03287249298954742,0.0029,0.0005,2006-12-31,e85ac74d630dff95,French F-F_Research_Data_Factors CRSP 202607 sha256 b840dba55d31,"{""comision_por_lado"": 0.0029, ""cortes"": [""2006-12-31""], ""efectivo_en_mxn"": false, ""exposicion_inicial"": 0.0, ""exposicion_max"": 1.0, ""exposicion_min"": 0.0, ""extras"": [], ""fx"": false, ""max_dias_fx"": 10, ""min_historia"": 12, ""periodos_por_anio"": 12, ""permitir_capturas"": false, ""rebalanceo_con_deriva"": true, ""segmentos"": [""dentro_muestra"", ""fuera_muestra""], ""senal"": ""media_movil_6"", ""spread_por_lado"": 0.0005, ""usuario"": {""bloque"": ""A"", ""escenario_costos"": ""defecto"", ""senal_sobre"": ""indice TR (Mkt-RF+RF)"", ""ventana"": 6}, ""variante"": ""sma6""}",principal; costos GBM por defecto
2026-09-25T05:30:39.043928Z,R01,688de5f3b2,sma6,1,dentro_muestra,1927-06-30,2006-12-31,954,12,USD,649.7039937037225,0.0848919608226748,0.1333170014903205,0.4025466674664101,0.6168764816028427,-0.4697171177198519,0.18072997048684514,0.11620521341155933,0.273300437272816,16.11319567960713,0.9998097688048824,0.6960167714884696,0.6960167714884696,2.251446330796515,0.007654917524708141,179,0.10073588705476877,0.037291120660129184,0.0029,0.0005,2006-12-31,e85ac74d630dff95,French F-F_Research_Data_Factors CRSP 202607 sha256 b840dba55d31,"{""comision_por_lado"": 0.0029, ""cortes"": [""2006-12-31""], ""efectivo_en_mxn"": false, ""exposicion_inicial"": 0.0, ""exposicion_max"": 1.0, ""exposicion_min"": 0.0, ""extras"": [], ""fx"": false, ""max_dias_fx"": 10, ""min_historia"": 12, ""periodos_por_anio"": 12, ""permitir_capturas"": false, ""rebalanceo_con_deriva"": true, ""segmentos"": [""dentro_muestra"", ""fuera_muestra""], ""senal"": ""media_movil_6"", ""spread_por_lado"": 0.0005, ""usuario"": {""bloque"": ""A"", ""escenario_costos"": ""defecto"", ""senal_sobre"": ""indice TR (Mkt-RF+RF)"", ""ventana"": 6}, ""variante"": ""sma6""}",principal; costos GBM por defecto
2026-09-25T05:30:39.043928Z,R01,688de5f3b2,sma6,1,fuera_muestra,2006-12-31,2026-07-31,235,12,USD,4.43982898601727,0.09035034927315655,0.10432845071528654,0.7372312818473354,1.1773016262206066,-0.16792111706644708,0.5380523358322142,0.21282033951478602,-0.22661831692287235,4.43140485912916,0.9991031095379587,0.7446808510638298,0.7446808510638298,1.9406459731543626,0.006598196308724832,38,0.11020794942552814,0.015124226882966774,0.0029,0.0005,2006-12-31,e85ac74d630dff95,French F-F_Research_Data_Factors CRSP 202607 sha256 b840dba55d31,"{""comision_por_lado"": 0.0029, ""cortes"": [""2006-12-31""], ""efectivo_en_mxn"": false, ""exposicion_inicial"": 0.0, ""exposicion_max"": 1.0, ""exposicion_min"": 0.0, ""extras"": [], ""fx"": false, ""max_dias_fx"": 10, ""min_historia"": 12, ""periodos_por_anio"": 12, ""permitir_capturas"": false, ""rebalanceo_con_deriva"": true, ""segmentos"": [""dentro_muestra"", ""fuera_muestra""], ""senal"": ""media_movil_6"", ""spread_por_lado"": 0.0005, ""usuario"": {""bloque"": ""A"", ""escenario_costos"": ""defecto"", ""senal_sobre"": ""indice TR (Mkt-RF+RF)"", ""ventana"": 6}, ""variante"": ""sma6""}",principal; costos GBM por defecto
2026-09-25T05:30:39.062785Z,R01,29bed1d9aa,sma8,1,completo,1927-06-30,2026-07-31,1189,12,USD,2949.1284024277375,0.08397342325014767,0.12315070558842899,0.4543606537038372,0.663359194546686,-0.5460933925606224,0.15377117612867966,0.13116262286254238,-0.7480265969337954,9.242100602019038,0.9999891264404352,0.7115222876366695,0.7115222876366695,1.766150424138598,0.006004911442071227,175,0.10260130985470983,0.03287249298954742,0.0029,0.0005,2006-12-31,e85ac74d630dff95,French F-F_Research_Data_Factors CRSP 202607 sha256 b840dba55d31,"{""comision_por_lado"": 0.0029, ""cortes"": [""2006-12-31""], ""efectivo_en_mxn"": false, ""exposicion_inicial"": 0.0, ""exposicion_max"": 1.0, ""exposicion_min"": 0.0, ""extras"": [], ""fx"": false, ""max_dias_fx"": 10, ""min_historia"": 12, ""periodos_por_anio"": 12, ""permitir_capturas"": false, ""rebalanceo_con_deriva"": true, ""segmentos"": [""dentro_muestra"", ""fuera_muestra""], ""senal"": ""media_movil_8"", ""spread_por_lado"": 0.0005, ""usuario"": {""bloque"": ""A"", ""escenario_costos"": ""defecto"", ""senal_sobre"": ""indice TR (Mkt-RF+RF)"", ""ventana"": 8}, ""variante"": ""sma8""}",principal; costos GBM por defecto
2026-09-25T05:30:39.062785Z,R01,29bed1d9aa,sma8,1,dentro_muestra,1927-06-30,2006-12-31,954,12,USD,472.7518702980863,0.08056984942613332,0.12697118718640263,0.38641272384876174,0.55496416358886,-0.5460933925606224,0.14753859051167548,0.11154774506618956,-0.8089122189783116,9.652586222425965,0.9994390095457808,0.6970649895178197,0.6970649895178197,1.8237973070698026,0.006200910844037335,145,0.10073588705476877,0.037291120660129184,0.0029,0.0005,2006-12-31,e85ac74d630dff95,French F-F_Research_Data_Factors CRSP 202607 sha256 b840dba55d31,"{""comision_por_lado"": 0.0029, ""cortes"": [""2006-12-31""], ""efectivo_en_mxn"": false, ""exposicion_inicial"": 0.0, ""exposicion_max"": 1.0, ""exposicion_min"": 0.0, ""extras"": [], ""fx"": false, ""max_dias_fx"": 10, ""min_historia"": 12, ""periodos_por_anio"": 12, ""permitir_capturas"": false, ""rebalanceo_con_deriva"": true, ""segmentos"": [""dentro_muestra"", ""fuera_muestra""], ""senal"": ""media_movil_8"", ""spread_por_lado"": 0.0005, ""usuario"": {""bloque"": ""A"", ""escenario_costos"": ""defecto"", ""senal_sobre"": ""indice TR (Mkt-RF+RF)"", ""ventana"": 8}, ""variante"": ""sma8""}",principal; costos GBM por defecto
2026-09-25T05:30:39.062785Z,R01,29bed1d9aa,sma8,1,fuera_muestra,2006-12-31,2026-07-31,235,12,USD,5.227159378962462,0.09790331439520394,0.1064285364315508,0.7900309960978037,1.2820422595676086,-0.13755087519413256,0.711760752209159,0.22806230413260759,-0.20015959951946508,4.243235355910391,0.9995884340073699,0.7702127659574468,0.7702127659574468,1.5320889261744968,0.0052091023489932884,30,0.11020794942552814,0.015124226882966774,0.0029,0.0005,2006-12-31,e85ac74d630dff95,French F-F_Research_Data_Factors CRSP 202607 sha256 b840dba55d31,"{""comision_por_lado"": 0.0029, ""cortes"": [""2006-12-31""], ""efectivo_en_mxn"": false, ""exposicion_inicial"": 0.0, ""exposicion_max"": 1.0, ""exposicion_min"": 0.0, ""extras"": [], ""fx"": false, ""max_dias_fx"": 10, ""min_historia"": 12, ""periodos_por_anio"": 12, ""permitir_capturas"": false, ""rebalanceo_con_deriva"": true, ""segmentos"": [""dentro_muestra"", ""fuera_muestra""], ""senal"": ""media_movil_8"", ""spread_por_lado"": 0.0005, ""usuario"": {""bloque"": ""A"", ""escenario_costos"": ""defecto"", ""senal_sobre"": ""indice TR (Mkt-RF+RF)"", ""ventana"": 8}, ""variante"": ""sma8""}",principal; costos GBM por defecto
2026-09-25T05:30:39.077303Z,R01,5a1051737b,sma10,1,completo,1927-06-30,2026-07-31,1189,12,USD,6233.730767371164,0.09219049755986264,0.12524180166177942,0.5101000589602692,0.7559508271665315,-0.4349816634196292,0.21194111226460127,0.14725320317717772,-0.6770074863023119,8.664195594880193,0.999998987923093,0.7300252312867956,0.7300252312867956,1.4835663562764223,0.005044125611339841,147,0.10260130985470983,0.03287249298954742,0.0029,0.0005,2006-12-31,e85ac74d630dff95,French F-F_Research_Data_Factors CRSP 202607 sha256 b840dba55d31,"{""comision_por_lado"": 0.0029, ""cortes"": [""2006-12-31""], ""efectivo_en_mxn"": false, ""exposicion_inicial"": 0.0, ""exposicion_max"": 1.0, ""exposicion_min"": 0.0, ""extras"": [], ""fx"": false, ""max_dias_fx"": 10, ""min_historia"": 12, ""periodos_por_anio"": 12, ""permitir_capturas"": false, ""rebalanceo_con_deriva"": true, ""segmentos"": [""dentro_muestra"", ""fuera_muestra""], ""senal"": ""media_movil_10"", ""spread_por_lado"": 0.0005, ""usuario"": {""bloque"": ""A"", ""escenario_costos"": ""defecto"", ""senal_sobre"": ""indice TR (Mkt-RF+RF)"", ""ventana"": 10}, ""variante"": ""sma10""}",principal; costos GBM por defecto
2026-09-25T05:30:39.077303Z,R01,5a1051737b,sma10,1,dentro_muestra,1927-06-30,2006-12-31,954,12,USD,1184.4478265692735,0.0931078781193797,0.12913417375913028,0.4723038339636044,0.6935580726958053,-0.4349816634196292,0.21405012199228735,0.13634237283908968,-0.7248673237160503,9.037764959244502,0.9999607098349479,0.7169811320754716,0.7169811320754716,1.4716157581183924,0.005003493577602536,117,0.10073588705476877,0.037291120660129184,0.0029,0.0005,2006-12-31,e85ac74d630dff95,French F-F_Research_Data_Factors CRSP 202607 sha256 b840dba55d31,"{""comision_por_lado"": 0.0029, ""cortes"": [""2006-12-31""], ""efectivo_en_mxn"": false, ""exposicion_inicial"": 0.0, ""exposicion_max"": 1.0, ""exposicion_min"": 0.0, ""extras"": [], ""fx"": false, ""max_dias_fx"": 10, ""min_historia"": 12, ""periodos_por_anio"": 12, ""permitir_capturas"": false, ""rebalanceo_con_deriva"": true, ""segmentos"": [""dentro_muestra"", ""fuera_muestra""], ""senal"": ""media_movil_10"", ""spread_por_lado"": 0.0005, ""usuario"": {""bloque"": ""A"", ""escenario_costos"": ""defecto"", ""senal_sobre"": ""indice TR (Mkt-RF+RF)"", ""ventana"": 10}, ""variante"": ""sma10""}",principal; costos GBM por defecto
2026-09-25T05:30:39.077303Z,R01,5a1051737b,sma10,1,fuera_muestra,2006-12-31,2026-07-31,235,12,USD,4.259388585168433,0.08847359378722519,0.10824455637489537,0.6987335112623703,1.0975949181127538,-0.19307574579550835,0.4582325626799853,0.20170699040957094,-0.2749302182401569,4.229792962271229,0.9984502496046856,0.7829787234042553,0.7829787234042553,1.5320889261744968,0.0052091023489932884,30,0.11020794942552814,0.015124226882966774,0.0029,0.0005,2006-12-31,e85ac74d630dff95,French F-F_Research_Data_Factors CRSP 202607 sha256 b840dba55d31,"{""comision_por_lado"": 0.0029, ""cortes"": [""2006-12-31""], ""efectivo_en_mxn"": false, ""exposicion_inicial"": 0.0, ""exposicion_max"": 1.0, ""exposicion_min"": 0.0, ""extras"": [], ""fx"": false, ""max_dias_fx"": 10, ""min_historia"": 12, ""periodos_por_anio"": 12, ""permitir_capturas"": false, ""rebalanceo_con_deriva"": true, ""segmentos"": [""dentro_muestra"", ""fuera_muestra""], ""senal"": ""media_movil_10"", ""spread_por_lado"": 0.0005, ""usuario"": {""bloque"": ""A"", ""escenario_costos"": ""defecto"", ""senal_sobre"": ""indice TR (Mkt-RF+RF)"", ""ventana"": 10}, ""variante"": ""sma10""}",principal; costos GBM por defecto
2026-09-25T05:30:39.091684Z,R01,2867176359,sma12,1,completo,1927-06-30,2026-07-31,1189,12,USD,7674.891146133563,0.09448506418801461,0.12597305058223474,0.5249414262941472,0.7845801989380545,-0.46256931745863683,0.2042614168771873,0.151537536889856,-0.619678614875739,8.531410435555866,0.9999995159807091,0.7333894028595458,0.7333894028595458,1.3220897460694647,0.004495105136636183,131,0.10260130985470983,0.03287249298954742,0.0029,0.0005,2006-12-31,e85ac74d630dff95,French F-F_Research_Data_Factors CRSP 202607 sha256 b840dba55d31,"{""comision_por_lado"": 0.0029, ""cortes"": [""2006-12-31""], ""efectivo_en_mxn"": false, ""exposicion_inicial"": 0.0, ""exposicion_max"": 1.0, ""exposicion_min"": 0.0, ""extras"": [], ""fx"": false, ""max_dias_fx"": 10, ""min_historia"": 12, ""periodos_por_anio"": 12, ""permitir_capturas"": false, ""rebalanceo_con_deriva"": true, ""segmentos"": [""dentro_muestra"", ""fuera_muestra""], ""senal"": ""media_movil_12"", ""spread_por_lado"": 0.0005, ""usuario"": {""bloque"": ""A"", ""escenario_costos"": ""defecto"", ""senal_sobre"": ""indice TR (Mkt-RF+RF)"", ""ventana"": 12}, ""variante"": ""sma12""}",principal; costos GBM por defecto
2026-09-25T05:30:39.091684Z,R01,2867176359,sma12,1,dentro_muestra,1927-06-30,2006-12-31,954,12,USD,1609.9715197749947,0.09733307706331606,0.12924538747147024,0.5020786622791454,0.7464089927446156,-0.46256931745863683,0.21041835977808804,0.14493762541061592,-0.6664033392819401,8.989380957305858,0.999986251713674,0.720125786163522,0.720125786163522,1.2955249836426874,0.004404784944385136,103,0.10073588705476877,0.037291120660129184,0.0029,0.0005,2006-12-31,e85ac74d630dff95,French F-F_Research_Data_Factors CRSP 202607 sha256 b840dba55d31,"{""comision_por_lado"": 0.0029, ""cortes"": [""2006-12-31""], ""efectivo_en_mxn"": false, ""exposicion_inicial"": 0.0, ""exposicion_max"": 1.0, ""exposicion_min"": 0.0, ""extras"": [], ""fx"": false, ""max_dias_fx"": 10, ""min_historia"": 12, ""periodos_por_anio"": 12, ""permitir_capturas"": false, ""rebalanceo_con_deriva"": true, ""segmentos"": [""dentro_muestra"", ""fuera_muestra""], ""senal"": ""media_movil_12"", ""spread_por_lado"": 0.0005, ""usuario"": {""bloque"": ""A"", ""escenario_costos"": ""defecto"", ""senal_sobre"": ""indice TR (Mkt-RF+RF)"", ""ventana"": 12}, ""variante"": ""sma12""}",principal; costos GBM por defecto
2026-09-25T05:30:39.091684Z,R01,2867176359,sma12,1,fuera_muestra,2006-12-31,2026-07-31,235,12,USD,3.7647590611692907,0.08299711761935069,0.11189106123712374,0.6358061712310478,0.9815309051585033,-0.19307574579550824,0.42986817053269444,0.18354143205633536,-0.2923618789214159,4.355828743190102,0.996525253689623,0.7872340425531915,0.7872340425531915,1.4299496644295302,0.004861828859060403,28,0.11020794942552814,0.015124226882966774,0.0029,0.0005,2006-12-31,e85ac74d630dff95,French F-F_Research_Data_Factors CRSP 202607 sha256 b840dba55d31,"{""comision_por_lado"": 0.0029, ""cortes"": [""2006-12-31""], ""efectivo_en_mxn"": false, ""exposicion_inicial"": 0.0, ""exposicion_max"": 1.0, ""exposicion_min"": 0.0, ""extras"": [], ""fx"": false, ""max_dias_fx"": 10, ""min_historia"": 12, ""periodos_por_anio"": 12, ""permitir_capturas"": false, ""rebalanceo_con_deriva"": true, ""segmentos"": [""dentro_muestra"", ""fuera_muestra""], ""senal"": ""media_movil_12"", ""spread_por_lado"": 0.0005, ""usuario"": {""bloque"": ""A"", ""escenario_costos"": ""defecto"", ""senal_sobre"": ""indice TR (Mkt-RF+RF)"", ""ventana"": 12}, ""variante"": ""sma12""}",principal; costos GBM por defecto
2026-09-25T05:30:39.109827Z,R01,ecbff9642f,mom12,1,completo,1927-06-30,2026-07-31,1189,12,USD,8843.135546656964,0.09605105234395239,0.12583210336031714,0.5361827224318338,0.8075674492991086,-0.4516676006306942,0.21265871674175826,0.15478261956542283,-0.5795193550596873,8.67159830707787,0.9999997224306731,0.7064760302775441,0.7064760302775441,0.8780290680003315,0.002985298831201124,87,0.10260130985470983,0.03287249298954742,0.0029,0.0005,2006-12-31,e85ac74d630dff95,French F-F_Research_Data_Factors CRSP 202607 sha256 b840dba55d31,"{""comision_por_lado"": 0.0029, ""cortes"": [""2006-12-31""], ""efectivo_en_mxn"": false, ""exposicion_inicial"": 0.0, ""exposicion_max"": 1.0, ""exposicion_min"": 0.0, ""extras"": [], ""fx"": false, ""max_dias_fx"": 10, ""min_historia"": 12, ""periodos_por_anio"": 12, ""permitir_capturas"": false, ""rebalanceo_con_deriva"": true, ""segmentos"": [""dentro_muestra"", ""fuera_muestra""], ""senal"": ""momentum_absoluto_12"", ""spread_por_lado"": 0.0005, ""usuario"": {""bloque"": ""A"", ""escenario_costos"": ""defecto"", ""regla"": ""momentum absoluto vs RF"", ""ventana"": 12}, ""variante"": ""mom12""}",principal; costos GBM por defecto
2026-09-25T05:30:39.109827Z,R01,ecbff9642f,mom12,1,dentro_muestra,1927-06-30,2006-12-31,954,12,USD,1710.6422178759794,0.09817002563791966,0.12606740882091216,0.5167802743882277,0.7737046977431186,-0.4516676006306942,0.21735016082809164,0.14918161526496598,-0.6519355623048841,9.632597055250569,0.999991587497288,0.6844863731656184,0.6844863731656184,0.8930317848410758,0.0030363080684596517,71,0.10073588705476877,0.037291120660129184,0.0029,0.0005,2006-12-31,e85ac74d630dff95,French F-F_Research_Data_Factors CRSP 202607 sha256 b840dba55d31,"{""comision_por_lado"": 0.0029, ""cortes"": [""2006-12-31""], ""efectivo_en_mxn"": false, ""exposicion_inicial"": 0.0, ""exposicion_max"": 1.0, ""exposicion_min"": 0.0, ""extras"": [], ""fx"": false, ""max_dias_fx"": 10, ""min_historia"": 12, ""periodos_por_anio"": 12, ""permitir_capturas"": false, ""rebalanceo_con_deriva"": true, ""segmentos"": [""dentro_muestra"", ""fuera_muestra""], ""senal"": ""momentum_absoluto_12"", ""spread_por_lado"": 0.0005, ""usuario"": {""bloque"": ""A"", ""escenario_costos"": ""defecto"", ""regla"": ""momentum absoluto vs RF"", ""ventana"": 12}, ""variante"": ""mom12""}",principal; costos GBM por defecto
2026-09-25T05:30:39.109827Z,R01,ecbff9642f,mom12,1,fuera_muestra,2006-12-31,2026-07-31,235,12,USD,4.16704685961291,0.08748938401309903,0.12511246574298726,0.6148367825171756,0.9518932353759678,-0.2451888924524458,0.3568244186676096,0.17748809094698736,-0.27326827800027503,4.540984492281924,0.9955638072769961,0.7957446808510639,0.7957446808510639,0.8171140939597316,0.0027781879194630874,16,0.11020794942552814,0.015124226882966774,0.0029,0.0005,2006-12-31,e85ac74d630dff95,French F-F_Research_Data_Factors CRSP 202607 sha256 b840dba55d31,"{""comision_por_lado"": 0.0029, ""cortes"": [""2006-12-31""], ""efectivo_en_mxn"": false, ""exposicion_inicial"": 0.0, ""exposicion_max"": 1.0, ""exposicion_min"": 0.0, ""extras"": [], ""fx"": false, ""max_dias_fx"": 10, ""min_historia"": 12, ""periodos_por_anio"": 12, ""permitir_capturas"": false, ""rebalanceo_con_deriva"": true, ""segmentos"": [""dentro_muestra"", ""fuera_muestra""], ""senal"": ""momentum_absoluto_12"", ""spread_por_lado"": 0.0005, ""usuario"": {""bloque"": ""A"", ""escenario_costos"": ""defecto"", ""regla"": ""momentum absoluto vs RF"", ""ventana"": 12}, ""variante"": ""mom12""}",principal; costos GBM por defecto
2026-09-25T05:30:39.123448Z,R01,8b92843f97,comprar_y_mantener,0,completo,1927-06-30,2026-07-31,1189,12,USD,15905.770725779157,0.10256341162295546,0.18407262054752943,0.4474463953280563,0.6755322777788232,-0.8365224657023863,0.12260688245454121,0.12916664839529052,0.15627536024461244,10.310747573454414,0.9999948574896089,1.0,1.0,0.010092288137934845,3.4313779668978476e-05,1,0.10260130985470983,0.03287249298954742,0.0029,0.0005,2006-12-31,e85ac74d630dff95,French F-F_Research_Data_Factors CRSP 202607 sha256 b840dba55d31,"{""comision_por_lado"": 0.0029, ""cortes"": [""2006-12-31""], ""efectivo_en_mxn"": false, ""exposicion_inicial"": 0.0, ""exposicion_max"": 1.0, ""exposicion_min"": 0.0, ""extras"": [], ""fx"": false, ""max_dias_fx"": 10, ""min_historia"": 12, ""periodos_por_anio"": 12, ""permitir_capturas"": false, ""rebalanceo_con_deriva"": true, ""segmentos"": [""dentro_muestra"", ""fuera_muestra""], ""senal"": ""senal_comprar_y_mantener"", ""spread_por_lado"": 0.0005, ""usuario"": {""bloque"": ""B"", ""escenario_costos"": ""defecto""}, ""variante"": ""comprar_y_mantener""}",referencia
2026-09-25T05:30:39.123448Z,R01,8b92843f97,comprar_y_mantener,0,dentro_muestra,1927-06-30,2006-12-31,954,12,USD,2052.5952052959287,0.10068873499625464,0.1898031644079522,0.40778500009967045,0.6163411487578481,-0.8365224657023863,0.12036584685351076,0.11771738978951816,0.2562297406680677,10.901843015362228,0.9998563653593853,1.0,1.0,0.012577912462550363,4.2764902372671234e-05,1,0.10073588705476877,0.037291120660129184,0.0029,0.0005,2006-12-31,e85ac74d630dff95,French F-F_Research_Data_Factors CRSP 202607 sha256 b840dba55d31,"{""comision_por_lado"": 0.0029, ""cortes"": [""2006-12-31""], ""efectivo_en_mxn"": false, ""exposicion_inicial"": 0.0, ""exposicion_max"": 1.0, ""exposicion_min"": 0.0, ""extras"": [], ""fx"": false, ""max_dias_fx"": 10, ""min_historia"": 12, ""periodos_por_anio"": 12, ""permitir_capturas"": false, ""rebalanceo_con_deriva"": true, ""segmentos"": [""dentro_muestra"", ""fuera_muestra""], ""senal"": ""senal_comprar_y_mantener"", ""spread_por_lado"": 0.0005, ""usuario"": {""bloque"": ""B"", ""escenario_costos"": ""defecto""}, ""variante"": ""comprar_y_mantener""}",referencia
2026-09-25T05:30:39.123448Z,R01,8b92843f97,comprar_y_mantener,0,fuera_muestra,2006-12-31,2026-07-31,235,12,USD,6.745816061879126,0.11020794942552814,0.159062982403124,0.6452006427175135,0.969267472829161,-0.5031170717166413,0.21905030781304505,0.186253382377138,-0.4995817776621852,4.0069978983606465,0.9964617573696892,1.0,1.0,0.0,0.0,0,0.11020794942552814,0.015124226882966774,0.0029,0.0005,2006-12-31,e85ac74d630dff95,French F-F_Research_Data_Factors CRSP 202607 sha256 b840dba55d31,"{""comision_por_lado"": 0.0029, ""cortes"": [""2006-12-31""], ""efectivo_en_mxn"": false, ""exposicion_inicial"": 0.0, ""exposicion_max"": 1.0, ""exposicion_min"": 0.0, ""extras"": [], ""fx"": false, ""max_dias_fx"": 10, ""min_historia"": 12, ""periodos_por_anio"": 12, ""permitir_capturas"": false, ""rebalanceo_con_deriva"": true, ""segmentos"": [""dentro_muestra"", ""fuera_muestra""], ""senal"": ""senal_comprar_y_mantener"", ""spread_por_lado"": 0.0005, ""usuario"": {""bloque"": ""B"", ""escenario_costos"": ""defecto""}, ""variante"": ""comprar_y_mantener""}",referencia
2026-09-25T05:30:39.133146Z,R01,f4e42a0b84,efectivo,0,completo,1927-06-30,2026-07-31,1189,12,USD,23.65052983122982,0.03287249298954742,0.008640101911741083,0.0,0.0,-0.0008998599580103406,36.5306764646257,,0.0,3.0,,0.0,0.0,0.0,0.0,0,0.10260130985470983,0.03287249298954742,0.0029,0.0005,2006-12-31,e85ac74d630dff95,French F-F_Research_Data_Factors CRSP 202607 sha256 b840dba55d31,"{""comision_por_lado"": 0.0029, ""cortes"": [""2006-12-31""], ""efectivo_en_mxn"": false, ""exposicion_inicial"": 0.0, ""exposicion_max"": 1.0, ""exposicion_min"": 0.0, ""extras"": [], ""fx"": false, ""max_dias_fx"": 10, ""min_historia"": 12, ""periodos_por_anio"": 12, ""permitir_capturas"": false, ""rebalanceo_con_deriva"": true, ""segmentos"": [""dentro_muestra"", ""fuera_muestra""], ""senal"": ""senal_efectivo"", ""spread_por_lado"": 0.0005, ""usuario"": {""bloque"": ""B"", ""escenario_costos"": ""defecto""}, ""variante"": ""efectivo""}",referencia
2026-09-25T05:30:39.133146Z,R01,f4e42a0b84,efectivo,0,dentro_muestra,1927-06-30,2006-12-31,954,12,USD,17.372710664919282,0.037291120660129184,0.008839731204607095,0.0,0.0,-0.0008998599580103406,41.441026826643906,,0.0,3.0,,0.0,0.0,0.0,0.0,0,0.10073588705476877,0.037291120660129184,0.0029,0.0005,2006-12-31,e85ac74d630dff95,French F-F_Research_Data_Factors CRSP 202607 sha256 b840dba55d31,"{""comision_por_lado"": 0.0029, ""cortes"": [""2006-12-31""], ""efectivo_en_mxn"": false, ""exposicion_inicial"": 0.0, ""exposicion_max"": 1.0, ""exposicion_min"": 0.0, ""extras"": [], ""fx"": false, ""max_dias_fx"": 10, ""min_historia"": 12, ""periodos_por_anio"": 12, ""permitir_capturas"": false, ""rebalanceo_con_deriva"": true, ""segmentos"": [""dentro_muestra"", ""fuera_muestra""], ""senal"": ""senal_efectivo"", ""spread_por_lado"": 0.0005, ""usuario"": {""bloque"": ""B"", ""escenario_costos"": ""defecto""}, ""variante"": ""efectivo""}",referencia
2026-09-25T05:30:39.133146Z,R01,f4e42a0b84,efectivo,0,fuera_muestra,2006-12-31,2026-07-31,235,12,USD,0.34169259402192487,0.015124226882966774,0.005404488647874855,0.0,0.0,0.0,inf,,0.0,3.0,,0.0,0.0,0.0,0.0,0,0.11020794942552814,0.015124226882966774,0.0029,0.0005,2006-12-31,e85ac74d630dff95,French F-F_Research_Data_Factors CRSP 202607 sha256 b840dba55d31,"{""comision_por_lado"": 0.0029, ""cortes"": [""2006-12-31""], ""efectivo_en_mxn"": false, ""exposicion_inicial"": 0.0, ""exposicion_max"": 1.0, ""exposicion_min"": 0.0, ""extras"": [], ""fx"": false, ""max_dias_fx"": 10, ""min_historia"": 12, ""periodos_por_anio"": 12, ""permitir_capturas"": false, ""rebalanceo_con_deriva"": true, ""segmentos"": [""dentro_muestra"", ""fuera_muestra""], ""senal"": ""senal_efectivo"", ""spread_por_lado"": 0.0005, ""usuario"": {""bloque"": ""B"", ""escenario_costos"": ""defecto""}, ""variante"": ""efectivo""}",referencia
2026-09-25T05:30:39.151661Z,R01,f559a43a91,sma6|sin_costos,0,completo,1927-06-30,2026-07-31,1189,12,USD,7411.029580352784,0.09409874716866296,0.12811617155019972,0.5130151513233343,0.7967373836029205,-0.461094638025751,0.20407686277064832,0.14809471785744183,0.2315511300790009,15.955272809694591,0.9999996931646671,0.7056349873843566,0.7056349873843566,2.1900265259318616,0.0,217,0.10260130985470983,0.03287249298954742,0.0,0.0,2006-12-31,e85ac74d630dff95,French F-F_Research_Data_Factors CRSP 202607 sha256 b840dba55d31,"{""comision_por_lado"": 0.0, ""cortes"": [""2006-12-31""], ""efectivo_en_mxn"": false, ""exposicion_inicial"": 0.0, ""exposicion_max"": 1.0, ""exposicion_min"": 0.0, ""extras"": [], ""fx"": false, ""max_dias_fx"": 10, ""min_historia"": 12, ""periodos_por_anio"": 12, ""permitir_capturas"": false, ""rebalanceo_con_deriva"": true, ""segmentos"": [""dentro_muestra"", ""fuera_muestra""], ""senal"": ""media_movil_6"", ""spread_por_lado"": 0.0, ""usuario"": {""bloque"": ""C"", ""escenario_costos"": ""sin_costos"", ""senal_sobre"": ""indice TR (Mkt-RF+RF)"", ""ventana"": 6}, ""variante"": ""sma6|sin_costos""}",sensibilidad de costos: sin_costos
2026-09-25T05:30:39.151661Z,R01,f559a43a91,sma6|sin_costos,0,dentro_muestra,1927-06-30,2006-12-31,954,12,USD,1196.1413855514425,0.09324284568806673,0.1334219606292794,0.45992869501045663,0.7108331995512697,-0.461094638025751,0.20222062457134743,0.13276997793616022,0.295156518244221,16.530955808706544,0.9999732777519584,0.6960167714884696,0.6960167714884696,2.251446330796515,0.0,179,0.10073588705476877,0.037291120660129184,0.0,0.0,2006-12-31,e85ac74d630dff95,French F-F_Research_Data_Factors CRSP 202607 sha256 b840dba55d31,"{""comision_por_lado"": 0.0, ""cortes"": [""2006-12-31""], ""efectivo_en_mxn"": false, ""exposicion_inicial"": 0.0, ""exposicion_max"": 1.0, ""exposicion_min"": 0.0, ""extras"": [], ""fx"": false, ""max_dias_fx"": 10, ""min_historia"": 12, ""periodos_por_anio"": 12, ""permitir_capturas"": false, ""rebalanceo_con_deriva"": true, ""segmentos"": [""dentro_muestra"", ""fuera_muestra""], ""senal"": ""media_movil_6"", ""spread_por_lado"": 0.0, ""usuario"": {""bloque"": ""C"", ""escenario_costos"": ""sin_costos"", ""senal_sobre"": ""indice TR (Mkt-RF+RF)"", ""ventana"": 6}, ""variante"": ""sma6|sin_costos""}",sensibilidad de costos: sin_costos
2026-09-25T05:30:39.151661Z,R01,f559a43a91,sma6|sin_costos,0,fuera_muestra,2006-12-31,2026-07-31,235,12,USD,5.1914404345302545,0.09758082146340308,0.1040788280928164,0.8026078734540794,1.2904588152139413,-0.15074286685311633,0.6473329285855078,0.23169293589621293,-0.2442558526140881,4.435685720736134,0.9996311104549724,0.7446808510638298,0.7446808510638298,1.9406459731543626,0.0,38,0.11020794942552814,0.015124226882966774,0.0,0.0,2006-12-31,e85ac74d630dff95,French F-F_Research_Data_Factors CRSP 202607 sha256 b840dba55d31,"{""comision_por_lado"": 0.0, ""cortes"": [""2006-12-31""], ""efectivo_en_mxn"": false, ""exposicion_inicial"": 0.0, ""exposicion_max"": 1.0, ""exposicion_min"": 0.0, ""extras"": [], ""fx"": false, ""max_dias_fx"": 10, ""min_historia"": 12, ""periodos_por_anio"": 12, ""permitir_capturas"": false, ""rebalanceo_con_deriva"": true, ""segmentos"": [""dentro_muestra"", ""fuera_muestra""], ""senal"": ""media_movil_6"", ""spread_por_lado"": 0.0, ""usuario"": {""bloque"": ""C"", ""escenario_costos"": ""sin_costos"", ""senal_sobre"": ""indice TR (Mkt-RF+RF)"", ""ventana"": 6}, ""variante"": ""sma6|sin_costos""}",sensibilidad de costos: sin_costos
2026-09-25T05:30:39.166389Z,R01,d314097f29,sma8|sin_costos,0,completo,1927-06-30,2026-07-31,1189,12,USD,5353.099313063583,0.09051332789988065,0.12317734120421917,0.5033156123418294,0.7388707441405075,-0.5384822512437042,0.16808971454644375,0.1452947021364483,-0.7570602907469958,9.354182590676253,0.9999984314985761,0.7115222876366695,0.7115222876366695,1.766150424138598,0.0,175,0.10260130985470983,0.03287249298954742,0.0,0.0,2006-12-31,e85ac74d630dff95,French F-F_Research_Data_Factors CRSP 202607 sha256 b840dba55d31,"{""comision_por_lado"": 0.0, ""cortes"": [""2006-12-31""], ""efectivo_en_mxn"": false, ""exposicion_inicial"": 0.0, ""exposicion_max"": 1.0, ""exposicion_min"": 0.0, ""extras"": [], ""fx"": false, ""max_dias_fx"": 10, ""min_historia"": 12, ""periodos_por_anio"": 12, ""permitir_capturas"": false, ""rebalanceo_con_deriva"": true, ""segmentos"": [""dentro_muestra"", ""fuera_muestra""], ""senal"": ""media_movil_8"", ""spread_por_lado"": 0.0, ""usuario"": {""bloque"": ""C"", ""escenario_costos"": ""sin_costos"", ""senal_sobre"": ""indice TR (Mkt-RF+RF)"", ""ventana"": 8}, ""variante"": ""sma8|sin_costos""}",sensibilidad de costos: sin_costos
2026-09-25T05:30:39.166389Z,R01,d314097f29,sma8|sin_costos,0,dentro_muestra,1927-06-30,2006-12-31,954,12,USD,775.2880958309906,0.08730267222533605,0.12706171563044835,0.43530087806551265,0.6285678629081457,-0.5384822512437042,0.16212729764759684,0.1256605395648021,-0.817595023837234,9.764679976732353,0.9998623395610571,0.6970649895178197,0.6970649895178197,1.8237973070698026,0.0,145,0.10073588705476877,0.037291120660129184,0.0,0.0,2006-12-31,e85ac74d630dff95,French F-F_Research_Data_Factors CRSP 202607 sha256 b840dba55d31,"{""comision_por_lado"": 0.0, ""cortes"": [""2006-12-31""], ""efectivo_en_mxn"": false, ""exposicion_inicial"": 0.0, ""exposicion_max"": 1.0, ""exposicion_min"": 0.0, ""extras"": [], ""fx"": false, ""max_dias_fx"": 10, ""min_historia"": 12, ""periodos_por_anio"": 12, ""permitir_capturas"": false, ""rebalanceo_con_deriva"": true, ""segmentos"": [""dentro_muestra"", ""fuera_muestra""], ""senal"": ""media_movil_8"", ""spread_por_lado"": 0.0, ""usuario"": {""bloque"": ""C"", ""escenario_costos"": ""sin_costos"", ""senal_sobre"": ""indice TR (Mkt-RF+RF)"", ""ventana"": 8}, ""variante"": ""sma8|sin_costos""}",sensibilidad de costos: sin_costos
2026-09-25T05:30:39.166389Z,R01,d314097f29,sma8|sin_costos,0,fuera_muestra,2006-12-31,2026-07-31,235,12,USD,5.897051934478265,0.10364712217615701,0.10615309178634053,0.8412413157194851,1.374784171974988,-0.12572118596805437,0.824420493475886,0.24284545004203986,-0.20562979025516978,4.231569008938903,0.9998043212085541,0.7702127659574468,0.7702127659574468,1.5320889261744968,0.0,30,0.11020794942552814,0.015124226882966774,0.0,0.0,2006-12-31,e85ac74d630dff95,French F-F_Research_Data_Factors CRSP 202607 sha256 b840dba55d31,"{""comision_por_lado"": 0.0, ""cortes"": [""2006-12-31""], ""efectivo_en_mxn"": false, ""exposicion_inicial"": 0.0, ""exposicion_max"": 1.0, ""exposicion_min"": 0.0, ""extras"": [], ""fx"": false, ""max_dias_fx"": 10, ""min_historia"": 12, ""periodos_por_anio"": 12, ""permitir_capturas"": false, ""rebalanceo_con_deriva"": true, ""segmentos"": [""dentro_muestra"", ""fuera_muestra""], ""senal"": ""media_movil_8"", ""spread_por_lado"": 0.0, ""usuario"": {""bloque"": ""C"", ""escenario_costos"": ""sin_costos"", ""senal_sobre"": ""indice TR (Mkt-RF+RF)"", ""ventana"": 8}, ""variante"": ""sma8|sin_costos""}",sensibilidad de costos: sin_costos
2026-09-25T05:30:39.181635Z,R01,39fbcbda69,sma10|sin_costos,0,completo,1927-06-30,2026-07-31,1189,12,USD,10285.033335053668,0.09772299576432286,0.1251446010023785,0.5509722372470663,0.8204533777850712,-0.4294073005816472,0.2275764655886233,0.15905198474530208,-0.6823778214557398,8.77247226487388,0.9999998257054933,0.7300252312867956,0.7300252312867956,1.4835663562764223,0.0,147,0.10260130985470983,0.03287249298954742,0.0,0.0,2006-12-31,e85ac74d630dff95,French F-F_Research_Data_Factors CRSP 202607 sha256 b840dba55d31,"{""comision_por_lado"": 0.0, ""cortes"": [""2006-12-31""], ""efectivo_en_mxn"": false, ""exposicion_inicial"": 0.0, ""exposicion_max"": 1.0, ""exposicion_min"": 0.0, ""extras"": [], ""fx"": false, ""max_dias_fx"": 10, ""min_historia"": 12, ""periodos_por_anio"": 12, ""permitir_capturas"": false, ""rebalanceo_con_deriva"": true, ""segmentos"": [""dentro_muestra"", ""fuera_muestra""], ""senal"": ""media_movil_10"", ""spread_por_lado"": 0.0, ""usuario"": {""bloque"": ""C"", ""escenario_costos"": ""sin_costos"", ""senal_sobre"": ""indice TR (Mkt-RF+RF)"", ""ventana"": 10}, ""variante"": ""sma10|sin_costos""}",sensibilidad de costos: sin_costos
2026-09-25T05:30:39.181635Z,R01,39fbcbda69,sma10|sin_costos,0,dentro_muestra,1927-06-30,2006-12-31,954,12,USD,1764.7904067928603,0.09860030798872099,0.12906575587194963,0.5115119903934722,0.7545468167784567,-0.4294073005816472,0.22961954269329707,0.14766079267369622,-0.729788239014855,9.153239042650165,0.9999891507201867,0.7169811320754716,0.7169811320754716,1.4716157581183924,0.0,117,0.10073588705476877,0.037291120660129184,0.0,0.0,2006-12-31,e85ac74d630dff95,French F-F_Research_Data_Factors CRSP 202607 sha256 b840dba55d31,"{""comision_por_lado"": 0.0, ""cortes"": [""2006-12-31""], ""efectivo_en_mxn"": false, ""exposicion_inicial"": 0.0, ""exposicion_max"": 1.0, ""exposicion_min"": 0.0, ""extras"": [], ""fx"": false, ""max_dias_fx"": 10, ""min_historia"": 12, ""periodos_por_anio"": 12, ""permitir_capturas"": false, ""rebalanceo_con_deriva"": true, ""segmentos"": [""dentro_muestra"", ""fuera_muestra""], ""senal"": ""media_movil_10"", ""spread_por_lado"": 0.0, ""usuario"": {""bloque"": ""C"", ""escenario_costos"": ""sin_costos"", ""senal_sobre"": ""indice TR (Mkt-RF+RF)"", ""ventana"": 10}, ""variante"": ""sma10|sin_costos""}",sensibilidad de costos: sin_costos
2026-09-25T05:30:39.181635Z,R01,39fbcbda69,sma10|sin_costos,0,fuera_muestra,2006-12-31,2026-07-31,235,12,USD,4.825172282896125,0.09416806889754104,0.10800667201714077,0.7486246663548244,1.1839791091030385,-0.17641681233830986,0.5337817164327707,0.21610932632097582,-0.2795307686442556,4.206801159149024,0.9991977159162114,0.7829787234042553,0.7829787234042553,1.5320889261744968,0.0,30,0.11020794942552814,0.015124226882966774,0.0,0.0,2006-12-31,e85ac74d630dff95,French F-F_Research_Data_Factors CRSP 202607 sha256 b840dba55d31,"{""comision_por_lado"": 0.0, ""cortes"": [""2006-12-31""], ""efectivo_en_mxn"": false, ""exposicion_inicial"": 0.0, ""exposicion_max"": 1.0, ""exposicion_min"": 0.0, ""extras"": [], ""fx"": false, ""max_dias_fx"": 10, ""min_historia"": 12, ""periodos_por_anio"": 12, ""permitir_capturas"": false, ""rebalanceo_con_deriva"": true, ""segmentos"": [""dentro_muestra"", ""fuera_muestra""], ""senal"": ""media_movil_10"", ""spread_por_lado"": 0.0, ""usuario"": {""bloque"": ""C"", ""escenario_costos"": ""sin_costos"", ""senal_sobre"": ""indice TR (Mkt-RF+RF)"", ""ventana"": 10}, ""variante"": ""sma10|sin_costos""}",sensibilidad de costos: sin_costos
2026-09-25T05:30:39.195446Z,R01,c75ac07626,sma12|sin_costos,0,completo,1927-06-30,2026-07-31,1189,12,USD,11991.042413874813,0.09942438428291456,0.125900733155133,0.5611117518630564,0.8423347113341185,-0.4535576379504983,0.21921003189845042,0.16197901049179905,-0.6228290093095878,8.624273406798507,0.9999999025522074,0.7333894028595458,0.7333894028595458,1.3220897460694647,0.0,131,0.10260130985470983,0.03287249298954742,0.0,0.0,2006-12-31,e85ac74d630dff95,French F-F_Research_Data_Factors CRSP 202607 sha256 b840dba55d31,"{""comision_por_lado"": 0.0, ""cortes"": [""2006-12-31""], ""efectivo_en_mxn"": false, ""exposicion_inicial"": 0.0, ""exposicion_max"": 1.0, ""exposicion_min"": 0.0, ""extras"": [], ""fx"": false, ""max_dias_fx"": 10, ""min_historia"": 12, ""periodos_por_anio"": 12, ""permitir_capturas"": false, ""rebalanceo_con_deriva"": true, ""segmentos"": [""dentro_muestra"", ""fuera_muestra""], ""senal"": ""media_movil_12"", ""spread_por_lado"": 0.0, ""usuario"": {""bloque"": ""C"", ""escenario_costos"": ""sin_costos"", ""senal_sobre"": ""indice TR (Mkt-RF+RF)"", ""ventana"": 12}, ""variante"": ""sma12|sin_costos""}",sensibilidad de costos: sin_costos
2026-09-25T05:30:39.195446Z,R01,c75ac07626,sma12|sin_costos,0,dentro_muestra,1927-06-30,2006-12-31,954,12,USD,2286.8994327322057,0.10218552626484634,0.12921685579113443,0.5364789346207987,0.8007784038043562,-0.4535576379504983,0.22529777411884078,0.1548681286589409,-0.6694273711662149,9.091375217916644,0.9999957850202308,0.720125786163522,0.720125786163522,1.2955249836426874,0.0,103,0.10073588705476877,0.037291120660129184,0.0,0.0,2006-12-31,e85ac74d630dff95,French F-F_Research_Data_Factors CRSP 202607 sha256 b840dba55d31,"{""comision_por_lado"": 0.0, ""cortes"": [""2006-12-31""], ""efectivo_en_mxn"": false, ""exposicion_inicial"": 0.0, ""exposicion_max"": 1.0, ""exposicion_min"": 0.0, ""extras"": [], ""fx"": false, ""max_dias_fx"": 10, ""min_historia"": 12, ""periodos_por_anio"": 12, ""permitir_capturas"": false, ""rebalanceo_con_deriva"": true, ""segmentos"": [""dentro_muestra"", ""fuera_muestra""], ""senal"": ""media_movil_12"", ""spread_por_lado"": 0.0, ""usuario"": {""bloque"": ""C"", ""escenario_costos"": ""sin_costos"", ""senal_sobre"": ""indice TR (Mkt-RF+RF)"", ""ventana"": 12}, ""variante"": ""sma12|sin_costos""}",sensibilidad de costos: sin_costos
2026-09-25T05:30:39.195446Z,R01,c75ac07626,sma12|sin_costos,0,fuera_muestra,2006-12-31,2026-07-31,235,12,USD,4.241507665200974,0.08828429982700547,0.11161560937126648,0.6809577416924201,1.058213632928712,-0.17641681233830986,0.5004301951545582,0.1965755677364392,-0.2923449380142814,4.31014539141413,0.998017565329551,0.7872340425531915,0.7872340425531915,1.4299496644295302,0.0,28,0.11020794942552814,0.015124226882966774,0.0,0.0,2006-12-31,e85ac74d630dff95,French F-F_Research_Data_Factors CRSP 202607 sha256 b840dba55d31,"{""comision_por_lado"": 0.0, ""cortes"": [""2006-12-31""], ""efectivo_en_mxn"": false, ""exposicion_inicial"": 0.0, ""exposicion_max"": 1.0, ""exposicion_min"": 0.0, ""extras"": [], ""fx"": false, ""max_dias_fx"": 10, ""min_historia"": 12, ""periodos_por_anio"": 12, ""permitir_capturas"": false, ""rebalanceo_con_deriva"": true, ""segmentos"": [""dentro_muestra"", ""fuera_muestra""], ""senal"": ""media_movil_12"", ""spread_por_lado"": 0.0, ""usuario"": {""bloque"": ""C"", ""escenario_costos"": ""sin_costos"", ""senal_sobre"": ""indice TR (Mkt-RF+RF)"", ""ventana"": 12}, ""variante"": ""sma12|sin_costos""}",sensibilidad de costos: sin_costos
2026-09-25T05:30:39.210565Z,R01,7d2464c8f0,mom12|sin_costos,0,completo,1927-06-30,2026-07-31,1189,12,USD,11893.291653031543,0.09933357293246448,0.12601162340550853,0.5594277813036803,0.84466594630103,-0.44225010953451926,0.22460949311468995,0.16149289006391745,-0.5807395973656498,8.7165394191573,0.9999999024333404,0.7064760302775441,0.7064760302775441,0.8780290680003315,0.0,87,0.10260130985470983,0.03287249298954742,0.0,0.0,2006-12-31,e85ac74d630dff95,French F-F_Research_Data_Factors CRSP 202607 sha256 b840dba55d31,"{""comision_por_lado"": 0.0, ""cortes"": [""2006-12-31""], ""efectivo_en_mxn"": false, ""exposicion_inicial"": 0.0, ""exposicion_max"": 1.0, ""exposicion_min"": 0.0, ""extras"": [], ""fx"": false, ""max_dias_fx"": 10, ""min_historia"": 12, ""periodos_por_anio"": 12, ""permitir_capturas"": false, ""rebalanceo_con_deriva"": true, ""segmentos"": [""dentro_muestra"", ""fuera_muestra""], ""senal"": ""momentum_absoluto_12"", ""spread_por_lado"": 0.0, ""usuario"": {""bloque"": ""C"", ""escenario_costos"": ""sin_costos"", ""regla"": ""momentum absoluto vs RF"", ""ventana"": 12}, ""variante"": ""mom12|sin_costos""}",sensibilidad de costos: sin_costos
2026-09-25T05:30:39.210565Z,R01,7d2464c8f0,mom12|sin_costos,0,dentro_muestra,1927-06-30,2006-12-31,954,12,USD,2178.868564711749,0.10151517400366084,0.12626207723593824,0.5403570373690996,0.8112195794394275,-0.44225010953451926,0.22954245078765143,0.15598764049177916,-0.650154155205929,9.687196954773045,0.9999963049623961,0.6844863731656184,0.6844863731656184,0.8930317848410758,0.0,71,0.10073588705476877,0.037291120660129184,0.0,0.0,2006-12-31,e85ac74d630dff95,French F-F_Research_Data_Factors CRSP 202607 sha256 b840dba55d31,"{""comision_por_lado"": 0.0, ""cortes"": [""2006-12-31""], ""efectivo_en_mxn"": false, ""exposicion_inicial"": 0.0, ""exposicion_max"": 1.0, ""exposicion_min"": 0.0, ""extras"": [], ""fx"": false, ""max_dias_fx"": 10, ""min_historia"": 12, ""periodos_por_anio"": 12, ""permitir_capturas"": false, ""rebalanceo_con_deriva"": true, ""segmentos"": [""dentro_muestra"", ""fuera_muestra""], ""senal"": ""momentum_absoluto_12"", ""spread_por_lado"": 0.0, ""usuario"": {""bloque"": ""C"", ""escenario_costos"": ""sin_costos"", ""regla"": ""momentum absoluto vs RF"", ""ventana"": 12}, ""variante"": ""mom12|sin_costos""}",sensibilidad de costos: sin_costos
2026-09-25T05:30:39.210565Z,R01,7d2464c8f0,mom12|sin_costos,0,fuera_muestra,2006-12-31,2026-07-31,235,12,USD,4.45642606420371,0.09051999670152977,0.12522874236293563,0.6367188429672073,0.9871156288984564,-0.2322251739255098,0.3897940743089533,0.1838048976926121,-0.28656724332218686,4.53665544078254,0.9965574880825994,0.7957446808510639,0.7957446808510639,0.8171140939597316,0.0,16,0.11020794942552814,0.015124226882966774,0.0,0.0,2006-12-31,e85ac74d630dff95,French F-F_Research_Data_Factors CRSP 202607 sha256 b840dba55d31,"{""comision_por_lado"": 0.0, ""cortes"": [""2006-12-31""], ""efectivo_en_mxn"": false, ""exposicion_inicial"": 0.0, ""exposicion_max"": 1.0, ""exposicion_min"": 0.0, ""extras"": [], ""fx"": false, ""max_dias_fx"": 10, ""min_historia"": 12, ""periodos_por_anio"": 12, ""permitir_capturas"": false, ""rebalanceo_con_deriva"": true, ""segmentos"": [""dentro_muestra"", ""fuera_muestra""], ""senal"": ""momentum_absoluto_12"", ""spread_por_lado"": 0.0, ""usuario"": {""bloque"": ""C"", ""escenario_costos"": ""sin_costos"", ""regla"": ""momentum absoluto vs RF"", ""ventana"": 12}, ""variante"": ""mom12|sin_costos""}",sensibilidad de costos: sin_costos
2026-09-25T05:30:39.225915Z,R01,7848a5b51e,comprar_y_mantener|sin_costos,0,completo,1927-06-30,2026-07-31,1189,12,USD,15960.038255849035,0.10260130985470983,0.18408550203700255,0.4476154664719452,0.6758344273814236,-0.8365224657023863,0.1226521869541909,0.12921545503050874,0.15631943600725307,10.308250362094258,0.99999489664844,1.0,1.0,0.010092288137934845,0.0,1,0.10260130985470983,0.03287249298954742,0.0,0.0,2006-12-31,e85ac74d630dff95,French F-F_Research_Data_Factors CRSP 202607 sha256 b840dba55d31,"{""comision_por_lado"": 0.0, ""cortes"": [""2006-12-31""], ""efectivo_en_mxn"": false, ""exposicion_inicial"": 0.0, ""exposicion_max"": 1.0, ""exposicion_min"": 0.0, ""extras"": [], ""fx"": false, ""max_dias_fx"": 10, ""min_historia"": 12, ""periodos_por_anio"": 12, ""permitir_capturas"": false, ""rebalanceo_con_deriva"": true, ""segmentos"": [""dentro_muestra"", ""fuera_muestra""], ""senal"": ""senal_comprar_y_mantener"", ""spread_por_lado"": 0.0, ""usuario"": {""bloque"": ""C"", ""escenario_costos"": ""sin_costos""}, ""variante"": ""comprar_y_mantener|sin_costos""}",sensibilidad de costos: sin_costos
2026-09-25T05:30:39.225915Z,R01,7848a5b51e,comprar_y_mantener|sin_costos,0,dentro_muestra,1927-06-30,2006-12-31,954,12,USD,2059.6012495443792,0.10073588705476877,0.1898187510928453,0.4079934729963995,0.6167067263313524,-0.8365224657023863,0.12042221361046873,0.11777757073104078,0.25624512282528095,10.898652125419753,0.9998573859393836,1.0,1.0,0.012577912462550363,0.0,1,0.10073588705476877,0.037291120660129184,0.0,0.0,2006-12-31,e85ac74d630dff95,French F-F_Research_Data_Factors CRSP 202607 sha256 b840dba55d31,"{""comision_por_lado"": 0.0, ""cortes"": [""2006-12-31""], ""efectivo_en_mxn"": false, ""exposicion_inicial"": 0.0, ""exposicion_max"": 1.0, ""exposicion_min"": 0.0, ""extras"": [], ""fx"": false, ""max_dias_fx"": 10, ""min_historia"": 12, ""periodos_por_anio"": 12, ""permitir_capturas"": false, ""rebalanceo_con_deriva"": true, ""segmentos"": [""dentro_muestra"", ""fuera_muestra""], ""senal"": ""senal_comprar_y_mantener"", ""spread_por_lado"": 0.0, ""usuario"": {""bloque"": ""C"", ""escenario_costos"": ""sin_costos""}, ""variante"": ""comprar_y_mantener|sin_costos""}",sensibilidad de costos: sin_costos
2026-09-25T05:30:39.225915Z,R01,7848a5b51e,comprar_y_mantener|sin_costos,0,fuera_muestra,2006-12-31,2026-07-31,235,12,USD,6.745816061879126,0.11020794942552814,0.159062982403124,0.6452006427175135,0.969267472829161,-0.5031170717166413,0.21905030781304505,0.186253382377138,-0.4995817776621852,4.0069978983606465,0.9964617573696892,1.0,1.0,0.0,0.0,0,0.11020794942552814,0.015124226882966774,0.0,0.0,2006-12-31,e85ac74d630dff95,French F-F_Research_Data_Factors CRSP 202607 sha256 b840dba55d31,"{""comision_por_lado"": 0.0, ""cortes"": [""2006-12-31""], ""efectivo_en_mxn"": false, ""exposicion_inicial"": 0.0, ""exposicion_max"": 1.0, ""exposicion_min"": 0.0, ""extras"": [], ""fx"": false, ""max_dias_fx"": 10, ""min_historia"": 12, ""periodos_por_anio"": 12, ""permitir_capturas"": false, ""rebalanceo_con_deriva"": true, ""segmentos"": [""dentro_muestra"", ""fuera_muestra""], ""senal"": ""senal_comprar_y_mantener"", ""spread_por_lado"": 0.0, ""usuario"": {""bloque"": ""C"", ""escenario_costos"": ""sin_costos""}, ""variante"": ""comprar_y_mantener|sin_costos""}",sensibilidad de costos: sin_costos
2026-09-25T05:30:39.240208Z,R01,12c1433c58,sma6|spread_medio,0,completo,1927-06-30,2026-07-31,1189,12,USD,2845.805695876107,0.08358347807571787,0.12808602214222733,0.43752605816158885,0.6721410777642222,-0.47237224397697086,0.17694409259108107,0.1263028937285346,0.2070697821263253,15.405623619557767,0.9999909352384864,0.7056349873843566,0.7056349873843566,2.1900265259318616,0.009636116714100154,217,0.10260130985470983,0.03287249298954742,0.0029,0.0015,2006-12-31,e85ac74d630dff95,French F-F_Research_Data_Factors CRSP 202607 sha256 b840dba55d31,"{""comision_por_lado"": 0.0029, ""cortes"": [""2006-12-31""], ""efectivo_en_mxn"": false, ""exposicion_inicial"": 0.0, ""exposicion_max"": 1.0, ""exposicion_min"": 0.0, ""extras"": [], ""fx"": false, ""max_dias_fx"": 10, ""min_historia"": 12, ""periodos_por_anio"": 12, ""permitir_capturas"": false, ""rebalanceo_con_deriva"": true, ""segmentos"": [""dentro_muestra"", ""fuera_muestra""], ""senal"": ""media_movil_6"", ""spread_por_lado"": 0.0015, ""usuario"": {""bloque"": ""C"", ""escenario_costos"": ""spread_medio"", ""senal_sobre"": ""indice TR (Mkt-RF+RF)"", ""ventana"": 6}, ""variante"": ""sma6|spread_medio""}",sensibilidad de costos: spread_medio
2026-09-25T05:30:39.240208Z,R01,12c1433c58,sma6|spread_medio,0,dentro_muestra,1927-06-30,2006-12-31,954,12,USD,542.6762797225963,0.08244259040034252,0.13331698452664853,0.3855650666143746,0.5892579234001453,-0.47237224397697086,0.17452886246288798,0.11130304749996259,0.26678953689009993,15.979785452424721,0.99967239691648,0.6960167714884696,0.6960167714884696,2.251446330796515,0.009906363855504639,179,0.10073588705476877,0.037291120660129184,0.0029,0.0015,2006-12-31,e85ac74d630dff95,French F-F_Research_Data_Factors CRSP 202607 sha256 b840dba55d31,"{""comision_por_lado"": 0.0029, ""cortes"": [""2006-12-31""], ""efectivo_en_mxn"": false, ""exposicion_inicial"": 0.0, ""exposicion_max"": 1.0, ""exposicion_min"": 0.0, ""extras"": [], ""fx"": false, ""max_dias_fx"": 10, ""min_historia"": 12, ""periodos_por_anio"": 12, ""permitir_capturas"": false, ""rebalanceo_con_deriva"": true, ""segmentos"": [""dentro_muestra"", ""fuera_muestra""], ""senal"": ""media_movil_6"", ""spread_por_lado"": 0.0015, ""usuario"": {""bloque"": ""C"", ""escenario_costos"": ""spread_medio"", ""senal_sobre"": ""indice TR (Mkt-RF+RF)"", ""ventana"": 6}, ""variante"": ""sma6|spread_medio""}",sensibilidad de costos: spread_medio
2026-09-25T05:30:39.240208Z,R01,12c1433c58,sma6|spread_medio,0,fuera_muestra,2006-12-31,2026-07-31,235,12,USD,4.236214641051937,0.08822814838645798,0.10443655386020308,0.7178291738804045,1.1437343210306794,-0.1729180729928722,0.5102309253127914,0.2072194333860091,-0.22147340992507208,4.427211527819832,0.998842016000038,0.7446808510638298,0.7446808510638298,1.9406459731543626,0.00853884228187919,38,0.11020794942552814,0.015124226882966774,0.0029,0.0015,2006-12-31,e85ac74d630dff95,French F-F_Research_Data_Factors CRSP 202607 sha256 b840dba55d31,"{""comision_por_lado"": 0.0029, ""cortes"": [""2006-12-31""], ""efectivo_en_mxn"": false, ""exposicion_inicial"": 0.0, ""exposicion_max"": 1.0, ""exposicion_min"": 0.0, ""extras"": [], ""fx"": false, ""max_dias_fx"": 10, ""min_historia"": 12, ""periodos_por_anio"": 12, ""permitir_capturas"": false, ""rebalanceo_con_deriva"": true, ""segmentos"": [""dentro_muestra"", ""fuera_muestra""], ""senal"": ""media_movil_6"", ""spread_por_lado"": 0.0015, ""usuario"": {""bloque"": ""C"", ""escenario_costos"": ""spread_medio"", ""senal_sobre"": ""indice TR (Mkt-RF+RF)"", ""ventana"": 6}, ""variante"": ""sma6|spread_medio""}",sensibilidad de costos: spread_medio
2026-09-25T05:30:39.254388Z,R01,1e56eb66ad,sma8|spread_medio,0,completo,1927-06-30,2026-07-31,1189,12,USD,2473.809711257279,0.08205317021038305,0.1231703140616891,0.4398632521713532,0.6410711924057043,-0.5483661028289797,0.14963209758421772,0.1269775835238775,-0.7448489026206009,9.203286757715045,0.9999811744774683,0.7115222876366695,0.7115222876366695,1.766150424138598,0.007771061866209811,175,0.10260130985470983,0.03287249298954742,0.0029,0.0015,2006-12-31,e85ac74d630dff95,French F-F_Research_Data_Factors CRSP 202607 sha256 b840dba55d31,"{""comision_por_lado"": 0.0029, ""cortes"": [""2006-12-31""], ""efectivo_en_mxn"": false, ""exposicion_inicial"": 0.0, ""exposicion_max"": 1.0, ""exposicion_min"": 0.0, ""extras"": [], ""fx"": false, ""max_dias_fx"": 10, ""min_historia"": 12, ""periodos_por_anio"": 12, ""permitir_capturas"": false, ""rebalanceo_con_deriva"": true, ""segmentos"": [""dentro_muestra"", ""fuera_muestra""], ""senal"": ""media_movil_8"", ""spread_por_lado"": 0.0015, ""usuario"": {""bloque"": ""C"", ""escenario_costos"": ""spread_medio"", ""senal_sobre"": ""indice TR (Mkt-RF+RF)"", ""ventana"": 8}, ""variante"": ""sma8|spread_medio""}",sensibilidad de costos: spread_medio
2026-09-25T05:30:39.254388Z,R01,1e56eb66ad,sma8|spread_medio,0,dentro_muestra,1927-06-30,2006-12-31,954,12,USD,408.5733376328638,0.07859320300950934,0.1269719497218588,0.3719430425677612,0.5332639501032981,-0.5483661028289797,0.14332250407903202,0.10737070787485267,-0.8057703520198192,9.613495278368676,0.9991672589301306,0.6970649895178197,0.6970649895178197,1.8237973070698026,0.008024708151107122,145,0.10073588705476877,0.037291120660129184,0.0029,0.0015,2006-12-31,e85ac74d630dff95,French F-F_Research_Data_Factors CRSP 202607 sha256 b840dba55d31,"{""comision_por_lado"": 0.0029, ""cortes"": [""2006-12-31""], ""efectivo_en_mxn"": false, ""exposicion_inicial"": 0.0, ""exposicion_max"": 1.0, ""exposicion_min"": 0.0, ""extras"": [], ""fx"": false, ""max_dias_fx"": 10, ""min_historia"": 12, ""periodos_por_anio"": 12, ""permitir_capturas"": false, ""rebalanceo_con_deriva"": true, ""segmentos"": [""dentro_muestra"", ""fuera_muestra""], ""senal"": ""media_movil_8"", ""spread_por_lado"": 0.0015, ""usuario"": {""bloque"": ""C"", ""escenario_costos"": ""spread_medio"", ""senal_sobre"": ""indice TR (Mkt-RF+RF)"", ""ventana"": 8}, ""variante"": ""sma8|spread_medio""}",sensibilidad de costos: spread_medio
2026-09-25T05:30:39.254388Z,R01,1e56eb66ad,sma8|spread_medio,0,fuera_muestra,2006-12-31,2026-07-31,235,12,USD,5.042409219214524,0.09621594092196051,0.10653736843472263,0.7748199999262242,1.2545238883452277,-0.141007234438556,0.6823475497910475,0.22367126776545568,-0.19864813267793227,4.244927552039047,0.9994896021116585,0.7702127659574468,0.7702127659574468,1.5320889261744968,0.006741191275167786,30,0.11020794942552814,0.015124226882966774,0.0029,0.0015,2006-12-31,e85ac74d630dff95,French F-F_Research_Data_Factors CRSP 202607 sha256 b840dba55d31,"{""comision_por_lado"": 0.0029, ""cortes"": [""2006-12-31""], ""efectivo_en_mxn"": false, ""exposicion_inicial"": 0.0, ""exposicion_max"": 1.0, ""exposicion_min"": 0.0, ""extras"": [], ""fx"": false, ""max_dias_fx"": 10, ""min_historia"": 12, ""periodos_por_anio"": 12, ""permitir_capturas"": false, ""rebalanceo_con_deriva"": true, ""segmentos"": [""dentro_muestra"", ""fuera_muestra""], ""senal"": ""media_movil_8"", ""spread_por_lado"": 0.0015, ""usuario"": {""bloque"": ""C"", ""escenario_costos"": ""spread_medio"", ""senal_sobre"": ""indice TR (Mkt-RF+RF)"", ""ventana"": 8}, ""variante"": ""sma8|spread_medio""}",sensibilidad de costos: spread_medio
2026-09-25T05:30:39.268030Z,R01,8214db1273,sma10|spread_medio,0,completo,1927-06-30,2026-07-31,1189,12,USD,5378.308532341711,0.09056502705807112,0.1252935515548255,0.49799928134454874,0.7368924784944245,-0.436680795208474,0.20739411499613772,0.1437600095702577,-0.6751034016509131,8.62821254971622,0.9999983243296044,0.7300252312867956,0.7300252312867956,1.4835663562764223,0.00652769196761625,147,0.10260130985470983,0.03287249298954742,0.0029,0.0015,2006-12-31,e85ac74d630dff95,French F-F_Research_Data_Factors CRSP 202607 sha256 b840dba55d31,"{""comision_por_lado"": 0.0029, ""cortes"": [""2006-12-31""], ""efectivo_en_mxn"": false, ""exposicion_inicial"": 0.0, ""exposicion_max"": 1.0, ""exposicion_min"": 0.0, ""extras"": [], ""fx"": false, ""max_dias_fx"": 10, ""min_historia"": 12, ""periodos_por_anio"": 12, ""permitir_capturas"": false, ""rebalanceo_con_deriva"": true, ""segmentos"": [""dentro_muestra"", ""fuera_muestra""], ""senal"": ""media_movil_10"", ""spread_por_lado"": 0.0015, ""usuario"": {""bloque"": ""C"", ""escenario_costos"": ""spread_medio"", ""senal_sobre"": ""indice TR (Mkt-RF+RF)"", ""ventana"": 10}, ""variante"": ""sma10|spread_medio""}",sensibilidad de costos: spread_medio
2026-09-25T05:30:39.268030Z,R01,8214db1273,sma10|spread_medio,0,dentro_muestra,1927-06-30,2006-12-31,954,12,USD,1053.0738557257207,0.09149413731203704,0.12917665096074957,0.4607002713873536,0.6755443144659478,-0.436680795208474,0.20952177956064497,0.13299271285061112,-0.7230697660864117,8.999669361016828,0.9999432092199201,0.7169811320754716,0.7169811320754716,1.4716157581183924,0.006475109335720932,117,0.10073588705476877,0.037291120660129184,0.0029,0.0015,2006-12-31,e85ac74d630dff95,French F-F_Research_Data_Factors CRSP 202607 sha256 b840dba55d31,"{""comision_por_lado"": 0.0029, ""cortes"": [""2006-12-31""], ""efectivo_en_mxn"": false, ""exposicion_inicial"": 0.0, ""exposicion_max"": 1.0, ""exposicion_min"": 0.0, ""extras"": [], ""fx"": false, ""max_dias_fx"": 10, ""min_historia"": 12, ""periodos_por_anio"": 12, ""permitir_capturas"": false, ""rebalanceo_con_deriva"": true, ""segmentos"": [""dentro_muestra"", ""fuera_muestra""], ""senal"": ""media_movil_10"", ""spread_por_lado"": 0.0015, ""usuario"": {""bloque"": ""C"", ""escenario_costos"": ""spread_medio"", ""senal_sobre"": ""indice TR (Mkt-RF+RF)"", ""ventana"": 10}, ""variante"": ""sma10|spread_medio""}",sensibilidad de costos: spread_medio
2026-09-25T05:30:39.268030Z,R01,8214db1273,sma10|spread_medio,0,fuera_muestra,2006-12-31,2026-07-31,235,12,USD,4.103350683750812,0.08680071290199498,0.10834190836078939,0.6839320814040643,1.0720354676987947,-0.1979216384349265,0.4385610062061692,0.19743418565302878,-0.2735807859341711,4.234900277315872,0.9981266090025925,0.7829787234042553,0.7829787234042553,1.5320889261744968,0.006741191275167786,30,0.11020794942552814,0.015124226882966774,0.0029,0.0015,2006-12-31,e85ac74d630dff95,French F-F_Research_Data_Factors CRSP 202607 sha256 b840dba55d31,"{""comision_por_lado"": 0.0029, ""cortes"": [""2006-12-31""], ""efectivo_en_mxn"": false, ""exposicion_inicial"": 0.0, ""exposicion_max"": 1.0, ""exposicion_min"": 0.0, ""extras"": [], ""fx"": false, ""max_dias_fx"": 10, ""min_historia"": 12, ""periodos_por_anio"": 12, ""permitir_capturas"": false, ""rebalanceo_con_deriva"": true, ""segmentos"": [""dentro_muestra"", ""fuera_muestra""], ""senal"": ""media_movil_10"", ""spread_por_lado"": 0.0015, ""usuario"": {""bloque"": ""C"", ""escenario_costos"": ""spread_medio"", ""senal_sobre"": ""indice TR (Mkt-RF+RF)"", ""ventana"": 10}, ""variante"": ""sma10|spread_medio""}",sensibilidad de costos: spread_medio
2026-09-25T05:30:39.281795Z,R01,b968f3858d,sma12|spread_medio,0,completo,1927-06-30,2026-07-31,1189,12,USD,6728.97538147053,0.09303335477661911,0.12601518357889127,0.5142253794071401,0.7674965112385422,-0.4652602327498512,0.19995982512143656,0.1484440806124249,-0.6184730051471167,8.500504465898496,0.9999992321339324,0.7333894028595458,0.7333894028595458,1.3220897460694647,0.005817194882705643,131,0.10260130985470983,0.03287249298954742,0.0029,0.0015,2006-12-31,e85ac74d630dff95,French F-F_Research_Data_Factors CRSP 202607 sha256 b840dba55d31,"{""comision_por_lado"": 0.0029, ""cortes"": [""2006-12-31""], ""efectivo_en_mxn"": false, ""exposicion_inicial"": 0.0, ""exposicion_max"": 1.0, ""exposicion_min"": 0.0, ""extras"": [], ""fx"": false, ""max_dias_fx"": 10, ""min_historia"": 12, ""periodos_por_anio"": 12, ""permitir_capturas"": false, ""rebalanceo_con_deriva"": true, ""segmentos"": [""dentro_muestra"", ""fuera_muestra""], ""senal"": ""media_movil_12"", ""spread_por_lado"": 0.0015, ""usuario"": {""bloque"": ""C"", ""escenario_costos"": ""spread_medio"", ""senal_sobre"": ""indice TR (Mkt-RF+RF)"", ""ventana"": 12}, ""variante"": ""sma12|spread_medio""}",sensibilidad de costos: spread_medio
2026-09-25T05:30:39.281795Z,R01,b968f3858d,sma12|spread_medio,0,dentro_muestra,1927-06-30,2006-12-31,954,12,USD,1451.7148903868347,0.09590681618843444,0.12927382511230326,0.4918871593774635,0.7303218026373183,-0.4652602327498512,0.2061358556728382,0.14199559193874947,-0.6652028846696921,8.955706779536756,0.9999806713078376,0.720125786163522,0.720125786163522,1.2955249836426874,0.00570030992802783,103,0.10073588705476877,0.037291120660129184,0.0029,0.0015,2006-12-31,e85ac74d630dff95,French F-F_Research_Data_Factors CRSP 202607 sha256 b840dba55d31,"{""comision_por_lado"": 0.0029, ""cortes"": [""2006-12-31""], ""efectivo_en_mxn"": false, ""exposicion_inicial"": 0.0, ""exposicion_max"": 1.0, ""exposicion_min"": 0.0, ""extras"": [], ""fx"": false, ""max_dias_fx"": 10, ""min_historia"": 12, ""periodos_por_anio"": 12, ""permitir_capturas"": false, ""rebalanceo_con_deriva"": true, ""segmentos"": [""dentro_muestra"", ""fuera_muestra""], ""senal"": ""media_movil_12"", ""spread_por_lado"": 0.0015, ""usuario"": {""bloque"": ""C"", ""escenario_costos"": ""spread_medio"", ""senal_sobre"": ""indice TR (Mkt-RF+RF)"", ""ventana"": 12}, ""variante"": ""sma12|spread_medio""}",sensibilidad de costos: spread_medio
2026-09-25T05:30:39.281795Z,R01,b968f3858d,sma12|spread_medio,0,fuera_muestra,2006-12-31,2026-07-31,235,12,USD,3.632688372649948,0.08144353820067285,0.11199691056585592,0.6224304519020597,0.9588975411869024,-0.19792163843492638,0.4114938560770365,0.17968019447873732,-0.2923733618069408,4.367795005110906,0.9959174897093169,0.7872340425531915,0.7872340425531915,1.4299496644295302,0.006291778523489934,28,0.11020794942552814,0.015124226882966774,0.0029,0.0015,2006-12-31,e85ac74d630dff95,French F-F_Research_Data_Factors CRSP 202607 sha256 b840dba55d31,"{""comision_por_lado"": 0.0029, ""cortes"": [""2006-12-31""], ""efectivo_en_mxn"": false, ""exposicion_inicial"": 0.0, ""exposicion_max"": 1.0, ""exposicion_min"": 0.0, ""extras"": [], ""fx"": false, ""max_dias_fx"": 10, ""min_historia"": 12, ""periodos_por_anio"": 12, ""permitir_capturas"": false, ""rebalanceo_con_deriva"": true, ""segmentos"": [""dentro_muestra"", ""fuera_muestra""], ""senal"": ""media_movil_12"", ""spread_por_lado"": 0.0015, ""usuario"": {""bloque"": ""C"", ""escenario_costos"": ""spread_medio"", ""senal_sobre"": ""indice TR (Mkt-RF+RF)"", ""ventana"": 12}, ""variante"": ""sma12|spread_medio""}",sensibilidad de costos: spread_medio
2026-09-25T05:30:39.297266Z,R01,68c9915e12,mom12|spread_medio,0,completo,1927-06-30,2026-07-31,1189,12,USD,8103.455348529514,0.09508534534358293,0.1257939946873402,0.5292715591070523,0.7965424032351461,-0.45441310081530206,0.20924868841365277,0.15278753856243477,-0.5788143379922595,8.65551270291662,0.9999996235575566,0.7064760302775441,0.7064760302775441,0.8780290680003315,0.0038633278992014604,87,0.10260130985470983,0.03287249298954742,0.0029,0.0015,2006-12-31,e85ac74d630dff95,French F-F_Research_Data_Factors CRSP 202607 sha256 b840dba55d31,"{""comision_por_lado"": 0.0029, ""cortes"": [""2006-12-31""], ""efectivo_en_mxn"": false, ""exposicion_inicial"": 0.0, ""exposicion_max"": 1.0, ""exposicion_min"": 0.0, ""extras"": [], ""fx"": false, ""max_dias_fx"": 10, ""min_historia"": 12, ""periodos_por_anio"": 12, ""permitir_capturas"": false, ""rebalanceo_con_deriva"": true, ""segmentos"": [""dentro_muestra"", ""fuera_muestra""], ""senal"": ""momentum_absoluto_12"", ""spread_por_lado"": 0.0015, ""usuario"": {""bloque"": ""C"", ""escenario_costos"": ""spread_medio"", ""regla"": ""momentum absoluto vs RF"", ""ventana"": 12}, ""variante"": ""mom12|spread_medio""}",sensibilidad de costos: spread_medio
2026-09-25T05:30:39.297266Z,R01,68c9915e12,mom12|spread_medio,0,dentro_muestra,1927-06-30,2006-12-31,954,12,USD,1592.8863526502007,0.09718592631181111,0.12602506203396646,0.509771925486281,0.7625609756548201,-0.45441310081530206,0.2138713125511597,0.1471584792024091,-0.6520768977043303,9.613330509125221,0.9999893103193972,0.6844863731656184,0.6844863731656184,0.8930317848410758,0.003929339853300733,71,0.10073588705476877,0.037291120660129184,0.0029,0.0015,2006-12-31,e85ac74d630dff95,French F-F_Research_Data_Factors CRSP 202607 sha256 b840dba55d31,"{""comision_por_lado"": 0.0029, ""cortes"": [""2006-12-31""], ""efectivo_en_mxn"": false, ""exposicion_inicial"": 0.0, ""exposicion_max"": 1.0, ""exposicion_min"": 0.0, ""extras"": [], ""fx"": false, ""max_dias_fx"": 10, ""min_historia"": 12, ""periodos_por_anio"": 12, ""permitir_capturas"": false, ""rebalanceo_con_deriva"": true, ""segmentos"": [""dentro_muestra"", ""fuera_muestra""], ""senal"": ""momentum_absoluto_12"", ""spread_por_lado"": 0.0015, ""usuario"": {""bloque"": ""C"", ""escenario_costos"": ""spread_medio"", ""regla"": ""momentum absoluto vs RF"", ""ventana"": 12}, ""variante"": ""mom12|spread_medio""}",sensibilidad de costos: spread_medio
2026-09-25T05:30:39.297266Z,R01,68c9915e12,mom12|spread_medio,0,fuera_muestra,2006-12-31,2026-07-31,235,12,USD,4.084713433334816,0.0865976677089928,0.12509208761887727,0.6083253436061755,0.9414088971331341,-0.24896823147654767,0.34782617523292375,0.17560840044294854,-0.26916550192547056,4.540685839994616,0.9952208857791595,0.7957446808510639,0.7957446808510639,0.8171140939597316,0.003595302013422819,16,0.11020794942552814,0.015124226882966774,0.0029,0.0015,2006-12-31,e85ac74d630dff95,French F-F_Research_Data_Factors CRSP 202607 sha256 b840dba55d31,"{""comision_por_lado"": 0.0029, ""cortes"": [""2006-12-31""], ""efectivo_en_mxn"": false, ""exposicion_inicial"": 0.0, ""exposicion_max"": 1.0, ""exposicion_min"": 0.0, ""extras"": [], ""fx"": false, ""max_dias_fx"": 10, ""min_historia"": 12, ""periodos_por_anio"": 12, ""permitir_capturas"": false, ""rebalanceo_con_deriva"": true, ""segmentos"": [""dentro_muestra"", ""fuera_muestra""], ""senal"": ""momentum_absoluto_12"", ""spread_por_lado"": 0.0015, ""usuario"": {""bloque"": ""C"", ""escenario_costos"": ""spread_medio"", ""regla"": ""momentum absoluto vs RF"", ""ventana"": 12}, ""variante"": ""mom12|spread_medio""}",sensibilidad de costos: spread_medio
2026-09-25T05:30:39.309741Z,R01,0954a09324,comprar_y_mantener|spread_medio,0,completo,1927-06-30,2026-07-31,1189,12,USD,15889.809687523319,0.10255224072424562,0.18406897125689994,0.44739632654897044,0.6754434102486467,-0.8365224657023862,0.12259352848119581,0.1291521947837489,0.15626739309087426,10.311463756664937,0.9999948458770487,1.0,1.0,0.010092288137934845,4.440606780691331e-05,1,0.10260130985470983,0.03287249298954742,0.0029,0.0015,2006-12-31,e85ac74d630dff95,French F-F_Research_Data_Factors CRSP 202607 sha256 b840dba55d31,"{""comision_por_lado"": 0.0029, ""cortes"": [""2006-12-31""], ""efectivo_en_mxn"": false, ""exposicion_inicial"": 0.0, ""exposicion_max"": 1.0, ""exposicion_min"": 0.0, ""extras"": [], ""fx"": false, ""max_dias_fx"": 10, ""min_historia"": 12, ""periodos_por_anio"": 12, ""permitir_capturas"": false, ""rebalanceo_con_deriva"": true, ""segmentos"": [""dentro_muestra"", ""fuera_muestra""], ""senal"": ""senal_comprar_y_mantener"", ""spread_por_lado"": 0.0015, ""usuario"": {""bloque"": ""C"", ""escenario_costos"": ""spread_medio""}, ""variante"": ""comprar_y_mantener|spread_medio""}",sensibilidad de costos: spread_medio
2026-09-25T05:30:39.309741Z,R01,0954a09324,comprar_y_mantener|spread_medio,0,dentro_muestra,1927-06-30,2006-12-31,954,12,USD,2050.5346040463874,0.10067483651185238,0.18979874852541836,0.40772331765676917,0.6162336259421116,-0.8365224657023862,0.12034923225561042,0.11769958360201149,0.2562306579942477,10.902757349080895,0.9998560628345099,1.0,1.0,0.012577912462550363,5.5342814835221594e-05,1,0.10073588705476877,0.037291120660129184,0.0029,0.0015,2006-12-31,e85ac74d630dff95,French F-F_Research_Data_Factors CRSP 202607 sha256 b840dba55d31,"{""comision_por_lado"": 0.0029, ""cortes"": [""2006-12-31""], ""efectivo_en_mxn"": false, ""exposicion_inicial"": 0.0, ""exposicion_max"": 1.0, ""exposicion_min"": 0.0, ""extras"": [], ""fx"": false, ""max_dias_fx"": 10, ""min_historia"": 12, ""periodos_por_anio"": 12, ""permitir_capturas"": false, ""rebalanceo_con_deriva"": true, ""segmentos"": [""dentro_muestra"", ""fuera_muestra""], ""senal"": ""senal_comprar_y_mantener"", ""spread_por_lado"": 0.0015, ""usuario"": {""bloque"": ""C"", ""escenario_costos"": ""spread_medio""}, ""variante"": ""comprar_y_mantener|spread_medio""}",sensibilidad de costos: spread_medio
2026-09-25T05:30:39.309741Z,R01,0954a09324,comprar_y_mantener|spread_medio,0,fuera_muestra,2006-12-31,2026-07-31,235,12,USD,6.745816061879126,0.11020794942552814,0.159062982403124,0.6452006427175135,0.969267472829161,-0.5031170717166413,0.21905030781304505,0.186253382377138,-0.4995817776621852,4.0069978983606465,0.9964617573696892,1.0,1.0,0.0,0.0,0,0.11020794942552814,0.015124226882966774,0.0029,0.0015,2006-12-31,e85ac74d630dff95,French F-F_Research_Data_Factors CRSP 202607 sha256 b840dba55d31,"{""comision_por_lado"": 0.0029, ""cortes"": [""2006-12-31""], ""efectivo_en_mxn"": false, ""exposicion_inicial"": 0.0, ""exposicion_max"": 1.0, ""exposicion_min"": 0.0, ""extras"": [], ""fx"": false, ""max_dias_fx"": 10, ""min_historia"": 12, ""periodos_por_anio"": 12, ""permitir_capturas"": false, ""rebalanceo_con_deriva"": true, ""segmentos"": [""dentro_muestra"", ""fuera_muestra""], ""senal"": ""senal_comprar_y_mantener"", ""spread_por_lado"": 0.0015, ""usuario"": {""bloque"": ""C"", ""escenario_costos"": ""spread_medio""}, ""variante"": ""comprar_y_mantener|spread_medio""}",sensibilidad de costos: spread_medio
2026-09-25T05:30:39.324019Z,R01,24dfcfc989,sma6|spread_iliquido,0,completo,1927-06-30,2026-07-31,1189,12,USD,2051.4054438065245,0.08001133657618187,0.12813885356865298,0.41158563532672515,0.6296907417053391,-0.47633498205583535,0.16797283338472724,0.11881453867523396,0.19855949428488562,15.197663508147391,0.9999735001765218,0.7056349873843566,0.7056349873843566,2.1900265259318616,0.01292115650299801,217,0.10260130985470983,0.03287249298954742,0.0029,0.003,2006-12-31,e85ac74d630dff95,French F-F_Research_Data_Factors CRSP 202607 sha256 b840dba55d31,"{""comision_por_lado"": 0.0029, ""cortes"": [""2006-12-31""], ""efectivo_en_mxn"": false, ""exposicion_inicial"": 0.0, ""exposicion_max"": 1.0, ""exposicion_min"": 0.0, ""extras"": [], ""fx"": false, ""max_dias_fx"": 10, ""min_historia"": 12, ""periodos_por_anio"": 12, ""permitir_capturas"": false, ""rebalanceo_con_deriva"": true, ""segmentos"": [""dentro_muestra"", ""fuera_muestra""], ""senal"": ""media_movil_6"", ""spread_por_lado"": 0.003, ""usuario"": {""bloque"": ""C"", ""escenario_costos"": ""spread_iliquido"", ""senal_sobre"": ""indice TR (Mkt-RF+RF)"", ""ventana"": 6}, ""variante"": ""sma6|spread_iliquido""}",sensibilidad de costos: spread_iliquido
2026-09-25T05:30:39.324019Z,R01,24dfcfc989,sma6|spread_iliquido,0,dentro_muestra,1927-06-30,2006-12-31,954,12,USD,414.0769859769569,0.07877430365213023,0.13334326233840166,0.36002310082768585,0.5479046361936517,-0.47633498205583535,0.1653758523301075,0.10392971708867411,0.2569372912915669,15.7712626471649,0.9992823086870267,0.6960167714884696,0.6960167714884696,2.251446330796515,0.013283533351699465,179,0.10073588705476877,0.037291120660129184,0.0029,0.003,2006-12-31,e85ac74d630dff95,French F-F_Research_Data_Factors CRSP 202607 sha256 b840dba55d31,"{""comision_por_lado"": 0.0029, ""cortes"": [""2006-12-31""], ""efectivo_en_mxn"": false, ""exposicion_inicial"": 0.0, ""exposicion_max"": 1.0, ""exposicion_min"": 0.0, ""extras"": [], ""fx"": false, ""max_dias_fx"": 10, ""min_historia"": 12, ""periodos_por_anio"": 12, ""permitir_capturas"": false, ""rebalanceo_con_deriva"": true, ""segmentos"": [""dentro_muestra"", ""fuera_muestra""], ""senal"": ""media_movil_6"", ""spread_por_lado"": 0.003, ""usuario"": {""bloque"": ""C"", ""escenario_costos"": ""spread_iliquido"", ""senal_sobre"": ""indice TR (Mkt-RF+RF)"", ""ventana"": 6}, ""variante"": ""sma6|spread_iliquido""}",sensibilidad de costos: spread_iliquido
2026-09-25T05:30:39.324019Z,R01,24dfcfc989,sma6|spread_iliquido,0,fuera_muestra,2006-12-31,2026-07-31,235,12,USD,3.94463801450188,0.08504860480989929,0.1046281017058169,0.6886120283762686,1.093247908252172,-0.18036660274631922,0.47153188847005045,0.19878516997512644,-0.21389100187382756,4.418486370016016,0.9983110618335955,0.7446808510638298,0.7446808510638298,1.9406459731543626,0.01144981124161073,38,0.11020794942552814,0.015124226882966774,0.0029,0.003,2006-12-31,e85ac74d630dff95,French F-F_Research_Data_Factors CRSP 202607 sha256 b840dba55d31,"{""comision_por_lado"": 0.0029, ""cortes"": [""2006-12-31""], ""efectivo_en_mxn"": false, ""exposicion_inicial"": 0.0, ""exposicion_max"": 1.0, ""exposicion_min"": 0.0, ""extras"": [], ""fx"": false, ""max_dias_fx"": 10, ""min_historia"": 12, ""periodos_por_anio"": 12, ""permitir_capturas"": false, ""rebalanceo_con_deriva"": true, ""segmentos"": [""dentro_muestra"", ""fuera_muestra""], ""senal"": ""media_movil_6"", ""spread_por_lado"": 0.003, ""usuario"": {""bloque"": ""C"", ""escenario_costos"": ""spread_iliquido"", ""senal_sobre"": ""indice TR (Mkt-RF+RF)"", ""ventana"": 6}, ""variante"": ""sma6|spread_iliquido""}",sensibilidad de costos: spread_iliquido
2026-09-25T05:30:39.338107Z,R01,1da8da75a2,sma8|spread_iliquido,0,completo,1927-06-30,2026-07-31,1189,12,USD,1899.856521801527,0.07917556038978435,0.12322309992365085,0.41804909387688544,0.607612113940311,-0.5517580904975496,0.1434968725485974,0.12068037844214947,-0.739693956282092,9.140246773521216,0.9999579341992841,0.7115222876366695,0.7115222876366695,1.766150424138598,0.010420287502417748,175,0.10260130985470983,0.03287249298954742,0.0029,0.003,2006-12-31,e85ac74d630dff95,French F-F_Research_Data_Factors CRSP 202607 sha256 b840dba55d31,"{""comision_por_lado"": 0.0029, ""cortes"": [""2006-12-31""], ""efectivo_en_mxn"": false, ""exposicion_inicial"": 0.0, ""exposicion_max"": 1.0, ""exposicion_min"": 0.0, ""extras"": [], ""fx"": false, ""max_dias_fx"": 10, ""min_historia"": 12, ""periodos_por_anio"": 12, ""permitir_capturas"": false, ""rebalanceo_con_deriva"": true, ""segmentos"": [""dentro_muestra"", ""fuera_muestra""], ""senal"": ""media_movil_8"", ""spread_por_lado"": 0.003, ""usuario"": {""bloque"": ""C"", ""escenario_costos"": ""spread_iliquido"", ""senal_sobre"": ""indice TR (Mkt-RF+RF)"", ""ventana"": 8}, ""variante"": ""sma8|spread_iliquido""}",sensibilidad de costos: spread_iliquido
2026-09-25T05:30:39.338107Z,R01,1da8da75a2,sma8|spread_iliquido,0,dentro_muestra,1927-06-30,2006-12-31,954,12,USD,328.14224502080134,0.07563129886774811,0.12699644162376916,0.3501766729821629,0.5007071613393046,-0.5517580904975496,0.13707329384068903,0.10108729820508965,-0.8006072921645999,9.549790706347656,0.9985190556033776,0.6970649895178197,0.6970649895178197,1.8237973070698026,0.010760404111711854,145,0.10073588705476877,0.037291120660129184,0.0029,0.003,2006-12-31,e85ac74d630dff95,French F-F_Research_Data_Factors CRSP 202607 sha256 b840dba55d31,"{""comision_por_lado"": 0.0029, ""cortes"": [""2006-12-31""], ""efectivo_en_mxn"": false, ""exposicion_inicial"": 0.0, ""exposicion_max"": 1.0, ""exposicion_min"": 0.0, ""extras"": [], ""fx"": false, ""max_dias_fx"": 10, ""min_historia"": 12, ""periodos_por_anio"": 12, ""permitir_capturas"": false, ""rebalanceo_con_deriva"": true, ""segmentos"": [""dentro_muestra"", ""fuera_muestra""], ""senal"": ""media_movil_8"", ""spread_por_lado"": 0.003, ""usuario"": {""bloque"": ""C"", ""escenario_costos"": ""spread_iliquido"", ""senal_sobre"": ""indice TR (Mkt-RF+RF)"", ""ventana"": 8}, ""variante"": ""sma8|spread_iliquido""}",sensibilidad de costos: spread_iliquido
2026-09-25T05:30:39.338107Z,R01,1da8da75a2,sma8|spread_iliquido,0,fuera_muestra,2006-12-31,2026-07-31,235,12,USD,4.775182464594889,0.09368657126927404,0.10672419093085511,0.7518978635401303,1.2130968591020894,-0.14617228128074855,0.6409325382924904,0.21705421695899937,-0.19653125275406175,4.246008342727668,0.9992975346554291,0.7702127659574468,0.7702127659574468,1.5320889261744968,0.009039324664429527,30,0.11020794942552814,0.015124226882966774,0.0029,0.003,2006-12-31,e85ac74d630dff95,French F-F_Research_Data_Factors CRSP 202607 sha256 b840dba55d31,"{""comision_por_lado"": 0.0029, ""cortes"": [""2006-12-31""], ""efectivo_en_mxn"": false, ""exposicion_inicial"": 0.0, ""exposicion_max"": 1.0, ""exposicion_min"": 0.0, ""extras"": [], ""fx"": false, ""max_dias_fx"": 10, ""min_historia"": 12, ""periodos_por_anio"": 12, ""permitir_capturas"": false, ""rebalanceo_con_deriva"": true, ""segmentos"": [""dentro_muestra"", ""fuera_muestra""], ""senal"": ""media_movil_8"", ""spread_por_lado"": 0.003, ""usuario"": {""bloque"": ""C"", ""escenario_costos"": ""spread_iliquido"", ""senal_sobre"": ""indice TR (Mkt-RF+RF)"", ""ventana"": 8}, ""variante"": ""sma8|spread_iliquido""}",sensibilidad de costos: spread_iliquido
2026-09-25T05:30:39.352633Z,R01,67031a78ed,sma10|spread_iliquido,0,completo,1927-06-30,2026-07-31,1189,12,USD,4308.915700397708,0.08812830138034111,0.12539087285689937,0.47979180458876647,0.7082586805567644,-0.44433749345087625,0.19833640572598707,0.13850396376715032,-0.6720156062438186,8.570853883968029,0.9999964737718733,0.7300252312867956,0.7300252312867956,1.4835663562764223,0.008753041502030906,147,0.10260130985470983,0.03287249298954742,0.0029,0.003,2006-12-31,e85ac74d630dff95,French F-F_Research_Data_Factors CRSP 202607 sha256 b840dba55d31,"{""comision_por_lado"": 0.0029, ""cortes"": [""2006-12-31""], ""efectivo_en_mxn"": false, ""exposicion_inicial"": 0.0, ""exposicion_max"": 1.0, ""exposicion_min"": 0.0, ""extras"": [], ""fx"": false, ""max_dias_fx"": 10, ""min_historia"": 12, ""periodos_por_anio"": 12, ""permitir_capturas"": false, ""rebalanceo_con_deriva"": true, ""segmentos"": [""dentro_muestra"", ""fuera_muestra""], ""senal"": ""media_movil_10"", ""spread_por_lado"": 0.003, ""usuario"": {""bloque"": ""C"", ""escenario_costos"": ""spread_iliquido"", ""senal_sobre"": ""indice TR (Mkt-RF+RF)"", ""ventana"": 10}, ""variante"": ""sma10|spread_iliquido""}",sensibilidad de costos: spread_iliquido
2026-09-25T05:30:39.352633Z,R01,67031a78ed,sma10|spread_iliquido,0,dentro_muestra,1927-06-30,2006-12-31,954,12,USD,882.604232217309,0.08907495919313502,0.1292593859761735,0.4432440244188003,0.648484340998485,-0.44433749345087625,0.20046689848598767,0.1279535284074437,-0.7201157178633563,8.939139299642282,0.9999022306376393,0.7169811320754716,0.7169811320754716,1.4716157581183924,0.008682532972898529,117,0.10073588705476877,0.037291120660129184,0.0029,0.003,2006-12-31,e85ac74d630dff95,French F-F_Research_Data_Factors CRSP 202607 sha256 b840dba55d31,"{""comision_por_lado"": 0.0029, ""cortes"": [""2006-12-31""], ""efectivo_en_mxn"": false, ""exposicion_inicial"": 0.0, ""exposicion_max"": 1.0, ""exposicion_min"": 0.0, ""extras"": [], ""fx"": false, ""max_dias_fx"": 10, ""min_historia"": 12, ""periodos_por_anio"": 12, ""permitir_capturas"": false, ""rebalanceo_con_deriva"": true, ""segmentos"": [""dentro_muestra"", ""fuera_muestra""], ""senal"": ""media_movil_10"", ""spread_por_lado"": 0.003, ""usuario"": {""bloque"": ""C"", ""escenario_costos"": ""spread_iliquido"", ""senal_sobre"": ""indice TR (Mkt-RF+RF)"", ""ventana"": 10}, ""variante"": ""sma10|spread_iliquido""}",sensibilidad de costos: spread_iliquido
2026-09-25T05:30:39.352633Z,R01,67031a78ed,sma10|spread_iliquido,0,fuera_muestra,2006-12-31,2026-07-31,235,12,USD,3.8776539804279118,0.08429306761139621,0.108511160636766,0.6616411414771445,1.0336132094080006,-0.20514499121973695,0.4108950801587321,0.19099934556938034,-0.27162433404154873,4.241151095035324,0.9975195507536739,0.7829787234042553,0.7829787234042553,1.5320889261744968,0.009039324664429527,30,0.11020794942552814,0.015124226882966774,0.0029,0.003,2006-12-31,e85ac74d630dff95,French F-F_Research_Data_Factors CRSP 202607 sha256 b840dba55d31,"{""comision_por_lado"": 0.0029, ""cortes"": [""2006-12-31""], ""efectivo_en_mxn"": false, ""exposicion_inicial"": 0.0, ""exposicion_max"": 1.0, ""exposicion_min"": 0.0, ""extras"": [], ""fx"": false, ""max_dias_fx"": 10, ""min_historia"": 12, ""periodos_por_anio"": 12, ""permitir_capturas"": false, ""rebalanceo_con_deriva"": true, ""segmentos"": [""dentro_muestra"", ""fuera_muestra""], ""senal"": ""media_movil_10"", ""spread_por_lado"": 0.003, ""usuario"": {""bloque"": ""C"", ""escenario_costos"": ""spread_iliquido"", ""senal_sobre"": ""indice TR (Mkt-RF+RF)"", ""ventana"": 10}, ""variante"": ""sma10|spread_iliquido""}",sensibilidad de costos: spread_iliquido
2026-09-25T05:30:39.366353Z,R01,816cb10501,sma12|spread_iliquido,0,completo,1927-06-30,2026-07-31,1189,12,USD,5522.734848870389,0.09085667120563579,0.12609613287470742,0.498094177385703,0.7418108825416093,-0.4692763854517814,0.19361014963104595,0.14378740369771043,-0.6164662394845746,8.451189104183253,0.9999984798084829,0.7333894028595458,0.7333894028595458,1.3220897460694647,0.007800329501809855,131,0.10260130985470983,0.03287249298954742,0.0029,0.003,2006-12-31,e85ac74d630dff95,French F-F_Research_Data_Factors CRSP 202607 sha256 b840dba55d31,"{""comision_por_lado"": 0.0029, ""cortes"": [""2006-12-31""], ""efectivo_en_mxn"": false, ""exposicion_inicial"": 0.0, ""exposicion_max"": 1.0, ""exposicion_min"": 0.0, ""extras"": [], ""fx"": false, ""max_dias_fx"": 10, ""min_historia"": 12, ""periodos_por_anio"": 12, ""permitir_capturas"": false, ""rebalanceo_con_deriva"": true, ""segmentos"": [""dentro_muestra"", ""fuera_muestra""], ""senal"": ""media_movil_12"", ""spread_por_lado"": 0.003, ""usuario"": {""bloque"": ""C"", ""escenario_costos"": ""spread_iliquido"", ""senal_sobre"": ""indice TR (Mkt-RF+RF)"", ""ventana"": 12}, ""variante"": ""sma12|spread_iliquido""}",sensibilidad de costos: spread_iliquido
2026-09-25T05:30:39.366353Z,R01,816cb10501,sma12|spread_iliquido,0,dentro_muestra,1927-06-30,2006-12-31,954,12,USD,1242.7541182366474,0.09376821864927143,0.1293335474168326,0.47654505905751404,0.706128297567969,-0.4692763854517814,0.19981448365231283,0.13756670906392093,-0.6631732467284466,8.902164737722563,0.9999679900830061,0.720125786163522,0.720125786163522,1.2955249836426874,0.007643597403491866,103,0.10073588705476877,0.037291120660129184,0.0029,0.003,2006-12-31,e85ac74d630dff95,French F-F_Research_Data_Factors CRSP 202607 sha256 b840dba55d31,"{""comision_por_lado"": 0.0029, ""cortes"": [""2006-12-31""], ""efectivo_en_mxn"": false, ""exposicion_inicial"": 0.0, ""exposicion_max"": 1.0, ""exposicion_min"": 0.0, ""extras"": [], ""fx"": false, ""max_dias_fx"": 10, ""min_historia"": 12, ""periodos_por_anio"": 12, ""permitir_capturas"": false, ""rebalanceo_con_deriva"": true, ""segmentos"": [""dentro_muestra"", ""fuera_muestra""], ""senal"": ""media_movil_12"", ""spread_por_lado"": 0.003, ""usuario"": {""bloque"": ""C"", ""escenario_costos"": ""spread_iliquido"", ""senal_sobre"": ""indice TR (Mkt-RF+RF)"", ""ventana"": 12}, ""variante"": ""sma12|spread_iliquido""}",sensibilidad de costos: spread_iliquido
2026-09-25T05:30:39.366353Z,R01,816cb10501,sma12|spread_iliquido,0,fuera_muestra,2006-12-31,2026-07-31,235,12,USD,3.4411791429496956,0.07911442688313919,0.11217673809978047,0.6023010574328573,0.9249257653583808,-0.20514499121973695,0.3856512723647118,0.17386933882102823,-0.2924479305666924,4.384463239302128,0.9948193464044139,0.7872340425531915,0.7872340425531915,1.4299496644295302,0.008436703020134226,28,0.11020794942552814,0.015124226882966774,0.0029,0.003,2006-12-31,e85ac74d630dff95,French F-F_Research_Data_Factors CRSP 202607 sha256 b840dba55d31,"{""comision_por_lado"": 0.0029, ""cortes"": [""2006-12-31""], ""efectivo_en_mxn"": false, ""exposicion_inicial"": 0.0, ""exposicion_max"": 1.0, ""exposicion_min"": 0.0, ""extras"": [], ""fx"": false, ""max_dias_fx"": 10, ""min_historia"": 12, ""periodos_por_anio"": 12, ""permitir_capturas"": false, ""rebalanceo_con_deriva"": true, ""segmentos"": [""dentro_muestra"", ""fuera_muestra""], ""senal"": ""media_movil_12"", ""spread_por_lado"": 0.003, ""usuario"": {""bloque"": ""C"", ""escenario_costos"": ""spread_iliquido"", ""senal_sobre"": ""indice TR (Mkt-RF+RF)"", ""ventana"": 12}, ""variante"": ""sma12|spread_iliquido""}",sensibilidad de costos: spread_iliquido
2026-09-25T05:30:39.381676Z,R01,b319a43cf8,mom12|spread_iliquido,0,completo,1927-06-30,2026-07-31,1189,12,USD,7107.124136914315,0.09363656295881051,0.12574937695773492,0.5188452217447386,0.7799170297289726,-0.4585107206922867,0.2042189173187324,0.14977771422103794,-0.5774895674015201,8.628945019315681,0.9999994070103975,0.7064760302775441,0.7064760302775441,0.8780290680003315,0.0051803715012019615,87,0.10260130985470983,0.03287249298954742,0.0029,0.003,2006-12-31,e85ac74d630dff95,French F-F_Research_Data_Factors CRSP 202607 sha256 b840dba55d31,"{""comision_por_lado"": 0.0029, ""cortes"": [""2006-12-31""], ""efectivo_en_mxn"": false, ""exposicion_inicial"": 0.0, ""exposicion_max"": 1.0, ""exposicion_min"": 0.0, ""extras"": [], ""fx"": false, ""max_dias_fx"": 10, ""min_historia"": 12, ""periodos_por_anio"": 12, ""permitir_capturas"": false, ""rebalanceo_con_deriva"": true, ""segmentos"": [""dentro_muestra"", ""fuera_muestra""], ""senal"": ""momentum_absoluto_12"", ""spread_por_lado"": 0.003, ""usuario"": {""bloque"": ""C"", ""escenario_costos"": ""spread_iliquido"", ""regla"": ""momentum absoluto vs RF"", ""ventana"": 12}, ""variante"": ""mom12|spread_iliquido""}",sensibilidad de costos: spread_iliquido
2026-09-25T05:30:39.381676Z,R01,b319a43cf8,mom12|spread_iliquido,0,dentro_muestra,1927-06-30,2006-12-31,954,12,USD,1431.0742909103285,0.09570957902662203,0.12597427518757862,0.4992002158047876,0.7457612356011735,-0.4585107206922867,0.20874011164256753,0.1441066894872067,-0.651988983589479,9.581705415735755,0.9999847226040441,0.6844863731656184,0.6844863731656184,0.8930317848410758,0.005268887530562351,71,0.10073588705476877,0.037291120660129184,0.0029,0.003,2006-12-31,e85ac74d630dff95,French F-F_Research_Data_Factors CRSP 202607 sha256 b840dba55d31,"{""comision_por_lado"": 0.0029, ""cortes"": [""2006-12-31""], ""efectivo_en_mxn"": false, ""exposicion_inicial"": 0.0, ""exposicion_max"": 1.0, ""exposicion_min"": 0.0, ""extras"": [], ""fx"": false, ""max_dias_fx"": 10, ""min_historia"": 12, ""periodos_por_anio"": 12, ""permitir_capturas"": false, ""rebalanceo_con_deriva"": true, ""segmentos"": [""dentro_muestra"", ""fuera_muestra""], ""senal"": ""momentum_absoluto_12"", ""spread_por_lado"": 0.003, ""usuario"": {""bloque"": ""C"", ""escenario_costos"": ""spread_iliquido"", ""regla"": ""momentum absoluto vs RF"", ""ventana"": 12}, ""variante"": ""mom12|spread_iliquido""}",sensibilidad de costos: spread_iliquido
2026-09-25T05:30:39.381676Z,R01,b319a43cf8,mom12|spread_iliquido,0,fuera_muestra,2006-12-31,2026-07-31,235,12,USD,3.963516335731356,0.08525978603292184,0.12507331257450724,0.598497265408452,0.9255833297756471,-0.254608841079797,0.33486577163359604,0.17277127864641237,-0.2628816577639212,4.538881668514921,0.994656984423852,0.7957446808510639,0.7957446808510639,0.8171140939597316,0.004820973154362418,16,0.11020794942552814,0.015124226882966774,0.0029,0.003,2006-12-31,e85ac74d630dff95,French F-F_Research_Data_Factors CRSP 202607 sha256 b840dba55d31,"{""comision_por_lado"": 0.0029, ""cortes"": [""2006-12-31""], ""efectivo_en_mxn"": false, ""exposicion_inicial"": 0.0, ""exposicion_max"": 1.0, ""exposicion_min"": 0.0, ""extras"": [], ""fx"": false, ""max_dias_fx"": 10, ""min_historia"": 12, ""periodos_por_anio"": 12, ""permitir_capturas"": false, ""rebalanceo_con_deriva"": true, ""segmentos"": [""dentro_muestra"", ""fuera_muestra""], ""senal"": ""momentum_absoluto_12"", ""spread_por_lado"": 0.003, ""usuario"": {""bloque"": ""C"", ""escenario_costos"": ""spread_iliquido"", ""regla"": ""momentum absoluto vs RF"", ""ventana"": 12}, ""variante"": ""mom12|spread_iliquido""}",sensibilidad de costos: spread_iliquido
2026-09-25T05:30:39.394737Z,R01,1b85cfe116,comprar_y_mantener|spread_iliquido,0,completo,1927-06-30,2026-07-31,1189,12,USD,15865.868130139543,0.10253546353318943,0.18406361612707808,0.44732093204882356,0.6753101089533817,-0.8365224657023862,0.12257347260494136,0.1291304302662713,0.15625954892136518,10.312521715900214,0.9999948283755218,1.0,1.0,0.010092288137934845,5.954450001381559e-05,1,0.10260130985470983,0.03287249298954742,0.0029,0.003,2006-12-31,e85ac74d630dff95,French F-F_Research_Data_Factors CRSP 202607 sha256 b840dba55d31,"{""comision_por_lado"": 0.0029, ""cortes"": [""2006-12-31""], ""efectivo_en_mxn"": false, ""exposicion_inicial"": 0.0, ""exposicion_max"": 1.0, ""exposicion_min"": 0.0, ""extras"": [], ""fx"": false, ""max_dias_fx"": 10, ""min_historia"": 12, ""periodos_por_anio"": 12, ""permitir_capturas"": false, ""rebalanceo_con_deriva"": true, ""segmentos"": [""dentro_muestra"", ""fuera_muestra""], ""senal"": ""senal_comprar_y_mantener"", ""spread_por_lado"": 0.003, ""usuario"": {""bloque"": ""C"", ""escenario_costos"": ""spread_iliquido""}, ""variante"": ""comprar_y_mantener|spread_iliquido""}",sensibilidad de costos: spread_iliquido
2026-09-25T05:30:39.394737Z,R01,1b85cfe116,comprar_y_mantener|spread_iliquido,0,dentro_muestra,1927-06-30,2006-12-31,954,12,USD,2047.4437021720692,0.10065396291820639,0.18979226827536613,0.40763048149459813,0.6160723417185067,-0.8365224657023862,0.12032427943664642,0.11767278411040151,0.25623649946740545,10.904107444312189,0.9998556070083848,1.0,1.0,0.012577912462550363,7.420968352904715e-05,1,0.10073588705476877,0.037291120660129184,0.0029,0.003,2006-12-31,e85ac74d630dff95,French F-F_Research_Data_Factors CRSP 202607 sha256 b840dba55d31,"{""comision_por_lado"": 0.0029, ""cortes"": [""2006-12-31""], ""efectivo_en_mxn"": false, ""exposicion_inicial"": 0.0, ""exposicion_max"": 1.0, ""exposicion_min"": 0.0, ""extras"": [], ""fx"": false, ""max_dias_fx"": 10, ""min_historia"": 12, ""periodos_por_anio"": 12, ""permitir_capturas"": false, ""rebalanceo_con_deriva"": true, ""segmentos"": [""dentro_muestra"", ""fuera_muestra""], ""senal"": ""senal_comprar_y_mantener"", ""spread_por_lado"": 0.003, ""usuario"": {""bloque"": ""C"", ""escenario_costos"": ""spread_iliquido""}, ""variante"": ""comprar_y_mantener|spread_iliquido""}",sensibilidad de costos: spread_iliquido
2026-09-25T05:30:39.394737Z,R01,1b85cfe116,comprar_y_mantener|spread_iliquido,0,fuera_muestra,2006-12-31,2026-07-31,235,12,USD,6.745816061879126,0.11020794942552814,0.159062982403124,0.6452006427175135,0.969267472829161,-0.5031170717166413,0.21905030781304505,0.186253382377138,-0.4995817776621852,4.0069978983606465,0.9964617573696892,1.0,1.0,0.0,0.0,0,0.11020794942552814,0.015124226882966774,0.0029,0.003,2006-12-31,e85ac74d630dff95,French F-F_Research_Data_Factors CRSP 202607 sha256 b840dba55d31,"{""comision_por_lado"": 0.0029, ""cortes"": [""2006-12-31""], ""efectivo_en_mxn"": false, ""exposicion_inicial"": 0.0, ""exposicion_max"": 1.0, ""exposicion_min"": 0.0, ""extras"": [], ""fx"": false, ""max_dias_fx"": 10, ""min_historia"": 12, ""periodos_por_anio"": 12, ""permitir_capturas"": false, ""rebalanceo_con_deriva"": true, ""segmentos"": [""dentro_muestra"", ""fuera_muestra""], ""senal"": ""senal_comprar_y_mantener"", ""spread_por_lado"": 0.003, ""usuario"": {""bloque"": ""C"", ""escenario_costos"": ""spread_iliquido""}, ""variante"": ""comprar_y_mantener|spread_iliquido""}",sensibilidad de costos: spread_iliquido
2026-09-25T05:30:39.408348Z,R01,d3b911081e,sma6|doble_pierna,0,completo,1927-06-30,2026-07-31,1189,12,USD,1685.177948423186,0.0778711278762112,0.12818593687157412,0.39598532730186414,0.6042698322566713,-0.47870117215828034,0.16267168832096252,0.11431111765643667,0.19339888560738663,15.068294647002308,0.9999506658710042,0.7056349873843566,0.7056349873843566,2.1900265259318616,0.01489218037633661,217,0.10260130985470983,0.03287249298954742,0.0058,0.001,2006-12-31,e85ac74d630dff95,French F-F_Research_Data_Factors CRSP 202607 sha256 b840dba55d31,"{""comision_por_lado"": 0.0058, ""cortes"": [""2006-12-31""], ""efectivo_en_mxn"": false, ""exposicion_inicial"": 0.0, ""exposicion_max"": 1.0, ""exposicion_min"": 0.0, ""extras"": [], ""fx"": false, ""max_dias_fx"": 10, ""min_historia"": 12, ""periodos_por_anio"": 12, ""permitir_capturas"": false, ""rebalanceo_con_deriva"": true, ""segmentos"": [""dentro_muestra"", ""fuera_muestra""], ""senal"": ""media_movil_6"", ""spread_por_lado"": 0.001, ""usuario"": {""bloque"": ""C"", ""escenario_costos"": ""doble_pierna"", ""senal_sobre"": ""indice TR (Mkt-RF+RF)"", ""ventana"": 6}, ""variante"": ""sma6|doble_pierna""}",sensibilidad de costos: doble_pierna
2026-09-25T05:30:39.408348Z,R01,d3b911081e,sma6|doble_pierna,0,dentro_muestra,1927-06-30,2006-12-31,954,12,USD,351.95284973373595,0.07657665352945497,0.13337417307100868,0.3446644087982161,0.5231560060782491,-0.47870117215828034,0.15996754965984344,0.09949604459986665,0.25097145782708635,15.641514074839591,0.9988722812982151,0.6960167714884696,0.6960167714884696,2.251446330796515,0.015309835049416283,179,0.10073588705476877,0.037291120660129184,0.0058,0.001,2006-12-31,e85ac74d630dff95,French F-F_Research_Data_Factors CRSP 202607 sha256 b840dba55d31,"{""comision_por_lado"": 0.0058, ""cortes"": [""2006-12-31""], ""efectivo_en_mxn"": false, ""exposicion_inicial"": 0.0, ""exposicion_max"": 1.0, ""exposicion_min"": 0.0, ""extras"": [], ""fx"": false, ""max_dias_fx"": 10, ""min_historia"": 12, ""periodos_por_anio"": 12, ""permitir_capturas"": false, ""rebalanceo_con_deriva"": true, ""segmentos"": [""dentro_muestra"", ""fuera_muestra""], ""senal"": ""media_movil_6"", ""spread_por_lado"": 0.001, ""usuario"": {""bloque"": ""C"", ""escenario_costos"": ""doble_pierna"", ""senal_sobre"": ""indice TR (Mkt-RF+RF)"", ""ventana"": 6}, ""variante"": ""sma6|doble_pierna""}",sensibilidad de costos: doble_pierna
2026-09-25T05:30:39.408348Z,R01,d3b911081e,sma6|doble_pierna,0,fuera_muestra,2006-12-31,2026-07-31,235,12,USD,3.7773461800782195,0.08314304327632804,0.10475989090256768,0.6710274442172874,1.0628998499537283,-0.18480882664690945,0.4498867547878479,0.19370893777623877,-0.20945093792353553,4.411879718103741,0.9978895683640616,0.7446808510638298,0.7446808510638298,1.9406459731543626,0.013196392617449664,38,0.11020794942552814,0.015124226882966774,0.0058,0.001,2006-12-31,e85ac74d630dff95,French F-F_Research_Data_Factors CRSP 202607 sha256 b840dba55d31,"{""comision_por_lado"": 0.0058, ""cortes"": [""2006-12-31""], ""efectivo_en_mxn"": false, ""exposicion_inicial"": 0.0, ""exposicion_max"": 1.0, ""exposicion_min"": 0.0, ""extras"": [], ""fx"": false, ""max_dias_fx"": 10, ""min_historia"": 12, ""periodos_por_anio"": 12, ""permitir_capturas"": false, ""rebalanceo_con_deriva"": true, ""segmentos"": [""dentro_muestra"", ""fuera_muestra""], ""senal"": ""media_movil_6"", ""spread_por_lado"": 0.001, ""usuario"": {""bloque"": ""C"", ""escenario_costos"": ""doble_pierna"", ""senal_sobre"": ""indice TR (Mkt-RF+RF)"", ""ventana"": 6}, ""variante"": ""sma6|doble_pierna""}",sensibilidad de costos: doble_pierna
2026-09-25T05:30:39.422276Z,R01,bb46d94e55,sma8|doble_pierna,0,completo,1927-06-30,2026-07-31,1189,12,USD,1621.224017937066,0.07745059029217072,0.12326822142460361,0.4049268429251391,0.5875343501965353,-0.5537834798846997,0.13985717000495626,0.11689231088246718,-0.7363962432567281,9.099712498364772,0.9999326468957114,0.7115222876366695,0.7115222876366695,1.766150424138598,0.012009822884142454,175,0.10260130985470983,0.03287249298954742,0.0058,0.001,2006-12-31,e85ac74d630dff95,French F-F_Research_Data_Factors CRSP 202607 sha256 b840dba55d31,"{""comision_por_lado"": 0.0058, ""cortes"": [""2006-12-31""], ""efectivo_en_mxn"": false, ""exposicion_inicial"": 0.0, ""exposicion_max"": 1.0, ""exposicion_min"": 0.0, ""extras"": [], ""fx"": false, ""max_dias_fx"": 10, ""min_historia"": 12, ""periodos_por_anio"": 12, ""permitir_capturas"": false, ""rebalanceo_con_deriva"": true, ""segmentos"": [""dentro_muestra"", ""fuera_muestra""], ""senal"": ""media_movil_8"", ""spread_por_lado"": 0.001, ""usuario"": {""bloque"": ""C"", ""escenario_costos"": ""doble_pierna"", ""senal_sobre"": ""indice TR (Mkt-RF+RF)"", ""ventana"": 8}, ""variante"": ""sma8|doble_pierna""}",sensibilidad de costos: doble_pierna
2026-09-25T05:30:39.422276Z,R01,bb46d94e55,sma8|doble_pierna,0,dentro_muestra,1927-06-30,2006-12-31,954,12,USD,287.63301397069046,0.07385592245545936,0.12702457950429194,0.337086448927138,0.48118215041741436,-0.5537834798846997,0.13336606297977055,0.09730847601412909,-0.7972677597990198,9.508709268115023,0.9979290805745119,0.6970649895178197,0.6970649895178197,1.8237973070698026,0.01240182168807467,145,0.10073588705476877,0.037291120660129184,0.0058,0.001,2006-12-31,e85ac74d630dff95,French F-F_Research_Data_Factors CRSP 202607 sha256 b840dba55d31,"{""comision_por_lado"": 0.0058, ""cortes"": [""2006-12-31""], ""efectivo_en_mxn"": false, ""exposicion_inicial"": 0.0, ""exposicion_max"": 1.0, ""exposicion_min"": 0.0, ""extras"": [], ""fx"": false, ""max_dias_fx"": 10, ""min_historia"": 12, ""periodos_por_anio"": 12, ""permitir_capturas"": false, ""rebalanceo_con_deriva"": true, ""segmentos"": [""dentro_muestra"", ""fuera_muestra""], ""senal"": ""media_movil_8"", ""spread_por_lado"": 0.001, ""usuario"": {""bloque"": ""C"", ""escenario_costos"": ""doble_pierna"", ""senal_sobre"": ""indice TR (Mkt-RF+RF)"", ""ventana"": 8}, ""variante"": ""sma8|doble_pierna""}",sensibilidad de costos: doble_pierna
2026-09-25T05:30:39.422276Z,R01,bb46d94e55,sma8|doble_pierna,0,fuera_muestra,2006-12-31,2026-07-31,235,12,USD,4.620368909364595,0.09216992375777822,0.10684980965583268,0.7380909080341671,1.1881688204309002,-0.1492601075311739,0.6175121087764723,0.21306849221997085,-0.1953692112102279,4.245831083996835,0.9991509641293042,0.7702127659574468,0.7702127659574468,1.5320889261744968,0.010418204697986577,30,0.11020794942552814,0.015124226882966774,0.0058,0.001,2006-12-31,e85ac74d630dff95,French F-F_Research_Data_Factors CRSP 202607 sha256 b840dba55d31,"{""comision_por_lado"": 0.0058, ""cortes"": [""2006-12-31""], ""efectivo_en_mxn"": false, ""exposicion_inicial"": 0.0, ""exposicion_max"": 1.0, ""exposicion_min"": 0.0, ""extras"": [], ""fx"": false, ""max_dias_fx"": 10, ""min_historia"": 12, ""periodos_por_anio"": 12, ""permitir_capturas"": false, ""rebalanceo_con_deriva"": true, ""segmentos"": [""dentro_muestra"", ""fuera_muestra""], ""senal"": ""media_movil_8"", ""spread_por_lado"": 0.001, ""usuario"": {""bloque"": ""C"", ""escenario_costos"": ""doble_pierna"", ""senal_sobre"": ""indice TR (Mkt-RF+RF)"", ""ventana"": 8}, ""variante"": ""sma8|doble_pierna""}",sensibilidad de costos: doble_pierna
2026-09-25T05:30:39.436190Z,R01,e68f9ba3ee,sma10|doble_pierna,0,completo,1927-06-30,2026-07-31,1189,12,USD,3771.6318524283192,0.08666711899856905,0.12546059093331033,0.46883872908734375,0.6910615462394567,-0.45084192276072466,0.19223393970965272,0.13534208322254998,-0.6700446022574401,8.534542988552419,0.999994530511128,0.7300252312867956,0.7300252312867956,1.4835663562764223,0.010088251222679681,147,0.10260130985470983,0.03287249298954742,0.0058,0.001,2006-12-31,e85ac74d630dff95,French F-F_Research_Data_Factors CRSP 202607 sha256 b840dba55d31,"{""comision_por_lado"": 0.0058, ""cortes"": [""2006-12-31""], ""efectivo_en_mxn"": false, ""exposicion_inicial"": 0.0, ""exposicion_max"": 1.0, ""exposicion_min"": 0.0, ""extras"": [], ""fx"": false, ""max_dias_fx"": 10, ""min_historia"": 12, ""periodos_por_anio"": 12, ""permitir_capturas"": false, ""rebalanceo_con_deriva"": true, ""segmentos"": [""dentro_muestra"", ""fuera_muestra""], ""senal"": ""media_movil_10"", ""spread_por_lado"": 0.001, ""usuario"": {""bloque"": ""C"", ""escenario_costos"": ""doble_pierna"", ""senal_sobre"": ""indice TR (Mkt-RF+RF)"", ""ventana"": 10}, ""variante"": ""sma10|doble_pierna""}",sensibilidad de costos: doble_pierna
2026-09-25T05:30:39.436190Z,R01,e68f9ba3ee,sma10|doble_pierna,0,dentro_muestra,1927-06-30,2006-12-31,954,12,USD,793.7569351369717,0.08762427827985975,0.1293199662387186,0.43274438789671327,0.6322350044236873,-0.45084192276072466,0.19435698823945569,0.12492254442123363,-0.7182086283722109,8.900921610126504,0.9998653194881669,0.7169811320754716,0.7169811320754716,1.4716157581183924,0.010006987155205071,117,0.10073588705476877,0.037291120660129184,0.0058,0.001,2006-12-31,e85ac74d630dff95,French F-F_Research_Data_Factors CRSP 202607 sha256 b840dba55d31,"{""comision_por_lado"": 0.0058, ""cortes"": [""2006-12-31""], ""efectivo_en_mxn"": false, ""exposicion_inicial"": 0.0, ""exposicion_max"": 1.0, ""exposicion_min"": 0.0, ""extras"": [], ""fx"": false, ""max_dias_fx"": 10, ""min_historia"": 12, ""periodos_por_anio"": 12, ""permitir_capturas"": false, ""rebalanceo_con_deriva"": true, ""segmentos"": [""dentro_muestra"", ""fuera_muestra""], ""senal"": ""media_movil_10"", ""spread_por_lado"": 0.001, ""usuario"": {""bloque"": ""C"", ""escenario_costos"": ""doble_pierna"", ""senal_sobre"": ""indice TR (Mkt-RF+RF)"", ""ventana"": 10}, ""variante"": ""sma10|doble_pierna""}",sensibilidad de costos: doble_pierna
2026-09-25T05:30:39.436190Z,R01,e68f9ba3ee,sma10|doble_pierna,0,fuera_muestra,2006-12-31,2026-07-31,235,12,USD,3.7469001975781797,0.08278944634921293,0.10862604208244754,0.6482220851355321,1.0105241131273457,-0.20945292197187382,0.39526517734772987,0.18712559767383,-0.2705102979354975,4.244094817135143,0.9970713707469245,0.7829787234042553,0.7829787234042553,1.5320889261744968,0.010418204697986577,30,0.11020794942552814,0.015124226882966774,0.0058,0.001,2006-12-31,e85ac74d630dff95,French F-F_Research_Data_Factors CRSP 202607 sha256 b840dba55d31,"{""comision_por_lado"": 0.0058, ""cortes"": [""2006-12-31""], ""efectivo_en_mxn"": false, ""exposicion_inicial"": 0.0, ""exposicion_max"": 1.0, ""exposicion_min"": 0.0, ""extras"": [], ""fx"": false, ""max_dias_fx"": 10, ""min_historia"": 12, ""periodos_por_anio"": 12, ""permitir_capturas"": false, ""rebalanceo_con_deriva"": true, ""segmentos"": [""dentro_muestra"", ""fuera_muestra""], ""senal"": ""media_movil_10"", ""spread_por_lado"": 0.001, ""usuario"": {""bloque"": ""C"", ""escenario_costos"": ""doble_pierna"", ""senal_sobre"": ""indice TR (Mkt-RF+RF)"", ""ventana"": 10}, ""variante"": ""sma10|doble_pierna""}",sensibilidad de costos: doble_pierna
2026-09-25T05:30:39.451505Z,R01,378df23470,sma12|doble_pierna,0,completo,1927-06-30,2026-07-31,1189,12,USD,4904.714632170791,0.08955116864943813,0.12615491153263442,0.48838560406483844,0.7263727234875549,-0.47167446995398477,0.18985799392147404,0.14098477998758624,-0.6151611849852844,8.41993764927498,0.9999977226442112,0.7333894028595458,0.7333894028595458,1.3220897460694647,0.008990210273272367,131,0.10260130985470983,0.03287249298954742,0.0058,0.001,2006-12-31,e85ac74d630dff95,French F-F_Research_Data_Factors CRSP 202607 sha256 b840dba55d31,"{""comision_por_lado"": 0.0058, ""cortes"": [""2006-12-31""], ""efectivo_en_mxn"": false, ""exposicion_inicial"": 0.0, ""exposicion_max"": 1.0, ""exposicion_min"": 0.0, ""extras"": [], ""fx"": false, ""max_dias_fx"": 10, ""min_historia"": 12, ""periodos_por_anio"": 12, ""permitir_capturas"": false, ""rebalanceo_con_deriva"": true, ""segmentos"": [""dentro_muestra"", ""fuera_muestra""], ""senal"": ""media_movil_12"", ""spread_por_lado"": 0.001, ""usuario"": {""bloque"": ""C"", ""escenario_costos"": ""doble_pierna"", ""senal_sobre"": ""indice TR (Mkt-RF+RF)"", ""ventana"": 12}, ""variante"": ""sma12|doble_pierna""}",sensibilidad de costos: doble_pierna
2026-09-25T05:30:39.451505Z,R01,378df23470,sma12|doble_pierna,0,dentro_muestra,1927-06-30,2006-12-31,954,12,USD,1131.9693249198613,0.0924855177061803,0.12937920049892515,0.4673109071501867,0.6915835127722846,-0.47167446995398477,0.19607912574789754,0.13490103901920425,-0.6618357972099398,8.868332898387386,0.9999568469795937,0.720125786163522,0.720125786163522,1.2955249836426874,0.008809569888770272,103,0.10073588705476877,0.037291120660129184,0.0058,0.001,2006-12-31,e85ac74d630dff95,French F-F_Research_Data_Factors CRSP 202607 sha256 b840dba55d31,"{""comision_por_lado"": 0.0058, ""cortes"": [""2006-12-31""], ""efectivo_en_mxn"": false, ""exposicion_inicial"": 0.0, ""exposicion_max"": 1.0, ""exposicion_min"": 0.0, ""extras"": [], ""fx"": false, ""max_dias_fx"": 10, ""min_historia"": 12, ""periodos_por_anio"": 12, ""permitir_capturas"": false, ""rebalanceo_con_deriva"": true, ""segmentos"": [""dentro_muestra"", ""fuera_muestra""], ""senal"": ""media_movil_12"", ""spread_por_lado"": 0.001, ""usuario"": {""bloque"": ""C"", ""escenario_costos"": ""doble_pierna"", ""senal_sobre"": ""indice TR (Mkt-RF+RF)"", ""ventana"": 12}, ""variante"": ""sma12|doble_pierna""}",sensibilidad de costos: doble_pierna
2026-09-25T05:30:39.451505Z,R01,378df23470,sma12|doble_pierna,0,fuera_muestra,2006-12-31,2026-07-31,235,12,USD,3.3299624484694608,0.07771768506208643,0.11229671754532469,0.5901907969067621,0.9045400948396664,-0.2094529219718736,0.3710508515728549,0.17037340773367946,-0.2925424178004461,4.393721426143683,0.9940361339505026,0.7872340425531915,0.7872340425531915,1.4299496644295302,0.009723657718120806,28,0.11020794942552814,0.015124226882966774,0.0058,0.001,2006-12-31,e85ac74d630dff95,French F-F_Research_Data_Factors CRSP 202607 sha256 b840dba55d31,"{""comision_por_lado"": 0.0058, ""cortes"": [""2006-12-31""], ""efectivo_en_mxn"": false, ""exposicion_inicial"": 0.0, ""exposicion_max"": 1.0, ""exposicion_min"": 0.0, ""extras"": [], ""fx"": false, ""max_dias_fx"": 10, ""min_historia"": 12, ""periodos_por_anio"": 12, ""permitir_capturas"": false, ""rebalanceo_con_deriva"": true, ""segmentos"": [""dentro_muestra"", ""fuera_muestra""], ""senal"": ""media_movil_12"", ""spread_por_lado"": 0.001, ""usuario"": {""bloque"": ""C"", ""escenario_costos"": ""doble_pierna"", ""senal_sobre"": ""indice TR (Mkt-RF+RF)"", ""ventana"": 12}, ""variante"": ""sma12|doble_pierna""}",sensibilidad de costos: doble_pierna
2026-09-25T05:30:39.467242Z,R01,5bf2e0a072,mom12|doble_pierna,0,completo,1927-06-30,2026-07-31,1189,12,USD,6568.501712135194,0.09276716555918418,0.1257298382463124,0.5125563915915697,0.7698931660052551,-0.46095745005050914,0.2012488691722398,0.147962285330128,-0.5765502979859087,8.611604820946571,0.9999992223888767,0.7064760302775441,0.7064760302775441,0.8780290680003315,0.005970597662402248,87,0.10260130985470983,0.03287249298954742,0.0058,0.001,2006-12-31,e85ac74d630dff95,French F-F_Research_Data_Factors CRSP 202607 sha256 b840dba55d31,"{""comision_por_lado"": 0.0058, ""cortes"": [""2006-12-31""], ""efectivo_en_mxn"": false, ""exposicion_inicial"": 0.0, ""exposicion_max"": 1.0, ""exposicion_min"": 0.0, ""extras"": [], ""fx"": false, ""max_dias_fx"": 10, ""min_historia"": 12, ""periodos_por_anio"": 12, ""permitir_capturas"": false, ""rebalanceo_con_deriva"": true, ""segmentos"": [""dentro_muestra"", ""fuera_muestra""], ""senal"": ""momentum_absoluto_12"", ""spread_por_lado"": 0.001, ""usuario"": {""bloque"": ""C"", ""escenario_costos"": ""doble_pierna"", ""regla"": ""momentum absoluto vs RF"", ""ventana"": 12}, ""variante"": ""mom12|doble_pierna""}",sensibilidad de costos: doble_pierna
2026-09-25T05:30:39.467242Z,R01,5bf2e0a072,mom12|doble_pierna,0,dentro_muestra,1927-06-30,2006-12-31,954,12,USD,1341.8786873320582,0.09482365629287526,0.12595114421725867,0.49282442567663215,0.7356355422318452,-0.46095745005050914,0.20571021529749658,0.14226615741381315,-0.6517725228166837,9.561167620477292,0.9999810978875121,0.6844863731656184,0.6844863731656184,0.8930317848410758,0.0060726161369193035,71,0.10073588705476877,0.037291120660129184,0.0058,0.001,2006-12-31,e85ac74d630dff95,French F-F_Research_Data_Factors CRSP 202607 sha256 b840dba55d31,"{""comision_por_lado"": 0.0058, ""cortes"": [""2006-12-31""], ""efectivo_en_mxn"": false, ""exposicion_inicial"": 0.0, ""exposicion_max"": 1.0, ""exposicion_min"": 0.0, ""extras"": [], ""fx"": false, ""max_dias_fx"": 10, ""min_historia"": 12, ""periodos_por_anio"": 12, ""permitir_capturas"": false, ""rebalanceo_con_deriva"": true, ""segmentos"": [""dentro_muestra"", ""fuera_muestra""], ""senal"": ""momentum_absoluto_12"", ""spread_por_lado"": 0.001, ""usuario"": {""bloque"": ""C"", ""escenario_costos"": ""doble_pierna"", ""regla"": ""momentum absoluto vs RF"", ""ventana"": 12}, ""variante"": ""mom12|doble_pierna""}",sensibilidad de costos: doble_pierna
2026-09-25T05:30:39.467242Z,R01,5bf2e0a072,mom12|doble_pierna,0,fuera_muestra,2006-12-31,2026-07-31,235,12,USD,3.892103638331651,0.08445687982999828,0.12506884216177588,0.5925665101299359,0.916029275459476,-0.2579769048653283,0.327381553298685,0.17105921706813781,-0.259047895480954,4.537015351238237,0.9942877846019675,0.7957446808510639,0.7957446808510639,0.8171140939597316,0.005556375838926175,16,0.11020794942552814,0.015124226882966774,0.0058,0.001,2006-12-31,e85ac74d630dff95,French F-F_Research_Data_Factors CRSP 202607 sha256 b840dba55d31,"{""comision_por_lado"": 0.0058, ""cortes"": [""2006-12-31""], ""efectivo_en_mxn"": false, ""exposicion_inicial"": 0.0, ""exposicion_max"": 1.0, ""exposicion_min"": 0.0, ""extras"": [], ""fx"": false, ""max_dias_fx"": 10, ""min_historia"": 12, ""periodos_por_anio"": 12, ""permitir_capturas"": false, ""rebalanceo_con_deriva"": true, ""segmentos"": [""dentro_muestra"", ""fuera_muestra""], ""senal"": ""momentum_absoluto_12"", ""spread_por_lado"": 0.001, ""usuario"": {""bloque"": ""C"", ""escenario_costos"": ""doble_pierna"", ""regla"": ""momentum absoluto vs RF"", ""ventana"": 12}, ""variante"": ""mom12|doble_pierna""}",sensibilidad de costos: doble_pierna
2026-09-25T05:30:39.479865Z,R01,453a40c1b9,comprar_y_mantener|doble_pierna,0,completo,1927-06-30,2026-07-31,1189,12,USD,15851.50319570932,0.1025253851857475,0.18406047148602644,0.44727552758326367,0.6752301281762229,-0.8365224657023863,0.12256142469486701,0.12911732312606458,0.15625715741105378,10.313146859333383,0.9999948178264726,1.0,1.0,0.010092288137934845,6.862755933795695e-05,1,0.10260130985470983,0.03287249298954742,0.0058,0.001,2006-12-31,e85ac74d630dff95,French F-F_Research_Data_Factors CRSP 202607 sha256 b840dba55d31,"{""comision_por_lado"": 0.0058, ""cortes"": [""2006-12-31""], ""efectivo_en_mxn"": false, ""exposicion_inicial"": 0.0, ""exposicion_max"": 1.0, ""exposicion_min"": 0.0, ""extras"": [], ""fx"": false, ""max_dias_fx"": 10, ""min_historia"": 12, ""periodos_por_anio"": 12, ""permitir_capturas"": false, ""rebalanceo_con_deriva"": true, ""segmentos"": [""dentro_muestra"", ""fuera_muestra""], ""senal"": ""senal_comprar_y_mantener"", ""spread_por_lado"": 0.001, ""usuario"": {""bloque"": ""C"", ""escenario_costos"": ""doble_pierna""}, ""variante"": ""comprar_y_mantener|doble_pierna""}",sensibilidad de costos: doble_pierna
2026-09-25T05:30:39.479865Z,R01,453a40c1b9,comprar_y_mantener|doble_pierna,0,dentro_muestra,1927-06-30,2006-12-31,954,12,USD,2045.5891610474828,0.10064142382883179,0.18978846283021722,0.4075745998623221,0.6159755711843438,-0.8365224657023863,0.12030928989376058,0.11765665247268284,0.25624251926399577,10.904904910243637,0.9998553323274932,1.0,1.0,0.012577912462550363,8.552980474534247e-05,1,0.10073588705476877,0.037291120660129184,0.0058,0.001,2006-12-31,e85ac74d630dff95,French F-F_Research_Data_Factors CRSP 202607 sha256 b840dba55d31,"{""comision_por_lado"": 0.0058, ""cortes"": [""2006-12-31""], ""efectivo_en_mxn"": false, ""exposicion_inicial"": 0.0, ""exposicion_max"": 1.0, ""exposicion_min"": 0.0, ""extras"": [], ""fx"": false, ""max_dias_fx"": 10, ""min_historia"": 12, ""periodos_por_anio"": 12, ""permitir_capturas"": false, ""rebalanceo_con_deriva"": true, ""segmentos"": [""dentro_muestra"", ""fuera_muestra""], ""senal"": ""senal_comprar_y_mantener"", ""spread_por_lado"": 0.001, ""usuario"": {""bloque"": ""C"", ""escenario_costos"": ""doble_pierna""}, ""variante"": ""comprar_y_mantener|doble_pierna""}",sensibilidad de costos: doble_pierna
2026-09-25T05:30:39.479865Z,R01,453a40c1b9,comprar_y_mantener|doble_pierna,0,fuera_muestra,2006-12-31,2026-07-31,235,12,USD,6.745816061879126,0.11020794942552814,0.159062982403124,0.6452006427175135,0.969267472829161,-0.5031170717166413,0.21905030781304505,0.186253382377138,-0.4995817776621852,4.0069978983606465,0.9964617573696892,1.0,1.0,0.0,0.0,0,0.11020794942552814,0.015124226882966774,0.0058,0.001,2006-12-31,e85ac74d630dff95,French F-F_Research_Data_Factors CRSP 202607 sha256 b840dba55d31,"{""comision_por_lado"": 0.0058, ""cortes"": [""2006-12-31""], ""efectivo_en_mxn"": false, ""exposicion_inicial"": 0.0, ""exposicion_max"": 1.0, ""exposicion_min"": 0.0, ""extras"": [], ""fx"": false, ""max_dias_fx"": 10, ""min_historia"": 12, ""periodos_por_anio"": 12, ""permitir_capturas"": false, ""rebalanceo_con_deriva"": true, ""segmentos"": [""dentro_muestra"", ""fuera_muestra""], ""senal"": ""senal_comprar_y_mantener"", ""spread_por_lado"": 0.001, ""usuario"": {""bloque"": ""C"", ""escenario_costos"": ""doble_pierna""}, ""variante"": ""comprar_y_mantener|doble_pierna""}",sensibilidad de costos: doble_pierna
2026-09-25T05:30:39.494189Z,R01,d665b9984a,sma10|rezago1m,0,completo,1927-06-30,2026-07-31,1189,12,USD,4825.71731276989,0.08937267112059843,0.12921095394705,0.4783285945114809,0.7006410555130879,-0.5101519347696677,0.17518834102030795,0.13808157140114943,-0.7485845944651675,7.871403697236176,0.9999959985867765,0.7300252312867956,0.7300252312867956,1.4835663562764223,0.005044125611339841,147,0.10260130985470983,0.03287249298954742,0.0029,0.0005,2006-12-31,e85ac74d630dff95,French F-F_Research_Data_Factors CRSP 202607 sha256 b840dba55d31,"{""comision_por_lado"": 0.0029, ""cortes"": [""2006-12-31""], ""efectivo_en_mxn"": false, ""exposicion_inicial"": 0.0, ""exposicion_max"": 1.0, ""exposicion_min"": 0.0, ""extras"": [], ""fx"": false, ""max_dias_fx"": 10, ""min_historia"": 12, ""periodos_por_anio"": 12, ""permitir_capturas"": false, ""rebalanceo_con_deriva"": true, ""segmentos"": [""dentro_muestra"", ""fuera_muestra""], ""senal"": ""media_movil_10_rezago_1"", ""spread_por_lado"": 0.0005, ""usuario"": {""bloque"": ""D"", ""escenario_costos"": ""defecto"", ""rezago_meses"": 1, ""ventana"": 10}, ""variante"": ""sma10|rezago1m""}",sensibilidad de ejecucion: decide t con datos hasta t-2
2026-09-25T05:30:39.494189Z,R01,d665b9984a,sma10|rezago1m,0,dentro_muestra,1927-06-30,2006-12-31,954,12,USD,823.025576140704,0.08811913289299689,0.1315624777674078,0.43102457343872763,0.6211681488904336,-0.5101519347696677,0.1727311549505001,0.12442607675109651,-0.8408308995056806,8.343586603973375,0.9998460516614216,0.7169811320754716,0.7169811320754716,1.4716157581183924,0.005003493577602536,117,0.10073588705476877,0.037291120660129184,0.0029,0.0005,2006-12-31,e85ac74d630dff95,French F-F_Research_Data_Factors CRSP 202607 sha256 b840dba55d31,"{""comision_por_lado"": 0.0029, ""cortes"": [""2006-12-31""], ""efectivo_en_mxn"": false, ""exposicion_inicial"": 0.0, ""exposicion_max"": 1.0, ""exposicion_min"": 0.0, ""extras"": [], ""fx"": false, ""max_dias_fx"": 10, ""min_historia"": 12, ""periodos_por_anio"": 12, ""permitir_capturas"": false, ""rebalanceo_con_deriva"": true, ""segmentos"": [""dentro_muestra"", ""fuera_muestra""], ""senal"": ""media_movil_10_rezago_1"", ""spread_por_lado"": 0.0005, ""usuario"": {""bloque"": ""D"", ""escenario_costos"": ""defecto"", ""rezago_meses"": 1, ""ventana"": 10}, ""variante"": ""sma10|rezago1m""}",sensibilidad de ejecucion: decide t con datos hasta t-2
2026-09-25T05:30:39.494189Z,R01,d665b9984a,sma10|rezago1m,0,fuera_muestra,2006-12-31,2026-07-31,235,12,USD,4.857484831205918,0.09447721856535884,0.11944982504997635,0.6920050693834818,1.1092257021593788,-0.2153277461153974,0.43876007746222856,0.19976465654456946,-0.201790557962245,4.5395958783831984,0.9983926864088718,0.7829787234042553,0.7829787234042553,1.5320889261744968,0.0052091023489932884,30,0.11020794942552814,0.015124226882966774,0.0029,0.0005,2006-12-31,e85ac74d630dff95,French F-F_Research_Data_Factors CRSP 202607 sha256 b840dba55d31,"{""comision_por_lado"": 0.0029, ""cortes"": [""2006-12-31""], ""efectivo_en_mxn"": false, ""exposicion_inicial"": 0.0, ""exposicion_max"": 1.0, ""exposicion_min"": 0.0, ""extras"": [], ""fx"": false, ""max_dias_fx"": 10, ""min_historia"": 12, ""periodos_por_anio"": 12, ""permitir_capturas"": false, ""rebalanceo_con_deriva"": true, ""segmentos"": [""dentro_muestra"", ""fuera_muestra""], ""senal"": ""media_movil_10_rezago_1"", ""spread_por_lado"": 0.0005, ""usuario"": {""bloque"": ""D"", ""escenario_costos"": ""defecto"", ""rezago_meses"": 1, ""ventana"": 10}, ""variante"": ""sma10|rezago1m""}",sensibilidad de ejecucion: decide t con datos hasta t-2
2026-09-25T05:30:39.507769Z,R01,3604afc891,sma10|vintage202407|defecto,0,completo,1927-06-30,2024-07-31,1165,12,USD,5176.070937267699,0.09208198854591654,0.1257050154095066,0.5093098401674506,0.7542447958850514,-0.4352447323533599,0.21156370589031828,0.14702508666080147,-0.681982966325535,8.695331492236264,0.9999986618022336,0.7270386266094421,0.7270386266094421,1.4729068554186289,0.005007883308423343,143,0.10088703050850234,0.032684093603930986,0.0029,0.0005,2006-12-31,7f6330f17d9d7c84,French F-F_Research_Data_Factors CRSP 202407 sha256 0b04328f5d25,"{""comision_por_lado"": 0.0029, ""cortes"": [""2006-12-31""], ""efectivo_en_mxn"": false, ""exposicion_inicial"": 0.0, ""exposicion_max"": 1.0, ""exposicion_min"": 0.0, ""extras"": [], ""fx"": false, ""max_dias_fx"": 10, ""min_historia"": 12, ""periodos_por_anio"": 12, ""permitir_capturas"": false, ""rebalanceo_con_deriva"": true, ""segmentos"": [""dentro_muestra"", ""fuera_muestra""], ""senal"": ""media_movil_10"", ""spread_por_lado"": 0.0005, ""usuario"": {""bloque"": ""E"", ""escenario_costos"": ""defecto"", ""ventana"": 10, ""vintage"": ""202407""}, ""variante"": ""sma10|vintage202407|defecto""}","sensibilidad de datos: vintage 202407, defecto"
2026-09-25T05:30:39.507769Z,R01,3604afc891,sma10|vintage202407|defecto,0,dentro_muestra,1927-06-30,2006-12-31,954,12,USD,1175.7812220198605,0.09300699686581648,0.12914187476599767,0.4715633136584903,0.6923816670981342,-0.4352447323533599,0.21368896612011692,0.13612860304034066,-0.7251837500522149,9.044300922916294,0.9999597392598651,0.7169811320754716,0.7169811320754716,1.4716157581183924,0.005003493577602536,117,0.1006744458923583,0.03728982902875799,0.0029,0.0005,2006-12-31,7f6330f17d9d7c84,French F-F_Research_Data_Factors CRSP 202407 sha256 0b04328f5d25,"{""comision_por_lado"": 0.0029, ""cortes"": [""2006-12-31""], ""efectivo_en_mxn"": false, ""exposicion_inicial"": 0.0, ""exposicion_max"": 1.0, ""exposicion_min"": 0.0, ""extras"": [], ""fx"": false, ""max_dias_fx"": 10, ""min_historia"": 12, ""periodos_por_anio"": 12, ""permitir_capturas"": false, ""rebalanceo_con_deriva"": true, ""segmentos"": [""dentro_muestra"", ""fuera_muestra""], ""senal"": ""media_movil_10"", ""spread_por_lado"": 0.0005, ""usuario"": {""bloque"": ""E"", ""escenario_costos"": ""defecto"", ""ventana"": 10, ""vintage"": ""202407""}, ""variante"": ""sma10|vintage202407|defecto""}","sensibilidad de datos: vintage 202407, defecto"
2026-09-25T05:30:39.507769Z,R01,3604afc891,sma10|vintage202407|defecto,0,fuera_muestra,2006-12-31,2024-07-31,211,12,USD,3.3993486982921333,0.08790904921874443,0.10908064381150076,0.716347672720206,1.1262012999917406,-0.19416504167005544,0.4527542572165397,0.20679176083918646,-0.28352962898686435,4.325142116555574,0.9979138208346829,0.7725118483412322,0.7725118483412322,1.478744939271255,0.005027732793522267,26,0.10184880834135246,0.012111857160904016,0.0029,0.0005,2006-12-31,7f6330f17d9d7c84,French F-F_Research_Data_Factors CRSP 202407 sha256 0b04328f5d25,"{""comision_por_lado"": 0.0029, ""cortes"": [""2006-12-31""], ""efectivo_en_mxn"": false, ""exposicion_inicial"": 0.0, ""exposicion_max"": 1.0, ""exposicion_min"": 0.0, ""extras"": [], ""fx"": false, ""max_dias_fx"": 10, ""min_historia"": 12, ""periodos_por_anio"": 12, ""permitir_capturas"": false, ""rebalanceo_con_deriva"": true, ""segmentos"": [""dentro_muestra"", ""fuera_muestra""], ""senal"": ""media_movil_10"", ""spread_por_lado"": 0.0005, ""usuario"": {""bloque"": ""E"", ""escenario_costos"": ""defecto"", ""ventana"": 10, ""vintage"": ""202407""}, ""variante"": ""sma10|vintage202407|defecto""}","sensibilidad de datos: vintage 202407, defecto"
2026-09-25T05:30:39.519744Z,R01,14c2fe2a7d,comprar_y_mantener|vintage202407|defecto,0,completo,1927-06-30,2024-07-31,1165,12,USD,11250.144817450522,0.10084841225316676,0.18514664133464073,0.43843772332826325,0.6604987276764578,-0.8370662912919892,0.12047840571564525,0.12656606879322974,0.15655374152575705,10.337074905021055,0.9999906826569485,1.0,1.0,0.010300047939990412,3.50201629959674e-05,1,0.10088703050850234,0.032684093603930986,0.0029,0.0005,2006-12-31,7f6330f17d9d7c84,French F-F_Research_Data_Factors CRSP 202407 sha256 0b04328f5d25,"{""comision_por_lado"": 0.0029, ""cortes"": [""2006-12-31""], ""efectivo_en_mxn"": false, ""exposicion_inicial"": 0.0, ""exposicion_max"": 1.0, ""exposicion_min"": 0.0, ""extras"": [], ""fx"": false, ""max_dias_fx"": 10, ""min_historia"": 12, ""periodos_por_anio"": 12, ""permitir_capturas"": false, ""rebalanceo_con_deriva"": true, ""segmentos"": [""dentro_muestra"", ""fuera_muestra""], ""senal"": ""senal_comprar_y_mantener"", ""spread_por_lado"": 0.0005, ""usuario"": {""bloque"": ""E"", ""escenario_costos"": ""defecto"", ""vintage"": ""202407""}, ""variante"": ""comprar_y_mantener|vintage202407|defecto""}","sensibilidad de datos: vintage 202407, defecto"
2026-09-25T05:30:39.519744Z,R01,14c2fe2a7d,comprar_y_mantener|vintage202407|defecto,0,dentro_muestra,1927-06-30,2006-12-31,954,12,USD,2043.5016991225423,0.10062729646578994,0.18989846499630023,0.40739899474807917,0.6156708954796996,-0.8370662912919892,0.12021425006910078,0.11760595964269323,0.2544798098615157,10.956872405712112,0.9998540791330418,1.0,1.0,0.012577912462550363,4.2764902372671234e-05,1,0.1006744458923583,0.03728982902875799,0.0029,0.0005,2006-12-31,7f6330f17d9d7c84,French F-F_Research_Data_Factors CRSP 202407 sha256 0b04328f5d25,"{""comision_por_lado"": 0.0029, ""cortes"": [""2006-12-31""], ""efectivo_en_mxn"": false, ""exposicion_inicial"": 0.0, ""exposicion_max"": 1.0, ""exposicion_min"": 0.0, ""extras"": [], ""fx"": false, ""max_dias_fx"": 10, ""min_historia"": 12, ""periodos_por_anio"": 12, ""permitir_capturas"": false, ""rebalanceo_con_deriva"": true, ""segmentos"": [""dentro_muestra"", ""fuera_muestra""], ""senal"": ""senal_comprar_y_mantener"", ""spread_por_lado"": 0.0005, ""usuario"": {""bloque"": ""E"", ""escenario_costos"": ""defecto"", ""vintage"": ""202407""}, ""variante"": ""comprar_y_mantener|vintage202407|defecto""}","sensibilidad de datos: vintage 202407, defecto"
2026-09-25T05:30:39.519744Z,R01,14c2fe2a7d,comprar_y_mantener|vintage202407|defecto,0,fuera_muestra,2006-12-31,2024-07-31,211,12,USD,4.503123241364526,0.10184880834135246,0.16233937228589182,0.6065848888152264,0.898264039044415,-0.5039438244018957,0.20210349528983995,0.1751059744219151,-0.5292380592682006,3.9752861955784313,0.9918602952889779,1.0,1.0,0.0,0.0,0,0.10184880834135246,0.012111857160904016,0.0029,0.0005,2006-12-31,7f6330f17d9d7c84,French F-F_Research_Data_Factors CRSP 202407 sha256 0b04328f5d25,"{""comision_por_lado"": 0.0029, ""cortes"": [""2006-12-31""], ""efectivo_en_mxn"": false, ""exposicion_inicial"": 0.0, ""exposicion_max"": 1.0, ""exposicion_min"": 0.0, ""extras"": [], ""fx"": false, ""max_dias_fx"": 10, ""min_historia"": 12, ""periodos_por_anio"": 12, ""permitir_capturas"": false, ""rebalanceo_con_deriva"": true, ""segmentos"": [""dentro_muestra"", ""fuera_muestra""], ""senal"": ""senal_comprar_y_mantener"", ""spread_por_lado"": 0.0005, ""usuario"": {""bloque"": ""E"", ""escenario_costos"": ""defecto"", ""vintage"": ""202407""}, ""variante"": ""comprar_y_mantener|vintage202407|defecto""}","sensibilidad de datos: vintage 202407, defecto"
2026-09-25T05:30:39.533915Z,R01,5bf8759829,sma10|vintage202407|sin_costos,0,completo,1927-06-30,2024-07-31,1165,12,USD,8424.542437981223,0.09757408998398964,0.12558551475193372,0.5498114220269085,0.8180417227002117,-0.4296729649031614,0.22708920028510668,0.15871688625538327,-0.687699099008817,8.808946583877626,0.9999997564699536,0.7270386266094421,0.7270386266094421,1.4729068554186289,0.0,143,0.10088703050850234,0.032684093603930986,0.0,0.0,2006-12-31,7f6330f17d9d7c84,French F-F_Research_Data_Factors CRSP 202407 sha256 0b04328f5d25,"{""comision_por_lado"": 0.0, ""cortes"": [""2006-12-31""], ""efectivo_en_mxn"": false, ""exposicion_inicial"": 0.0, ""exposicion_max"": 1.0, ""exposicion_min"": 0.0, ""extras"": [], ""fx"": false, ""max_dias_fx"": 10, ""min_historia"": 12, ""periodos_por_anio"": 12, ""permitir_capturas"": false, ""rebalanceo_con_deriva"": true, ""segmentos"": [""dentro_muestra"", ""fuera_muestra""], ""senal"": ""media_movil_10"", ""spread_por_lado"": 0.0, ""usuario"": {""bloque"": ""E"", ""escenario_costos"": ""sin_costos"", ""ventana"": 10, ""vintage"": ""202407""}, ""variante"": ""sma10|vintage202407|sin_costos""}","sensibilidad de datos: vintage 202407, sin_costos"
2026-09-25T05:30:39.533915Z,R01,5bf8759829,sma10|vintage202407|sin_costos,0,dentro_muestra,1927-06-30,2006-12-31,954,12,USD,1751.8810177587575,0.0984989198472086,0.12907394134463185,0.5107660181707561,0.753349426465654,-0.4296729649031614,0.2292416044128074,0.14744544904189966,-0.7301100195725612,9.159744292322078,0.9999888656164133,0.7169811320754716,0.7169811320754716,1.4716157581183924,0.0,117,0.1006744458923583,0.03728982902875799,0.0,0.0,2006-12-31,7f6330f17d9d7c84,French F-F_Research_Data_Factors CRSP 202407 sha256 0b04328f5d25,"{""comision_por_lado"": 0.0, ""cortes"": [""2006-12-31""], ""efectivo_en_mxn"": false, ""exposicion_inicial"": 0.0, ""exposicion_max"": 1.0, ""exposicion_min"": 0.0, ""extras"": [], ""fx"": false, ""max_dias_fx"": 10, ""min_historia"": 12, ""periodos_por_anio"": 12, ""permitir_capturas"": false, ""rebalanceo_con_deriva"": true, ""segmentos"": [""dentro_muestra"", ""fuera_muestra""], ""senal"": ""media_movil_10"", ""spread_por_lado"": 0.0, ""usuario"": {""bloque"": ""E"", ""escenario_costos"": ""sin_costos"", ""ventana"": 10, ""vintage"": ""202407""}, ""variante"": ""sma10|vintage202407|sin_costos""}","sensibilidad de datos: vintage 202407, sin_costos"
2026-09-25T05:30:39.533915Z,R01,5bf8759829,sma10|vintage202407|sin_costos,0,fuera_muestra,2006-12-31,2024-07-31,211,12,USD,3.8066824574061293,0.0934019050926711,0.10868178793044844,0.7651564816180487,1.2103343356148253,-0.17752859670219767,0.5261231532706351,0.2208816503171837,-0.2892935867220753,4.31069890068342,0.9988404505998412,0.7725118483412322,0.7725118483412322,1.478744939271255,0.0,26,0.10184880834135246,0.012111857160904016,0.0,0.0,2006-12-31,7f6330f17d9d7c84,French F-F_Research_Data_Factors CRSP 202407 sha256 0b04328f5d25,"{""comision_por_lado"": 0.0, ""cortes"": [""2006-12-31""], ""efectivo_en_mxn"": false, ""exposicion_inicial"": 0.0, ""exposicion_max"": 1.0, ""exposicion_min"": 0.0, ""extras"": [], ""fx"": false, ""max_dias_fx"": 10, ""min_historia"": 12, ""periodos_por_anio"": 12, ""permitir_capturas"": false, ""rebalanceo_con_deriva"": true, ""segmentos"": [""dentro_muestra"", ""fuera_muestra""], ""senal"": ""media_movil_10"", ""spread_por_lado"": 0.0, ""usuario"": {""bloque"": ""E"", ""escenario_costos"": ""sin_costos"", ""ventana"": 10, ""vintage"": ""202407""}, ""variante"": ""sma10|vintage202407|sin_costos""}","sensibilidad de datos: vintage 202407, sin_costos"
2026-09-25T05:30:39.547499Z,R01,1776b93ada,comprar_y_mantener|vintage202407|sin_costos,0,completo,1927-06-30,2024-07-31,1165,12,USD,11288.529216787576,0.10088703050850234,0.18515973532372285,0.43861003232741946,0.6608046288853363,-0.8370662912919891,0.12052454095694852,0.12661581011675305,0.15659635683169185,10.334541046253925,0.9999907523138218,1.0,1.0,0.010300047939990412,0.0,1,0.10088703050850234,0.032684093603930986,0.0,0.0,2006-12-31,7f6330f17d9d7c84,French F-F_Research_Data_Factors CRSP 202407 sha256 0b04328f5d25,"{""comision_por_lado"": 0.0, ""cortes"": [""2006-12-31""], ""efectivo_en_mxn"": false, ""exposicion_inicial"": 0.0, ""exposicion_max"": 1.0, ""exposicion_min"": 0.0, ""extras"": [], ""fx"": false, ""max_dias_fx"": 10, ""min_historia"": 12, ""periodos_por_anio"": 12, ""permitir_capturas"": false, ""rebalanceo_con_deriva"": true, ""segmentos"": [""dentro_muestra"", ""fuera_muestra""], ""senal"": ""senal_comprar_y_mantener"", ""spread_por_lado"": 0.0, ""usuario"": {""bloque"": ""E"", ""escenario_costos"": ""sin_costos"", ""vintage"": ""202407""}, ""variante"": ""comprar_y_mantener|vintage202407|sin_costos""}","sensibilidad de datos: vintage 202407, sin_costos"
2026-09-25T05:30:39.547499Z,R01,1776b93ada,comprar_y_mantener|vintage202407|sin_costos,0,dentro_muestra,1927-06-30,2006-12-31,954,12,USD,2050.4767199704365,0.1006744458923583,0.1899140445713106,0.40760740864846884,0.6160362354869362,-0.8370662912919891,0.12027057706142966,0.11766612355343964,0.2544953752959324,10.953666659794791,0.9998551142441218,1.0,1.0,0.012577912462550363,0.0,1,0.1006744458923583,0.03728982902875799,0.0,0.0,2006-12-31,7f6330f17d9d7c84,French F-F_Research_Data_Factors CRSP 202407 sha256 0b04328f5d25,"{""comision_por_lado"": 0.0, ""cortes"": [""2006-12-31""], ""efectivo_en_mxn"": false, ""exposicion_inicial"": 0.0, ""exposicion_max"": 1.0, ""exposicion_min"": 0.0, ""extras"": [], ""fx"": false, ""max_dias_fx"": 10, ""min_historia"": 12, ""periodos_por_anio"": 12, ""permitir_capturas"": false, ""rebalanceo_con_deriva"": true, ""segmentos"": [""dentro_muestra"", ""fuera_muestra""], ""senal"": ""senal_comprar_y_mantener"", ""spread_por_lado"": 0.0, ""usuario"": {""bloque"": ""E"", ""escenario_costos"": ""sin_costos"", ""vintage"": ""202407""}, ""variante"": ""comprar_y_mantener|vintage202407|sin_costos""}","sensibilidad de datos: vintage 202407, sin_costos"
2026-09-25T05:30:39.547499Z,R01,1776b93ada,comprar_y_mantener|vintage202407|sin_costos,0,fuera_muestra,2006-12-31,2024-07-31,211,12,USD,4.503123241364526,0.10184880834135246,0.16233937228589182,0.6065848888152264,0.898264039044415,-0.5039438244018957,0.20210349528983995,0.1751059744219151,-0.5292380592682006,3.9752861955784313,0.9918602952889779,1.0,1.0,0.0,0.0,0,0.10184880834135246,0.012111857160904016,0.0,0.0,2006-12-31,7f6330f17d9d7c84,French F-F_Research_Data_Factors CRSP 202407 sha256 0b04328f5d25,"{""comision_por_lado"": 0.0, ""cortes"": [""2006-12-31""], ""efectivo_en_mxn"": false, ""exposicion_inicial"": 0.0, ""exposicion_max"": 1.0, ""exposicion_min"": 0.0, ""extras"": [], ""fx"": false, ""max_dias_fx"": 10, ""min_historia"": 12, ""periodos_por_anio"": 12, ""permitir_capturas"": false, ""rebalanceo_con_deriva"": true, ""segmentos"": [""dentro_muestra"", ""fuera_muestra""], ""senal"": ""senal_comprar_y_mantener"", ""spread_por_lado"": 0.0, ""usuario"": {""bloque"": ""E"", ""escenario_costos"": ""sin_costos"", ""vintage"": ""202407""}, ""variante"": ""comprar_y_mantener|vintage202407|sin_costos""}","sensibilidad de datos: vintage 202407, sin_costos"
2026-09-25T05:30:39.558626Z,R01,5c1591c65d,sma10|vintage200607|defecto,0,completo,1927-06-30,2006-07-31,949,12,USD,1184.2506925592852,0.09362114041133118,0.12886313656684129,0.4769879510659856,0.7011889639156194,-0.43165852893933276,0.2168870394878474,0.13769456097407742,-0.7269010940213553,9.020100831741797,0.999964664785892,0.7154899894625922,0.7154899894625922,1.4035432389392786,0.004772047012393547,111,0.09921626876623013,0.03722788309019842,0.0029,0.0005,2006-12-31,b3166f196d4ffb98,French F-F_Research_Data_Factors CRSP 200607 sha256 6e240321b8b0,"{""comision_por_lado"": 0.0029, ""cortes"": [""2006-12-31""], ""efectivo_en_mxn"": false, ""exposicion_inicial"": 0.0, ""exposicion_max"": 1.0, ""exposicion_min"": 0.0, ""extras"": [], ""fx"": false, ""max_dias_fx"": 10, ""min_historia"": 12, ""periodos_por_anio"": 12, ""permitir_capturas"": false, ""rebalanceo_con_deriva"": true, ""segmentos"": [""dentro_muestra"", ""fuera_muestra""], ""senal"": ""media_movil_10"", ""spread_por_lado"": 0.0005, ""usuario"": {""bloque"": ""E"", ""escenario_costos"": ""defecto"", ""ventana"": 10, ""vintage"": ""200607""}, ""variante"": ""sma10|vintage200607|defecto""}","sensibilidad de datos: vintage 200607, defecto"
2026-09-25T05:30:39.558626Z,R01,5c1591c65d,sma10|vintage200607|defecto,0,dentro_muestra,1927-06-30,2006-07-31,949,12,USD,1184.2506925592852,0.09362114041133118,0.12886313656684129,0.4769879510659856,0.7011889639156194,-0.43165852893933276,0.2168870394878474,0.13769456097407742,-0.7269010940213553,9.020100831741797,0.999964664785892,0.7154899894625922,0.7154899894625922,1.4035432389392786,0.004772047012393547,111,0.09921626876623013,0.03722788309019842,0.0029,0.0005,2006-12-31,b3166f196d4ffb98,French F-F_Research_Data_Factors CRSP 200607 sha256 6e240321b8b0,"{""comision_por_lado"": 0.0029, ""cortes"": [""2006-12-31""], ""efectivo_en_mxn"": false, ""exposicion_inicial"": 0.0, ""exposicion_max"": 1.0, ""exposicion_min"": 0.0, ""extras"": [], ""fx"": false, ""max_dias_fx"": 10, ""min_historia"": 12, ""periodos_por_anio"": 12, ""permitir_capturas"": false, ""rebalanceo_con_deriva"": true, ""segmentos"": [""dentro_muestra"", ""fuera_muestra""], ""senal"": ""media_movil_10"", ""spread_por_lado"": 0.0005, ""usuario"": {""bloque"": ""E"", ""escenario_costos"": ""defecto"", ""ventana"": 10, ""vintage"": ""200607""}, ""variante"": ""sma10|vintage200607|defecto""}","sensibilidad de datos: vintage 200607, defecto"
2026-09-25T05:30:39.558626Z,R01,5c1591c65d,sma10|vintage200607|defecto,0,fuera_muestra,2006-07-31,,0,12,USD,,,,,,,,,,,,,,,,,,,0.0029,0.0005,2006-12-31,b3166f196d4ffb98,French F-F_Research_Data_Factors CRSP 200607 sha256 6e240321b8b0,"{""comision_por_lado"": 0.0029, ""cortes"": [""2006-12-31""], ""efectivo_en_mxn"": false, ""exposicion_inicial"": 0.0, ""exposicion_max"": 1.0, ""exposicion_min"": 0.0, ""extras"": [], ""fx"": false, ""max_dias_fx"": 10, ""min_historia"": 12, ""periodos_por_anio"": 12, ""permitir_capturas"": false, ""rebalanceo_con_deriva"": true, ""segmentos"": [""dentro_muestra"", ""fuera_muestra""], ""senal"": ""media_movil_10"", ""spread_por_lado"": 0.0005, ""usuario"": {""bloque"": ""E"", ""escenario_costos"": ""defecto"", ""ventana"": 10, ""vintage"": ""200607""}, ""variante"": ""sma10|vintage200607|defecto""}","sensibilidad de datos: vintage 200607, defecto"
2026-09-25T05:30:39.569570Z,R01,a8964ec451,comprar_y_mantener|vintage200607|defecto,0,completo,1927-06-30,2006-07-31,949,12,USD,1767.4977754738802,0.09916893240400748,0.1893235181611076,0.4013571803110717,0.6047451013258938,-0.8371509729804737,0.11846003361967133,0.11586183804689322,0.22573486195198428,10.790336195850594,0.9998113306654228,1.0,1.0,0.012644533684137644,4.299141452606799e-05,1,0.09921626876623013,0.03722788309019842,0.0029,0.0005,2006-12-31,b3166f196d4ffb98,French F-F_Research_Data_Factors CRSP 200607 sha256 6e240321b8b0,"{""comision_por_lado"": 0.0029, ""cortes"": [""2006-12-31""], ""efectivo_en_mxn"": false, ""exposicion_inicial"": 0.0, ""exposicion_max"": 1.0, ""exposicion_min"": 0.0, ""extras"": [], ""fx"": false, ""max_dias_fx"": 10, ""min_historia"": 12, ""periodos_por_anio"": 12, ""permitir_capturas"": false, ""rebalanceo_con_deriva"": true, ""segmentos"": [""dentro_muestra"", ""fuera_muestra""], ""senal"": ""senal_comprar_y_mantener"", ""spread_por_lado"": 0.0005, ""usuario"": {""bloque"": ""E"", ""escenario_costos"": ""defecto"", ""vintage"": ""200607""}, ""variante"": ""comprar_y_mantener|vintage200607|defecto""}","sensibilidad de datos: vintage 200607, defecto"
2026-09-25T05:30:39.569570Z,R01,a8964ec451,comprar_y_mantener|vintage200607|defecto,0,dentro_muestra,1927-06-30,2006-07-31,949,12,USD,1767.4977754738802,0.09916893240400748,0.1893235181611076,0.4013571803110717,0.6047451013258938,-0.8371509729804737,0.11846003361967133,0.11586183804689322,0.22573486195198428,10.790336195850594,0.9998113306654228,1.0,1.0,0.012644533684137644,4.299141452606799e-05,1,0.09921626876623013,0.03722788309019842,0.0029,0.0005,2006-12-31,b3166f196d4ffb98,French F-F_Research_Data_Factors CRSP 200607 sha256 6e240321b8b0,"{""comision_por_lado"": 0.0029, ""cortes"": [""2006-12-31""], ""efectivo_en_mxn"": false, ""exposicion_inicial"": 0.0, ""exposicion_max"": 1.0, ""exposicion_min"": 0.0, ""extras"": [], ""fx"": false, ""max_dias_fx"": 10, ""min_historia"": 12, ""periodos_por_anio"": 12, ""permitir_capturas"": false, ""rebalanceo_con_deriva"": true, ""segmentos"": [""dentro_muestra"", ""fuera_muestra""], ""senal"": ""senal_comprar_y_mantener"", ""spread_por_lado"": 0.0005, ""usuario"": {""bloque"": ""E"", ""escenario_costos"": ""defecto"", ""vintage"": ""200607""}, ""variante"": ""comprar_y_mantener|vintage200607|defecto""}","sensibilidad de datos: vintage 200607, defecto"
2026-09-25T05:30:39.569570Z,R01,a8964ec451,comprar_y_mantener|vintage200607|defecto,0,fuera_muestra,2006-07-31,,0,12,USD,,,,,,,,,,,,,,,,,,,0.0029,0.0005,2006-12-31,b3166f196d4ffb98,French F-F_Research_Data_Factors CRSP 200607 sha256 6e240321b8b0,"{""comision_por_lado"": 0.0029, ""cortes"": [""2006-12-31""], ""efectivo_en_mxn"": false, ""exposicion_inicial"": 0.0, ""exposicion_max"": 1.0, ""exposicion_min"": 0.0, ""extras"": [], ""fx"": false, ""max_dias_fx"": 10, ""min_historia"": 12, ""periodos_por_anio"": 12, ""permitir_capturas"": false, ""rebalanceo_con_deriva"": true, ""segmentos"": [""dentro_muestra"", ""fuera_muestra""], ""senal"": ""senal_comprar_y_mantener"", ""spread_por_lado"": 0.0005, ""usuario"": {""bloque"": ""E"", ""escenario_costos"": ""defecto"", ""vintage"": ""200607""}, ""variante"": ""comprar_y_mantener|vintage200607|defecto""}","sensibilidad de datos: vintage 200607, defecto"
2026-09-25T05:30:39.581401Z,R01,29a817d369,sma10|vintage200607|sin_costos,0,completo,1927-06-30,2006-07-31,949,12,USD,1728.7853835822036,0.09886135865741319,0.12884799869387467,0.5143102705764511,0.7592468524806432,-0.42605138069218196,0.23204093012631163,0.14846858658215165,-0.7319725682115147,9.123980050618647,0.9999896118687857,0.7154899894625922,0.7154899894625922,1.4035432389392786,0.0,111,0.09921626876623013,0.03722788309019842,0.0,0.0,2006-12-31,b3166f196d4ffb98,French F-F_Research_Data_Factors CRSP 200607 sha256 6e240321b8b0,"{""comision_por_lado"": 0.0, ""cortes"": [""2006-12-31""], ""efectivo_en_mxn"": false, ""exposicion_inicial"": 0.0, ""exposicion_max"": 1.0, ""exposicion_min"": 0.0, ""extras"": [], ""fx"": false, ""max_dias_fx"": 10, ""min_historia"": 12, ""periodos_por_anio"": 12, ""permitir_capturas"": false, ""rebalanceo_con_deriva"": true, ""segmentos"": [""dentro_muestra"", ""fuera_muestra""], ""senal"": ""media_movil_10"", ""spread_por_lado"": 0.0, ""usuario"": {""bloque"": ""E"", ""escenario_costos"": ""sin_costos"", ""ventana"": 10, ""vintage"": ""200607""}, ""variante"": ""sma10|vintage200607|sin_costos""}","sensibilidad de datos: vintage 200607, sin_costos"
2026-09-25T05:30:39.581401Z,R01,29a817d369,sma10|vintage200607|sin_costos,0,dentro_muestra,1927-06-30,2006-07-31,949,12,USD,1728.7853835822036,0.09886135865741319,0.12884799869387467,0.5143102705764511,0.7592468524806432,-0.42605138069218196,0.23204093012631163,0.14846858658215165,-0.7319725682115147,9.123980050618647,0.9999896118687857,0.7154899894625922,0.7154899894625922,1.4035432389392786,0.0,111,0.09921626876623013,0.03722788309019842,0.0,0.0,2006-12-31,b3166f196d4ffb98,French F-F_Research_Data_Factors CRSP 200607 sha256 6e240321b8b0,"{""comision_por_lado"": 0.0, ""cortes"": [""2006-12-31""], ""efectivo_en_mxn"": false, ""exposicion_inicial"": 0.0, ""exposicion_max"": 1.0, ""exposicion_min"": 0.0, ""extras"": [], ""fx"": false, ""max_dias_fx"": 10, ""min_historia"": 12, ""periodos_por_anio"": 12, ""permitir_capturas"": false, ""rebalanceo_con_deriva"": true, ""segmentos"": [""dentro_muestra"", ""fuera_muestra""], ""senal"": ""media_movil_10"", ""spread_por_lado"": 0.0, ""usuario"": {""bloque"": ""E"", ""escenario_costos"": ""sin_costos"", ""ventana"": 10, ""vintage"": ""200607""}, ""variante"": ""sma10|vintage200607|sin_costos""}","sensibilidad de datos: vintage 200607, sin_costos"
2026-09-25T05:30:39.581401Z,R01,29a817d369,sma10|vintage200607|sin_costos,0,fuera_muestra,2006-07-31,,0,12,USD,,,,,,,,,,,,,,,,,,,0.0,0.0,2006-12-31,b3166f196d4ffb98,French F-F_Research_Data_Factors CRSP 200607 sha256 6e240321b8b0,"{""comision_por_lado"": 0.0, ""cortes"": [""2006-12-31""], ""efectivo_en_mxn"": false, ""exposicion_inicial"": 0.0, ""exposicion_max"": 1.0, ""exposicion_min"": 0.0, ""extras"": [], ""fx"": false, ""max_dias_fx"": 10, ""min_historia"": 12, ""periodos_por_anio"": 12, ""permitir_capturas"": false, ""rebalanceo_con_deriva"": true, ""segmentos"": [""dentro_muestra"", ""fuera_muestra""], ""senal"": ""media_movil_10"", ""spread_por_lado"": 0.0, ""usuario"": {""bloque"": ""E"", ""escenario_costos"": ""sin_costos"", ""ventana"": 10, ""vintage"": ""200607""}, ""variante"": ""sma10|vintage200607|sin_costos""}","sensibilidad de datos: vintage 200607, sin_costos"
2026-09-25T05:30:39.591399Z,R01,b235543a54,comprar_y_mantener|vintage200607|sin_costos,0,completo,1927-06-30,2006-07-31,949,12,USD,1773.531181490941,0.09921626876623013,0.18933861127415286,0.40156843948873444,0.605111488107536,-0.8371509729804736,0.11851657821407602,0.1159228233184394,0.22574006722265075,10.787251287414481,0.9998126568192243,1.0,1.0,0.012644533684137644,0.0,1,0.09921626876623013,0.03722788309019842,0.0,0.0,2006-12-31,b3166f196d4ffb98,French F-F_Research_Data_Factors CRSP 200607 sha256 6e240321b8b0,"{""comision_por_lado"": 0.0, ""cortes"": [""2006-12-31""], ""efectivo_en_mxn"": false, ""exposicion_inicial"": 0.0, ""exposicion_max"": 1.0, ""exposicion_min"": 0.0, ""extras"": [], ""fx"": false, ""max_dias_fx"": 10, ""min_historia"": 12, ""periodos_por_anio"": 12, ""permitir_capturas"": false, ""rebalanceo_con_deriva"": true, ""segmentos"": [""dentro_muestra"", ""fuera_muestra""], ""senal"": ""senal_comprar_y_mantener"", ""spread_por_lado"": 0.0, ""usuario"": {""bloque"": ""E"", ""escenario_costos"": ""sin_costos"", ""vintage"": ""200607""}, ""variante"": ""comprar_y_mantener|vintage200607|sin_costos""}","sensibilidad de datos: vintage 200607, sin_costos"
2026-09-25T05:30:39.591399Z,R01,b235543a54,comprar_y_mantener|vintage200607|sin_costos,0,dentro_muestra,1927-06-30,2006-07-31,949,12,USD,1773.531181490941,0.09921626876623013,0.18933861127415286,0.40156843948873444,0.605111488107536,-0.8371509729804736,0.11851657821407602,0.1159228233184394,0.22574006722265075,10.787251287414481,0.9998126568192243,1.0,1.0,0.012644533684137644,0.0,1,0.09921626876623013,0.03722788309019842,0.0,0.0,2006-12-31,b3166f196d4ffb98,French F-F_Research_Data_Factors CRSP 200607 sha256 6e240321b8b0,"{""comision_por_lado"": 0.0, ""cortes"": [""2006-12-31""], ""efectivo_en_mxn"": false, ""exposicion_inicial"": 0.0, ""exposicion_max"": 1.0, ""exposicion_min"": 0.0, ""extras"": [], ""fx"": false, ""max_dias_fx"": 10, ""min_historia"": 12, ""periodos_por_anio"": 12, ""permitir_capturas"": false, ""rebalanceo_con_deriva"": true, ""segmentos"": [""dentro_muestra"", ""fuera_muestra""], ""senal"": ""senal_comprar_y_mantener"", ""spread_por_lado"": 0.0, ""usuario"": {""bloque"": ""E"", ""escenario_costos"": ""sin_costos"", ""vintage"": ""200607""}, ""variante"": ""comprar_y_mantener|vintage200607|sin_costos""}","sensibilidad de datos: vintage 200607, sin_costos"
2026-09-25T05:30:39.591399Z,R01,b235543a54,comprar_y_mantener|vintage200607|sin_costos,0,fuera_muestra,2006-07-31,,0,12,USD,,,,,,,,,,,,,,,,,,,0.0,0.0,2006-12-31,b3166f196d4ffb98,French F-F_Research_Data_Factors CRSP 200607 sha256 6e240321b8b0,"{""comision_por_lado"": 0.0, ""cortes"": [""2006-12-31""], ""efectivo_en_mxn"": false, ""exposicion_inicial"": 0.0, ""exposicion_max"": 1.0, ""exposicion_min"": 0.0, ""extras"": [], ""fx"": false, ""max_dias_fx"": 10, ""min_historia"": 12, ""periodos_por_anio"": 12, ""permitir_capturas"": false, ""rebalanceo_con_deriva"": true, ""segmentos"": [""dentro_muestra"", ""fuera_muestra""], ""senal"": ""senal_comprar_y_mantener"", ""spread_por_lado"": 0.0, ""usuario"": {""bloque"": ""E"", ""escenario_costos"": ""sin_costos"", ""vintage"": ""200607""}, ""variante"": ""comprar_y_mantener|vintage200607|sin_costos""}","sensibilidad de datos: vintage 200607, sin_costos"
2026-09-25T05:30:39.607138Z,R01,34dbd866a7,sma10|muestra1928,0,completo,1928-12-31,2026-07-31,1171,12,USD,3703.7333327067013,0.08785928936893228,0.12448980580275368,0.48039135427653207,0.704629177122461,-0.43498166341962907,0.20198389209839857,0.13867703885396235,-0.7186254203799339,8.840862523833538,0.9999956631843516,0.7258753202391118,0.7258753202391118,1.5064602564462275,0.005121964871917179,147,0.09838960746685776,0.032864838347938186,0.0029,0.0005,2006-12-31,baac3d2ceaf0f92a,French F-F_Research_Data_Factors CRSP 202607 sha256 b840dba55d31; Yahoo ^GSPC diario->fin de mes huella ddd4ca74000cd68c,"{""comision_por_lado"": 0.0029, ""cortes"": [""2006-12-31""], ""efectivo_en_mxn"": false, ""exposicion_inicial"": 0.0, ""exposicion_max"": 1.0, ""exposicion_min"": 0.0, ""extras"": [], ""fx"": false, ""max_dias_fx"": 10, ""min_historia"": 12, ""periodos_por_anio"": 12, ""permitir_capturas"": false, ""rebalanceo_con_deriva"": true, ""segmentos"": [""dentro_muestra"", ""fuera_muestra""], ""senal"": ""media_movil_10"", ""spread_por_lado"": 0.0005, ""usuario"": {""bloque"": ""F"", ""escenario_costos"": ""defecto"", ""senal_sobre"": ""indice TR"", ""ventana"": 10}, ""variante"": ""sma10|muestra1928""}",sensibilidad de senal: TR en muestra comun desde 1928-01
2026-09-25T05:30:39.607138Z,R01,34dbd866a7,sma10|muestra1928,0,dentro_muestra,1928-12-31,2006-12-31,936,12,USD,703.4038052548763,0.0877051262198818,0.12829827930811524,0.4351930503654836,0.6312664116088168,-0.43498166341962907,0.2016294791150132,0.12562941238898317,-0.7732312053764802,9.260722098843509,0.9998493458025066,0.7115384615384616,0.7115384615384616,1.5000263259503668,0.005100089508231248,117,0.09544248939730116,0.037366993030062856,0.0029,0.0005,2006-12-31,baac3d2ceaf0f92a,French F-F_Research_Data_Factors CRSP 202607 sha256 b840dba55d31; Yahoo ^GSPC diario->fin de mes huella ddd4ca74000cd68c,"{""comision_por_lado"": 0.0029, ""cortes"": [""2006-12-31""], ""efectivo_en_mxn"": false, ""exposicion_inicial"": 0.0, ""exposicion_max"": 1.0, ""exposicion_min"": 0.0, ""extras"": [], ""fx"": false, ""max_dias_fx"": 10, ""min_historia"": 12, ""periodos_por_anio"": 12, ""permitir_capturas"": false, ""rebalanceo_con_deriva"": true, ""segmentos"": [""dentro_muestra"", ""fuera_muestra""], ""senal"": ""media_movil_10"", ""spread_por_lado"": 0.0005, ""usuario"": {""bloque"": ""F"", ""escenario_costos"": ""defecto"", ""senal_sobre"": ""indice TR"", ""ventana"": 10}, ""variante"": ""sma10|muestra1928""}",sensibilidad de senal: TR en muestra comun desde 1928-01
2026-09-25T05:30:39.607138Z,R01,34dbd866a7,sma10|muestra1928,0,fuera_muestra,2006-12-31,2026-07-31,235,12,USD,4.259388585168433,0.08847359378722519,0.10824455637489537,0.6987335112623703,1.0975949181127538,-0.19307574579550835,0.4582325626799853,0.20170699040957094,-0.2749302182401569,4.229792962271229,0.9984502496046856,0.7829787234042553,0.7829787234042553,1.5320889261744968,0.0052091023489932884,30,0.11020794942552814,0.015124226882966774,0.0029,0.0005,2006-12-31,baac3d2ceaf0f92a,French F-F_Research_Data_Factors CRSP 202607 sha256 b840dba55d31; Yahoo ^GSPC diario->fin de mes huella ddd4ca74000cd68c,"{""comision_por_lado"": 0.0029, ""cortes"": [""2006-12-31""], ""efectivo_en_mxn"": false, ""exposicion_inicial"": 0.0, ""exposicion_max"": 1.0, ""exposicion_min"": 0.0, ""extras"": [], ""fx"": false, ""max_dias_fx"": 10, ""min_historia"": 12, ""periodos_por_anio"": 12, ""permitir_capturas"": false, ""rebalanceo_con_deriva"": true, ""segmentos"": [""dentro_muestra"", ""fuera_muestra""], ""senal"": ""media_movil_10"", ""spread_por_lado"": 0.0005, ""usuario"": {""bloque"": ""F"", ""escenario_costos"": ""defecto"", ""senal_sobre"": ""indice TR"", ""ventana"": 10}, ""variante"": ""sma10|muestra1928""}",sensibilidad de senal: TR en muestra comun desde 1928-01
2026-09-25T05:30:39.622691Z,R01,4ff8363a41,sma10_precio_gspc|muestra1928,0,completo,1928-12-31,2026-07-31,1171,12,USD,5630.689456560646,0.09253825838992191,0.11796681371049414,0.5360086701411153,0.8089537644297382,-0.4625693174586367,0.20005273782171415,0.15473237499697312,-0.552837762532793,8.891247733929715,0.9999996700610503,0.6789069171648164,0.6789069171648164,1.5064602564462275,0.005121964871917179,147,0.09838960746685776,0.032864838347938186,0.0029,0.0005,2006-12-31,baac3d2ceaf0f92a,French F-F_Research_Data_Factors CRSP 202607 sha256 b840dba55d31; Yahoo ^GSPC diario->fin de mes huella ddd4ca74000cd68c,"{""comision_por_lado"": 0.0029, ""cortes"": [""2006-12-31""], ""efectivo_en_mxn"": false, ""exposicion_inicial"": 0.0, ""exposicion_max"": 1.0, ""exposicion_min"": 0.0, ""extras"": [""gspc""], ""fx"": false, ""max_dias_fx"": 10, ""min_historia"": 12, ""periodos_por_anio"": 12, ""permitir_capturas"": false, ""rebalanceo_con_deriva"": true, ""segmentos"": [""dentro_muestra"", ""fuera_muestra""], ""senal"": ""media_movil_10_sobre_gspc"", ""spread_por_lado"": 0.0005, ""usuario"": {""bloque"": ""F"", ""escenario_costos"": ""defecto"", ""senal_sobre"": ""^GSPC precio"", ""ventana"": 10}, ""variante"": ""sma10_precio_gspc|muestra1928""}",sensibilidad de senal: ^GSPC precio sin dividendos
2026-09-25T05:30:39.622691Z,R01,4ff8363a41,sma10_precio_gspc|muestra1928,0,dentro_muestra,1928-12-31,2006-12-31,936,12,USD,1143.964168323579,0.09450051175361729,0.11994436440791333,0.5079328729876689,0.7637331534694295,-0.4625693174586367,0.20429481201391528,0.14662759047484533,-0.58555344513822,9.632474052132409,0.9999874310521657,0.6538461538461539,0.6538461538461539,1.4743848502930956,0.0050129084909965255,115,0.09544248939730116,0.037366993030062856,0.0029,0.0005,2006-12-31,baac3d2ceaf0f92a,French F-F_Research_Data_Factors CRSP 202607 sha256 b840dba55d31; Yahoo ^GSPC diario->fin de mes huella ddd4ca74000cd68c,"{""comision_por_lado"": 0.0029, ""cortes"": [""2006-12-31""], ""efectivo_en_mxn"": false, ""exposicion_inicial"": 0.0, ""exposicion_max"": 1.0, ""exposicion_min"": 0.0, ""extras"": [""gspc""], ""fx"": false, ""max_dias_fx"": 10, ""min_historia"": 12, ""periodos_por_anio"": 12, ""permitir_capturas"": false, ""rebalanceo_con_deriva"": true, ""segmentos"": [""dentro_muestra"", ""fuera_muestra""], ""senal"": ""media_movil_10_sobre_gspc"", ""spread_por_lado"": 0.0005, ""usuario"": {""bloque"": ""F"", ""escenario_costos"": ""defecto"", ""senal_sobre"": ""^GSPC precio"", ""ventana"": 10}, ""variante"": ""sma10_precio_gspc|muestra1928""}",sensibilidad de senal: ^GSPC precio sin dividendos
2026-09-25T05:30:39.622691Z,R01,4ff8363a41,sma10_precio_gspc|muestra1928,0,fuera_muestra,2006-12-31,2026-07-31,235,12,USD,3.91866000034429,0.08475674903522368,0.10994862923059653,0.6588422401609185,1.0144005005005425,-0.24170364320457727,0.35066392840212923,0.1901913723552012,-0.3629895564736888,4.370694194480264,0.9972363513213904,0.7787234042553192,0.7787234042553192,1.6342281879194631,0.005556375838926175,32,0.11020794942552814,0.015124226882966774,0.0029,0.0005,2006-12-31,baac3d2ceaf0f92a,French F-F_Research_Data_Factors CRSP 202607 sha256 b840dba55d31; Yahoo ^GSPC diario->fin de mes huella ddd4ca74000cd68c,"{""comision_por_lado"": 0.0029, ""cortes"": [""2006-12-31""], ""efectivo_en_mxn"": false, ""exposicion_inicial"": 0.0, ""exposicion_max"": 1.0, ""exposicion_min"": 0.0, ""extras"": [""gspc""], ""fx"": false, ""max_dias_fx"": 10, ""min_historia"": 12, ""periodos_por_anio"": 12, ""permitir_capturas"": false, ""rebalanceo_con_deriva"": true, ""segmentos"": [""dentro_muestra"", ""fuera_muestra""], ""senal"": ""media_movil_10_sobre_gspc"", ""spread_por_lado"": 0.0005, ""usuario"": {""bloque"": ""F"", ""escenario_costos"": ""defecto"", ""senal_sobre"": ""^GSPC precio"", ""ventana"": 10}, ""variante"": ""sma10_precio_gspc|muestra1928""}",sensibilidad de senal: ^GSPC precio sin dividendos
2026-09-25T05:30:39.635616Z,R01,3c2b581e8d,comprar_y_mantener|muestra1928,0,completo,1928-12-31,2026-07-31,1171,12,USD,9450.946831757901,0.0983512714095427,0.1843563351938388,0.42616566335466066,0.6405227135574396,-0.8365224657023862,0.11757158407809411,0.12302343022859438,0.16222528463272556,10.379288132665193,0.9999851495308036,1.0,1.0,0.010248028955416514,3.4843298448416146e-05,1,0.09838960746685776,0.032864838347938186,0.0029,0.0005,2006-12-31,baac3d2ceaf0f92a,French F-F_Research_Data_Factors CRSP 202607 sha256 b840dba55d31; Yahoo ^GSPC diario->fin de mes huella ddd4ca74000cd68c,"{""comision_por_lado"": 0.0029, ""cortes"": [""2006-12-31""], ""efectivo_en_mxn"": false, ""exposicion_inicial"": 0.0, ""exposicion_max"": 1.0, ""exposicion_min"": 0.0, ""extras"": [], ""fx"": false, ""max_dias_fx"": 10, ""min_historia"": 12, ""periodos_por_anio"": 12, ""permitir_capturas"": false, ""rebalanceo_con_deriva"": true, ""segmentos"": [""dentro_muestra"", ""fuera_muestra""], ""senal"": ""senal_comprar_y_mantener"", ""spread_por_lado"": 0.0005, ""usuario"": {""bloque"": ""F"", ""escenario_costos"": ""defecto""}, ""variante"": ""comprar_y_mantener|muestra1928""}",referencia de la muestra comun desde 1928-01
2026-09-25T05:30:39.635616Z,R01,3c2b581e8d,comprar_y_mantener|muestra1928,0,dentro_muestra,1928-12-31,2006-12-31,936,12,USD,1219.2648186129124,0.09539465818531201,0.19025339914640493,0.3813796848307319,0.5733714240077471,-0.8365224657023862,0.11403717424996336,0.11009483185023886,0.26562775293930896,10.983256756217544,0.9996169491480316,1.0,1.0,0.012820737828635614,4.3590508617361086e-05,1,0.09544248939730116,0.037366993030062856,0.0029,0.0005,2006-12-31,baac3d2ceaf0f92a,French F-F_Research_Data_Factors CRSP 202607 sha256 b840dba55d31; Yahoo ^GSPC diario->fin de mes huella ddd4ca74000cd68c,"{""comision_por_lado"": 0.0029, ""cortes"": [""2006-12-31""], ""efectivo_en_mxn"": false, ""exposicion_inicial"": 0.0, ""exposicion_max"": 1.0, ""exposicion_min"": 0.0, ""extras"": [], ""fx"": false, ""max_dias_fx"": 10, ""min_historia"": 12, ""periodos_por_anio"": 12, ""permitir_capturas"": false, ""rebalanceo_con_deriva"": true, ""segmentos"": [""dentro_muestra"", ""fuera_muestra""], ""senal"": ""senal_comprar_y_mantener"", ""spread_por_lado"": 0.0005, ""usuario"": {""bloque"": ""F"", ""escenario_costos"": ""defecto""}, ""variante"": ""comprar_y_mantener|muestra1928""}",referencia de la muestra comun desde 1928-01
2026-09-25T05:30:39.635616Z,R01,3c2b581e8d,comprar_y_mantener|muestra1928,0,fuera_muestra,2006-12-31,2026-07-31,235,12,USD,6.745816061879126,0.11020794942552814,0.159062982403124,0.6452006427175135,0.969267472829161,-0.5031170717166413,0.21905030781304505,0.186253382377138,-0.4995817776621852,4.0069978983606465,0.9964617573696892,1.0,1.0,0.0,0.0,0,0.11020794942552814,0.015124226882966774,0.0029,0.0005,2006-12-31,baac3d2ceaf0f92a,French F-F_Research_Data_Factors CRSP 202607 sha256 b840dba55d31; Yahoo ^GSPC diario->fin de mes huella ddd4ca74000cd68c,"{""comision_por_lado"": 0.0029, ""cortes"": [""2006-12-31""], ""efectivo_en_mxn"": false, ""exposicion_inicial"": 0.0, ""exposicion_max"": 1.0, ""exposicion_min"": 0.0, ""extras"": [], ""fx"": false, ""max_dias_fx"": 10, ""min_historia"": 12, ""periodos_por_anio"": 12, ""permitir_capturas"": false, ""rebalanceo_con_deriva"": true, ""segmentos"": [""dentro_muestra"", ""fuera_muestra""], ""senal"": ""senal_comprar_y_mantener"", ""spread_por_lado"": 0.0005, ""usuario"": {""bloque"": ""F"", ""escenario_costos"": ""defecto""}, ""variante"": ""comprar_y_mantener|muestra1928""}",referencia de la muestra comun desde 1928-01
2026-09-25T05:30:39.649193Z,R01,b61bf8f4e1,sma10|mxn|rf_usd,0,completo,1993-11-30,2026-07-31,392,12,MXN,115.25612853933481,0.15672378473804227,0.15584476215206186,0.6459807026550789,0.9769334191495445,-0.24012895283734714,0.6526650905115974,0.1864785662846067,-0.6752349352099629,6.043366195333745,0.9996743826847665,0.7678571428571429,0.7678571428571429,1.5000628614533569,0.005100213728941408,49,0.1694929348712011,0.0799444377424996,0.0029,0.0005,2006-12-31,6f7a2f88fb30b19e,French F-F_Research_Data_Factors CRSP 202607 sha256 b840dba55d31; FRED DEXMXUS huella 3a677532a76a7d0e,"{""comision_por_lado"": 0.0029, ""cortes"": [""2006-12-31""], ""efectivo_en_mxn"": false, ""exposicion_inicial"": 0.0, ""exposicion_max"": 1.0, ""exposicion_min"": 0.0, ""extras"": [""fx""], ""fx"": true, ""max_dias_fx"": 10, ""min_historia"": 12, ""periodos_por_anio"": 12, ""permitir_capturas"": false, ""rebalanceo_con_deriva"": true, ""segmentos"": [""dentro_muestra"", ""fuera_muestra""], ""senal"": ""media_movil_10"", ""spread_por_lado"": 0.0005, ""usuario"": {""bloque"": ""G"", ""efectivo"": ""rf_usd"", ""escenario_costos"": ""defecto"", ""moneda"": ""MXN""}, ""variante"": ""sma10|mxn|rf_usd""}","sensibilidad de moneda: MXN, efectivo rf_usd"
2026-09-25T05:30:39.649193Z,R01,b61bf8f4e1,sma10|mxn|rf_usd,0,dentro_muestra,1993-11-30,2006-12-31,157,12,MXN,12.779980572957392,0.22199838679075,0.1814886292202971,0.6203044304692144,0.9203703550572822,-0.13368033912226263,1.6606659457058426,0.17906646495545922,-1.0721845103885117,8.407636330964712,0.9772133264232916,0.7452229299363057,0.7452229299363057,1.4521343377275582,0.0049372567482736975,19,0.2193377111130046,0.14273737321610658,0.0029,0.0005,2006-12-31,6f7a2f88fb30b19e,French F-F_Research_Data_Factors CRSP 202607 sha256 b840dba55d31; FRED DEXMXUS huella 3a677532a76a7d0e,"{""comision_por_lado"": 0.0029, ""cortes"": [""2006-12-31""], ""efectivo_en_mxn"": false, ""exposicion_inicial"": 0.0, ""exposicion_max"": 1.0, ""exposicion_min"": 0.0, ""extras"": [""fx""], ""fx"": true, ""max_dias_fx"": 10, ""min_historia"": 12, ""periodos_por_anio"": 12, ""permitir_capturas"": false, ""rebalanceo_con_deriva"": true, ""segmentos"": [""dentro_muestra"", ""fuera_muestra""], ""senal"": ""media_movil_10"", ""spread_por_lado"": 0.0005, ""usuario"": {""bloque"": ""G"", ""efectivo"": ""rf_usd"", ""escenario_costos"": ""defecto"", ""moneda"": ""MXN""}, ""variante"": ""sma10|mxn|rf_usd""}","sensibilidad de moneda: MXN, efectivo rf_usd"
2026-09-25T05:30:39.649193Z,R01,b61bf8f4e1,sma10|mxn|rf_usd,0,fuera_muestra,2006-12-31,2026-07-31,235,12,MXN,7.436595967884191,0.11506200979470815,0.1352790127521404,0.6626837700449216,1.0190233612050765,-0.24012895283734748,0.47916758239747115,0.1913003265115158,-0.37409621549841554,4.1581849254021215,0.9973610684399461,0.7829787234042553,0.7829787234042553,1.5320889261744968,0.0052091023489932884,30,0.13732727596006877,0.03992091960725075,0.0029,0.0005,2006-12-31,6f7a2f88fb30b19e,French F-F_Research_Data_Factors CRSP 202607 sha256 b840dba55d31; FRED DEXMXUS huella 3a677532a76a7d0e,"{""comision_por_lado"": 0.0029, ""cortes"": [""2006-12-31""], ""efectivo_en_mxn"": false, ""exposicion_inicial"": 0.0, ""exposicion_max"": 1.0, ""exposicion_min"": 0.0, ""extras"": [""fx""], ""fx"": true, ""max_dias_fx"": 10, ""min_historia"": 12, ""periodos_por_anio"": 12, ""permitir_capturas"": false, ""rebalanceo_con_deriva"": true, ""segmentos"": [""dentro_muestra"", ""fuera_muestra""], ""senal"": ""media_movil_10"", ""spread_por_lado"": 0.0005, ""usuario"": {""bloque"": ""G"", ""efectivo"": ""rf_usd"", ""escenario_costos"": ""defecto"", ""moneda"": ""MXN""}, ""variante"": ""sma10|mxn|rf_usd""}","sensibilidad de moneda: MXN, efectivo rf_usd"
2026-09-25T05:30:39.660474Z,R01,d196fcdc12,comprar_y_mantener|mxn|rf_usd,0,completo,1993-11-30,2026-07-31,392,12,MXN,164.83752748151295,0.16937100598494137,0.1669232673685158,0.5377313814971924,0.768611372583657,-0.3986273085655938,0.42488560704583916,0.1552296789295567,-0.7742314731094355,4.719586220642732,0.9979577393569319,1.0,1.0,0.030613527784762385,0.0001040859944681921,1,0.1694929348712011,0.0799444377424996,0.0029,0.0005,2006-12-31,6f7a2f88fb30b19e,French F-F_Research_Data_Factors CRSP 202607 sha256 b840dba55d31; FRED DEXMXUS huella 3a677532a76a7d0e,"{""comision_por_lado"": 0.0029, ""cortes"": [""2006-12-31""], ""efectivo_en_mxn"": false, ""exposicion_inicial"": 0.0, ""exposicion_max"": 1.0, ""exposicion_min"": 0.0, ""extras"": [""fx""], ""fx"": true, ""max_dias_fx"": 10, ""min_historia"": 12, ""periodos_por_anio"": 12, ""permitir_capturas"": false, ""rebalanceo_con_deriva"": true, ""segmentos"": [""dentro_muestra"", ""fuera_muestra""], ""senal"": ""senal_comprar_y_mantener"", ""spread_por_lado"": 0.0005, ""usuario"": {""bloque"": ""G"", ""efectivo"": ""rf_usd"", ""escenario_costos"": ""defecto"", ""moneda"": ""MXN""}, ""variante"": ""comprar_y_mantener|mxn|rf_usd""}","sensibilidad de moneda: MXN, efectivo rf_usd"
2026-09-25T05:30:39.660474Z,R01,d196fcdc12,comprar_y_mantener|mxn|rf_usd,0,dentro_muestra,1993-11-30,2006-12-31,157,12,MXN,12.346999457873414,0.21902036079076792,0.20404718270338015,0.48614526608408815,0.6846419666911706,-0.3986273085655938,0.5494364186409679,0.14033805011945527,-0.8853053418354478,4.562757002988903,0.9495374219002866,1.0,1.0,0.07642812303829254,0.0002598556183301946,1,0.2193377111130046,0.14273737321610658,0.0029,0.0005,2006-12-31,6f7a2f88fb30b19e,French F-F_Research_Data_Factors CRSP 202607 sha256 b840dba55d31; FRED DEXMXUS huella 3a677532a76a7d0e,"{""comision_por_lado"": 0.0029, ""cortes"": [""2006-12-31""], ""efectivo_en_mxn"": false, ""exposicion_inicial"": 0.0, ""exposicion_max"": 1.0, ""exposicion_min"": 0.0, ""extras"": [""fx""], ""fx"": true, ""max_dias_fx"": 10, ""min_historia"": 12, ""periodos_por_anio"": 12, ""permitir_capturas"": false, ""rebalanceo_con_deriva"": true, ""segmentos"": [""dentro_muestra"", ""fuera_muestra""], ""senal"": ""senal_comprar_y_mantener"", ""spread_por_lado"": 0.0005, ""usuario"": {""bloque"": ""G"", ""efectivo"": ""rf_usd"", ""escenario_costos"": ""defecto"", ""moneda"": ""MXN""}, ""variante"": ""comprar_y_mantener|mxn|rf_usd""}","sensibilidad de moneda: MXN, efectivo rf_usd"
2026-09-25T05:30:39.660474Z,R01,d196fcdc12,comprar_y_mantener|mxn|rf_usd,0,fuera_muestra,2006-12-31,2026-07-31,235,12,MXN,11.425079359966938,0.13732727596006877,0.13633607088510533,0.5691476287353487,0.8218570226495324,-0.29971589617506855,0.45819149972563966,0.1642987683294954,-0.721908588178577,4.746335616246709,0.9906108473180313,1.0,1.0,0.0,0.0,0,0.13732727596006877,0.03992091960725075,0.0029,0.0005,2006-12-31,6f7a2f88fb30b19e,French F-F_Research_Data_Factors CRSP 202607 sha256 b840dba55d31; FRED DEXMXUS huella 3a677532a76a7d0e,"{""comision_por_lado"": 0.0029, ""cortes"": [""2006-12-31""], ""efectivo_en_mxn"": false, ""exposicion_inicial"": 0.0, ""exposicion_max"": 1.0, ""exposicion_min"": 0.0, ""extras"": [""fx""], ""fx"": true, ""max_dias_fx"": 10, ""min_historia"": 12, ""periodos_por_anio"": 12, ""permitir_capturas"": false, ""rebalanceo_con_deriva"": true, ""segmentos"": [""dentro_muestra"", ""fuera_muestra""], ""senal"": ""senal_comprar_y_mantener"", ""spread_por_lado"": 0.0005, ""usuario"": {""bloque"": ""G"", ""efectivo"": ""rf_usd"", ""escenario_costos"": ""defecto"", ""moneda"": ""MXN""}, ""variante"": ""comprar_y_mantener|mxn|rf_usd""}","sensibilidad de moneda: MXN, efectivo rf_usd"
2026-09-25T05:30:39.671000Z,R01,7bc46b254a,efectivo|mxn|rf_usd,0,completo,1993-11-30,2026-07-31,392,12,MXN,11.3329527277241,0.0799444377424996,0.14064512261048165,0.0,0.0,-0.2736621224860777,0.2921282529575013,,0.0,3.0,,0.0,0.0,0.0,0.0,0,0.1694929348712011,0.0799444377424996,0.0029,0.0005,2006-12-31,6f7a2f88fb30b19e,French F-F_Research_Data_Factors CRSP 202607 sha256 b840dba55d31; FRED DEXMXUS huella 3a677532a76a7d0e,"{""comision_por_lado"": 0.0029, ""cortes"": [""2006-12-31""], ""efectivo_en_mxn"": false, ""exposicion_inicial"": 0.0, ""exposicion_max"": 1.0, ""exposicion_min"": 0.0, ""extras"": [""fx""], ""fx"": true, ""max_dias_fx"": 10, ""min_historia"": 12, ""periodos_por_anio"": 12, ""permitir_capturas"": false, ""rebalanceo_con_deriva"": true, ""segmentos"": [""dentro_muestra"", ""fuera_muestra""], ""senal"": ""senal_efectivo"", ""spread_por_lado"": 0.0005, ""usuario"": {""bloque"": ""G"", ""efectivo"": ""rf_usd"", ""escenario_costos"": ""defecto"", ""moneda"": ""MXN""}, ""variante"": ""efectivo|mxn|rf_usd""}","sensibilidad de moneda: MXN, efectivo rf_usd"
2026-09-25T05:30:39.671000Z,R01,7bc46b254a,efectivo|mxn|rf_usd,0,dentro_muestra,1993-11-30,2006-12-31,157,12,MXN,4.730361927555707,0.14273737321610658,0.16701813259598805,0.0,0.0,-0.10899999999999999,1.3095171854688679,,0.0,3.0,,0.0,0.0,0.0,0.0,0,0.2193377111130046,0.14273737321610658,0.0029,0.0005,2006-12-31,6f7a2f88fb30b19e,French F-F_Research_Data_Factors CRSP 202607 sha256 b840dba55d31; FRED DEXMXUS huella 3a677532a76a7d0e,"{""comision_por_lado"": 0.0029, ""cortes"": [""2006-12-31""], ""efectivo_en_mxn"": false, ""exposicion_inicial"": 0.0, ""exposicion_max"": 1.0, ""exposicion_min"": 0.0, ""extras"": [""fx""], ""fx"": true, ""max_dias_fx"": 10, ""min_historia"": 12, ""periodos_por_anio"": 12, ""permitir_capturas"": false, ""rebalanceo_con_deriva"": true, ""segmentos"": [""dentro_muestra"", ""fuera_muestra""], ""senal"": ""senal_efectivo"", ""spread_por_lado"": 0.0005, ""usuario"": {""bloque"": ""G"", ""efectivo"": ""rf_usd"", ""escenario_costos"": ""defecto"", ""moneda"": ""MXN""}, ""variante"": ""efectivo|mxn|rf_usd""}","sensibilidad de moneda: MXN, efectivo rf_usd"
2026-09-25T05:30:39.671000Z,R01,7bc46b254a,efectivo|mxn|rf_usd,0,fuera_muestra,2006-12-31,2026-07-31,235,12,MXN,1.1522118294864412,0.03992091960725075,0.11883146271299577,0.0,0.0,-0.27366212248607735,0.1458766717315135,,0.0,3.0,,0.0,0.0,0.0,0.0,0,0.13732727596006877,0.03992091960725075,0.0029,0.0005,2006-12-31,6f7a2f88fb30b19e,French F-F_Research_Data_Factors CRSP 202607 sha256 b840dba55d31; FRED DEXMXUS huella 3a677532a76a7d0e,"{""comision_por_lado"": 0.0029, ""cortes"": [""2006-12-31""], ""efectivo_en_mxn"": false, ""exposicion_inicial"": 0.0, ""exposicion_max"": 1.0, ""exposicion_min"": 0.0, ""extras"": [""fx""], ""fx"": true, ""max_dias_fx"": 10, ""min_historia"": 12, ""periodos_por_anio"": 12, ""permitir_capturas"": false, ""rebalanceo_con_deriva"": true, ""segmentos"": [""dentro_muestra"", ""fuera_muestra""], ""senal"": ""senal_efectivo"", ""spread_por_lado"": 0.0005, ""usuario"": {""bloque"": ""G"", ""efectivo"": ""rf_usd"", ""escenario_costos"": ""defecto"", ""moneda"": ""MXN""}, ""variante"": ""efectivo|mxn|rf_usd""}","sensibilidad de moneda: MXN, efectivo rf_usd"
2026-09-25T05:30:39.682774Z,R01,17bc4a71d2,sma10|mxn|cetes,0,completo,1993-11-30,2026-07-31,392,12,MXN,117.7766833293417,0.1574835858622976,0.11751350718705554,0.42022422939399234,0.6658618072504644,-0.14307876605171954,1.1006775513102418,0.12130828598031226,0.1046598013894975,6.456296792419382,0.991573905413169,0.7678571428571429,0.7678571428571429,1.5000628614533569,0.005100213728941408,49,0.1694929348712011,0.11022046062864455,0.0029,0.0005,2006-12-31,3e07a4896babbbd8,French F-F_Research_Data_Factors CRSP 202607 sha256 b840dba55d31; FRED DEXMXUS huella 3a677532a76a7d0e; FRED INTGSTMXM193N/1200 huella db8f6e0293183ed1,"{""comision_por_lado"": 0.0029, ""cortes"": [""2006-12-31""], ""efectivo_en_mxn"": true, ""exposicion_inicial"": 0.0, ""exposicion_max"": 1.0, ""exposicion_min"": 0.0, ""extras"": [""fx""], ""fx"": true, ""max_dias_fx"": 10, ""min_historia"": 12, ""periodos_por_anio"": 12, ""permitir_capturas"": false, ""rebalanceo_con_deriva"": true, ""segmentos"": [""dentro_muestra"", ""fuera_muestra""], ""senal"": ""media_movil_10"", ""spread_por_lado"": 0.0005, ""usuario"": {""bloque"": ""G"", ""efectivo"": ""cetes"", ""escenario_costos"": ""defecto"", ""moneda"": ""MXN""}, ""variante"": ""sma10|mxn|cetes""}","sensibilidad de moneda: MXN, efectivo cetes"
2026-09-25T05:30:39.682774Z,R01,17bc4a71d2,sma10|mxn|cetes,0,dentro_muestra,1993-11-30,2006-12-31,157,12,MXN,10.5446306941079,0.20557910653042022,0.12942685406862448,0.2038710154833998,0.3002405317219395,-0.13130342229910763,1.5656797281499142,0.058852492834651625,-0.01004735510236624,6.839420898013585,0.7682209178665282,0.7452229299363057,0.7452229299363057,1.4521343377275582,0.0049372567482736975,19,0.2193377111130046,0.18448517142448329,0.0029,0.0005,2006-12-31,3e07a4896babbbd8,French F-F_Research_Data_Factors CRSP 202607 sha256 b840dba55d31; FRED DEXMXUS huella 3a677532a76a7d0e; FRED INTGSTMXM193N/1200 huella db8f6e0293183ed1,"{""comision_por_lado"": 0.0029, ""cortes"": [""2006-12-31""], ""efectivo_en_mxn"": true, ""exposicion_inicial"": 0.0, ""exposicion_max"": 1.0, ""exposicion_min"": 0.0, ""extras"": [""fx""], ""fx"": true, ""max_dias_fx"": 10, ""min_historia"": 12, ""periodos_por_anio"": 12, ""permitir_capturas"": false, ""rebalanceo_con_deriva"": true, ""segmentos"": [""dentro_muestra"", ""fuera_muestra""], ""senal"": ""media_movil_10"", ""spread_por_lado"": 0.0005, ""usuario"": {""bloque"": ""G"", ""efectivo"": ""cetes"", ""escenario_costos"": ""defecto"", ""moneda"": ""MXN""}, ""variante"": ""sma10|mxn|cetes""}","sensibilidad de moneda: MXN, efectivo cetes"
2026-09-25T05:30:39.682774Z,R01,17bc4a71d2,sma10|mxn|cetes,0,fuera_muestra,2006-12-31,2026-07-31,235,12,MXN,9.288478382419159,0.12642012083675613,0.10834108493779966,0.5860303954342793,0.9996809570236733,-0.14307876605171954,0.8835701084468277,0.169172403278642,0.25261426825576355,5.796154250576641,0.9953225398091368,0.7829787234042553,0.7829787234042553,1.5320889261744968,0.0052091023489932884,30,0.13732727596006877,0.0632099751534696,0.0029,0.0005,2006-12-31,3e07a4896babbbd8,French F-F_Research_Data_Factors CRSP 202607 sha256 b840dba55d31; FRED DEXMXUS huella 3a677532a76a7d0e; FRED INTGSTMXM193N/1200 huella db8f6e0293183ed1,"{""comision_por_lado"": 0.0029, ""cortes"": [""2006-12-31""], ""efectivo_en_mxn"": true, ""exposicion_inicial"": 0.0, ""exposicion_max"": 1.0, ""exposicion_min"": 0.0, ""extras"": [""fx""], ""fx"": true, ""max_dias_fx"": 10, ""min_historia"": 12, ""periodos_por_anio"": 12, ""permitir_capturas"": false, ""rebalanceo_con_deriva"": true, ""segmentos"": [""dentro_muestra"", ""fuera_muestra""], ""senal"": ""media_movil_10"", ""spread_por_lado"": 0.0005, ""usuario"": {""bloque"": ""G"", ""efectivo"": ""cetes"", ""escenario_costos"": ""defecto"", ""moneda"": ""MXN""}, ""variante"": ""sma10|mxn|cetes""}","sensibilidad de moneda: MXN, efectivo cetes"
2026-09-25T05:30:39.694241Z,R01,944a56644d,comprar_y_mantener|mxn|cetes,0,completo,1993-11-30,2026-07-31,392,12,MXN,164.83752748151295,0.16937100598494137,0.1669232673685158,0.39521603822747275,0.6743363299389212,-0.3986273085655938,0.42488560704583916,0.11408904302934442,2.060575511761018,23.508998157989232,0.9931333410493688,1.0,1.0,0.030613527784762385,0.0001040859944681921,1,0.1694929348712011,0.11022046062864455,0.0029,0.0005,2006-12-31,3e07a4896babbbd8,French F-F_Research_Data_Factors CRSP 202607 sha256 b840dba55d31; FRED DEXMXUS huella 3a677532a76a7d0e; FRED INTGSTMXM193N/1200 huella db8f6e0293183ed1,"{""comision_por_lado"": 0.0029, ""cortes"": [""2006-12-31""], ""efectivo_en_mxn"": true, ""exposicion_inicial"": 0.0, ""exposicion_max"": 1.0, ""exposicion_min"": 0.0, ""extras"": [""fx""], ""fx"": true, ""max_dias_fx"": 10, ""min_historia"": 12, ""periodos_por_anio"": 12, ""permitir_capturas"": false, ""rebalanceo_con_deriva"": true, ""segmentos"": [""dentro_muestra"", ""fuera_muestra""], ""senal"": ""senal_comprar_y_mantener"", ""spread_por_lado"": 0.0005, ""usuario"": {""bloque"": ""G"", ""efectivo"": ""cetes"", ""escenario_costos"": ""defecto"", ""moneda"": ""MXN""}, ""variante"": ""comprar_y_mantener|mxn|cetes""}","sensibilidad de moneda: MXN, efectivo cetes"
2026-09-25T05:30:39.694241Z,R01,944a56644d,comprar_y_mantener|mxn|cetes,0,dentro_muestra,1993-11-30,2006-12-31,157,12,MXN,12.346999457873414,0.21902036079076792,0.20404718270338015,0.23665845820756168,0.42031592558844166,-0.3986273085655938,0.5494364186409679,0.06831741227606877,2.905484447179543,26.439117023008265,0.8253458320227052,1.0,1.0,0.07642812303829254,0.0002598556183301946,1,0.2193377111130046,0.18448517142448329,0.0029,0.0005,2006-12-31,3e07a4896babbbd8,French F-F_Research_Data_Factors CRSP 202607 sha256 b840dba55d31; FRED DEXMXUS huella 3a677532a76a7d0e; FRED INTGSTMXM193N/1200 huella db8f6e0293183ed1,"{""comision_por_lado"": 0.0029, ""cortes"": [""2006-12-31""], ""efectivo_en_mxn"": true, ""exposicion_inicial"": 0.0, ""exposicion_max"": 1.0, ""exposicion_min"": 0.0, ""extras"": [""fx""], ""fx"": true, ""max_dias_fx"": 10, ""min_historia"": 12, ""periodos_por_anio"": 12, ""permitir_capturas"": false, ""rebalanceo_con_deriva"": true, ""segmentos"": [""dentro_muestra"", ""fuera_muestra""], ""senal"": ""senal_comprar_y_mantener"", ""spread_por_lado"": 0.0005, ""usuario"": {""bloque"": ""G"", ""efectivo"": ""cetes"", ""escenario_costos"": ""defecto"", ""moneda"": ""MXN""}, ""variante"": ""comprar_y_mantener|mxn|cetes""}","sensibilidad de moneda: MXN, efectivo cetes"
2026-09-25T05:30:39.694241Z,R01,944a56644d,comprar_y_mantener|mxn|cetes,0,fuera_muestra,2006-12-31,2026-07-31,235,12,MXN,11.425079359966938,0.13732727596006877,0.13633607088510533,0.5620217236557667,0.9129473120007924,-0.29971589617506855,0.45819149972563966,0.1622416967215372,0.10871879274838957,4.179145791315724,0.9933894633154956,1.0,1.0,0.0,0.0,0,0.13732727596006877,0.0632099751534696,0.0029,0.0005,2006-12-31,3e07a4896babbbd8,French F-F_Research_Data_Factors CRSP 202607 sha256 b840dba55d31; FRED DEXMXUS huella 3a677532a76a7d0e; FRED INTGSTMXM193N/1200 huella db8f6e0293183ed1,"{""comision_por_lado"": 0.0029, ""cortes"": [""2006-12-31""], ""efectivo_en_mxn"": true, ""exposicion_inicial"": 0.0, ""exposicion_max"": 1.0, ""exposicion_min"": 0.0, ""extras"": [""fx""], ""fx"": true, ""max_dias_fx"": 10, ""min_historia"": 12, ""periodos_por_anio"": 12, ""permitir_capturas"": false, ""rebalanceo_con_deriva"": true, ""segmentos"": [""dentro_muestra"", ""fuera_muestra""], ""senal"": ""senal_comprar_y_mantener"", ""spread_por_lado"": 0.0005, ""usuario"": {""bloque"": ""G"", ""efectivo"": ""cetes"", ""escenario_costos"": ""defecto"", ""moneda"": ""MXN""}, ""variante"": ""comprar_y_mantener|mxn|cetes""}","sensibilidad de moneda: MXN, efectivo cetes"
2026-09-25T05:30:39.704328Z,R01,7ae42248d2,efectivo|mxn|cetes,0,completo,1993-11-30,2026-07-31,392,12,MXN,29.43027762558242,0.11022046062864455,0.028482434187164396,0.0,0.0,0.0,inf,,0.0,3.0,,0.0,0.0,0.0,0.0,0,0.1694929348712011,0.11022046062864455,0.0029,0.0005,2006-12-31,3e07a4896babbbd8,French F-F_Research_Data_Factors CRSP 202607 sha256 b840dba55d31; FRED DEXMXUS huella 3a677532a76a7d0e; FRED INTGSTMXM193N/1200 huella db8f6e0293183ed1,"{""comision_por_lado"": 0.0029, ""cortes"": [""2006-12-31""], ""efectivo_en_mxn"": true, ""exposicion_inicial"": 0.0, ""exposicion_max"": 1.0, ""exposicion_min"": 0.0, ""extras"": [""fx""], ""fx"": true, ""max_dias_fx"": 10, ""min_historia"": 12, ""periodos_por_anio"": 12, ""permitir_capturas"": false, ""rebalanceo_con_deriva"": true, ""segmentos"": [""dentro_muestra"", ""fuera_muestra""], ""senal"": ""senal_efectivo"", ""spread_por_lado"": 0.0005, ""usuario"": {""bloque"": ""G"", ""efectivo"": ""cetes"", ""escenario_costos"": ""defecto"", ""moneda"": ""MXN""}, ""variante"": ""efectivo|mxn|cetes""}","sensibilidad de moneda: MXN, efectivo cetes"
2026-09-25T05:30:39.704328Z,R01,7ae42248d2,efectivo|mxn|cetes,0,dentro_muestra,1993-11-30,2006-12-31,157,12,MXN,8.163798803344433,0.18448517142448329,0.03683499581485352,0.0,0.0,0.0,inf,,0.0,3.0,,0.0,0.0,0.0,0.0,0,0.2193377111130046,0.18448517142448329,0.0029,0.0005,2006-12-31,3e07a4896babbbd8,French F-F_Research_Data_Factors CRSP 202607 sha256 b840dba55d31; FRED DEXMXUS huella 3a677532a76a7d0e; FRED INTGSTMXM193N/1200 huella db8f6e0293183ed1,"{""comision_por_lado"": 0.0029, ""cortes"": [""2006-12-31""], ""efectivo_en_mxn"": true, ""exposicion_inicial"": 0.0, ""exposicion_max"": 1.0, ""exposicion_min"": 0.0, ""extras"": [""fx""], ""fx"": true, ""max_dias_fx"": 10, ""min_historia"": 12, ""periodos_por_anio"": 12, ""permitir_capturas"": false, ""rebalanceo_con_deriva"": true, ""segmentos"": [""dentro_muestra"", ""fuera_muestra""], ""senal"": ""senal_efectivo"", ""spread_por_lado"": 0.0005, ""usuario"": {""bloque"": ""G"", ""efectivo"": ""cetes"", ""escenario_costos"": ""defecto"", ""moneda"": ""MXN""}, ""variante"": ""efectivo|mxn|cetes""}","sensibilidad de moneda: MXN, efectivo cetes"
2026-09-25T05:30:39.704328Z,R01,7ae42248d2,efectivo|mxn|cetes,0,fuera_muestra,2006-12-31,2026-07-31,235,12,MXN,2.3207055587554515,0.0632099751534696,0.006896900694877747,0.0,0.0,0.0,inf,,0.0,3.0,,0.0,0.0,0.0,0.0,0,0.13732727596006877,0.0632099751534696,0.0029,0.0005,2006-12-31,3e07a4896babbbd8,French F-F_Research_Data_Factors CRSP 202607 sha256 b840dba55d31; FRED DEXMXUS huella 3a677532a76a7d0e; FRED INTGSTMXM193N/1200 huella db8f6e0293183ed1,"{""comision_por_lado"": 0.0029, ""cortes"": [""2006-12-31""], ""efectivo_en_mxn"": true, ""exposicion_inicial"": 0.0, ""exposicion_max"": 1.0, ""exposicion_min"": 0.0, ""extras"": [""fx""], ""fx"": true, ""max_dias_fx"": 10, ""min_historia"": 12, ""periodos_por_anio"": 12, ""permitir_capturas"": false, ""rebalanceo_con_deriva"": true, ""segmentos"": [""dentro_muestra"", ""fuera_muestra""], ""senal"": ""senal_efectivo"", ""spread_por_lado"": 0.0005, ""usuario"": {""bloque"": ""G"", ""efectivo"": ""cetes"", ""escenario_costos"": ""defecto"", ""moneda"": ""MXN""}, ""variante"": ""efectivo|mxn|cetes""}","sensibilidad de moneda: MXN, efectivo cetes"
