fecha_registro_utc,id_replica,corrida,variante,es_prueba,segmento,fecha_inicio,fecha_fin,n_periodos,periodos_por_anio,moneda,rendimiento_total,cagr,vol_anual,sharpe,sortino,mdd,calmar,sharpe_periodo,asimetria,curtosis,psr,exposicion_media,tiempo_invertido,rotacion_anual,costo_anual,n_cambios_senal,cagr_activo_sin_costos,cagr_efectivo,comision_por_lado,spread_por_lado,cortes,huella_datos,fuente_datos,parametros_json,nota
2026-09-25T05:27:43.394301Z,R02,370b4d4c55,A_ls_vt40_L3,1,completo,1927-06-30,2026-07-31,1189,12,USD,-0.999113967176765,-0.06847871268060146,0.4869517114581113,0.06045570029234635,0.08329822168348393,-0.9999398544258113,-0.0684828316198313,0.017452057418916752,-0.4199029136022094,4.89103395344332,0.7254957405204404,1.2256935588435192,1.0,22.64463519961807,0.0769917596787014,1189,0.10260130985470983,0.03287249298954742,0.0029,0.0005,2011-12-31,e85ac74d630dff95,French F-F_Research_Data_Factors CRSP 202607 sha256 b840dba55d319f48; daily CRSP 202607 sha256 1916d331c2c51d2a,"{""comision_por_lado"": 0.0029, ""cortes"": [""2011-12-31""], ""efectivo_en_mxn"": false, ""exposicion_inicial"": 0.0, ""exposicion_max"": 10.0, ""exposicion_min"": -10.0, ""extras"": [""vol""], ""fx"": false, ""max_dias_fx"": 10, ""min_historia"": 12, ""periodos_por_anio"": 12, ""permitir_capturas"": false, ""rebalanceo_con_deriva"": true, ""segmentos"": [""dentro_muestra"", ""fuera_muestra""], ""senal"": ""a_ls_vt40_L3"", ""spread_por_lado"": 0.0005, ""usuario"": {""L"": 3, ""escenario_costos"": ""defecto"", ""parte"": ""a"", ""sigma_obj"": 0.4, ""tipo"": ""largo/corto"", ""tope"": 10.0}, ""variante"": ""A_ls_vt40_L3""}",
2026-09-25T05:27:43.394301Z,R02,370b4d4c55,A_ls_vt40_L3,1,dentro_muestra,1927-06-30,2011-12-31,1014,12,USD,-0.9993834597267541,-0.08375193502718004,0.503809004192832,0.040669785766808936,0.055923503878586585,-0.9999398544258113,-0.08375697263839167,0.011740355880175775,-0.41627214281873837,4.829502928620031,0.6453267240532166,1.125632391304433,1.0,23.928910781124898,0.08135829665582463,1014,0.09471675589938688,0.03582725431534661,0.0029,0.0005,2011-12-31,e85ac74d630dff95,French F-F_Research_Data_Factors CRSP 202607 sha256 b840dba55d319f48; daily CRSP 202607 sha256 1916d331c2c51d2a,"{""comision_por_lado"": 0.0029, ""cortes"": [""2011-12-31""], ""efectivo_en_mxn"": false, ""exposicion_inicial"": 0.0, ""exposicion_max"": 10.0, ""exposicion_min"": -10.0, ""extras"": [""vol""], ""fx"": false, ""max_dias_fx"": 10, ""min_historia"": 12, ""periodos_por_anio"": 12, ""permitir_capturas"": false, ""rebalanceo_con_deriva"": true, ""segmentos"": [""dentro_muestra"", ""fuera_muestra""], ""senal"": ""a_ls_vt40_L3"", ""spread_por_lado"": 0.0005, ""usuario"": {""L"": 3, ""escenario_costos"": ""defecto"", ""parte"": ""a"", ""sigma_obj"": 0.4, ""tipo"": ""largo/corto"", ""tope"": 10.0}, ""variante"": ""A_ls_vt40_L3""}",
2026-09-25T05:27:43.394301Z,R02,370b4d4c55,A_ls_vt40_L3,1,fuera_muestra,2011-12-31,2026-07-31,175,12,USD,0.43710453588112386,0.025180513045992114,0.375670967352969,0.2164770660735598,0.30548599181530567,-0.7409599997668312,0.03398363346728033,0.06249154618547508,-0.30364477515252075,3.2365466726650505,0.792674229011324,1.8054765524699965,1.0,15.202058064205337,0.05168699741829813,175,0.1494246054539059,0.01591439165222197,0.0029,0.0005,2011-12-31,e85ac74d630dff95,French F-F_Research_Data_Factors CRSP 202607 sha256 b840dba55d319f48; daily CRSP 202607 sha256 1916d331c2c51d2a,"{""comision_por_lado"": 0.0029, ""cortes"": [""2011-12-31""], ""efectivo_en_mxn"": false, ""exposicion_inicial"": 0.0, ""exposicion_max"": 10.0, ""exposicion_min"": -10.0, ""extras"": [""vol""], ""fx"": false, ""max_dias_fx"": 10, ""min_historia"": 12, ""periodos_por_anio"": 12, ""permitir_capturas"": false, ""rebalanceo_con_deriva"": true, ""segmentos"": [""dentro_muestra"", ""fuera_muestra""], ""senal"": ""a_ls_vt40_L3"", ""spread_por_lado"": 0.0005, ""usuario"": {""L"": 3, ""escenario_costos"": ""defecto"", ""parte"": ""a"", ""sigma_obj"": 0.4, ""tipo"": ""largo/corto"", ""tope"": 10.0}, ""variante"": ""A_ls_vt40_L3""}",
2026-09-25T05:27:43.420168Z,R02,243943d5ae,A_ls_vt40_L6,1,completo,1927-06-30,2026-07-31,1189,12,USD,-0.11755415021402227,-0.001261323738717679,0.4866034286958226,0.20502099534379808,0.2855475572848493,-0.9970634432591978,-0.001265038596335122,0.059184463425633424,-0.553007610144477,5.028041147127449,0.9774611432047484,1.5891999258395482,1.0,16.116345974461524,0.054795576313169295,1189,0.10260130985470983,0.03287249298954742,0.0029,0.0005,2011-12-31,e85ac74d630dff95,French F-F_Research_Data_Factors CRSP 202607 sha256 b840dba55d319f48; daily CRSP 202607 sha256 1916d331c2c51d2a,"{""comision_por_lado"": 0.0029, ""cortes"": [""2011-12-31""], ""efectivo_en_mxn"": false, ""exposicion_inicial"": 0.0, ""exposicion_max"": 10.0, ""exposicion_min"": -10.0, ""extras"": [""vol""], ""fx"": false, ""max_dias_fx"": 10, ""min_historia"": 12, ""periodos_por_anio"": 12, ""permitir_capturas"": false, ""rebalanceo_con_deriva"": true, ""segmentos"": [""dentro_muestra"", ""fuera_muestra""], ""senal"": ""a_ls_vt40_L6"", ""spread_por_lado"": 0.0005, ""usuario"": {""L"": 6, ""escenario_costos"": ""defecto"", ""parte"": ""a"", ""sigma_obj"": 0.4, ""tipo"": ""largo/corto"", ""tope"": 10.0}, ""variante"": ""A_ls_vt40_L6""}",
2026-09-25T05:27:43.420168Z,R02,243943d5ae,A_ls_vt40_L6,1,dentro_muestra,1927-06-30,2011-12-31,1014,12,USD,-0.3642313474541592,-0.005345429630565834,0.5030994266411827,0.20459000976504432,0.2856934170620563,-0.9970634432591978,-0.005361173019334368,0.059060048605678254,-0.54742445756659,4.975353051299671,0.967624640983398,1.4991892446637056,1.0,17.05497215914309,0.0579869053410866,1014,0.09471675589938688,0.03582725431534661,0.0029,0.0005,2011-12-31,e85ac74d630dff95,French F-F_Research_Data_Factors CRSP 202607 sha256 b840dba55d319f48; daily CRSP 202607 sha256 1916d331c2c51d2a,"{""comision_por_lado"": 0.0029, ""cortes"": [""2011-12-31""], ""efectivo_en_mxn"": false, ""exposicion_inicial"": 0.0, ""exposicion_max"": 10.0, ""exposicion_min"": -10.0, ""extras"": [""vol""], ""fx"": false, ""max_dias_fx"": 10, ""min_historia"": 12, ""periodos_por_anio"": 12, ""permitir_capturas"": false, ""rebalanceo_con_deriva"": true, ""segmentos"": [""dentro_muestra"", ""fuera_muestra""], ""senal"": ""a_ls_vt40_L6"", ""spread_por_lado"": 0.0005, ""usuario"": {""L"": 6, ""escenario_costos"": ""defecto"", ""parte"": ""a"", ""sigma_obj"": 0.4, ""tipo"": ""largo/corto"", ""tope"": 10.0}, ""variante"": ""A_ls_vt40_L6""}",
2026-09-25T05:27:43.420168Z,R02,243943d5ae,A_ls_vt40_L6,1,fuera_muestra,2011-12-31,2026-07-31,175,12,USD,0.38799836426718204,0.022739066019295207,0.37812123477725873,0.21523699017500772,0.29293222843918226,-0.8927140282724433,0.025471836779914,0.06213356710855277,-0.5744455002159823,3.4548425921722847,0.7894262391482644,2.1107475299098595,1.0,10.676860959404,0.03630132726197358,175,0.1494246054539059,0.01591439165222197,0.0029,0.0005,2011-12-31,e85ac74d630dff95,French F-F_Research_Data_Factors CRSP 202607 sha256 b840dba55d319f48; daily CRSP 202607 sha256 1916d331c2c51d2a,"{""comision_por_lado"": 0.0029, ""cortes"": [""2011-12-31""], ""efectivo_en_mxn"": false, ""exposicion_inicial"": 0.0, ""exposicion_max"": 10.0, ""exposicion_min"": -10.0, ""extras"": [""vol""], ""fx"": false, ""max_dias_fx"": 10, ""min_historia"": 12, ""periodos_por_anio"": 12, ""permitir_capturas"": false, ""rebalanceo_con_deriva"": true, ""segmentos"": [""dentro_muestra"", ""fuera_muestra""], ""senal"": ""a_ls_vt40_L6"", ""spread_por_lado"": 0.0005, ""usuario"": {""L"": 6, ""escenario_costos"": ""defecto"", ""parte"": ""a"", ""sigma_obj"": 0.4, ""tipo"": ""largo/corto"", ""tope"": 10.0}, ""variante"": ""A_ls_vt40_L6""}",
2026-09-25T05:27:43.446426Z,R02,5544ce9ef6,A_ls_vt40_L12,1,completo,1927-06-30,2026-07-31,1189,12,USD,661.9085520638818,0.06776313585977123,0.4834713032435668,0.3385744099352598,0.48872727809766336,-0.9848106032023218,0.06880829231470999,0.09773801335842047,-0.5043239910380674,5.113274265522077,0.9994687059245293,1.788005425107295,1.0,11.405537161719648,0.03877882634984682,1189,0.10260130985470983,0.03287249298954742,0.0029,0.0005,2011-12-31,e85ac74d630dff95,French F-F_Research_Data_Factors CRSP 202607 sha256 b840dba55d319f48; daily CRSP 202607 sha256 1916d331c2c51d2a,"{""comision_por_lado"": 0.0029, ""cortes"": [""2011-12-31""], ""efectivo_en_mxn"": false, ""exposicion_inicial"": 0.0, ""exposicion_max"": 10.0, ""exposicion_min"": -10.0, ""extras"": [""vol""], ""fx"": false, ""max_dias_fx"": 10, ""min_historia"": 12, ""periodos_por_anio"": 12, ""permitir_capturas"": false, ""rebalanceo_con_deriva"": true, ""segmentos"": [""dentro_muestra"", ""fuera_muestra""], ""senal"": ""a_ls_vt40_L12"", ""spread_por_lado"": 0.0005, ""usuario"": {""L"": 12, ""escenario_costos"": ""defecto"", ""parte"": ""a"", ""sigma_obj"": 0.4, ""tipo"": ""largo/corto"", ""tope"": 10.0}, ""variante"": ""A_ls_vt40_L12""}",
2026-09-25T05:27:43.446426Z,R02,5544ce9ef6,A_ls_vt40_L12,1,dentro_muestra,1927-06-30,2011-12-31,1014,12,USD,189.33344059905667,0.06408251828723066,0.4998497629638297,0.33482486556919716,0.48326221440770484,-0.9848106032023218,0.06507090609996752,0.09665561313387813,-0.5108915340565745,5.065348084607791,0.9986031677851903,1.713516903966823,1.0,11.894230573149027,0.0404403839487067,1014,0.09471675589938688,0.03582725431534661,0.0029,0.0005,2011-12-31,e85ac74d630dff95,French F-F_Research_Data_Factors CRSP 202607 sha256 b840dba55d319f48; daily CRSP 202607 sha256 1916d331c2c51d2a,"{""comision_por_lado"": 0.0029, ""cortes"": [""2011-12-31""], ""efectivo_en_mxn"": false, ""exposicion_inicial"": 0.0, ""exposicion_max"": 10.0, ""exposicion_min"": -10.0, ""extras"": [""vol""], ""fx"": false, ""max_dias_fx"": 10, ""min_historia"": 12, ""periodos_por_anio"": 12, ""permitir_capturas"": false, ""rebalanceo_con_deriva"": true, ""segmentos"": [""dentro_muestra"", ""fuera_muestra""], ""senal"": ""a_ls_vt40_L12"", ""spread_por_lado"": 0.0005, ""usuario"": {""L"": 12, ""escenario_costos"": ""defecto"", ""parte"": ""a"", ""sigma_obj"": 0.4, ""tipo"": ""largo/corto"", ""tope"": 10.0}, ""variante"": ""A_ls_vt40_L12""}",
2026-09-25T05:27:43.446426Z,R02,5544ce9ef6,A_ls_vt40_L12,1,fuera_muestra,2011-12-31,2026-07-31,175,12,USD,2.4828800970414804,0.08934494771955603,0.3757442276940102,0.3790136021152932,0.5493825257718327,-0.81861824390538,0.1091411636434076,0.10941180260389713,-0.37167326499110825,3.397454893859443,0.9207167930982658,2.219613199029801,1.0,8.573482684857508,0.02914984112851552,175,0.1494246054539059,0.01591439165222197,0.0029,0.0005,2011-12-31,e85ac74d630dff95,French F-F_Research_Data_Factors CRSP 202607 sha256 b840dba55d319f48; daily CRSP 202607 sha256 1916d331c2c51d2a,"{""comision_por_lado"": 0.0029, ""cortes"": [""2011-12-31""], ""efectivo_en_mxn"": false, ""exposicion_inicial"": 0.0, ""exposicion_max"": 10.0, ""exposicion_min"": -10.0, ""extras"": [""vol""], ""fx"": false, ""max_dias_fx"": 10, ""min_historia"": 12, ""periodos_por_anio"": 12, ""permitir_capturas"": false, ""rebalanceo_con_deriva"": true, ""segmentos"": [""dentro_muestra"", ""fuera_muestra""], ""senal"": ""a_ls_vt40_L12"", ""spread_por_lado"": 0.0005, ""usuario"": {""L"": 12, ""escenario_costos"": ""defecto"", ""parte"": ""a"", ""sigma_obj"": 0.4, ""tipo"": ""largo/corto"", ""tope"": 10.0}, ""variante"": ""A_ls_vt40_L12""}",
2026-09-25T05:27:43.471534Z,R02,b5de0e9755,A_lo_L3,1,completo,1927-06-30,2026-07-31,1189,12,USD,1064.8286465421231,0.07289270783677737,0.1282601905904328,0.3615187959040524,0.5335480382413856,-0.5969130361985207,0.12211612649808974,0.10436148706615701,-0.26986015176544326,19.80481843505584,0.999732206538072,0.6383515559293524,0.6383515559293524,2.735010085380343,0.00929903429029312,271,0.10260130985470983,0.03287249298954742,0.0029,0.0005,2011-12-31,e85ac74d630dff95,French F-F_Research_Data_Factors CRSP 202607 sha256 b840dba55d319f48; daily CRSP 202607 sha256 1916d331c2c51d2a,"{""comision_por_lado"": 0.0029, ""cortes"": [""2011-12-31""], ""efectivo_en_mxn"": false, ""exposicion_inicial"": 0.0, ""exposicion_max"": 1.0, ""exposicion_min"": 0.0, ""extras"": [""vol""], ""fx"": false, ""max_dias_fx"": 10, ""min_historia"": 12, ""periodos_por_anio"": 12, ""permitir_capturas"": false, ""rebalanceo_con_deriva"": true, ""segmentos"": [""dentro_muestra"", ""fuera_muestra""], ""senal"": ""a_lo_L3"", ""spread_por_lado"": 0.0005, ""usuario"": {""L"": 3, ""escenario_costos"": ""defecto"", ""parte"": ""a"", ""tipo"": ""solo largos""}, ""variante"": ""A_lo_L3""}",
2026-09-25T05:27:43.471534Z,R02,b5de0e9755,A_lo_L3,1,dentro_muestra,1927-06-30,2011-12-31,1014,12,USD,298.59102899762826,0.06981018333641464,0.13212436694940458,0.3114896536810898,0.4552863309021963,-0.5969130361985207,0.11695201663043803,0.08991931770128025,-0.2707315958185177,20.344325894649405,0.9972419207311527,0.6153846153846154,0.6153846153846154,2.828276364814515,0.009616139640369312,239,0.09471675589938688,0.03582725431534661,0.0029,0.0005,2011-12-31,e85ac74d630dff95,French F-F_Research_Data_Factors CRSP 202607 sha256 b840dba55d319f48; daily CRSP 202607 sha256 1916d331c2c51d2a,"{""comision_por_lado"": 0.0029, ""cortes"": [""2011-12-31""], ""efectivo_en_mxn"": false, ""exposicion_inicial"": 0.0, ""exposicion_max"": 1.0, ""exposicion_min"": 0.0, ""extras"": [""vol""], ""fx"": false, ""max_dias_fx"": 10, ""min_historia"": 12, ""periodos_por_anio"": 12, ""permitir_capturas"": false, ""rebalanceo_con_deriva"": true, ""segmentos"": [""dentro_muestra"", ""fuera_muestra""], ""senal"": ""a_lo_L3"", ""spread_por_lado"": 0.0005, ""usuario"": {""L"": 3, ""escenario_costos"": ""defecto"", ""parte"": ""a"", ""tipo"": ""solo largos""}, ""variante"": ""A_lo_L3""}",
2026-09-25T05:27:43.471534Z,R02,b5de0e9755,A_lo_L3,1,fuera_muestra,2011-12-31,2026-07-31,175,12,USD,2.5576120223231364,0.0909321056204957,0.103290664733918,0.7428233271016541,1.2132398459755216,-0.18382317526515723,0.4946716075888143,0.21443462393123672,-0.06832981718706031,4.527051187748397,0.9970529129410968,0.7714285714285715,0.7714285714285715,2.1945174615095757,0.007461359369132557,32,0.1494246054539059,0.01591439165222197,0.0029,0.0005,2011-12-31,e85ac74d630dff95,French F-F_Research_Data_Factors CRSP 202607 sha256 b840dba55d319f48; daily CRSP 202607 sha256 1916d331c2c51d2a,"{""comision_por_lado"": 0.0029, ""cortes"": [""2011-12-31""], ""efectivo_en_mxn"": false, ""exposicion_inicial"": 0.0, ""exposicion_max"": 1.0, ""exposicion_min"": 0.0, ""extras"": [""vol""], ""fx"": false, ""max_dias_fx"": 10, ""min_historia"": 12, ""periodos_por_anio"": 12, ""permitir_capturas"": false, ""rebalanceo_con_deriva"": true, ""segmentos"": [""dentro_muestra"", ""fuera_muestra""], ""senal"": ""a_lo_L3"", ""spread_por_lado"": 0.0005, ""usuario"": {""L"": 3, ""escenario_costos"": ""defecto"", ""parte"": ""a"", ""tipo"": ""solo largos""}, ""variante"": ""A_lo_L3""}",
2026-09-25T05:27:43.500330Z,R02,e53c24f1e6,A_lo_L6,1,completo,1927-06-30,2026-07-31,1189,12,USD,1894.429423763068,0.07914442068304073,0.1232303037007105,0.4190668977404407,0.5976996205782191,-0.5674822998494833,0.13946588414128983,0.12097419310945241,-0.8916602737549434,9.534356584331658,0.9999532372544679,0.68040370058873,0.68040370058873,1.7257812715868586,0.005867656323395315,171,0.10260130985470983,0.03287249298954742,0.0029,0.0005,2011-12-31,e85ac74d630dff95,French F-F_Research_Data_Factors CRSP 202607 sha256 b840dba55d319f48; daily CRSP 202607 sha256 1916d331c2c51d2a,"{""comision_por_lado"": 0.0029, ""cortes"": [""2011-12-31""], ""efectivo_en_mxn"": false, ""exposicion_inicial"": 0.0, ""exposicion_max"": 1.0, ""exposicion_min"": 0.0, ""extras"": [""vol""], ""fx"": false, ""max_dias_fx"": 10, ""min_historia"": 12, ""periodos_por_anio"": 12, ""permitir_capturas"": false, ""rebalanceo_con_deriva"": true, ""segmentos"": [""dentro_muestra"", ""fuera_muestra""], ""senal"": ""a_lo_L6"", ""spread_por_lado"": 0.0005, ""usuario"": {""L"": 6, ""escenario_costos"": ""defecto"", ""parte"": ""a"", ""tipo"": ""solo largos""}, ""variante"": ""A_lo_L6""}",
2026-09-25T05:27:43.500330Z,R02,e53c24f1e6,A_lo_L6,1,dentro_muestra,1927-06-30,2011-12-31,1014,12,USD,595.1811011462457,0.07855736626365983,0.12442700259268186,0.389014267776146,0.5529065322457547,-0.5674822998494833,0.1384313947492214,0.11229874610958153,-0.9166591451192087,10.034030976390344,0.9996105941373818,0.6577909270216963,0.6577909270216963,1.7750688482099466,0.006035234083913823,150,0.09471675589938688,0.03582725431534661,0.0029,0.0005,2011-12-31,e85ac74d630dff95,French F-F_Research_Data_Factors CRSP 202607 sha256 b840dba55d319f48; daily CRSP 202607 sha256 1916d331c2c51d2a,"{""comision_por_lado"": 0.0029, ""cortes"": [""2011-12-31""], ""efectivo_en_mxn"": false, ""exposicion_inicial"": 0.0, ""exposicion_max"": 1.0, ""exposicion_min"": 0.0, ""extras"": [""vol""], ""fx"": false, ""max_dias_fx"": 10, ""min_historia"": 12, ""periodos_por_anio"": 12, ""permitir_capturas"": false, ""rebalanceo_con_deriva"": true, ""segmentos"": [""dentro_muestra"", ""fuera_muestra""], ""senal"": ""a_lo_L6"", ""spread_por_lado"": 0.0005, ""usuario"": {""L"": 6, ""escenario_costos"": ""defecto"", ""parte"": ""a"", ""tipo"": ""solo largos""}, ""variante"": ""A_lo_L6""}",
2026-09-25T05:27:43.500330Z,R02,e53c24f1e6,A_lo_L6,1,fuera_muestra,2011-12-31,2026-07-31,175,12,USD,2.179284650450723,0.08255278941625654,0.11639187014878605,0.6053559076438447,0.8856347047626355,-0.3051589793024495,0.2705238744898171,0.174751198116852,-0.690455204603771,5.497713064065226,0.9840190972788596,0.8114285714285714,0.8114285714285714,1.440152084115659,0.00489651708599324,21,0.1494246054539059,0.01591439165222197,0.0029,0.0005,2011-12-31,e85ac74d630dff95,French F-F_Research_Data_Factors CRSP 202607 sha256 b840dba55d319f48; daily CRSP 202607 sha256 1916d331c2c51d2a,"{""comision_por_lado"": 0.0029, ""cortes"": [""2011-12-31""], ""efectivo_en_mxn"": false, ""exposicion_inicial"": 0.0, ""exposicion_max"": 1.0, ""exposicion_min"": 0.0, ""extras"": [""vol""], ""fx"": false, ""max_dias_fx"": 10, ""min_historia"": 12, ""periodos_por_anio"": 12, ""permitir_capturas"": false, ""rebalanceo_con_deriva"": true, ""segmentos"": [""dentro_muestra"", ""fuera_muestra""], ""senal"": ""a_lo_L6"", ""spread_por_lado"": 0.0005, ""usuario"": {""L"": 6, ""escenario_costos"": ""defecto"", ""parte"": ""a"", ""tipo"": ""solo largos""}, ""variante"": ""A_lo_L6""}",
2026-09-25T05:27:43.526104Z,R02,324fb4fe18,A_lo_L12,1,completo,1927-06-30,2026-07-31,1189,12,USD,8843.135546656964,0.09605105234395239,0.12583210336031714,0.5361827224318338,0.8075674492991086,-0.4516676006306942,0.21265871674175826,0.15478261956542283,-0.5795193550596873,8.67159830707787,0.9999997224306731,0.7064760302775441,0.7064760302775441,0.8780290680003315,0.002985298831201124,87,0.10260130985470983,0.03287249298954742,0.0029,0.0005,2011-12-31,e85ac74d630dff95,French F-F_Research_Data_Factors CRSP 202607 sha256 b840dba55d319f48; daily CRSP 202607 sha256 1916d331c2c51d2a,"{""comision_por_lado"": 0.0029, ""cortes"": [""2011-12-31""], ""efectivo_en_mxn"": false, ""exposicion_inicial"": 0.0, ""exposicion_max"": 1.0, ""exposicion_min"": 0.0, ""extras"": [""vol""], ""fx"": false, ""max_dias_fx"": 10, ""min_historia"": 12, ""periodos_por_anio"": 12, ""permitir_capturas"": false, ""rebalanceo_con_deriva"": true, ""segmentos"": [""dentro_muestra"", ""fuera_muestra""], ""senal"": ""a_lo_L12"", ""spread_por_lado"": 0.0005, ""usuario"": {""L"": 12, ""escenario_costos"": ""defecto"", ""parte"": ""a"", ""tipo"": ""solo largos""}, ""variante"": ""A_lo_L12""}",
2026-09-25T05:27:43.526104Z,R02,324fb4fe18,A_lo_L12,1,dentro_muestra,1927-06-30,2011-12-31,1014,12,USD,2193.0994544870523,0.09531676044689341,0.12607499406392894,0.5072769268551978,0.7618933204995795,-0.4516676006306942,0.21103298158600733,0.14643823513676726,-0.5955589514615852,9.299727413572235,0.9999940983483062,0.6824457593688363,0.6824457593688363,0.863866839462174,0.0029371472541713855,73,0.09471675589938688,0.03582725431534661,0.0029,0.0005,2011-12-31,e85ac74d630dff95,French F-F_Research_Data_Factors CRSP 202607 sha256 b840dba55d319f48; daily CRSP 202607 sha256 1916d331c2c51d2a,"{""comision_por_lado"": 0.0029, ""cortes"": [""2011-12-31""], ""efectivo_en_mxn"": false, ""exposicion_inicial"": 0.0, ""exposicion_max"": 1.0, ""exposicion_min"": 0.0, ""extras"": [""vol""], ""fx"": false, ""max_dias_fx"": 10, ""min_historia"": 12, ""periodos_por_anio"": 12, ""permitir_capturas"": false, ""rebalanceo_con_deriva"": true, ""segmentos"": [""dentro_muestra"", ""fuera_muestra""], ""senal"": ""a_lo_L12"", ""spread_por_lado"": 0.0005, ""usuario"": {""L"": 12, ""escenario_costos"": ""defecto"", ""parte"": ""a"", ""tipo"": ""solo largos""}, ""variante"": ""A_lo_L12""}",
2026-09-25T05:27:43.526104Z,R02,324fb4fe18,A_lo_L12,1,fuera_muestra,2011-12-31,2026-07-31,175,12,USD,3.0308726792535374,0.10031609113269813,0.12476846816218372,0.7052302834776575,1.082185603912253,-0.24518889245244568,0.40913799205710105,0.20358244700325082,-0.4794317321015076,4.781852080470409,0.9941104071445728,0.8457142857142858,0.8457142857142858,0.9601013894104394,0.0032643447239954935,14,0.1494246054539059,0.01591439165222197,0.0029,0.0005,2011-12-31,e85ac74d630dff95,French F-F_Research_Data_Factors CRSP 202607 sha256 b840dba55d319f48; daily CRSP 202607 sha256 1916d331c2c51d2a,"{""comision_por_lado"": 0.0029, ""cortes"": [""2011-12-31""], ""efectivo_en_mxn"": false, ""exposicion_inicial"": 0.0, ""exposicion_max"": 1.0, ""exposicion_min"": 0.0, ""extras"": [""vol""], ""fx"": false, ""max_dias_fx"": 10, ""min_historia"": 12, ""periodos_por_anio"": 12, ""permitir_capturas"": false, ""rebalanceo_con_deriva"": true, ""segmentos"": [""dentro_muestra"", ""fuera_muestra""], ""senal"": ""a_lo_L12"", ""spread_por_lado"": 0.0005, ""usuario"": {""L"": 12, ""escenario_costos"": ""defecto"", ""parte"": ""a"", ""tipo"": ""solo largos""}, ""variante"": ""A_lo_L12""}",
2026-09-25T05:27:43.557555Z,R02,bcaed6e30d,A_ref_comprar_mantener,0,completo,1927-06-30,2026-07-31,1189,12,USD,15905.770725779157,0.10256341162295546,0.18407262054752943,0.4474463953280563,0.6755322777788232,-0.8365224657023863,0.12260688245454121,0.12916664839529052,0.15627536024461244,10.310747573454414,0.9999948574896089,1.0,1.0,0.010092288137934845,3.4313779668978476e-05,1,0.10260130985470983,0.03287249298954742,0.0029,0.0005,2011-12-31,e85ac74d630dff95,French F-F_Research_Data_Factors CRSP 202607 sha256 b840dba55d319f48; daily CRSP 202607 sha256 1916d331c2c51d2a,"{""comision_por_lado"": 0.0029, ""cortes"": [""2011-12-31""], ""efectivo_en_mxn"": false, ""exposicion_inicial"": 0.0, ""exposicion_max"": 1.0, ""exposicion_min"": 0.0, ""extras"": [""vol""], ""fx"": false, ""max_dias_fx"": 10, ""min_historia"": 12, ""periodos_por_anio"": 12, ""permitir_capturas"": false, ""rebalanceo_con_deriva"": true, ""segmentos"": [""dentro_muestra"", ""fuera_muestra""], ""senal"": ""senal_comprar_y_mantener"", ""spread_por_lado"": 0.0005, ""usuario"": {""escenario_costos"": ""defecto"", ""parte"": ""a"", ""tipo"": ""referencia""}, ""variante"": ""A_ref_comprar_mantener""}",referencia
2026-09-25T05:27:43.557555Z,R02,bcaed6e30d,A_ref_comprar_mantener,0,dentro_muestra,1927-06-30,2011-12-31,1014,12,USD,2086.6996665397155,0.09467263592793174,0.18998786142397353,0.38623473900581,0.5793532155353864,-0.8365224657023863,0.11317405067948753,0.11149636526769464,0.21288095063947526,10.450189535695076,0.9997989587983382,1.0,1.0,0.011833792321399644,4.0234893892758785e-05,1,0.09471675589938688,0.03582725431534661,0.0029,0.0005,2011-12-31,e85ac74d630dff95,French F-F_Research_Data_Factors CRSP 202607 sha256 b840dba55d319f48; daily CRSP 202607 sha256 1916d331c2c51d2a,"{""comision_por_lado"": 0.0029, ""cortes"": [""2011-12-31""], ""efectivo_en_mxn"": false, ""exposicion_inicial"": 0.0, ""exposicion_max"": 1.0, ""exposicion_min"": 0.0, ""extras"": [""vol""], ""fx"": false, ""max_dias_fx"": 10, ""min_historia"": 12, ""periodos_por_anio"": 12, ""permitir_capturas"": false, ""rebalanceo_con_deriva"": true, ""segmentos"": [""dentro_muestra"", ""fuera_muestra""], ""senal"": ""senal_comprar_y_mantener"", ""spread_por_lado"": 0.0005, ""usuario"": {""escenario_costos"": ""defecto"", ""parte"": ""a"", ""tipo"": ""referencia""}, ""variante"": ""A_ref_comprar_mantener""}",referencia
2026-09-25T05:27:43.557555Z,R02,bcaed6e30d,A_ref_comprar_mantener,0,fuera_muestra,2011-12-31,2026-07-31,175,12,USD,6.619281154623179,0.1494246054539059,0.14515916908842977,0.9281555946250296,1.4967910440498882,-0.2484493224703468,0.6014289110075565,0.26793544120330903,-0.38044433568792047,3.9502762688913693,0.9994968969733392,1.0,1.0,0.0,0.0,0,0.1494246054539059,0.01591439165222197,0.0029,0.0005,2011-12-31,e85ac74d630dff95,French F-F_Research_Data_Factors CRSP 202607 sha256 b840dba55d319f48; daily CRSP 202607 sha256 1916d331c2c51d2a,"{""comision_por_lado"": 0.0029, ""cortes"": [""2011-12-31""], ""efectivo_en_mxn"": false, ""exposicion_inicial"": 0.0, ""exposicion_max"": 1.0, ""exposicion_min"": 0.0, ""extras"": [""vol""], ""fx"": false, ""max_dias_fx"": 10, ""min_historia"": 12, ""periodos_por_anio"": 12, ""permitir_capturas"": false, ""rebalanceo_con_deriva"": true, ""segmentos"": [""dentro_muestra"", ""fuera_muestra""], ""senal"": ""senal_comprar_y_mantener"", ""spread_por_lado"": 0.0005, ""usuario"": {""escenario_costos"": ""defecto"", ""parte"": ""a"", ""tipo"": ""referencia""}, ""variante"": ""A_ref_comprar_mantener""}",referencia
2026-09-25T05:27:43.587655Z,R02,3e11c22c2a,A_ref_efectivo,0,completo,1927-06-30,2026-07-31,1189,12,USD,23.65052983122982,0.03287249298954742,0.008640101911741083,0.0,0.0,-0.0008998599580103406,36.5306764646257,,0.0,3.0,,0.0,0.0,0.0,0.0,0,0.10260130985470983,0.03287249298954742,0.0029,0.0005,2011-12-31,e85ac74d630dff95,French F-F_Research_Data_Factors CRSP 202607 sha256 b840dba55d319f48; daily CRSP 202607 sha256 1916d331c2c51d2a,"{""comision_por_lado"": 0.0029, ""cortes"": [""2011-12-31""], ""efectivo_en_mxn"": false, ""exposicion_inicial"": 0.0, ""exposicion_max"": 1.0, ""exposicion_min"": 0.0, ""extras"": [""vol""], ""fx"": false, ""max_dias_fx"": 10, ""min_historia"": 12, ""periodos_por_anio"": 12, ""permitir_capturas"": false, ""rebalanceo_con_deriva"": true, ""segmentos"": [""dentro_muestra"", ""fuera_muestra""], ""senal"": ""senal_efectivo"", ""spread_por_lado"": 0.0005, ""usuario"": {""escenario_costos"": ""defecto"", ""parte"": ""a"", ""tipo"": ""referencia""}, ""variante"": ""A_ref_efectivo""}",referencia
2026-09-25T05:27:43.587655Z,R02,3e11c22c2a,A_ref_efectivo,0,dentro_muestra,1927-06-30,2011-12-31,1014,12,USD,18.581107817503632,0.03582725431534661,0.008819112333418656,0.0,0.0,-0.0008998599580103406,39.81425553656529,,0.0,3.0,,0.0,0.0,0.0,0.0,0,0.09471675589938688,0.03582725431534661,0.0029,0.0005,2011-12-31,e85ac74d630dff95,French F-F_Research_Data_Factors CRSP 202607 sha256 b840dba55d319f48; daily CRSP 202607 sha256 1916d331c2c51d2a,"{""comision_por_lado"": 0.0029, ""cortes"": [""2011-12-31""], ""efectivo_en_mxn"": false, ""exposicion_inicial"": 0.0, ""exposicion_max"": 1.0, ""exposicion_min"": 0.0, ""extras"": [""vol""], ""fx"": false, ""max_dias_fx"": 10, ""min_historia"": 12, ""periodos_por_anio"": 12, ""permitir_capturas"": false, ""rebalanceo_con_deriva"": true, ""segmentos"": [""dentro_muestra"", ""fuera_muestra""], ""senal"": ""senal_efectivo"", ""spread_por_lado"": 0.0005, ""usuario"": {""escenario_costos"": ""defecto"", ""parte"": ""a"", ""tipo"": ""referencia""}, ""variante"": ""A_ref_efectivo""}",referencia
2026-09-25T05:27:43.587655Z,R02,3e11c22c2a,A_ref_efectivo,0,fuera_muestra,2011-12-31,2026-07-31,175,12,USD,0.25889352435895274,0.01591439165222197,0.005455494450957997,0.0,0.0,0.0,inf,,0.0,3.0,,0.0,0.0,0.0,0.0,0,0.1494246054539059,0.01591439165222197,0.0029,0.0005,2011-12-31,e85ac74d630dff95,French F-F_Research_Data_Factors CRSP 202607 sha256 b840dba55d319f48; daily CRSP 202607 sha256 1916d331c2c51d2a,"{""comision_por_lado"": 0.0029, ""cortes"": [""2011-12-31""], ""efectivo_en_mxn"": false, ""exposicion_inicial"": 0.0, ""exposicion_max"": 1.0, ""exposicion_min"": 0.0, ""extras"": [""vol""], ""fx"": false, ""max_dias_fx"": 10, ""min_historia"": 12, ""periodos_por_anio"": 12, ""permitir_capturas"": false, ""rebalanceo_con_deriva"": true, ""segmentos"": [""dentro_muestra"", ""fuera_muestra""], ""senal"": ""senal_efectivo"", ""spread_por_lado"": 0.0005, ""usuario"": {""escenario_costos"": ""defecto"", ""parte"": ""a"", ""tipo"": ""referencia""}, ""variante"": ""A_ref_efectivo""}",referencia
2026-09-25T05:27:43.621636Z,R02,845f849629,A_ref_sma10,0,completo,1927-06-30,2026-07-31,1189,12,USD,6233.730767371164,0.09219049755986264,0.12524180166177942,0.5101000589602692,0.7559508271665315,-0.4349816634196292,0.21194111226460127,0.14725320317717772,-0.6770074863023119,8.664195594880193,0.999998987923093,0.7300252312867956,0.7300252312867956,1.4835663562764223,0.005044125611339841,147,0.10260130985470983,0.03287249298954742,0.0029,0.0005,2011-12-31,e85ac74d630dff95,French F-F_Research_Data_Factors CRSP 202607 sha256 b840dba55d319f48; daily CRSP 202607 sha256 1916d331c2c51d2a,"{""comision_por_lado"": 0.0029, ""cortes"": [""2011-12-31""], ""efectivo_en_mxn"": false, ""exposicion_inicial"": 0.0, ""exposicion_max"": 1.0, ""exposicion_min"": 0.0, ""extras"": [""vol""], ""fx"": false, ""max_dias_fx"": 10, ""min_historia"": 12, ""periodos_por_anio"": 12, ""permitir_capturas"": false, ""rebalanceo_con_deriva"": true, ""segmentos"": [""dentro_muestra"", ""fuera_muestra""], ""senal"": ""media_movil_10"", ""spread_por_lado"": 0.0005, ""usuario"": {""escenario_costos"": ""defecto"", ""parte"": ""a"", ""tipo"": ""referencia"", ""ventana"": 10}, ""variante"": ""A_ref_sma10""}",referencia
2026-09-25T05:27:43.621636Z,R02,845f849629,A_ref_sma10,0,dentro_muestra,1927-06-30,2011-12-31,1014,12,USD,1492.5158673601259,0.09034249860836141,0.12775858495078724,0.4672081138478729,0.6869907542384952,-0.4349816634196292,0.20769265972760675,0.1348713651488234,-0.704656854588551,8.968789231836132,0.9999728029472132,0.7110453648915187,0.7110453648915187,1.4673902478535559,0.004989126842702092,124,0.09471675589938688,0.03582725431534661,0.0029,0.0005,2011-12-31,e85ac74d630dff95,French F-F_Research_Data_Factors CRSP 202607 sha256 b840dba55d319f48; daily CRSP 202607 sha256 1916d331c2c51d2a,"{""comision_por_lado"": 0.0029, ""cortes"": [""2011-12-31""], ""efectivo_en_mxn"": false, ""exposicion_inicial"": 0.0, ""exposicion_max"": 1.0, ""exposicion_min"": 0.0, ""extras"": [""vol""], ""fx"": false, ""max_dias_fx"": 10, ""min_historia"": 12, ""periodos_por_anio"": 12, ""permitir_capturas"": false, ""rebalanceo_con_deriva"": true, ""segmentos"": [""dentro_muestra"", ""fuera_muestra""], ""senal"": ""media_movil_10"", ""spread_por_lado"": 0.0005, ""usuario"": {""escenario_costos"": ""defecto"", ""parte"": ""a"", ""tipo"": ""referencia"", ""ventana"": 10}, ""variante"": ""A_ref_sma10""}",referencia
2026-09-25T05:27:43.621636Z,R02,845f849629,A_ref_sma10,0,fuera_muestra,2011-12-31,2026-07-31,175,12,USD,3.1745326605678468,0.10296177696814346,0.10982911838472696,0.8032098132551595,1.2719685565715544,-0.193075745795508,0.5332714191724174,0.2318667009493077,-0.3378224927626836,4.3889706466446645,0.9980432346285284,0.84,0.84,1.5773094254600075,0.005362852046564025,23,0.1494246054539059,0.01591439165222197,0.0029,0.0005,2011-12-31,e85ac74d630dff95,French F-F_Research_Data_Factors CRSP 202607 sha256 b840dba55d319f48; daily CRSP 202607 sha256 1916d331c2c51d2a,"{""comision_por_lado"": 0.0029, ""cortes"": [""2011-12-31""], ""efectivo_en_mxn"": false, ""exposicion_inicial"": 0.0, ""exposicion_max"": 1.0, ""exposicion_min"": 0.0, ""extras"": [""vol""], ""fx"": false, ""max_dias_fx"": 10, ""min_historia"": 12, ""periodos_por_anio"": 12, ""permitir_capturas"": false, ""rebalanceo_con_deriva"": true, ""segmentos"": [""dentro_muestra"", ""fuera_muestra""], ""senal"": ""media_movil_10"", ""spread_por_lado"": 0.0005, ""usuario"": {""escenario_costos"": ""defecto"", ""parte"": ""a"", ""tipo"": ""referencia"", ""ventana"": 10}, ""variante"": ""A_ref_sma10""}",referencia
2026-09-25T05:27:43.653350Z,R02,00eea91afc,A_ref_largo_vt40,0,completo,1927-06-30,2026-07-31,1189,12,USD,580713.6965738661,0.14332993263337812,0.48287376499753437,0.48156841608680445,0.7072675409391119,-0.9858802189183887,0.14538270459531655,0.13901682733046913,-0.5836302652114514,5.256675900854933,0.9999975029154555,3.2358959681985846,1.0,5.884901518893339,0.02000866516423731,1189,0.10260130985470983,0.03287249298954742,0.0029,0.0005,2011-12-31,e85ac74d630dff95,French F-F_Research_Data_Factors CRSP 202607 sha256 b840dba55d319f48; daily CRSP 202607 sha256 1916d331c2c51d2a,"{""comision_por_lado"": 0.0029, ""cortes"": [""2011-12-31""], ""efectivo_en_mxn"": false, ""exposicion_inicial"": 0.0, ""exposicion_max"": 10.0, ""exposicion_min"": 0.0, ""extras"": [""vol""], ""fx"": false, ""max_dias_fx"": 10, ""min_historia"": 12, ""periodos_por_anio"": 12, ""permitir_capturas"": false, ""rebalanceo_con_deriva"": true, ""segmentos"": [""dentro_muestra"", ""fuera_muestra""], ""senal"": ""a_largo_vt40"", ""spread_por_lado"": 0.0005, ""usuario"": {""escenario_costos"": ""defecto"", ""parte"": ""a"", ""sigma_obj"": 0.4, ""tipo"": ""referencia"", ""tope"": 10.0}, ""variante"": ""A_ref_largo_vt40""}",referencia
2026-09-25T05:27:43.653350Z,R02,00eea91afc,A_ref_largo_vt40,0,dentro_muestra,1927-06-30,2011-12-31,1014,12,USD,15106.847745803589,0.12061341106719126,0.5003117814144278,0.43951776888570737,0.6432500295931411,-0.9858802189183887,0.12234083690158272,0.12687785108989344,-0.5645968254366842,5.149471628865933,0.9999457777355728,3.3111996517714526,1.0,6.113708197366008,0.02078660787104438,1014,0.09471675589938688,0.03582725431534661,0.0029,0.0005,2011-12-31,e85ac74d630dff95,French F-F_Research_Data_Factors CRSP 202607 sha256 b840dba55d319f48; daily CRSP 202607 sha256 1916d331c2c51d2a,"{""comision_por_lado"": 0.0029, ""cortes"": [""2011-12-31""], ""efectivo_en_mxn"": false, ""exposicion_inicial"": 0.0, ""exposicion_max"": 10.0, ""exposicion_min"": 0.0, ""extras"": [""vol""], ""fx"": false, ""max_dias_fx"": 10, ""min_historia"": 12, ""periodos_por_anio"": 12, ""permitir_capturas"": false, ""rebalanceo_con_deriva"": true, ""segmentos"": [""dentro_muestra"", ""fuera_muestra""], ""senal"": ""a_largo_vt40"", ""spread_por_lado"": 0.0005, ""usuario"": {""escenario_costos"": ""defecto"", ""parte"": ""a"", ""sigma_obj"": 0.4, ""tipo"": ""referencia"", ""tope"": 10.0}, ""variante"": ""A_ref_largo_vt40""}",referencia
2026-09-25T05:27:43.653350Z,R02,00eea91afc,A_ref_largo_vt40,0,fuera_muestra,2011-12-31,2026-07-31,175,12,USD,37.43795002072141,0.2843421897691558,0.36657467420499756,0.8349488724972695,1.2775275168358344,-0.5497414805144225,0.517228915495119,0.24102897814793653,-0.6035816726857501,3.8542068089869366,0.9982402942904428,2.799564910239222,1.0,4.558931160076413,0.015500365944259816,175,0.1494246054539059,0.01591439165222197,0.0029,0.0005,2011-12-31,e85ac74d630dff95,French F-F_Research_Data_Factors CRSP 202607 sha256 b840dba55d319f48; daily CRSP 202607 sha256 1916d331c2c51d2a,"{""comision_por_lado"": 0.0029, ""cortes"": [""2011-12-31""], ""efectivo_en_mxn"": false, ""exposicion_inicial"": 0.0, ""exposicion_max"": 10.0, ""exposicion_min"": 0.0, ""extras"": [""vol""], ""fx"": false, ""max_dias_fx"": 10, ""min_historia"": 12, ""periodos_por_anio"": 12, ""permitir_capturas"": false, ""rebalanceo_con_deriva"": true, ""segmentos"": [""dentro_muestra"", ""fuera_muestra""], ""senal"": ""a_largo_vt40"", ""spread_por_lado"": 0.0005, ""usuario"": {""escenario_costos"": ""defecto"", ""parte"": ""a"", ""sigma_obj"": 0.4, ""tipo"": ""referencia"", ""tope"": 10.0}, ""variante"": ""A_ref_largo_vt40""}",referencia
2026-09-25T05:27:43.700648Z,R02,7541e8def5,B_ls_vt40_L3,1,completo,2007-02-28,2026-07-31,233,12,USD,0.3270800189260674,0.01467863683373083,0.2058650413113499,0.09996642750402608,0.15309134332270039,-0.5866139807311717,0.025022650867330125,0.028857821914687335,0.5078624241341949,5.07216776518263,0.6709781329630543,0.6214645696512738,1.0,19.954994731120788,0.0678469820858107,233,0.06308435048820926,0.014823262699370066,0.0029,0.0005,2011-12-31,0e6d3baabe3fe595,"Yahoo chart v8 adjclose 1mo/1d SPY,EFA,EEM,TLT,IEF,GLD,DBC,VNQ (descarga 2026-09-25); RF French CRSP 202607 sha256 b840dba55d319f48","{""activos"": [""SPY"", ""EFA"", ""EEM"", ""TLT"", ""IEF"", ""GLD"", ""DBC"", ""VNQ""], ""bruto_max"": 10.0, ""comision_por_lado"": 0.0029, ""cortes"": [""2011-12-31""], ""efectivo_en_mxn"": false, ""extras"": [""vol_DBC"", ""vol_EEM"", ""vol_EFA"", ""vol_GLD"", ""vol_IEF"", ""vol_SPY"", ""vol_TLT"", ""vol_VNQ""], ""fx"": false, ""max_dias_fx"": 10, ""min_historia"": 12, ""motor"": ""R02.backtest_cartera"", ""periodos_por_anio"": 12, ""peso_max"": 1.25, ""peso_min"": -1.25, ""rebalanceo_con_deriva"": true, ""segmentos"": [""dentro_muestra"", ""fuera_muestra""], ""senal"": ""cartera_ls_vt_L3_obj0.4_tope10.0"", ""spread_por_lado"": 0.0005, ""usuario"": {""L"": 3, ""escenario_costos"": ""defecto"", ""parte"": ""b"", ""sigma_obj"": 0.4, ""tipo"": ""largo/corto"", ""tope_por_activo"": 10.0}, ""variante"": ""B_ls_vt40_L3""}",
2026-09-25T05:27:43.700648Z,R02,7541e8def5,B_ls_vt40_L3,1,dentro_muestra,2007-02-28,2011-12-31,58,12,USD,1.1602608341660088,0.17258553161297674,0.2024323385585866,0.8298974344764328,1.5613364776941576,-0.17250057738395652,1.000492486635747,0.23957075359737418,0.37189769358317615,3.013298413544201,0.9689623921080532,0.6258967778251698,1.0,14.356021608812746,0.04881047346996333,58,0.05903549563161037,0.011541522760558198,0.0029,0.0005,2011-12-31,0e6d3baabe3fe595,"Yahoo chart v8 adjclose 1mo/1d SPY,EFA,EEM,TLT,IEF,GLD,DBC,VNQ (descarga 2026-09-25); RF French CRSP 202607 sha256 b840dba55d319f48","{""activos"": [""SPY"", ""EFA"", ""EEM"", ""TLT"", ""IEF"", ""GLD"", ""DBC"", ""VNQ""], ""bruto_max"": 10.0, ""comision_por_lado"": 0.0029, ""cortes"": [""2011-12-31""], ""efectivo_en_mxn"": false, ""extras"": [""vol_DBC"", ""vol_EEM"", ""vol_EFA"", ""vol_GLD"", ""vol_IEF"", ""vol_SPY"", ""vol_TLT"", ""vol_VNQ""], ""fx"": false, ""max_dias_fx"": 10, ""min_historia"": 12, ""motor"": ""R02.backtest_cartera"", ""periodos_por_anio"": 12, ""peso_max"": 1.25, ""peso_min"": -1.25, ""rebalanceo_con_deriva"": true, ""segmentos"": [""dentro_muestra"", ""fuera_muestra""], ""senal"": ""cartera_ls_vt_L3_obj0.4_tope10.0"", ""spread_por_lado"": 0.0005, ""usuario"": {""L"": 3, ""escenario_costos"": ""defecto"", ""parte"": ""b"", ""sigma_obj"": 0.4, ""tipo"": ""largo/corto"", ""tope_por_activo"": 10.0}, ""variante"": ""B_ls_vt40_L3""}",
2026-09-25T05:27:43.700648Z,R02,7541e8def5,B_ls_vt40_L3,1,fuera_muestra,2011-12-31,2026-07-31,175,12,USD,-0.3856852848797767,-0.03286270612872255,0.20569063608858887,-0.13804684908629739,-0.19955701246562035,-0.5866139807311714,-0.05602100735437909,-0.039850692740376725,0.5700271432953465,5.843841463273709,0.301772975494165,0.6199956092279256,1.0,21.812558664113343,0.0741626994579854,175,0.06443105052045439,0.01591439165222197,0.0029,0.0005,2011-12-31,0e6d3baabe3fe595,"Yahoo chart v8 adjclose 1mo/1d SPY,EFA,EEM,TLT,IEF,GLD,DBC,VNQ (descarga 2026-09-25); RF French CRSP 202607 sha256 b840dba55d319f48","{""activos"": [""SPY"", ""EFA"", ""EEM"", ""TLT"", ""IEF"", ""GLD"", ""DBC"", ""VNQ""], ""bruto_max"": 10.0, ""comision_por_lado"": 0.0029, ""cortes"": [""2011-12-31""], ""efectivo_en_mxn"": false, ""extras"": [""vol_DBC"", ""vol_EEM"", ""vol_EFA"", ""vol_GLD"", ""vol_IEF"", ""vol_SPY"", ""vol_TLT"", ""vol_VNQ""], ""fx"": false, ""max_dias_fx"": 10, ""min_historia"": 12, ""motor"": ""R02.backtest_cartera"", ""periodos_por_anio"": 12, ""peso_max"": 1.25, ""peso_min"": -1.25, ""rebalanceo_con_deriva"": true, ""segmentos"": [""dentro_muestra"", ""fuera_muestra""], ""senal"": ""cartera_ls_vt_L3_obj0.4_tope10.0"", ""spread_por_lado"": 0.0005, ""usuario"": {""L"": 3, ""escenario_costos"": ""defecto"", ""parte"": ""b"", ""sigma_obj"": 0.4, ""tipo"": ""largo/corto"", ""tope_por_activo"": 10.0}, ""variante"": ""B_ls_vt40_L3""}",
2026-09-25T05:27:43.731930Z,R02,276a31ee3a,B_ls_vt40_L6,1,completo,2007-02-28,2026-07-31,233,12,USD,0.603550015463503,0.024614758646373858,0.19167330927614665,0.14575627922858322,0.2111903107938093,-0.40727639726593223,0.060437478851251926,0.0420762135243504,-0.09282593170525567,3.574953697807415,0.738678010197217,0.7606358445559881,1.0,14.988265637733237,0.05096010316829304,233,0.06308435048820926,0.014823262699370066,0.0029,0.0005,2011-12-31,0e6d3baabe3fe595,"Yahoo chart v8 adjclose 1mo/1d SPY,EFA,EEM,TLT,IEF,GLD,DBC,VNQ (descarga 2026-09-25); RF French CRSP 202607 sha256 b840dba55d319f48","{""activos"": [""SPY"", ""EFA"", ""EEM"", ""TLT"", ""IEF"", ""GLD"", ""DBC"", ""VNQ""], ""bruto_max"": 10.0, ""comision_por_lado"": 0.0029, ""cortes"": [""2011-12-31""], ""efectivo_en_mxn"": false, ""extras"": [""vol_DBC"", ""vol_EEM"", ""vol_EFA"", ""vol_GLD"", ""vol_IEF"", ""vol_SPY"", ""vol_TLT"", ""vol_VNQ""], ""fx"": false, ""max_dias_fx"": 10, ""min_historia"": 12, ""motor"": ""R02.backtest_cartera"", ""periodos_por_anio"": 12, ""peso_max"": 1.25, ""peso_min"": -1.25, ""rebalanceo_con_deriva"": true, ""segmentos"": [""dentro_muestra"", ""fuera_muestra""], ""senal"": ""cartera_ls_vt_L6_obj0.4_tope10.0"", ""spread_por_lado"": 0.0005, ""usuario"": {""L"": 6, ""escenario_costos"": ""defecto"", ""parte"": ""b"", ""sigma_obj"": 0.4, ""tipo"": ""largo/corto"", ""tope_por_activo"": 10.0}, ""variante"": ""B_ls_vt40_L6""}",
2026-09-25T05:27:43.731930Z,R02,276a31ee3a,B_ls_vt40_L6,1,dentro_muestra,2007-02-28,2011-12-31,58,12,USD,0.5456366860406905,0.09418231497094176,0.1759183292170309,0.5358792388049152,0.8612122719013063,-0.2017350567959194,0.46686141946176024,0.15469501138857478,0.09103239324236818,3.234851052973893,0.8786647130134044,0.7708343429765301,1.0,11.632403557086961,0.03955017209409565,58,0.05903549563161037,0.011541522760558198,0.0029,0.0005,2011-12-31,0e6d3baabe3fe595,"Yahoo chart v8 adjclose 1mo/1d SPY,EFA,EEM,TLT,IEF,GLD,DBC,VNQ (descarga 2026-09-25); RF French CRSP 202607 sha256 b840dba55d319f48","{""activos"": [""SPY"", ""EFA"", ""EEM"", ""TLT"", ""IEF"", ""GLD"", ""DBC"", ""VNQ""], ""bruto_max"": 10.0, ""comision_por_lado"": 0.0029, ""cortes"": [""2011-12-31""], ""efectivo_en_mxn"": false, ""extras"": [""vol_DBC"", ""vol_EEM"", ""vol_EFA"", ""vol_GLD"", ""vol_IEF"", ""vol_SPY"", ""vol_TLT"", ""vol_VNQ""], ""fx"": false, ""max_dias_fx"": 10, ""min_historia"": 12, ""motor"": ""R02.backtest_cartera"", ""periodos_por_anio"": 12, ""peso_max"": 1.25, ""peso_min"": -1.25, ""rebalanceo_con_deriva"": true, ""segmentos"": [""dentro_muestra"", ""fuera_muestra""], ""senal"": ""cartera_ls_vt_L6_obj0.4_tope10.0"", ""spread_por_lado"": 0.0005, ""usuario"": {""L"": 6, ""escenario_costos"": ""defecto"", ""parte"": ""b"", ""sigma_obj"": 0.4, ""tipo"": ""largo/corto"", ""tope_por_activo"": 10.0}, ""variante"": ""B_ls_vt40_L6""}",
2026-09-25T05:27:43.731930Z,R02,276a31ee3a,B_ls_vt40_L6,1,fuera_muestra,2011-12-31,2026-07-31,175,12,USD,0.037468914878802106,0.0025257830129243874,0.19672604898425392,0.030887650247031818,0.04370856748843677,-0.4072763972659321,0.006201643478188527,0.008916496592379416,-0.1144344270764766,3.5863009497733445,0.5467893498738751,0.7572557707937512,1.0,16.101635576993846,0.054745560961779065,175,0.06443105052045439,0.01591439165222197,0.0029,0.0005,2011-12-31,0e6d3baabe3fe595,"Yahoo chart v8 adjclose 1mo/1d SPY,EFA,EEM,TLT,IEF,GLD,DBC,VNQ (descarga 2026-09-25); RF French CRSP 202607 sha256 b840dba55d319f48","{""activos"": [""SPY"", ""EFA"", ""EEM"", ""TLT"", ""IEF"", ""GLD"", ""DBC"", ""VNQ""], ""bruto_max"": 10.0, ""comision_por_lado"": 0.0029, ""cortes"": [""2011-12-31""], ""efectivo_en_mxn"": false, ""extras"": [""vol_DBC"", ""vol_EEM"", ""vol_EFA"", ""vol_GLD"", ""vol_IEF"", ""vol_SPY"", ""vol_TLT"", ""vol_VNQ""], ""fx"": false, ""max_dias_fx"": 10, ""min_historia"": 12, ""motor"": ""R02.backtest_cartera"", ""periodos_por_anio"": 12, ""peso_max"": 1.25, ""peso_min"": -1.25, ""rebalanceo_con_deriva"": true, ""segmentos"": [""dentro_muestra"", ""fuera_muestra""], ""senal"": ""cartera_ls_vt_L6_obj0.4_tope10.0"", ""spread_por_lado"": 0.0005, ""usuario"": {""L"": 6, ""escenario_costos"": ""defecto"", ""parte"": ""b"", ""sigma_obj"": 0.4, ""tipo"": ""largo/corto"", ""tope_por_activo"": 10.0}, ""variante"": ""B_ls_vt40_L6""}",
2026-09-25T05:27:43.779272Z,R02,4133621c4a,B_ls_vt40_L12,1,completo,2007-02-28,2026-07-31,233,12,USD,2.220580557882195,0.062076454584597984,0.18644493270419707,0.3371955955426571,0.51448325576755,-0.4531564764004553,0.13698679775623662,0.09733998392805464,0.010387932560316452,3.304522566656879,0.9304769014895716,0.8416283491801826,1.0,10.686039250617414,0.0363325334520992,233,0.06308435048820926,0.014823262699370066,0.0029,0.0005,2011-12-31,0e6d3baabe3fe595,"Yahoo chart v8 adjclose 1mo/1d SPY,EFA,EEM,TLT,IEF,GLD,DBC,VNQ (descarga 2026-09-25); RF French CRSP 202607 sha256 b840dba55d319f48","{""activos"": [""SPY"", ""EFA"", ""EEM"", ""TLT"", ""IEF"", ""GLD"", ""DBC"", ""VNQ""], ""bruto_max"": 10.0, ""comision_por_lado"": 0.0029, ""cortes"": [""2011-12-31""], ""efectivo_en_mxn"": false, ""extras"": [""vol_DBC"", ""vol_EEM"", ""vol_EFA"", ""vol_GLD"", ""vol_IEF"", ""vol_SPY"", ""vol_TLT"", ""vol_VNQ""], ""fx"": false, ""max_dias_fx"": 10, ""min_historia"": 12, ""motor"": ""R02.backtest_cartera"", ""periodos_por_anio"": 12, ""peso_max"": 1.25, ""peso_min"": -1.25, ""rebalanceo_con_deriva"": true, ""segmentos"": [""dentro_muestra"", ""fuera_muestra""], ""senal"": ""cartera_ls_vt_L12_obj0.4_tope10.0"", ""spread_por_lado"": 0.0005, ""usuario"": {""L"": 12, ""escenario_costos"": ""defecto"", ""parte"": ""b"", ""sigma_obj"": 0.4, ""tipo"": ""largo/corto"", ""tope_por_activo"": 10.0}, ""variante"": ""B_ls_vt40_L12""}",
2026-09-25T05:27:43.779272Z,R02,4133621c4a,B_ls_vt40_L12,1,dentro_muestra,2007-02-28,2011-12-31,58,12,USD,0.8693981953758483,0.13805296026964697,0.1685476685697641,0.7887437013276145,1.3003619899614436,-0.25750180637504916,0.5361242401095005,0.22769069414156,-0.23164056161510024,2.9291495980055045,0.9511252816249813,1.4612420670912312,1.0,7.43786657249998,0.02528874634649993,58,0.05903549563161037,0.011541522760558198,0.0029,0.0005,2011-12-31,0e6d3baabe3fe595,"Yahoo chart v8 adjclose 1mo/1d SPY,EFA,EEM,TLT,IEF,GLD,DBC,VNQ (descarga 2026-09-25); RF French CRSP 202607 sha256 b840dba55d319f48","{""activos"": [""SPY"", ""EFA"", ""EEM"", ""TLT"", ""IEF"", ""GLD"", ""DBC"", ""VNQ""], ""bruto_max"": 10.0, ""comision_por_lado"": 0.0029, ""cortes"": [""2011-12-31""], ""efectivo_en_mxn"": false, ""extras"": [""vol_DBC"", ""vol_EEM"", ""vol_EFA"", ""vol_GLD"", ""vol_IEF"", ""vol_SPY"", ""vol_TLT"", ""vol_VNQ""], ""fx"": false, ""max_dias_fx"": 10, ""min_historia"": 12, ""motor"": ""R02.backtest_cartera"", ""periodos_por_anio"": 12, ""peso_max"": 1.25, ""peso_min"": -1.25, ""rebalanceo_con_deriva"": true, ""segmentos"": [""dentro_muestra"", ""fuera_muestra""], ""senal"": ""cartera_ls_vt_L12_obj0.4_tope10.0"", ""spread_por_lado"": 0.0005, ""usuario"": {""L"": 12, ""escenario_costos"": ""defecto"", ""parte"": ""b"", ""sigma_obj"": 0.4, ""tipo"": ""largo/corto"", ""tope_por_activo"": 10.0}, ""variante"": ""B_ls_vt40_L12""}",
2026-09-25T05:27:43.779272Z,R02,4133621c4a,B_ls_vt40_L12,1,fuera_muestra,2011-12-31,2026-07-31,175,12,USD,0.7227900218629948,0.03800752129605778,0.19204046414614645,0.2070693243106405,0.31033091920350103,-0.4531564764004553,0.08387284144753225,0.05977576506583111,0.08823817663934509,3.3661030142897497,0.7851618332785071,0.636270659815378,1.0,11.763681218742374,0.039996516143724056,175,0.06443105052045439,0.01591439165222197,0.0029,0.0005,2011-12-31,0e6d3baabe3fe595,"Yahoo chart v8 adjclose 1mo/1d SPY,EFA,EEM,TLT,IEF,GLD,DBC,VNQ (descarga 2026-09-25); RF French CRSP 202607 sha256 b840dba55d319f48","{""activos"": [""SPY"", ""EFA"", ""EEM"", ""TLT"", ""IEF"", ""GLD"", ""DBC"", ""VNQ""], ""bruto_max"": 10.0, ""comision_por_lado"": 0.0029, ""cortes"": [""2011-12-31""], ""efectivo_en_mxn"": false, ""extras"": [""vol_DBC"", ""vol_EEM"", ""vol_EFA"", ""vol_GLD"", ""vol_IEF"", ""vol_SPY"", ""vol_TLT"", ""vol_VNQ""], ""fx"": false, ""max_dias_fx"": 10, ""min_historia"": 12, ""motor"": ""R02.backtest_cartera"", ""periodos_por_anio"": 12, ""peso_max"": 1.25, ""peso_min"": -1.25, ""rebalanceo_con_deriva"": true, ""segmentos"": [""dentro_muestra"", ""fuera_muestra""], ""senal"": ""cartera_ls_vt_L12_obj0.4_tope10.0"", ""spread_por_lado"": 0.0005, ""usuario"": {""L"": 12, ""escenario_costos"": ""defecto"", ""parte"": ""b"", ""sigma_obj"": 0.4, ""tipo"": ""largo/corto"", ""tope_por_activo"": 10.0}, ""variante"": ""B_ls_vt40_L12""}",
2026-09-25T05:27:43.810895Z,R02,9f8fa85186,B_lo_vt10_L3,1,completo,2007-02-28,2026-07-31,233,12,USD,0.8453158380141799,0.03205100195769606,0.03573054204698754,0.4922061787983125,0.7537182494738014,-0.07110018614133407,0.4507864704318013,0.14208768491300142,-0.21204866861596297,3.3906301403223735,0.9829949108409273,0.3994806676777994,0.9742489270386266,2.129485802869138,0.007240251729755064,231,0.06308435048820926,0.014823262699370066,0.0029,0.0005,2011-12-31,0e6d3baabe3fe595,"Yahoo chart v8 adjclose 1mo/1d SPY,EFA,EEM,TLT,IEF,GLD,DBC,VNQ (descarga 2026-09-25); RF French CRSP 202607 sha256 b840dba55d319f48","{""activos"": [""SPY"", ""EFA"", ""EEM"", ""TLT"", ""IEF"", ""GLD"", ""DBC"", ""VNQ""], ""bruto_max"": 1.0, ""comision_por_lado"": 0.0029, ""cortes"": [""2011-12-31""], ""efectivo_en_mxn"": false, ""extras"": [""vol_DBC"", ""vol_EEM"", ""vol_EFA"", ""vol_GLD"", ""vol_IEF"", ""vol_SPY"", ""vol_TLT"", ""vol_VNQ""], ""fx"": false, ""max_dias_fx"": 10, ""min_historia"": 12, ""motor"": ""R02.backtest_cartera"", ""periodos_por_anio"": 12, ""peso_max"": 0.125, ""peso_min"": 0.0, ""rebalanceo_con_deriva"": true, ""segmentos"": [""dentro_muestra"", ""fuera_muestra""], ""senal"": ""cartera_lo_vt_L3_obj0.1_tope1.0"", ""spread_por_lado"": 0.0005, ""usuario"": {""L"": 3, ""escenario_costos"": ""defecto"", ""parte"": ""b"", ""sigma_obj"": 0.1, ""tipo"": ""solo largos"", ""tope_por_activo"": 1.0}, ""variante"": ""B_lo_vt10_L3""}",
2026-09-25T05:27:43.810895Z,R02,9f8fa85186,B_lo_vt10_L3,1,dentro_muestra,2007-02-28,2011-12-31,58,12,USD,0.2748028015537085,0.051467206658828646,0.03588291339833687,1.091217910617555,2.218270605703288,-0.03411488011772401,1.508643925501864,0.3150074772197932,0.25790289197637806,2.4365631128214096,0.9925419833484965,0.33510307138439566,1.0,1.562812966770855,0.005313564087020908,58,0.05903549563161037,0.011541522760558198,0.0029,0.0005,2011-12-31,0e6d3baabe3fe595,"Yahoo chart v8 adjclose 1mo/1d SPY,EFA,EEM,TLT,IEF,GLD,DBC,VNQ (descarga 2026-09-25); RF French CRSP 202607 sha256 b840dba55d319f48","{""activos"": [""SPY"", ""EFA"", ""EEM"", ""TLT"", ""IEF"", ""GLD"", ""DBC"", ""VNQ""], ""bruto_max"": 1.0, ""comision_por_lado"": 0.0029, ""cortes"": [""2011-12-31""], ""efectivo_en_mxn"": false, ""extras"": [""vol_DBC"", ""vol_EEM"", ""vol_EFA"", ""vol_GLD"", ""vol_IEF"", ""vol_SPY"", ""vol_TLT"", ""vol_VNQ""], ""fx"": false, ""max_dias_fx"": 10, ""min_historia"": 12, ""motor"": ""R02.backtest_cartera"", ""periodos_por_anio"": 12, ""peso_max"": 0.125, ""peso_min"": 0.0, ""rebalanceo_con_deriva"": true, ""segmentos"": [""dentro_muestra"", ""fuera_muestra""], ""senal"": ""cartera_lo_vt_L3_obj0.1_tope1.0"", ""spread_por_lado"": 0.0005, ""usuario"": {""L"": 3, ""escenario_costos"": ""defecto"", ""parte"": ""b"", ""sigma_obj"": 0.1, ""tipo"": ""solo largos"", ""tope_por_activo"": 1.0}, ""variante"": ""B_lo_vt10_L3""}",
2026-09-25T05:27:43.810895Z,R02,9f8fa85186,B_lo_vt10_L3,1,fuera_muestra,2011-12-31,2026-07-31,175,12,USD,0.4475304225603678,0.025688849294803973,0.03560124275454701,0.29017910969896427,0.4125714828826124,-0.07110018614133462,0.36130495135046586,0.08376749354895148,-0.392855819713424,3.5835639431401742,0.8610052870229961,0.42081724244932744,0.9657142857142857,2.3174901027913424,0.007879466349490561,173,0.06443105052045439,0.01591439165222197,0.0029,0.0005,2011-12-31,0e6d3baabe3fe595,"Yahoo chart v8 adjclose 1mo/1d SPY,EFA,EEM,TLT,IEF,GLD,DBC,VNQ (descarga 2026-09-25); RF French CRSP 202607 sha256 b840dba55d319f48","{""activos"": [""SPY"", ""EFA"", ""EEM"", ""TLT"", ""IEF"", ""GLD"", ""DBC"", ""VNQ""], ""bruto_max"": 1.0, ""comision_por_lado"": 0.0029, ""cortes"": [""2011-12-31""], ""efectivo_en_mxn"": false, ""extras"": [""vol_DBC"", ""vol_EEM"", ""vol_EFA"", ""vol_GLD"", ""vol_IEF"", ""vol_SPY"", ""vol_TLT"", ""vol_VNQ""], ""fx"": false, ""max_dias_fx"": 10, ""min_historia"": 12, ""motor"": ""R02.backtest_cartera"", ""periodos_por_anio"": 12, ""peso_max"": 0.125, ""peso_min"": 0.0, ""rebalanceo_con_deriva"": true, ""segmentos"": [""dentro_muestra"", ""fuera_muestra""], ""senal"": ""cartera_lo_vt_L3_obj0.1_tope1.0"", ""spread_por_lado"": 0.0005, ""usuario"": {""L"": 3, ""escenario_costos"": ""defecto"", ""parte"": ""b"", ""sigma_obj"": 0.1, ""tipo"": ""solo largos"", ""tope_por_activo"": 1.0}, ""variante"": ""B_lo_vt10_L3""}",
2026-09-25T05:27:43.843669Z,R02,a113715a16,B_lo_vt10_L6,1,completo,2007-02-28,2026-07-31,233,12,USD,0.8616710737276392,0.03252006224630355,0.0366609375385179,0.49354654127994896,0.7537222452343272,-0.052090258580806514,0.6243021849441555,0.14247461423279364,-0.22888093219274078,3.187155695869932,0.9831725450445621,0.4135127839866263,0.9828326180257511,1.6628413707761298,0.005653660660638842,231,0.06308435048820926,0.014823262699370066,0.0029,0.0005,2011-12-31,0e6d3baabe3fe595,"Yahoo chart v8 adjclose 1mo/1d SPY,EFA,EEM,TLT,IEF,GLD,DBC,VNQ (descarga 2026-09-25); RF French CRSP 202607 sha256 b840dba55d319f48","{""activos"": [""SPY"", ""EFA"", ""EEM"", ""TLT"", ""IEF"", ""GLD"", ""DBC"", ""VNQ""], ""bruto_max"": 1.0, ""comision_por_lado"": 0.0029, ""cortes"": [""2011-12-31""], ""efectivo_en_mxn"": false, ""extras"": [""vol_DBC"", ""vol_EEM"", ""vol_EFA"", ""vol_GLD"", ""vol_IEF"", ""vol_SPY"", ""vol_TLT"", ""vol_VNQ""], ""fx"": false, ""max_dias_fx"": 10, ""min_historia"": 12, ""motor"": ""R02.backtest_cartera"", ""periodos_por_anio"": 12, ""peso_max"": 0.125, ""peso_min"": 0.0, ""rebalanceo_con_deriva"": true, ""segmentos"": [""dentro_muestra"", ""fuera_muestra""], ""senal"": ""cartera_lo_vt_L6_obj0.1_tope1.0"", ""spread_por_lado"": 0.0005, ""usuario"": {""L"": 6, ""escenario_costos"": ""defecto"", ""parte"": ""b"", ""sigma_obj"": 0.1, ""tipo"": ""solo largos"", ""tope_por_activo"": 1.0}, ""variante"": ""B_lo_vt10_L6""}",
2026-09-25T05:27:43.843669Z,R02,a113715a16,B_lo_vt10_L6,1,dentro_muestra,2007-02-28,2011-12-31,58,12,USD,0.21372024695068426,0.040849271008208676,0.03221897175707952,0.9157389205046933,1.6681597029327633,-0.024148387882456768,1.691594122433519,0.264351056130401,0.039021188875086564,2.8526656471780405,0.9758181584583228,0.3541343224680615,1.0,1.3682880499086714,0.004652179369689483,58,0.05903549563161037,0.011541522760558198,0.0029,0.0005,2011-12-31,0e6d3baabe3fe595,"Yahoo chart v8 adjclose 1mo/1d SPY,EFA,EEM,TLT,IEF,GLD,DBC,VNQ (descarga 2026-09-25); RF French CRSP 202607 sha256 b840dba55d319f48","{""activos"": [""SPY"", ""EFA"", ""EEM"", ""TLT"", ""IEF"", ""GLD"", ""DBC"", ""VNQ""], ""bruto_max"": 1.0, ""comision_por_lado"": 0.0029, ""cortes"": [""2011-12-31""], ""efectivo_en_mxn"": false, ""extras"": [""vol_DBC"", ""vol_EEM"", ""vol_EFA"", ""vol_GLD"", ""vol_IEF"", ""vol_SPY"", ""vol_TLT"", ""vol_VNQ""], ""fx"": false, ""max_dias_fx"": 10, ""min_historia"": 12, ""motor"": ""R02.backtest_cartera"", ""periodos_por_anio"": 12, ""peso_max"": 0.125, ""peso_min"": 0.0, ""rebalanceo_con_deriva"": true, ""segmentos"": [""dentro_muestra"", ""fuera_muestra""], ""senal"": ""cartera_lo_vt_L6_obj0.1_tope1.0"", ""spread_por_lado"": 0.0005, ""usuario"": {""L"": 6, ""escenario_costos"": ""defecto"", ""parte"": ""b"", ""sigma_obj"": 0.1, ""tipo"": ""solo largos"", ""tope_por_activo"": 1.0}, ""variante"": ""B_lo_vt10_L6""}",
2026-09-25T05:27:43.843669Z,R02,a113715a16,B_lo_vt10_L6,1,fuera_muestra,2011-12-31,2026-07-31,175,12,USD,0.5338551683593054,0.0297714429189313,0.03807428608426808,0.37718450132450876,0.557281055651966,-0.052090258580806736,0.5715357099398416,0.10888378668692995,-0.2543452384899011,3.1419922302172023,0.9210890985001083,0.4331925026613506,0.9771428571428571,1.7605649378006885,0.0059859207885223364,173,0.06443105052045439,0.01591439165222197,0.0029,0.0005,2011-12-31,0e6d3baabe3fe595,"Yahoo chart v8 adjclose 1mo/1d SPY,EFA,EEM,TLT,IEF,GLD,DBC,VNQ (descarga 2026-09-25); RF French CRSP 202607 sha256 b840dba55d319f48","{""activos"": [""SPY"", ""EFA"", ""EEM"", ""TLT"", ""IEF"", ""GLD"", ""DBC"", ""VNQ""], ""bruto_max"": 1.0, ""comision_por_lado"": 0.0029, ""cortes"": [""2011-12-31""], ""efectivo_en_mxn"": false, ""extras"": [""vol_DBC"", ""vol_EEM"", ""vol_EFA"", ""vol_GLD"", ""vol_IEF"", ""vol_SPY"", ""vol_TLT"", ""vol_VNQ""], ""fx"": false, ""max_dias_fx"": 10, ""min_historia"": 12, ""motor"": ""R02.backtest_cartera"", ""periodos_por_anio"": 12, ""peso_max"": 0.125, ""peso_min"": 0.0, ""rebalanceo_con_deriva"": true, ""segmentos"": [""dentro_muestra"", ""fuera_muestra""], ""senal"": ""cartera_lo_vt_L6_obj0.1_tope1.0"", ""spread_por_lado"": 0.0005, ""usuario"": {""L"": 6, ""escenario_costos"": ""defecto"", ""parte"": ""b"", ""sigma_obj"": 0.1, ""tipo"": ""solo largos"", ""tope_por_activo"": 1.0}, ""variante"": ""B_lo_vt10_L6""}",
2026-09-25T05:27:43.892224Z,R02,7c89686921,B_lo_vt10_L12,1,completo,2007-02-28,2026-07-31,233,12,USD,1.0127000830168051,0.036675727351744625,0.0377449432090103,0.5894286799151442,0.9306219144267981,-0.06693062713973164,0.5479662886644764,0.17015340350854716,-0.17525095665609602,3.17027629303467,0.9943718992997423,0.42290315590021926,0.9871244635193133,1.1856182849230983,0.004031102168738533,232,0.06308435048820926,0.014823262699370066,0.0029,0.0005,2011-12-31,0e6d3baabe3fe595,"Yahoo chart v8 adjclose 1mo/1d SPY,EFA,EEM,TLT,IEF,GLD,DBC,VNQ (descarga 2026-09-25); RF French CRSP 202607 sha256 b840dba55d319f48","{""activos"": [""SPY"", ""EFA"", ""EEM"", ""TLT"", ""IEF"", ""GLD"", ""DBC"", ""VNQ""], ""bruto_max"": 1.0, ""comision_por_lado"": 0.0029, ""cortes"": [""2011-12-31""], ""efectivo_en_mxn"": false, ""extras"": [""vol_DBC"", ""vol_EEM"", ""vol_EFA"", ""vol_GLD"", ""vol_IEF"", ""vol_SPY"", ""vol_TLT"", ""vol_VNQ""], ""fx"": false, ""max_dias_fx"": 10, ""min_historia"": 12, ""motor"": ""R02.backtest_cartera"", ""periodos_por_anio"": 12, ""peso_max"": 0.125, ""peso_min"": 0.0, ""rebalanceo_con_deriva"": true, ""segmentos"": [""dentro_muestra"", ""fuera_muestra""], ""senal"": ""cartera_lo_vt_L12_obj0.1_tope1.0"", ""spread_por_lado"": 0.0005, ""usuario"": {""L"": 12, ""escenario_costos"": ""defecto"", ""parte"": ""b"", ""sigma_obj"": 0.1, ""tipo"": ""solo largos"", ""tope_por_activo"": 1.0}, ""variante"": ""B_lo_vt10_L12""}",
2026-09-25T05:27:43.892224Z,R02,7c89686921,B_lo_vt10_L12,1,dentro_muestra,2007-02-28,2011-12-31,58,12,USD,0.24070414106320204,0.04559094112579265,0.03861265362362006,0.8863477988784868,1.5897542898915735,-0.02609383343148053,1.7471921573159932,0.25586657013906333,-0.00017589041474316705,2.8265542352815283,0.9715100803059278,0.4230485745408925,1.0,0.9280729446000096,0.003155448011640031,58,0.05903549563161037,0.011541522760558198,0.0029,0.0005,2011-12-31,0e6d3baabe3fe595,"Yahoo chart v8 adjclose 1mo/1d SPY,EFA,EEM,TLT,IEF,GLD,DBC,VNQ (descarga 2026-09-25); RF French CRSP 202607 sha256 b840dba55d319f48","{""activos"": [""SPY"", ""EFA"", ""EEM"", ""TLT"", ""IEF"", ""GLD"", ""DBC"", ""VNQ""], ""bruto_max"": 1.0, ""comision_por_lado"": 0.0029, ""cortes"": [""2011-12-31""], ""efectivo_en_mxn"": false, ""extras"": [""vol_DBC"", ""vol_EEM"", ""vol_EFA"", ""vol_GLD"", ""vol_IEF"", ""vol_SPY"", ""vol_TLT"", ""vol_VNQ""], ""fx"": false, ""max_dias_fx"": 10, ""min_historia"": 12, ""motor"": ""R02.backtest_cartera"", ""periodos_por_anio"": 12, ""peso_max"": 0.125, ""peso_min"": 0.0, ""rebalanceo_con_deriva"": true, ""segmentos"": [""dentro_muestra"", ""fuera_muestra""], ""senal"": ""cartera_lo_vt_L12_obj0.1_tope1.0"", ""spread_por_lado"": 0.0005, ""usuario"": {""L"": 12, ""escenario_costos"": ""defecto"", ""parte"": ""b"", ""sigma_obj"": 0.1, ""tipo"": ""solo largos"", ""tope_por_activo"": 1.0}, ""variante"": ""B_lo_vt10_L12""}",
2026-09-25T05:27:43.892224Z,R02,7c89686921,B_lo_vt10_L12,1,fuera_muestra,2011-12-31,2026-07-31,175,12,USD,0.6222240390783671,0.03373476393120334,0.03752861305514382,0.48743019427457646,0.7415543882055107,-0.06693062713973208,0.5040258155772956,0.14070897693778917,-0.24343840931768543,3.264734909671324,0.965259007686852,0.4228549600078818,0.9828571428571429,1.2710637630212762,0.004321616794272338,174,0.06443105052045439,0.01591439165222197,0.0029,0.0005,2011-12-31,0e6d3baabe3fe595,"Yahoo chart v8 adjclose 1mo/1d SPY,EFA,EEM,TLT,IEF,GLD,DBC,VNQ (descarga 2026-09-25); RF French CRSP 202607 sha256 b840dba55d319f48","{""activos"": [""SPY"", ""EFA"", ""EEM"", ""TLT"", ""IEF"", ""GLD"", ""DBC"", ""VNQ""], ""bruto_max"": 1.0, ""comision_por_lado"": 0.0029, ""cortes"": [""2011-12-31""], ""efectivo_en_mxn"": false, ""extras"": [""vol_DBC"", ""vol_EEM"", ""vol_EFA"", ""vol_GLD"", ""vol_IEF"", ""vol_SPY"", ""vol_TLT"", ""vol_VNQ""], ""fx"": false, ""max_dias_fx"": 10, ""min_historia"": 12, ""motor"": ""R02.backtest_cartera"", ""periodos_por_anio"": 12, ""peso_max"": 0.125, ""peso_min"": 0.0, ""rebalanceo_con_deriva"": true, ""segmentos"": [""dentro_muestra"", ""fuera_muestra""], ""senal"": ""cartera_lo_vt_L12_obj0.1_tope1.0"", ""spread_por_lado"": 0.0005, ""usuario"": {""L"": 12, ""escenario_costos"": ""defecto"", ""parte"": ""b"", ""sigma_obj"": 0.1, ""tipo"": ""solo largos"", ""tope_por_activo"": 1.0}, ""variante"": ""B_lo_vt10_L12""}",
2026-09-25T05:27:43.926237Z,R02,00d653e422,B_lo_L3,1,completo,2007-02-28,2026-07-31,233,12,USD,1.5328876616882576,0.04902049360762106,0.062066607730025314,0.5654509427775624,0.9130448149786339,-0.1106782760743632,0.4429098044017678,0.16323162701307667,0.059700428117474814,3.904921152526746,0.9933272709249894,0.5933476394849786,0.9742489270386266,2.9515334077163353,0.010035213586235546,185,0.06308435048820926,0.014823262699370066,0.0029,0.0005,2011-12-31,0e6d3baabe3fe595,"Yahoo chart v8 adjclose 1mo/1d SPY,EFA,EEM,TLT,IEF,GLD,DBC,VNQ (descarga 2026-09-25); RF French CRSP 202607 sha256 b840dba55d319f48","{""activos"": [""SPY"", ""EFA"", ""EEM"", ""TLT"", ""IEF"", ""GLD"", ""DBC"", ""VNQ""], ""bruto_max"": 1.0, ""comision_por_lado"": 0.0029, ""cortes"": [""2011-12-31""], ""efectivo_en_mxn"": false, ""extras"": [""vol_DBC"", ""vol_EEM"", ""vol_EFA"", ""vol_GLD"", ""vol_IEF"", ""vol_SPY"", ""vol_TLT"", ""vol_VNQ""], ""fx"": false, ""max_dias_fx"": 10, ""min_historia"": 12, ""motor"": ""R02.backtest_cartera"", ""periodos_por_anio"": 12, ""peso_max"": 0.125, ""peso_min"": 0.0, ""rebalanceo_con_deriva"": true, ""segmentos"": [""dentro_muestra"", ""fuera_muestra""], ""senal"": ""cartera_lo_L3_obj0.0_tope1.0"", ""spread_por_lado"": 0.0005, ""usuario"": {""L"": 3, ""escenario_costos"": ""defecto"", ""parte"": ""b"", ""tipo"": ""solo largos binaria""}, ""variante"": ""B_lo_L3""}",
2026-09-25T05:27:43.926237Z,R02,00d653e422,B_lo_L3,1,dentro_muestra,2007-02-28,2011-12-31,58,12,USD,0.5000134444344497,0.08742665453594944,0.08030593092036654,0.9384952691074105,1.6933563949471915,-0.1106782760743632,0.7899170247032822,0.2709202481261769,0.022597031090658203,2.7591285088641513,0.978265004342243,0.6056034482758621,1.0,2.6471306608558254,0.009000244246909806,42,0.05903549563161037,0.011541522760558198,0.0029,0.0005,2011-12-31,0e6d3baabe3fe595,"Yahoo chart v8 adjclose 1mo/1d SPY,EFA,EEM,TLT,IEF,GLD,DBC,VNQ (descarga 2026-09-25); RF French CRSP 202607 sha256 b840dba55d319f48","{""activos"": [""SPY"", ""EFA"", ""EEM"", ""TLT"", ""IEF"", ""GLD"", ""DBC"", ""VNQ""], ""bruto_max"": 1.0, ""comision_por_lado"": 0.0029, ""cortes"": [""2011-12-31""], ""efectivo_en_mxn"": false, ""extras"": [""vol_DBC"", ""vol_EEM"", ""vol_EFA"", ""vol_GLD"", ""vol_IEF"", ""vol_SPY"", ""vol_TLT"", ""vol_VNQ""], ""fx"": false, ""max_dias_fx"": 10, ""min_historia"": 12, ""motor"": ""R02.backtest_cartera"", ""periodos_por_anio"": 12, ""peso_max"": 0.125, ""peso_min"": 0.0, ""rebalanceo_con_deriva"": true, ""segmentos"": [""dentro_muestra"", ""fuera_muestra""], ""senal"": ""cartera_lo_L3_obj0.0_tope1.0"", ""spread_por_lado"": 0.0005, ""usuario"": {""L"": 3, ""escenario_costos"": ""defecto"", ""parte"": ""b"", ""tipo"": ""solo largos binaria""}, ""variante"": ""B_lo_L3""}",
2026-09-25T05:27:43.926237Z,R02,00d653e422,B_lo_L3,1,fuera_muestra,2011-12-31,2026-07-31,175,12,USD,0.6885766398202071,0.03658059005408365,0.05451443888226611,0.39867553063284344,0.5987331575256871,-0.10957184277301735,0.333850276935306,0.11508771246509453,-0.1647327118471369,4.255874561981694,0.9326768633641848,0.5892857142857143,0.9657142857142857,3.0525247058204514,0.010378583999789538,143,0.06443105052045439,0.01591439165222197,0.0029,0.0005,2011-12-31,0e6d3baabe3fe595,"Yahoo chart v8 adjclose 1mo/1d SPY,EFA,EEM,TLT,IEF,GLD,DBC,VNQ (descarga 2026-09-25); RF French CRSP 202607 sha256 b840dba55d319f48","{""activos"": [""SPY"", ""EFA"", ""EEM"", ""TLT"", ""IEF"", ""GLD"", ""DBC"", ""VNQ""], ""bruto_max"": 1.0, ""comision_por_lado"": 0.0029, ""cortes"": [""2011-12-31""], ""efectivo_en_mxn"": false, ""extras"": [""vol_DBC"", ""vol_EEM"", ""vol_EFA"", ""vol_GLD"", ""vol_IEF"", ""vol_SPY"", ""vol_TLT"", ""vol_VNQ""], ""fx"": false, ""max_dias_fx"": 10, ""min_historia"": 12, ""motor"": ""R02.backtest_cartera"", ""periodos_por_anio"": 12, ""peso_max"": 0.125, ""peso_min"": 0.0, ""rebalanceo_con_deriva"": true, ""segmentos"": [""dentro_muestra"", ""fuera_muestra""], ""senal"": ""cartera_lo_L3_obj0.0_tope1.0"", ""spread_por_lado"": 0.0005, ""usuario"": {""L"": 3, ""escenario_costos"": ""defecto"", ""parte"": ""b"", ""tipo"": ""solo largos binaria""}, ""variante"": ""B_lo_L3""}",
2026-09-25T05:27:43.961439Z,R02,b682a62ed1,B_lo_L6,1,completo,2007-02-28,2026-07-31,233,12,USD,1.4580439015622604,0.04740149890947043,0.05981882096233236,0.5593618280513122,0.9092657987022408,-0.07630284288975397,0.6212284773970794,0.16147385099991313,0.09913160289830834,3.521302208476532,0.9930331962260637,0.6078326180257511,0.9828326180257511,2.2672276430918656,0.007708573986512345,166,0.06308435048820926,0.014823262699370066,0.0029,0.0005,2011-12-31,0e6d3baabe3fe595,"Yahoo chart v8 adjclose 1mo/1d SPY,EFA,EEM,TLT,IEF,GLD,DBC,VNQ (descarga 2026-09-25); RF French CRSP 202607 sha256 b840dba55d319f48","{""activos"": [""SPY"", ""EFA"", ""EEM"", ""TLT"", ""IEF"", ""GLD"", ""DBC"", ""VNQ""], ""bruto_max"": 1.0, ""comision_por_lado"": 0.0029, ""cortes"": [""2011-12-31""], ""efectivo_en_mxn"": false, ""extras"": [""vol_DBC"", ""vol_EEM"", ""vol_EFA"", ""vol_GLD"", ""vol_IEF"", ""vol_SPY"", ""vol_TLT"", ""vol_VNQ""], ""fx"": false, ""max_dias_fx"": 10, ""min_historia"": 12, ""motor"": ""R02.backtest_cartera"", ""periodos_por_anio"": 12, ""peso_max"": 0.125, ""peso_min"": 0.0, ""rebalanceo_con_deriva"": true, ""segmentos"": [""dentro_muestra"", ""fuera_muestra""], ""senal"": ""cartera_lo_L6_obj0.0_tope1.0"", ""spread_por_lado"": 0.0005, ""usuario"": {""L"": 6, ""escenario_costos"": ""defecto"", ""parte"": ""b"", ""tipo"": ""solo largos binaria""}, ""variante"": ""B_lo_L6""}",
2026-09-25T05:27:43.961439Z,R02,b682a62ed1,B_lo_L6,1,dentro_muestra,2007-02-28,2011-12-31,58,12,USD,0.41071562924638916,0.07371761697295809,0.06969934588092641,0.893762971944416,1.6541292064321667,-0.048627977499652975,1.5159507091053532,0.2580071462219143,0.07939678001218255,2.970653204524604,0.9735680426213869,0.6379310344827587,1.0,2.1585582600287645,0.007339098084097797,37,0.05903549563161037,0.011541522760558198,0.0029,0.0005,2011-12-31,0e6d3baabe3fe595,"Yahoo chart v8 adjclose 1mo/1d SPY,EFA,EEM,TLT,IEF,GLD,DBC,VNQ (descarga 2026-09-25); RF French CRSP 202607 sha256 b840dba55d319f48","{""activos"": [""SPY"", ""EFA"", ""EEM"", ""TLT"", ""IEF"", ""GLD"", ""DBC"", ""VNQ""], ""bruto_max"": 1.0, ""comision_por_lado"": 0.0029, ""cortes"": [""2011-12-31""], ""efectivo_en_mxn"": false, ""extras"": [""vol_DBC"", ""vol_EEM"", ""vol_EFA"", ""vol_GLD"", ""vol_IEF"", ""vol_SPY"", ""vol_TLT"", ""vol_VNQ""], ""fx"": false, ""max_dias_fx"": 10, ""min_historia"": 12, ""motor"": ""R02.backtest_cartera"", ""periodos_por_anio"": 12, ""peso_max"": 0.125, ""peso_min"": 0.0, ""rebalanceo_con_deriva"": true, ""segmentos"": [""dentro_muestra"", ""fuera_muestra""], ""senal"": ""cartera_lo_L6_obj0.0_tope1.0"", ""spread_por_lado"": 0.0005, ""usuario"": {""L"": 6, ""escenario_costos"": ""defecto"", ""parte"": ""b"", ""tipo"": ""solo largos binaria""}, ""variante"": ""B_lo_L6""}",
2026-09-25T05:27:43.961439Z,R02,b682a62ed1,B_lo_L6,1,fuera_muestra,2011-12-31,2026-07-31,175,12,USD,0.7424092074994313,0.03881391217313568,0.05617306169935135,0.4259500694196878,0.654659592757329,-0.0763028428897542,0.5086823859134026,0.12296119362039828,0.031890901915035984,3.6767145518596234,0.9470573723979037,0.5978571428571429,0.9771428571428571,2.3032807410776908,0.007831154519664147,129,0.06443105052045439,0.01591439165222197,0.0029,0.0005,2011-12-31,0e6d3baabe3fe595,"Yahoo chart v8 adjclose 1mo/1d SPY,EFA,EEM,TLT,IEF,GLD,DBC,VNQ (descarga 2026-09-25); RF French CRSP 202607 sha256 b840dba55d319f48","{""activos"": [""SPY"", ""EFA"", ""EEM"", ""TLT"", ""IEF"", ""GLD"", ""DBC"", ""VNQ""], ""bruto_max"": 1.0, ""comision_por_lado"": 0.0029, ""cortes"": [""2011-12-31""], ""efectivo_en_mxn"": false, ""extras"": [""vol_DBC"", ""vol_EEM"", ""vol_EFA"", ""vol_GLD"", ""vol_IEF"", ""vol_SPY"", ""vol_TLT"", ""vol_VNQ""], ""fx"": false, ""max_dias_fx"": 10, ""min_historia"": 12, ""motor"": ""R02.backtest_cartera"", ""periodos_por_anio"": 12, ""peso_max"": 0.125, ""peso_min"": 0.0, ""rebalanceo_con_deriva"": true, ""segmentos"": [""dentro_muestra"", ""fuera_muestra""], ""senal"": ""cartera_lo_L6_obj0.0_tope1.0"", ""spread_por_lado"": 0.0005, ""usuario"": {""L"": 6, ""escenario_costos"": ""defecto"", ""parte"": ""b"", ""tipo"": ""solo largos binaria""}, ""variante"": ""B_lo_L6""}",
2026-09-25T05:27:44.001522Z,R02,ee54711ecf,B_lo_L12,1,completo,2007-02-28,2026-07-31,233,12,USD,1.5368957159261134,0.049105909009906634,0.06351396737829378,0.5571505614350838,0.8765631964841727,-0.09159937746859992,0.5360943531165377,0.1608355133118484,-0.22557099599863445,4.201612540509281,0.9914097489485634,0.621244635193133,0.9871244635193133,1.5053305659359661,0.00511812392418228,136,0.06308435048820926,0.014823262699370066,0.0029,0.0005,2011-12-31,0e6d3baabe3fe595,"Yahoo chart v8 adjclose 1mo/1d SPY,EFA,EEM,TLT,IEF,GLD,DBC,VNQ (descarga 2026-09-25); RF French CRSP 202607 sha256 b840dba55d319f48","{""activos"": [""SPY"", ""EFA"", ""EEM"", ""TLT"", ""IEF"", ""GLD"", ""DBC"", ""VNQ""], ""bruto_max"": 1.0, ""comision_por_lado"": 0.0029, ""cortes"": [""2011-12-31""], ""efectivo_en_mxn"": false, ""extras"": [""vol_DBC"", ""vol_EEM"", ""vol_EFA"", ""vol_GLD"", ""vol_IEF"", ""vol_SPY"", ""vol_TLT"", ""vol_VNQ""], ""fx"": false, ""max_dias_fx"": 10, ""min_historia"": 12, ""motor"": ""R02.backtest_cartera"", ""periodos_por_anio"": 12, ""peso_max"": 0.125, ""peso_min"": 0.0, ""rebalanceo_con_deriva"": true, ""segmentos"": [""dentro_muestra"", ""fuera_muestra""], ""senal"": ""cartera_lo_L12_obj0.0_tope1.0"", ""spread_por_lado"": 0.0005, ""usuario"": {""L"": 12, ""escenario_costos"": ""defecto"", ""parte"": ""b"", ""tipo"": ""solo largos binaria""}, ""variante"": ""B_lo_L12""}",
2026-09-25T05:27:44.001522Z,R02,ee54711ecf,B_lo_L12,1,dentro_muestra,2007-02-28,2011-12-31,58,12,USD,0.32857875840362283,0.06048597899708974,0.08663662668641563,0.5906890307032969,0.9287374904467524,-0.09159937746859992,0.6603317693706402,0.1705172354419538,-0.408096365535354,3.669139713888212,0.8913343276238539,0.7176724137931034,1.0,1.3706700095093036,0.00466027803233163,28,0.05903549563161037,0.011541522760558198,0.0029,0.0005,2011-12-31,0e6d3baabe3fe595,"Yahoo chart v8 adjclose 1mo/1d SPY,EFA,EEM,TLT,IEF,GLD,DBC,VNQ (descarga 2026-09-25); RF French CRSP 202607 sha256 b840dba55d319f48","{""activos"": [""SPY"", ""EFA"", ""EEM"", ""TLT"", ""IEF"", ""GLD"", ""DBC"", ""VNQ""], ""bruto_max"": 1.0, ""comision_por_lado"": 0.0029, ""cortes"": [""2011-12-31""], ""efectivo_en_mxn"": false, ""extras"": [""vol_DBC"", ""vol_EEM"", ""vol_EFA"", ""vol_GLD"", ""vol_IEF"", ""vol_SPY"", ""vol_TLT"", ""vol_VNQ""], ""fx"": false, ""max_dias_fx"": 10, ""min_historia"": 12, ""motor"": ""R02.backtest_cartera"", ""periodos_por_anio"": 12, ""peso_max"": 0.125, ""peso_min"": 0.0, ""rebalanceo_con_deriva"": true, ""segmentos"": [""dentro_muestra"", ""fuera_muestra""], ""senal"": ""cartera_lo_L12_obj0.0_tope1.0"", ""spread_por_lado"": 0.0005, ""usuario"": {""L"": 12, ""escenario_costos"": ""defecto"", ""parte"": ""b"", ""tipo"": ""solo largos binaria""}, ""variante"": ""B_lo_L12""}",
2026-09-25T05:27:44.001522Z,R02,ee54711ecf,B_lo_L12,1,fuera_muestra,2011-12-31,2026-07-31,175,12,USD,0.9094808643293091,0.04535740154837686,0.053981642322069326,0.559114136769187,0.8843042528270356,-0.08517527698461047,0.5325183921218368,0.16140234868570769,-0.0707907619031514,2.989291574516024,0.9822913073300013,0.5892857142857143,0.9828571428571429,1.5500067212506319,0.005270022852252148,108,0.06443105052045439,0.01591439165222197,0.0029,0.0005,2011-12-31,0e6d3baabe3fe595,"Yahoo chart v8 adjclose 1mo/1d SPY,EFA,EEM,TLT,IEF,GLD,DBC,VNQ (descarga 2026-09-25); RF French CRSP 202607 sha256 b840dba55d319f48","{""activos"": [""SPY"", ""EFA"", ""EEM"", ""TLT"", ""IEF"", ""GLD"", ""DBC"", ""VNQ""], ""bruto_max"": 1.0, ""comision_por_lado"": 0.0029, ""cortes"": [""2011-12-31""], ""efectivo_en_mxn"": false, ""extras"": [""vol_DBC"", ""vol_EEM"", ""vol_EFA"", ""vol_GLD"", ""vol_IEF"", ""vol_SPY"", ""vol_TLT"", ""vol_VNQ""], ""fx"": false, ""max_dias_fx"": 10, ""min_historia"": 12, ""motor"": ""R02.backtest_cartera"", ""periodos_por_anio"": 12, ""peso_max"": 0.125, ""peso_min"": 0.0, ""rebalanceo_con_deriva"": true, ""segmentos"": [""dentro_muestra"", ""fuera_muestra""], ""senal"": ""cartera_lo_L12_obj0.0_tope1.0"", ""spread_por_lado"": 0.0005, ""usuario"": {""L"": 12, ""escenario_costos"": ""defecto"", ""parte"": ""b"", ""tipo"": ""solo largos binaria""}, ""variante"": ""B_lo_L12""}",
2026-09-25T05:27:44.031558Z,R02,7d2155f51a,B_ref_1N,0,completo,2007-02-28,2026-07-31,233,12,USD,2.196881795036982,0.06167259743373221,0.10975238577553457,0.4682389997663356,0.6764575869275338,-0.34569416369368267,0.1784021945142814,0.1351689562800875,-0.8855797355769502,6.963728124425007,0.972724014489782,1.0,1.0,0.3907319851161981,0.0013284887493950743,1,0.06308435048820926,0.014823262699370066,0.0029,0.0005,2011-12-31,0e6d3baabe3fe595,"Yahoo chart v8 adjclose 1mo/1d SPY,EFA,EEM,TLT,IEF,GLD,DBC,VNQ (descarga 2026-09-25); RF French CRSP 202607 sha256 b840dba55d319f48","{""activos"": [""SPY"", ""EFA"", ""EEM"", ""TLT"", ""IEF"", ""GLD"", ""DBC"", ""VNQ""], ""bruto_max"": 1.0, ""comision_por_lado"": 0.0029, ""cortes"": [""2011-12-31""], ""efectivo_en_mxn"": false, ""extras"": [""vol_DBC"", ""vol_EEM"", ""vol_EFA"", ""vol_GLD"", ""vol_IEF"", ""vol_SPY"", ""vol_TLT"", ""vol_VNQ""], ""fx"": false, ""max_dias_fx"": 10, ""min_historia"": 12, ""motor"": ""R02.backtest_cartera"", ""periodos_por_anio"": 12, ""peso_max"": 0.125, ""peso_min"": 0.0, ""rebalanceo_con_deriva"": true, ""segmentos"": [""dentro_muestra"", ""fuera_muestra""], ""senal"": ""cartera_ref_1n_L12_obj0.0_tope1.0"", ""spread_por_lado"": 0.0005, ""usuario"": {""escenario_costos"": ""defecto"", ""parte"": ""b"", ""tipo"": ""referencia""}, ""variante"": ""B_ref_1N""}",referencia
2026-09-25T05:27:44.031558Z,R02,7d2155f51a,B_ref_1N,0,dentro_muestra,2007-02-28,2011-12-31,58,12,USD,0.3054123261310375,0.05663691334631382,0.15071845442576226,0.3663198863962501,0.5088314588377439,-0.34569416369368267,0.16383531830898776,0.10574744251019408,-1.1489864326979273,6.402722368797484,0.7730300461912054,1.0,1.0,0.6665025969601525,0.0022661088296645174,1,0.05903549563161037,0.011541522760558198,0.0029,0.0005,2011-12-31,0e6d3baabe3fe595,"Yahoo chart v8 adjclose 1mo/1d SPY,EFA,EEM,TLT,IEF,GLD,DBC,VNQ (descarga 2026-09-25); RF French CRSP 202607 sha256 b840dba55d319f48","{""activos"": [""SPY"", ""EFA"", ""EEM"", ""TLT"", ""IEF"", ""GLD"", ""DBC"", ""VNQ""], ""bruto_max"": 1.0, ""comision_por_lado"": 0.0029, ""cortes"": [""2011-12-31""], ""efectivo_en_mxn"": false, ""extras"": [""vol_DBC"", ""vol_EEM"", ""vol_EFA"", ""vol_GLD"", ""vol_IEF"", ""vol_SPY"", ""vol_TLT"", ""vol_VNQ""], ""fx"": false, ""max_dias_fx"": 10, ""min_historia"": 12, ""motor"": ""R02.backtest_cartera"", ""periodos_por_anio"": 12, ""peso_max"": 0.125, ""peso_min"": 0.0, ""rebalanceo_con_deriva"": true, ""segmentos"": [""dentro_muestra"", ""fuera_muestra""], ""senal"": ""cartera_ref_1n_L12_obj0.0_tope1.0"", ""spread_por_lado"": 0.0005, ""usuario"": {""escenario_costos"": ""defecto"", ""parte"": ""b"", ""tipo"": ""referencia""}, ""variante"": ""B_ref_1N""}",referencia
2026-09-25T05:27:44.031558Z,R02,7d2155f51a,B_ref_1N,0,fuera_muestra,2011-12-31,2026-07-31,175,12,USD,1.4489440853617919,0.06334857591381193,0.09284017073904013,0.5405545272900992,0.816331472754554,-0.19218857250569776,0.3296167669486897,0.15604465092130484,-0.3618242255751132,3.727099711875936,0.9765421613242787,1.0,1.0,0.29923993270758625,0.0010174157712057933,0,0.06443105052045439,0.01591439165222197,0.0029,0.0005,2011-12-31,0e6d3baabe3fe595,"Yahoo chart v8 adjclose 1mo/1d SPY,EFA,EEM,TLT,IEF,GLD,DBC,VNQ (descarga 2026-09-25); RF French CRSP 202607 sha256 b840dba55d319f48","{""activos"": [""SPY"", ""EFA"", ""EEM"", ""TLT"", ""IEF"", ""GLD"", ""DBC"", ""VNQ""], ""bruto_max"": 1.0, ""comision_por_lado"": 0.0029, ""cortes"": [""2011-12-31""], ""efectivo_en_mxn"": false, ""extras"": [""vol_DBC"", ""vol_EEM"", ""vol_EFA"", ""vol_GLD"", ""vol_IEF"", ""vol_SPY"", ""vol_TLT"", ""vol_VNQ""], ""fx"": false, ""max_dias_fx"": 10, ""min_historia"": 12, ""motor"": ""R02.backtest_cartera"", ""periodos_por_anio"": 12, ""peso_max"": 0.125, ""peso_min"": 0.0, ""rebalanceo_con_deriva"": true, ""segmentos"": [""dentro_muestra"", ""fuera_muestra""], ""senal"": ""cartera_ref_1n_L12_obj0.0_tope1.0"", ""spread_por_lado"": 0.0005, ""usuario"": {""escenario_costos"": ""defecto"", ""parte"": ""b"", ""tipo"": ""referencia""}, ""variante"": ""B_ref_1N""}",referencia
2026-09-25T05:27:44.062230Z,R02,a3892431c6,B_ref_1N_sin_rebalanceo,0,completo,2007-02-28,2026-07-31,233,12,USD,2.235780793343689,0.06233400483852991,0.10576855060090815,0.4885911422126352,0.7022152891400033,-0.30106682910347016,0.20704374847322374,0.14104411374006584,-0.9232138860666399,6.734975930705149,0.9770195725810467,0.9999999999999994,1.0,0.05149443112928239,0.00017508106583956012,233,0.06308435048820926,0.014823262699370066,0.0029,0.0005,2011-12-31,0e6d3baabe3fe595,"Yahoo chart v8 adjclose 1mo/1d SPY,EFA,EEM,TLT,IEF,GLD,DBC,VNQ (descarga 2026-09-25); RF French CRSP 202607 sha256 b840dba55d319f48","{""activos"": [""SPY"", ""EFA"", ""EEM"", ""TLT"", ""IEF"", ""GLD"", ""DBC"", ""VNQ""], ""bruto_max"": 1.0, ""comision_por_lado"": 0.0029, ""cortes"": [""2011-12-31""], ""efectivo_en_mxn"": false, ""extras"": [""vol_DBC"", ""vol_EEM"", ""vol_EFA"", ""vol_GLD"", ""vol_IEF"", ""vol_SPY"", ""vol_TLT"", ""vol_VNQ""], ""fx"": false, ""max_dias_fx"": 10, ""min_historia"": 12, ""motor"": ""R02.backtest_cartera"", ""periodos_por_anio"": 12, ""peso_max"": 1.0, ""peso_min"": 0.0, ""rebalanceo_con_deriva"": true, ""segmentos"": [""dentro_muestra"", ""fuera_muestra""], ""senal"": ""cartera_ref_1n_sin_rebalanceo_L12_obj0.0_tope1.0"", ""spread_por_lado"": 0.0005, ""usuario"": {""escenario_costos"": ""defecto"", ""parte"": ""b"", ""tipo"": ""referencia""}, ""variante"": ""B_ref_1N_sin_rebalanceo""}",referencia
2026-09-25T05:27:44.062230Z,R02,a3892431c6,B_ref_1N_sin_rebalanceo,0,dentro_muestra,2007-02-28,2011-12-31,58,12,USD,0.28863769437243403,0.05381586999983079,0.13626356119423946,0.37032676007147053,0.5022492777014192,-0.30106682910347016,0.178750578933209,0.10690412730769273,-1.399411219479154,7.592065681451055,0.7723688755208058,0.9999999999999998,1.0,0.20670628183361628,0.0007028013582342953,58,0.05903549563161037,0.011541522760558198,0.0029,0.0005,2011-12-31,0e6d3baabe3fe595,"Yahoo chart v8 adjclose 1mo/1d SPY,EFA,EEM,TLT,IEF,GLD,DBC,VNQ (descarga 2026-09-25); RF French CRSP 202607 sha256 b840dba55d319f48","{""activos"": [""SPY"", ""EFA"", ""EEM"", ""TLT"", ""IEF"", ""GLD"", ""DBC"", ""VNQ""], ""bruto_max"": 1.0, ""comision_por_lado"": 0.0029, ""cortes"": [""2011-12-31""], ""efectivo_en_mxn"": false, ""extras"": [""vol_DBC"", ""vol_EEM"", ""vol_EFA"", ""vol_GLD"", ""vol_IEF"", ""vol_SPY"", ""vol_TLT"", ""vol_VNQ""], ""fx"": false, ""max_dias_fx"": 10, ""min_historia"": 12, ""motor"": ""R02.backtest_cartera"", ""periodos_por_anio"": 12, ""peso_max"": 1.0, ""peso_min"": 0.0, ""rebalanceo_con_deriva"": true, ""segmentos"": [""dentro_muestra"", ""fuera_muestra""], ""senal"": ""cartera_ref_1n_sin_rebalanceo_L12_obj0.0_tope1.0"", ""spread_por_lado"": 0.0005, ""usuario"": {""escenario_costos"": ""defecto"", ""parte"": ""b"", ""tipo"": ""referencia""}, ""variante"": ""B_ref_1N_sin_rebalanceo""}",referencia
2026-09-25T05:27:44.062230Z,R02,a3892431c6,B_ref_1N_sin_rebalanceo,0,fuera_muestra,2011-12-31,2026-07-31,175,12,USD,1.5110089573466268,0.06517523893635424,0.09398284717701058,0.5549842615517363,0.8396266078401974,-0.2150166185186897,0.30311721663825286,0.1602101564014503,-0.34886212577465925,3.4029456160962055,0.9794128622193836,0.9999999999999993,1.0,0.0,0.0,175,0.06443105052045439,0.01591439165222197,0.0029,0.0005,2011-12-31,0e6d3baabe3fe595,"Yahoo chart v8 adjclose 1mo/1d SPY,EFA,EEM,TLT,IEF,GLD,DBC,VNQ (descarga 2026-09-25); RF French CRSP 202607 sha256 b840dba55d319f48","{""activos"": [""SPY"", ""EFA"", ""EEM"", ""TLT"", ""IEF"", ""GLD"", ""DBC"", ""VNQ""], ""bruto_max"": 1.0, ""comision_por_lado"": 0.0029, ""cortes"": [""2011-12-31""], ""efectivo_en_mxn"": false, ""extras"": [""vol_DBC"", ""vol_EEM"", ""vol_EFA"", ""vol_GLD"", ""vol_IEF"", ""vol_SPY"", ""vol_TLT"", ""vol_VNQ""], ""fx"": false, ""max_dias_fx"": 10, ""min_historia"": 12, ""motor"": ""R02.backtest_cartera"", ""periodos_por_anio"": 12, ""peso_max"": 1.0, ""peso_min"": 0.0, ""rebalanceo_con_deriva"": true, ""segmentos"": [""dentro_muestra"", ""fuera_muestra""], ""senal"": ""cartera_ref_1n_sin_rebalanceo_L12_obj0.0_tope1.0"", ""spread_por_lado"": 0.0005, ""usuario"": {""escenario_costos"": ""defecto"", ""parte"": ""b"", ""tipo"": ""referencia""}, ""variante"": ""B_ref_1N_sin_rebalanceo""}",referencia
2026-09-25T05:27:44.089687Z,R02,6b4ee2d4a5,B_ref_efectivo,0,completo,2007-02-28,2026-07-31,233,12,USD,0.33075812710378827,0.014823262699370066,0.0053483789707093376,0.0,0.0,0.0,inf,,0.0,3.0,,0.0,0.0,0.0,0.0,0,0.06308435048820926,0.014823262699370066,0.0029,0.0005,2011-12-31,0e6d3baabe3fe595,"Yahoo chart v8 adjclose 1mo/1d SPY,EFA,EEM,TLT,IEF,GLD,DBC,VNQ (descarga 2026-09-25); RF French CRSP 202607 sha256 b840dba55d319f48","{""activos"": [""SPY"", ""EFA"", ""EEM"", ""TLT"", ""IEF"", ""GLD"", ""DBC"", ""VNQ""], ""bruto_max"": 1.0, ""comision_por_lado"": 0.0029, ""cortes"": [""2011-12-31""], ""efectivo_en_mxn"": false, ""extras"": [""vol_DBC"", ""vol_EEM"", ""vol_EFA"", ""vol_GLD"", ""vol_IEF"", ""vol_SPY"", ""vol_TLT"", ""vol_VNQ""], ""fx"": false, ""max_dias_fx"": 10, ""min_historia"": 12, ""motor"": ""R02.backtest_cartera"", ""periodos_por_anio"": 12, ""peso_max"": 1.0, ""peso_min"": 0.0, ""rebalanceo_con_deriva"": true, ""segmentos"": [""dentro_muestra"", ""fuera_muestra""], ""senal"": ""cartera_ref_1n_L12_obj0.0_tope1.0"", ""spread_por_lado"": 0.0005, ""usuario"": {""escenario_costos"": ""defecto"", ""parte"": ""b"", ""tipo"": ""referencia""}, ""variante"": ""B_ref_efectivo""}",referencia
2026-09-25T05:27:44.089687Z,R02,6b4ee2d4a5,B_ref_efectivo,0,dentro_muestra,2007-02-28,2011-12-31,58,12,USD,0.05708552896197294,0.011541522760558198,0.004938797843395803,0.0,0.0,0.0,inf,,0.0,3.0,,0.0,0.0,0.0,0.0,0,0.05903549563161037,0.011541522760558198,0.0029,0.0005,2011-12-31,0e6d3baabe3fe595,"Yahoo chart v8 adjclose 1mo/1d SPY,EFA,EEM,TLT,IEF,GLD,DBC,VNQ (descarga 2026-09-25); RF French CRSP 202607 sha256 b840dba55d319f48","{""activos"": [""SPY"", ""EFA"", ""EEM"", ""TLT"", ""IEF"", ""GLD"", ""DBC"", ""VNQ""], ""bruto_max"": 1.0, ""comision_por_lado"": 0.0029, ""cortes"": [""2011-12-31""], ""efectivo_en_mxn"": false, ""extras"": [""vol_DBC"", ""vol_EEM"", ""vol_EFA"", ""vol_GLD"", ""vol_IEF"", ""vol_SPY"", ""vol_TLT"", ""vol_VNQ""], ""fx"": false, ""max_dias_fx"": 10, ""min_historia"": 12, ""motor"": ""R02.backtest_cartera"", ""periodos_por_anio"": 12, ""peso_max"": 1.0, ""peso_min"": 0.0, ""rebalanceo_con_deriva"": true, ""segmentos"": [""dentro_muestra"", ""fuera_muestra""], ""senal"": ""cartera_ref_1n_L12_obj0.0_tope1.0"", ""spread_por_lado"": 0.0005, ""usuario"": {""escenario_costos"": ""defecto"", ""parte"": ""b"", ""tipo"": ""referencia""}, ""variante"": ""B_ref_efectivo""}",referencia
2026-09-25T05:27:44.089687Z,R02,6b4ee2d4a5,B_ref_efectivo,0,fuera_muestra,2011-12-31,2026-07-31,175,12,USD,0.25889352435895274,0.01591439165222197,0.005455494450957997,0.0,0.0,0.0,inf,,0.0,3.0,,0.0,0.0,0.0,0.0,0,0.06443105052045439,0.01591439165222197,0.0029,0.0005,2011-12-31,0e6d3baabe3fe595,"Yahoo chart v8 adjclose 1mo/1d SPY,EFA,EEM,TLT,IEF,GLD,DBC,VNQ (descarga 2026-09-25); RF French CRSP 202607 sha256 b840dba55d319f48","{""activos"": [""SPY"", ""EFA"", ""EEM"", ""TLT"", ""IEF"", ""GLD"", ""DBC"", ""VNQ""], ""bruto_max"": 1.0, ""comision_por_lado"": 0.0029, ""cortes"": [""2011-12-31""], ""efectivo_en_mxn"": false, ""extras"": [""vol_DBC"", ""vol_EEM"", ""vol_EFA"", ""vol_GLD"", ""vol_IEF"", ""vol_SPY"", ""vol_TLT"", ""vol_VNQ""], ""fx"": false, ""max_dias_fx"": 10, ""min_historia"": 12, ""motor"": ""R02.backtest_cartera"", ""periodos_por_anio"": 12, ""peso_max"": 1.0, ""peso_min"": 0.0, ""rebalanceo_con_deriva"": true, ""segmentos"": [""dentro_muestra"", ""fuera_muestra""], ""senal"": ""cartera_ref_1n_L12_obj0.0_tope1.0"", ""spread_por_lado"": 0.0005, ""usuario"": {""escenario_costos"": ""defecto"", ""parte"": ""b"", ""tipo"": ""referencia""}, ""variante"": ""B_ref_efectivo""}",referencia
2026-09-25T05:27:44.118159Z,R02,5d7aa74045,B_ref_1N_sma10,0,completo,2007-02-28,2026-07-31,233,12,USD,1.5330659679007446,0.04902429620448001,0.06110463592718323,0.5749248345200965,0.9193109930527469,-0.08431207749749647,0.5814623202225768,0.1659665039869894,-0.04551642564366378,3.4368521281802598,0.9937502258128732,0.653969957081545,0.9871244635193133,2.074437675100149,0.007053088095340512,164,0.06308435048820926,0.014823262699370066,0.0029,0.0005,2011-12-31,0e6d3baabe3fe595,"Yahoo chart v8 adjclose 1mo/1d SPY,EFA,EEM,TLT,IEF,GLD,DBC,VNQ (descarga 2026-09-25); RF French CRSP 202607 sha256 b840dba55d319f48","{""activos"": [""SPY"", ""EFA"", ""EEM"", ""TLT"", ""IEF"", ""GLD"", ""DBC"", ""VNQ""], ""bruto_max"": 1.0, ""comision_por_lado"": 0.0029, ""cortes"": [""2011-12-31""], ""efectivo_en_mxn"": false, ""extras"": [""vol_DBC"", ""vol_EEM"", ""vol_EFA"", ""vol_GLD"", ""vol_IEF"", ""vol_SPY"", ""vol_TLT"", ""vol_VNQ""], ""fx"": false, ""max_dias_fx"": 10, ""min_historia"": 12, ""motor"": ""R02.backtest_cartera"", ""periodos_por_anio"": 12, ""peso_max"": 0.125, ""peso_min"": 0.0, ""rebalanceo_con_deriva"": true, ""segmentos"": [""dentro_muestra"", ""fuera_muestra""], ""senal"": ""cartera_ref_sma10_L12_obj0.0_tope1.0"", ""spread_por_lado"": 0.0005, ""usuario"": {""escenario_costos"": ""defecto"", ""parte"": ""b"", ""tipo"": ""referencia"", ""ventana"": 10}, ""variante"": ""B_ref_1N_sma10""}",referencia
2026-09-25T05:27:44.118159Z,R02,5d7aa74045,B_ref_1N_sma10,0,dentro_muestra,2007-02-28,2011-12-31,58,12,USD,0.38836615908249406,0.07017912660241499,0.07638545561445963,0.7781113401816824,1.3948378619532158,-0.08431207749749647,0.8323733524950664,0.2246213958566974,0.06110853559032304,2.8993085766983686,0.954221893468131,0.6853448275862069,1.0,1.9497752620397586,0.006629235890935181,37,0.05903549563161037,0.011541522760558198,0.0029,0.0005,2011-12-31,0e6d3baabe3fe595,"Yahoo chart v8 adjclose 1mo/1d SPY,EFA,EEM,TLT,IEF,GLD,DBC,VNQ (descarga 2026-09-25); RF French CRSP 202607 sha256 b840dba55d319f48","{""activos"": [""SPY"", ""EFA"", ""EEM"", ""TLT"", ""IEF"", ""GLD"", ""DBC"", ""VNQ""], ""bruto_max"": 1.0, ""comision_por_lado"": 0.0029, ""cortes"": [""2011-12-31""], ""efectivo_en_mxn"": false, ""extras"": [""vol_DBC"", ""vol_EEM"", ""vol_EFA"", ""vol_GLD"", ""vol_IEF"", ""vol_SPY"", ""vol_TLT"", ""vol_VNQ""], ""fx"": false, ""max_dias_fx"": 10, ""min_historia"": 12, ""motor"": ""R02.backtest_cartera"", ""periodos_por_anio"": 12, ""peso_max"": 0.125, ""peso_min"": 0.0, ""rebalanceo_con_deriva"": true, ""segmentos"": [""dentro_muestra"", ""fuera_muestra""], ""senal"": ""cartera_ref_sma10_L12_obj0.0_tope1.0"", ""spread_por_lado"": 0.0005, ""usuario"": {""escenario_costos"": ""defecto"", ""parte"": ""b"", ""tipo"": ""referencia"", ""ventana"": 10}, ""variante"": ""B_ref_1N_sma10""}",referencia
2026-09-25T05:27:44.118159Z,R02,5d7aa74045,B_ref_1N_sma10,0,fuera_muestra,2011-12-31,2026-07-31,175,12,USD,0.824494173478507,0.04209858018222801,0.05523132432925542,0.49058434020343566,0.738648714786862,-0.06960885638407477,0.60478770043203,0.14161950043833427,-0.25140553949077404,3.302888855228757,0.9660407621033691,0.6435714285714286,0.9828571428571429,2.1157967595683655,0.007193708982532438,127,0.06443105052045439,0.01591439165222197,0.0029,0.0005,2011-12-31,0e6d3baabe3fe595,"Yahoo chart v8 adjclose 1mo/1d SPY,EFA,EEM,TLT,IEF,GLD,DBC,VNQ (descarga 2026-09-25); RF French CRSP 202607 sha256 b840dba55d319f48","{""activos"": [""SPY"", ""EFA"", ""EEM"", ""TLT"", ""IEF"", ""GLD"", ""DBC"", ""VNQ""], ""bruto_max"": 1.0, ""comision_por_lado"": 0.0029, ""cortes"": [""2011-12-31""], ""efectivo_en_mxn"": false, ""extras"": [""vol_DBC"", ""vol_EEM"", ""vol_EFA"", ""vol_GLD"", ""vol_IEF"", ""vol_SPY"", ""vol_TLT"", ""vol_VNQ""], ""fx"": false, ""max_dias_fx"": 10, ""min_historia"": 12, ""motor"": ""R02.backtest_cartera"", ""periodos_por_anio"": 12, ""peso_max"": 0.125, ""peso_min"": 0.0, ""rebalanceo_con_deriva"": true, ""segmentos"": [""dentro_muestra"", ""fuera_muestra""], ""senal"": ""cartera_ref_sma10_L12_obj0.0_tope1.0"", ""spread_por_lado"": 0.0005, ""usuario"": {""escenario_costos"": ""defecto"", ""parte"": ""b"", ""tipo"": ""referencia"", ""ventana"": 10}, ""variante"": ""B_ref_1N_sma10""}",referencia
2026-09-25T05:27:44.154441Z,R02,ca7e035efa,B_ref_1N_vt10,0,completo,2007-02-28,2026-07-31,233,12,USD,1.1819285796870003,0.0409944171120078,0.054280900617453644,0.5001148824518706,0.7305686529523228,-0.11081523432281504,0.36993485022634404,0.14437073100466277,-0.553751846405771,3.518400700641539,0.9822798604311838,0.6553756378026497,1.0,0.5177964994942567,0.0017605080982804723,233,0.06308435048820926,0.014823262699370066,0.0029,0.0005,2011-12-31,0e6d3baabe3fe595,"Yahoo chart v8 adjclose 1mo/1d SPY,EFA,EEM,TLT,IEF,GLD,DBC,VNQ (descarga 2026-09-25); RF French CRSP 202607 sha256 b840dba55d319f48","{""activos"": [""SPY"", ""EFA"", ""EEM"", ""TLT"", ""IEF"", ""GLD"", ""DBC"", ""VNQ""], ""bruto_max"": 1.0, ""comision_por_lado"": 0.0029, ""cortes"": [""2011-12-31""], ""efectivo_en_mxn"": false, ""extras"": [""vol_DBC"", ""vol_EEM"", ""vol_EFA"", ""vol_GLD"", ""vol_IEF"", ""vol_SPY"", ""vol_TLT"", ""vol_VNQ""], ""fx"": false, ""max_dias_fx"": 10, ""min_historia"": 12, ""motor"": ""R02.backtest_cartera"", ""periodos_por_anio"": 12, ""peso_max"": 0.125, ""peso_min"": 0.0, ""rebalanceo_con_deriva"": true, ""segmentos"": [""dentro_muestra"", ""fuera_muestra""], ""senal"": ""cartera_ref_vt_L12_obj0.1_tope1.0"", ""spread_por_lado"": 0.0005, ""usuario"": {""escenario_costos"": ""defecto"", ""parte"": ""b"", ""sigma_obj"": 0.1, ""tipo"": ""referencia"", ""tope_por_activo"": 1.0}, ""variante"": ""B_ref_1N_vt10""}",referencia
2026-09-25T05:27:44.154441Z,R02,ca7e035efa,B_ref_1N_vt10,0,dentro_muestra,2007-02-28,2011-12-31,58,12,USD,0.24301288734579352,0.04599282737986221,0.048148218658934906,0.7200531143769421,1.1258945453614897,-0.08216352531347959,0.5597718355485012,0.20786142970817797,-0.6004162129206734,3.9650865707245297,0.9277271920746146,0.5216279943714481,1.0,0.5588519269334199,0.0019000965515736273,58,0.05903549563161037,0.011541522760558198,0.0029,0.0005,2011-12-31,0e6d3baabe3fe595,"Yahoo chart v8 adjclose 1mo/1d SPY,EFA,EEM,TLT,IEF,GLD,DBC,VNQ (descarga 2026-09-25); RF French CRSP 202607 sha256 b840dba55d319f48","{""activos"": [""SPY"", ""EFA"", ""EEM"", ""TLT"", ""IEF"", ""GLD"", ""DBC"", ""VNQ""], ""bruto_max"": 1.0, ""comision_por_lado"": 0.0029, ""cortes"": [""2011-12-31""], ""efectivo_en_mxn"": false, ""extras"": [""vol_DBC"", ""vol_EEM"", ""vol_EFA"", ""vol_GLD"", ""vol_IEF"", ""vol_SPY"", ""vol_TLT"", ""vol_VNQ""], ""fx"": false, ""max_dias_fx"": 10, ""min_historia"": 12, ""motor"": ""R02.backtest_cartera"", ""periodos_por_anio"": 12, ""peso_max"": 0.125, ""peso_min"": 0.0, ""rebalanceo_con_deriva"": true, ""segmentos"": [""dentro_muestra"", ""fuera_muestra""], ""senal"": ""cartera_ref_vt_L12_obj0.1_tope1.0"", ""spread_por_lado"": 0.0005, ""usuario"": {""escenario_costos"": ""defecto"", ""parte"": ""b"", ""sigma_obj"": 0.1, ""tipo"": ""referencia"", ""tope_por_activo"": 1.0}, ""variante"": ""B_ref_1N_vt10""}",referencia
2026-09-25T05:27:44.154441Z,R02,ca7e035efa,B_ref_1N_vt10,0,fuera_muestra,2011-12-31,2026-07-31,175,12,USD,0.7553547528747486,0.03934138353712502,0.05628831218095537,0.437301760655349,0.6301922987542143,-0.11081523432281504,0.3550178256404704,0.12623814461573152,-0.5302996147520451,3.3709168791284028,0.9457552938736076,0.6997034281969908,1.0,0.5041755944463777,0.001714197021117685,175,0.06443105052045439,0.01591439165222197,0.0029,0.0005,2011-12-31,0e6d3baabe3fe595,"Yahoo chart v8 adjclose 1mo/1d SPY,EFA,EEM,TLT,IEF,GLD,DBC,VNQ (descarga 2026-09-25); RF French CRSP 202607 sha256 b840dba55d319f48","{""activos"": [""SPY"", ""EFA"", ""EEM"", ""TLT"", ""IEF"", ""GLD"", ""DBC"", ""VNQ""], ""bruto_max"": 1.0, ""comision_por_lado"": 0.0029, ""cortes"": [""2011-12-31""], ""efectivo_en_mxn"": false, ""extras"": [""vol_DBC"", ""vol_EEM"", ""vol_EFA"", ""vol_GLD"", ""vol_IEF"", ""vol_SPY"", ""vol_TLT"", ""vol_VNQ""], ""fx"": false, ""max_dias_fx"": 10, ""min_historia"": 12, ""motor"": ""R02.backtest_cartera"", ""periodos_por_anio"": 12, ""peso_max"": 0.125, ""peso_min"": 0.0, ""rebalanceo_con_deriva"": true, ""segmentos"": [""dentro_muestra"", ""fuera_muestra""], ""senal"": ""cartera_ref_vt_L12_obj0.1_tope1.0"", ""spread_por_lado"": 0.0005, ""usuario"": {""escenario_costos"": ""defecto"", ""parte"": ""b"", ""sigma_obj"": 0.1, ""tipo"": ""referencia"", ""tope_por_activo"": 1.0}, ""variante"": ""B_ref_1N_vt10""}",referencia
2026-09-25T05:27:44.185089Z,R02,9cf7603d92,B_ref_largo_vt40,0,completo,2007-02-28,2026-07-31,233,12,USD,5.78791292703867,0.10364597993818458,0.2243507729404801,0.4899153268464697,0.7129564860445221,-0.43947293697588874,0.23584155295521878,0.1414263729174664,-0.5631685204923836,3.4313206002865972,0.9803765358567764,2.9677380113888607,1.0,3.36925303114718,0.011455460305900413,233,0.06308435048820926,0.014823262699370066,0.0029,0.0005,2011-12-31,0e6d3baabe3fe595,"Yahoo chart v8 adjclose 1mo/1d SPY,EFA,EEM,TLT,IEF,GLD,DBC,VNQ (descarga 2026-09-25); RF French CRSP 202607 sha256 b840dba55d319f48","{""activos"": [""SPY"", ""EFA"", ""EEM"", ""TLT"", ""IEF"", ""GLD"", ""DBC"", ""VNQ""], ""bruto_max"": 10.0, ""comision_por_lado"": 0.0029, ""cortes"": [""2011-12-31""], ""efectivo_en_mxn"": false, ""extras"": [""vol_DBC"", ""vol_EEM"", ""vol_EFA"", ""vol_GLD"", ""vol_IEF"", ""vol_SPY"", ""vol_TLT"", ""vol_VNQ""], ""fx"": false, ""max_dias_fx"": 10, ""min_historia"": 12, ""motor"": ""R02.backtest_cartera"", ""periodos_por_anio"": 12, ""peso_max"": 1.25, ""peso_min"": 0.0, ""rebalanceo_con_deriva"": true, ""segmentos"": [""dentro_muestra"", ""fuera_muestra""], ""senal"": ""cartera_ref_largo_vt_L12_obj0.4_tope10.0"", ""spread_por_lado"": 0.0005, ""usuario"": {""escenario_costos"": ""defecto"", ""parte"": ""b"", ""sigma_obj"": 0.4, ""tipo"": ""referencia"", ""tope_por_activo"": 10.0}, ""variante"": ""B_ref_largo_vt40""}",referencia
2026-09-25T05:27:44.185089Z,R02,9cf7603d92,B_ref_largo_vt40,0,dentro_muestra,2007-02-28,2011-12-31,58,12,USD,0.9454792185237761,0.1474760057907465,0.1944847002365502,0.748731017510997,1.1727444522158885,-0.31628457279121225,0.46627631720785595,0.21614002725529827,-0.614720614279853,3.9110186332221923,0.9345605885817718,2.2771851552042155,1.0,3.221888163394473,0.010954419755541206,58,0.05903549563161037,0.011541522760558198,0.0029,0.0005,2011-12-31,0e6d3baabe3fe595,"Yahoo chart v8 adjclose 1mo/1d SPY,EFA,EEM,TLT,IEF,GLD,DBC,VNQ (descarga 2026-09-25); RF French CRSP 202607 sha256 b840dba55d319f48","{""activos"": [""SPY"", ""EFA"", ""EEM"", ""TLT"", ""IEF"", ""GLD"", ""DBC"", ""VNQ""], ""bruto_max"": 10.0, ""comision_por_lado"": 0.0029, ""cortes"": [""2011-12-31""], ""efectivo_en_mxn"": false, ""extras"": [""vol_DBC"", ""vol_EEM"", ""vol_EFA"", ""vol_GLD"", ""vol_IEF"", ""vol_SPY"", ""vol_TLT"", ""vol_VNQ""], ""fx"": false, ""max_dias_fx"": 10, ""min_historia"": 12, ""motor"": ""R02.backtest_cartera"", ""periodos_por_anio"": 12, ""peso_max"": 1.25, ""peso_min"": 0.0, ""rebalanceo_con_deriva"": true, ""segmentos"": [""dentro_muestra"", ""fuera_muestra""], ""senal"": ""cartera_ref_largo_vt_L12_obj0.4_tope10.0"", ""spread_por_lado"": 0.0005, ""usuario"": {""escenario_costos"": ""defecto"", ""parte"": ""b"", ""sigma_obj"": 0.4, ""tipo"": ""referencia"", ""tope_por_activo"": 10.0}, ""variante"": ""B_ref_largo_vt40""}",referencia
2026-09-25T05:27:44.185089Z,R02,9cf7603d92,B_ref_largo_vt40,0,fuera_muestra,2011-12-31,2026-07-31,175,12,USD,2.489069871529813,0.08947760515672387,0.23383882477068585,0.4192184915117299,0.6017137945851238,-0.4394729369758885,0.20360208246823858,0.12101795446178305,-0.5347867880862406,3.263392301523807,0.9383505662457221,3.196606958010057,1.0,3.418144079085411,0.011621689868890402,175,0.06443105052045439,0.01591439165222197,0.0029,0.0005,2011-12-31,0e6d3baabe3fe595,"Yahoo chart v8 adjclose 1mo/1d SPY,EFA,EEM,TLT,IEF,GLD,DBC,VNQ (descarga 2026-09-25); RF French CRSP 202607 sha256 b840dba55d319f48","{""activos"": [""SPY"", ""EFA"", ""EEM"", ""TLT"", ""IEF"", ""GLD"", ""DBC"", ""VNQ""], ""bruto_max"": 10.0, ""comision_por_lado"": 0.0029, ""cortes"": [""2011-12-31""], ""efectivo_en_mxn"": false, ""extras"": [""vol_DBC"", ""vol_EEM"", ""vol_EFA"", ""vol_GLD"", ""vol_IEF"", ""vol_SPY"", ""vol_TLT"", ""vol_VNQ""], ""fx"": false, ""max_dias_fx"": 10, ""min_historia"": 12, ""motor"": ""R02.backtest_cartera"", ""periodos_por_anio"": 12, ""peso_max"": 1.25, ""peso_min"": 0.0, ""rebalanceo_con_deriva"": true, ""segmentos"": [""dentro_muestra"", ""fuera_muestra""], ""senal"": ""cartera_ref_largo_vt_L12_obj0.4_tope10.0"", ""spread_por_lado"": 0.0005, ""usuario"": {""escenario_costos"": ""defecto"", ""parte"": ""b"", ""sigma_obj"": 0.4, ""tipo"": ""referencia"", ""tope_por_activo"": 10.0}, ""variante"": ""B_ref_largo_vt40""}",referencia
2026-09-25T05:27:44.214384Z,R02,3686552e33,A_ls_vt40_L3,0,completo,1927-06-30,2026-07-31,1189,12,USD,-0.9999116401565801,-0.08990141991308054,0.4870153058515518,0.013560733124977258,0.01850377921723346,-0.9999899565898851,-0.08990232283897909,0.003914646460057148,-0.4191168570285812,4.868791750420399,0.5536213390465085,1.2256935588435192,1.0,22.64463519961807,0.09963639487831949,1189,0.10260130985470983,0.03287249298954742,0.0029,0.0015,2011-12-31,e85ac74d630dff95,French F-F_Research_Data_Factors CRSP 202607 sha256 b840dba55d319f48; daily CRSP 202607 sha256 1916d331c2c51d2a,"{""comision_por_lado"": 0.0029, ""cortes"": [""2011-12-31""], ""efectivo_en_mxn"": false, ""exposicion_inicial"": 0.0, ""exposicion_max"": 10.0, ""exposicion_min"": -10.0, ""extras"": [""vol""], ""fx"": false, ""max_dias_fx"": 10, ""min_historia"": 12, ""periodos_por_anio"": 12, ""permitir_capturas"": false, ""rebalanceo_con_deriva"": true, ""segmentos"": [""dentro_muestra"", ""fuera_muestra""], ""senal"": ""a_ls_vt40_L3"", ""spread_por_lado"": 0.0015, ""usuario"": {""L"": 3, ""escenario_costos"": ""medio"", ""parte"": ""a"", ""sigma_obj"": 0.4, ""tipo"": ""largo/corto"", ""tope"": 10.0}, ""variante"": ""A_ls_vt40_L3""}",sensibilidad: spread medio 0.15% por lado
2026-09-25T05:27:44.214384Z,R02,3686552e33,A_ls_vt40_L3,0,dentro_muestra,1927-06-30,2011-12-31,1014,12,USD,-0.99992294244191,-0.10602489322265829,0.5038619493166734,-0.007215133153724828,-0.009823933234974297,-0.9999899565898851,-0.10602595808483817,-0.0020828295342710116,-0.4142916074861865,4.807645435326344,0.4735615003875294,1.125632391304433,1.0,23.928910781124898,0.10528720743694941,1014,0.09471675589938688,0.03582725431534661,0.0029,0.0015,2011-12-31,e85ac74d630dff95,French F-F_Research_Data_Factors CRSP 202607 sha256 b840dba55d319f48; daily CRSP 202607 sha256 1916d331c2c51d2a,"{""comision_por_lado"": 0.0029, ""cortes"": [""2011-12-31""], ""efectivo_en_mxn"": false, ""exposicion_inicial"": 0.0, ""exposicion_max"": 10.0, ""exposicion_min"": -10.0, ""extras"": [""vol""], ""fx"": false, ""max_dias_fx"": 10, ""min_historia"": 12, ""periodos_por_anio"": 12, ""permitir_capturas"": false, ""rebalanceo_con_deriva"": true, ""segmentos"": [""dentro_muestra"", ""fuera_muestra""], ""senal"": ""a_ls_vt40_L3"", ""spread_por_lado"": 0.0015, ""usuario"": {""L"": 3, ""escenario_costos"": ""medio"", ""parte"": ""a"", ""sigma_obj"": 0.4, ""tipo"": ""largo/corto"", ""tope"": 10.0}, ""variante"": ""A_ls_vt40_L3""}",sensibilidad: spread medio 0.15% por lado
2026-09-25T05:27:44.214384Z,R02,3686552e33,A_ls_vt40_L3,0,fuera_muestra,2011-12-31,2026-07-31,175,12,USD,0.14667328695789306,0.009430203551598959,0.3757440182310583,0.17554295464410036,0.2456239334982424,-0.7814821241081119,0.012067075190442058,0.05067488605905681,-0.3064603677449512,3.2120138526099384,0.7462878399105393,1.8054765524699965,1.0,15.202058064205337,0.06688905548250348,175,0.1494246054539059,0.01591439165222197,0.0029,0.0015,2011-12-31,e85ac74d630dff95,French F-F_Research_Data_Factors CRSP 202607 sha256 b840dba55d319f48; daily CRSP 202607 sha256 1916d331c2c51d2a,"{""comision_por_lado"": 0.0029, ""cortes"": [""2011-12-31""], ""efectivo_en_mxn"": false, ""exposicion_inicial"": 0.0, ""exposicion_max"": 10.0, ""exposicion_min"": -10.0, ""extras"": [""vol""], ""fx"": false, ""max_dias_fx"": 10, ""min_historia"": 12, ""periodos_por_anio"": 12, ""permitir_capturas"": false, ""rebalanceo_con_deriva"": true, ""segmentos"": [""dentro_muestra"", ""fuera_muestra""], ""senal"": ""a_ls_vt40_L3"", ""spread_por_lado"": 0.0015, ""usuario"": {""L"": 3, ""escenario_costos"": ""medio"", ""parte"": ""a"", ""sigma_obj"": 0.4, ""tipo"": ""largo/corto"", ""tope"": 10.0}, ""variante"": ""A_ls_vt40_L3""}",sensibilidad: spread medio 0.15% por lado
2026-09-25T05:27:44.244577Z,R02,2d4a1d3c91,A_ls_vt40_L6,0,completo,1927-06-30,2026-07-31,1189,12,USD,-0.8280631879127568,-0.01761183384568188,0.4866811414501701,0.17156082589063923,0.23746260892832236,-0.9975667000410393,-0.01765479325338079,0.049525344505177545,-0.5500577886793278,5.014652437400601,0.95373571605796,1.5891999258395482,1.0,16.116345974461524,0.0709119222876308,1189,0.10260130985470983,0.03287249298954742,0.0029,0.0015,2011-12-31,e85ac74d630dff95,French F-F_Research_Data_Factors CRSP 202607 sha256 b840dba55d319f48; daily CRSP 202607 sha256 1916d331c2c51d2a,"{""comision_por_lado"": 0.0029, ""cortes"": [""2011-12-31""], ""efectivo_en_mxn"": false, ""exposicion_inicial"": 0.0, ""exposicion_max"": 10.0, ""exposicion_min"": -10.0, ""extras"": [""vol""], ""fx"": false, ""max_dias_fx"": 10, ""min_historia"": 12, ""periodos_por_anio"": 12, ""permitir_capturas"": false, ""rebalanceo_con_deriva"": true, ""segmentos"": [""dentro_muestra"", ""fuera_muestra""], ""senal"": ""a_ls_vt40_L6"", ""spread_por_lado"": 0.0015, ""usuario"": {""L"": 6, ""escenario_costos"": ""medio"", ""parte"": ""a"", ""sigma_obj"": 0.4, ""tipo"": ""largo/corto"", ""tope"": 10.0}, ""variante"": ""A_ls_vt40_L6""}",sensibilidad: spread medio 0.15% por lado
2026-09-25T05:27:44.244577Z,R02,2d4a1d3c91,A_ls_vt40_L6,0,dentro_muestra,1927-06-30,2011-12-31,1014,12,USD,-0.8549364144090099,-0.022587123112971286,0.5031147645391943,0.17026434034308058,0.2362749223341096,-0.9975667000410393,-0.02264221842212863,0.04915108136523582,-0.5432736372771889,4.961759915908252,0.9384742663773805,1.4991892446637056,1.0,17.05497215914309,0.07504187750022973,1014,0.09471675589938688,0.03582725431534661,0.0029,0.0015,2011-12-31,e85ac74d630dff95,French F-F_Research_Data_Factors CRSP 202607 sha256 b840dba55d319f48; daily CRSP 202607 sha256 1916d331c2c51d2a,"{""comision_por_lado"": 0.0029, ""cortes"": [""2011-12-31""], ""efectivo_en_mxn"": false, ""exposicion_inicial"": 0.0, ""exposicion_max"": 10.0, ""exposicion_min"": -10.0, ""extras"": [""vol""], ""fx"": false, ""max_dias_fx"": 10, ""min_historia"": 12, ""periodos_por_anio"": 12, ""permitir_capturas"": false, ""rebalanceo_con_deriva"": true, ""segmentos"": [""dentro_muestra"", ""fuera_muestra""], ""senal"": ""a_ls_vt40_L6"", ""spread_por_lado"": 0.0015, ""usuario"": {""L"": 6, ""escenario_costos"": ""medio"", ""parte"": ""a"", ""sigma_obj"": 0.4, ""tipo"": ""largo/corto"", ""tope"": 10.0}, ""variante"": ""A_ls_vt40_L6""}",sensibilidad: spread medio 0.15% por lado
2026-09-25T05:27:44.244577Z,R02,2d4a1d3c91,A_ls_vt40_L6,0,fuera_muestra,2011-12-31,2026-07-31,175,12,USD,0.18525135985555097,0.011723466488770873,0.3787329699632554,0.1872222140025731,0.253365544984681,-0.9037083573733284,0.01297262152454326,0.05404639782633165,-0.5785429444178923,3.468660024815002,0.7584786042804295,2.1107475299098595,1.0,10.676860959404,0.04697818822137755,175,0.1494246054539059,0.01591439165222197,0.0029,0.0015,2011-12-31,e85ac74d630dff95,French F-F_Research_Data_Factors CRSP 202607 sha256 b840dba55d319f48; daily CRSP 202607 sha256 1916d331c2c51d2a,"{""comision_por_lado"": 0.0029, ""cortes"": [""2011-12-31""], ""efectivo_en_mxn"": false, ""exposicion_inicial"": 0.0, ""exposicion_max"": 10.0, ""exposicion_min"": -10.0, ""extras"": [""vol""], ""fx"": false, ""max_dias_fx"": 10, ""min_historia"": 12, ""periodos_por_anio"": 12, ""permitir_capturas"": false, ""rebalanceo_con_deriva"": true, ""segmentos"": [""dentro_muestra"", ""fuera_muestra""], ""senal"": ""a_ls_vt40_L6"", ""spread_por_lado"": 0.0015, ""usuario"": {""L"": 6, ""escenario_costos"": ""medio"", ""parte"": ""a"", ""sigma_obj"": 0.4, ""tipo"": ""largo/corto"", ""tope"": 10.0}, ""variante"": ""A_ls_vt40_L6""}",sensibilidad: spread medio 0.15% por lado
2026-09-25T05:27:44.273570Z,R02,2be9003a7e,A_ls_vt40_L12,0,completo,1927-06-30,2026-07-31,1189,12,USD,207.97953961903926,0.05539529985190117,0.4829859993635337,0.3144070294017305,0.4516114550234443,-0.9862787784660391,0.05616596550729558,0.09076149153009984,-0.5050403000900135,5.110466745049114,0.9988430861558232,1.788005425107295,1.0,11.405537161719648,0.050184363511566445,1189,0.10260130985470983,0.03287249298954742,0.0029,0.0015,2011-12-31,e85ac74d630dff95,French F-F_Research_Data_Factors CRSP 202607 sha256 b840dba55d319f48; daily CRSP 202607 sha256 1916d331c2c51d2a,"{""comision_por_lado"": 0.0029, ""cortes"": [""2011-12-31""], ""efectivo_en_mxn"": false, ""exposicion_inicial"": 0.0, ""exposicion_max"": 10.0, ""exposicion_min"": -10.0, ""extras"": [""vol""], ""fx"": false, ""max_dias_fx"": 10, ""min_historia"": 12, ""periodos_por_anio"": 12, ""permitir_capturas"": false, ""rebalanceo_con_deriva"": true, ""segmentos"": [""dentro_muestra"", ""fuera_muestra""], ""senal"": ""a_ls_vt40_L12"", ""spread_por_lado"": 0.0015, ""usuario"": {""L"": 12, ""escenario_costos"": ""medio"", ""parte"": ""a"", ""sigma_obj"": 0.4, ""tipo"": ""largo/corto"", ""tope"": 10.0}, ""variante"": ""A_ls_vt40_L12""}",sensibilidad: spread medio 0.15% por lado
2026-09-25T05:27:44.273570Z,R02,2be9003a7e,A_ls_vt40_L12,0,dentro_muestra,1927-06-30,2011-12-31,1014,12,USD,67.08827445384092,0.05121656835921451,0.4992714335250273,0.310384464637962,0.4457546879968034,-0.9862787784660391,0.05192909903107894,0.08960027710550263,-0.5115443753449934,5.064330099915473,0.9972632878800225,1.713516903966823,1.0,11.894230573149027,0.05233461452185573,1014,0.09471675589938688,0.03582725431534661,0.0029,0.0015,2011-12-31,e85ac74d630dff95,French F-F_Research_Data_Factors CRSP 202607 sha256 b840dba55d319f48; daily CRSP 202607 sha256 1916d331c2c51d2a,"{""comision_por_lado"": 0.0029, ""cortes"": [""2011-12-31""], ""efectivo_en_mxn"": false, ""exposicion_inicial"": 0.0, ""exposicion_max"": 10.0, ""exposicion_min"": -10.0, ""extras"": [""vol""], ""fx"": false, ""max_dias_fx"": 10, ""min_historia"": 12, ""periodos_por_anio"": 12, ""permitir_capturas"": false, ""rebalanceo_con_deriva"": true, ""segmentos"": [""dentro_muestra"", ""fuera_muestra""], ""senal"": ""a_ls_vt40_L12"", ""spread_por_lado"": 0.0015, ""usuario"": {""L"": 12, ""escenario_costos"": ""medio"", ""parte"": ""a"", ""sigma_obj"": 0.4, ""tipo"": ""largo/corto"", ""tope"": 10.0}, ""variante"": ""A_ls_vt40_L12""}",sensibilidad: spread medio 0.15% por lado
2026-09-25T05:27:44.273570Z,R02,2be9003a7e,A_ls_vt40_L12,0,fuera_muestra,2011-12-31,2026-07-31,175,12,USD,2.069244173028833,0.07994084890826003,0.37599018843257576,0.3559154795641675,0.5137452380774417,-0.8292526319748538,0.09640107950924677,0.10274394896756345,-0.36862148231592057,3.391052551753724,0.907630145967268,2.219613199029801,1.0,8.573482684857508,0.037723323813373025,175,0.1494246054539059,0.01591439165222197,0.0029,0.0015,2011-12-31,e85ac74d630dff95,French F-F_Research_Data_Factors CRSP 202607 sha256 b840dba55d319f48; daily CRSP 202607 sha256 1916d331c2c51d2a,"{""comision_por_lado"": 0.0029, ""cortes"": [""2011-12-31""], ""efectivo_en_mxn"": false, ""exposicion_inicial"": 0.0, ""exposicion_max"": 10.0, ""exposicion_min"": -10.0, ""extras"": [""vol""], ""fx"": false, ""max_dias_fx"": 10, ""min_historia"": 12, ""periodos_por_anio"": 12, ""permitir_capturas"": false, ""rebalanceo_con_deriva"": true, ""segmentos"": [""dentro_muestra"", ""fuera_muestra""], ""senal"": ""a_ls_vt40_L12"", ""spread_por_lado"": 0.0015, ""usuario"": {""L"": 12, ""escenario_costos"": ""medio"", ""parte"": ""a"", ""sigma_obj"": 0.4, ""tipo"": ""largo/corto"", ""tope"": 10.0}, ""variante"": ""A_ls_vt40_L12""}",sensibilidad: spread medio 0.15% por lado
2026-09-25T05:27:44.300284Z,R02,e12659de2c,A_lo_L3,0,completo,1927-06-30,2026-07-31,1189,12,USD,810.956515652033,0.06995088690851858,0.12826937295651286,0.34004796534463483,0.5001934599537851,-0.5997357627006272,0.11663617756181113,0.09816339216455473,-0.28003401536467964,19.70397275251655,0.9994565379038894,0.6383515559293524,0.6383515559293524,2.735010085380343,0.01203404437567345,271,0.10260130985470983,0.03287249298954742,0.0029,0.0015,2011-12-31,e85ac74d630dff95,French F-F_Research_Data_Factors CRSP 202607 sha256 b840dba55d319f48; daily CRSP 202607 sha256 1916d331c2c51d2a,"{""comision_por_lado"": 0.0029, ""cortes"": [""2011-12-31""], ""efectivo_en_mxn"": false, ""exposicion_inicial"": 0.0, ""exposicion_max"": 1.0, ""exposicion_min"": 0.0, ""extras"": [""vol""], ""fx"": false, ""max_dias_fx"": 10, ""min_historia"": 12, ""periodos_por_anio"": 12, ""permitir_capturas"": false, ""rebalanceo_con_deriva"": true, ""segmentos"": [""dentro_muestra"", ""fuera_muestra""], ""senal"": ""a_lo_L3"", ""spread_por_lado"": 0.0015, ""usuario"": {""L"": 3, ""escenario_costos"": ""medio"", ""parte"": ""a"", ""tipo"": ""solo largos""}, ""variante"": ""A_lo_L3""}",sensibilidad: spread medio 0.15% por lado
2026-09-25T05:27:44.300284Z,R02,e12659de2c,A_lo_L3,0,dentro_muestra,1927-06-30,2011-12-31,1014,12,USD,234.68178779055003,0.06677692599755614,0.13210960603122407,0.28997696799620304,0.422367591938974,-0.5997357627006272,0.11134391202028329,0.08370914026569966,-0.28246443536530524,20.253155949605343,0.9952148067853445,0.6153846153846154,0.6153846153846154,2.828276364814515,0.012444416005183812,239,0.09471675589938688,0.03582725431534661,0.0029,0.0015,2011-12-31,e85ac74d630dff95,French F-F_Research_Data_Factors CRSP 202607 sha256 b840dba55d319f48; daily CRSP 202607 sha256 1916d331c2c51d2a,"{""comision_por_lado"": 0.0029, ""cortes"": [""2011-12-31""], ""efectivo_en_mxn"": false, ""exposicion_inicial"": 0.0, ""exposicion_max"": 1.0, ""exposicion_min"": 0.0, ""extras"": [""vol""], ""fx"": false, ""max_dias_fx"": 10, ""min_historia"": 12, ""periodos_por_anio"": 12, ""permitir_capturas"": false, ""rebalanceo_con_deriva"": true, ""segmentos"": [""dentro_muestra"", ""fuera_muestra""], ""senal"": ""a_lo_L3"", ""spread_por_lado"": 0.0015, ""usuario"": {""L"": 3, ""escenario_costos"": ""medio"", ""parte"": ""a"", ""tipo"": ""solo largos""}, ""variante"": ""A_lo_L3""}",sensibilidad: spread medio 0.15% por lado
2026-09-25T05:27:44.300284Z,R02,e12659de2c,A_lo_L3,0,fuera_muestra,2011-12-31,2026-07-31,175,12,USD,2.445138987037973,0.0885313080172927,0.10347087015207908,0.7202577813942995,1.1739755883212168,-0.18872463317380006,0.46910308701335535,0.20792051198696074,-0.058194694759407806,4.507420097449945,0.9962808091071234,0.7714285714285715,0.7714285714285715,2.1945174615095757,0.009655876830642132,32,0.1494246054539059,0.01591439165222197,0.0029,0.0015,2011-12-31,e85ac74d630dff95,French F-F_Research_Data_Factors CRSP 202607 sha256 b840dba55d319f48; daily CRSP 202607 sha256 1916d331c2c51d2a,"{""comision_por_lado"": 0.0029, ""cortes"": [""2011-12-31""], ""efectivo_en_mxn"": false, ""exposicion_inicial"": 0.0, ""exposicion_max"": 1.0, ""exposicion_min"": 0.0, ""extras"": [""vol""], ""fx"": false, ""max_dias_fx"": 10, ""min_historia"": 12, ""periodos_por_anio"": 12, ""permitir_capturas"": false, ""rebalanceo_con_deriva"": true, ""segmentos"": [""dentro_muestra"", ""fuera_muestra""], ""senal"": ""a_lo_L3"", ""spread_por_lado"": 0.0015, ""usuario"": {""L"": 3, ""escenario_costos"": ""medio"", ""parte"": ""a"", ""tipo"": ""solo largos""}, ""variante"": ""A_lo_L3""}",sensibilidad: spread medio 0.15% por lado
2026-09-25T05:27:44.326950Z,R02,9aabd09cbc,A_lo_L6,0,completo,1927-06-30,2026-07-31,1189,12,USD,1595.4395944112844,0.07727638031877637,0.12325457588990427,0.40488643845358124,0.5764361534573957,-0.5722323467896819,0.13504371214299513,0.116880647116202,-0.8917434499974839,9.516174730260408,0.9999229032056427,0.68040370058873,0.68040370058873,1.7257812715868586,0.00759343759498216,171,0.10260130985470983,0.03287249298954742,0.0029,0.0015,2011-12-31,e85ac74d630dff95,French F-F_Research_Data_Factors CRSP 202607 sha256 b840dba55d319f48; daily CRSP 202607 sha256 1916d331c2c51d2a,"{""comision_por_lado"": 0.0029, ""cortes"": [""2011-12-31""], ""efectivo_en_mxn"": false, ""exposicion_inicial"": 0.0, ""exposicion_max"": 1.0, ""exposicion_min"": 0.0, ""extras"": [""vol""], ""fx"": false, ""max_dias_fx"": 10, ""min_historia"": 12, ""periodos_por_anio"": 12, ""permitir_capturas"": false, ""rebalanceo_con_deriva"": true, ""segmentos"": [""dentro_muestra"", ""fuera_muestra""], ""senal"": ""a_lo_L6"", ""spread_por_lado"": 0.0015, ""usuario"": {""L"": 6, ""escenario_costos"": ""medio"", ""parte"": ""a"", ""tipo"": ""solo largos""}, ""variante"": ""A_lo_L6""}",sensibilidad: spread medio 0.15% por lado
2026-09-25T05:27:44.326950Z,R02,9aabd09cbc,A_lo_L6,0,dentro_muestra,1927-06-30,2011-12-31,1014,12,USD,511.8365502025623,0.07663706819551219,0.12445568477309804,0.37457057590994686,0.5314386620492416,-0.5722323467896819,0.13392648742326227,0.1081292114160605,-0.9163784692304957,10.012498832834085,0.9994107978414577,0.6577909270216963,0.6577909270216963,1.7750688482099466,0.007810302932123753,150,0.09471675589938688,0.03582725431534661,0.0029,0.0015,2011-12-31,e85ac74d630dff95,French F-F_Research_Data_Factors CRSP 202607 sha256 b840dba55d319f48; daily CRSP 202607 sha256 1916d331c2c51d2a,"{""comision_por_lado"": 0.0029, ""cortes"": [""2011-12-31""], ""efectivo_en_mxn"": false, ""exposicion_inicial"": 0.0, ""exposicion_max"": 1.0, ""exposicion_min"": 0.0, ""extras"": [""vol""], ""fx"": false, ""max_dias_fx"": 10, ""min_historia"": 12, ""periodos_por_anio"": 12, ""permitir_capturas"": false, ""rebalanceo_con_deriva"": true, ""segmentos"": [""dentro_muestra"", ""fuera_muestra""], ""senal"": ""a_lo_L6"", ""spread_por_lado"": 0.0015, ""usuario"": {""L"": 6, ""escenario_costos"": ""medio"", ""parte"": ""a"", ""tipo"": ""solo largos""}, ""variante"": ""A_lo_L6""}",sensibilidad: spread medio 0.15% por lado
2026-09-25T05:27:44.326950Z,R02,9aabd09cbc,A_lo_L6,0,fuera_muestra,2011-12-31,2026-07-31,175,12,USD,2.1129598578352384,0.08098877545548122,0.11638824227148645,0.5928600895168736,0.8655584966444089,-0.3086380481168999,0.26240697136863006,0.1711439661371763,-0.6927156279478471,5.501329071662797,0.9823013954413891,0.8114285714285714,0.8114285714285714,1.440152084115659,0.0063366691701089006,21,0.1494246054539059,0.01591439165222197,0.0029,0.0015,2011-12-31,e85ac74d630dff95,French F-F_Research_Data_Factors CRSP 202607 sha256 b840dba55d319f48; daily CRSP 202607 sha256 1916d331c2c51d2a,"{""comision_por_lado"": 0.0029, ""cortes"": [""2011-12-31""], ""efectivo_en_mxn"": false, ""exposicion_inicial"": 0.0, ""exposicion_max"": 1.0, ""exposicion_min"": 0.0, ""extras"": [""vol""], ""fx"": false, ""max_dias_fx"": 10, ""min_historia"": 12, ""periodos_por_anio"": 12, ""permitir_capturas"": false, ""rebalanceo_con_deriva"": true, ""segmentos"": [""dentro_muestra"", ""fuera_muestra""], ""senal"": ""a_lo_L6"", ""spread_por_lado"": 0.0015, ""usuario"": {""L"": 6, ""escenario_costos"": ""medio"", ""parte"": ""a"", ""tipo"": ""solo largos""}, ""variante"": ""A_lo_L6""}",sensibilidad: spread medio 0.15% por lado
2026-09-25T05:27:44.352034Z,R02,d8e3177119,A_lo_L12,0,completo,1927-06-30,2026-07-31,1189,12,USD,8103.455348529514,0.09508534534358293,0.1257939946873402,0.5292715591070523,0.7965424032351461,-0.45441310081530206,0.20924868841365277,0.15278753856243477,-0.5788143379922595,8.65551270291662,0.9999996235575566,0.7064760302775441,0.7064760302775441,0.8780290680003315,0.0038633278992014604,87,0.10260130985470983,0.03287249298954742,0.0029,0.0015,2011-12-31,e85ac74d630dff95,French F-F_Research_Data_Factors CRSP 202607 sha256 b840dba55d319f48; daily CRSP 202607 sha256 1916d331c2c51d2a,"{""comision_por_lado"": 0.0029, ""cortes"": [""2011-12-31""], ""efectivo_en_mxn"": false, ""exposicion_inicial"": 0.0, ""exposicion_max"": 1.0, ""exposicion_min"": 0.0, ""extras"": [""vol""], ""fx"": false, ""max_dias_fx"": 10, ""min_historia"": 12, ""periodos_por_anio"": 12, ""permitir_capturas"": false, ""rebalanceo_con_deriva"": true, ""segmentos"": [""dentro_muestra"", ""fuera_muestra""], ""senal"": ""a_lo_L12"", ""spread_por_lado"": 0.0015, ""usuario"": {""L"": 12, ""escenario_costos"": ""medio"", ""parte"": ""a"", ""tipo"": ""solo largos""}, ""variante"": ""A_lo_L12""}",sensibilidad: spread medio 0.15% por lado
2026-09-25T05:27:44.352034Z,R02,d8e3177119,A_lo_L12,0,dentro_muestra,1927-06-30,2011-12-31,1014,12,USD,2038.0537867031485,0.0943672596667573,0.12603033743485478,0.5005039786199844,0.7510836051369626,-0.45441310081530206,0.20766843979067678,0.14448305339336334,-0.595687335975337,9.282473267991282,0.9999924531233335,0.6824457593688363,0.6824457593688363,0.863866839462174,0.0038010140936335646,73,0.09471675589938688,0.03582725431534661,0.0029,0.0015,2011-12-31,e85ac74d630dff95,French F-F_Research_Data_Factors CRSP 202607 sha256 b840dba55d319f48; daily CRSP 202607 sha256 1916d331c2c51d2a,"{""comision_por_lado"": 0.0029, ""cortes"": [""2011-12-31""], ""efectivo_en_mxn"": false, ""exposicion_inicial"": 0.0, ""exposicion_max"": 1.0, ""exposicion_min"": 0.0, ""extras"": [""vol""], ""fx"": false, ""max_dias_fx"": 10, ""min_historia"": 12, ""periodos_por_anio"": 12, ""permitir_capturas"": false, ""rebalanceo_con_deriva"": true, ""segmentos"": [""dentro_muestra"", ""fuera_muestra""], ""senal"": ""a_lo_L12"", ""spread_por_lado"": 0.0015, ""usuario"": {""L"": 12, ""escenario_costos"": ""medio"", ""parte"": ""a"", ""tipo"": ""solo largos""}, ""variante"": ""A_lo_L12""}",sensibilidad: spread medio 0.15% por lado
2026-09-25T05:27:44.352034Z,R02,d8e3177119,A_lo_L12,0,fuera_muestra,2011-12-31,2026-07-31,175,12,USD,2.9746157758953644,0.09925605083379185,0.12476898586043375,0.6974530276394596,1.0699230261400983,-0.24896823147654745,0.39866954207425326,0.20133734662738076,-0.4738611530783225,4.777357867707003,0.9936900981027246,0.8457142857142858,0.8457142857142858,0.9601013894104394,0.004224446113405934,14,0.1494246054539059,0.01591439165222197,0.0029,0.0015,2011-12-31,e85ac74d630dff95,French F-F_Research_Data_Factors CRSP 202607 sha256 b840dba55d319f48; daily CRSP 202607 sha256 1916d331c2c51d2a,"{""comision_por_lado"": 0.0029, ""cortes"": [""2011-12-31""], ""efectivo_en_mxn"": false, ""exposicion_inicial"": 0.0, ""exposicion_max"": 1.0, ""exposicion_min"": 0.0, ""extras"": [""vol""], ""fx"": false, ""max_dias_fx"": 10, ""min_historia"": 12, ""periodos_por_anio"": 12, ""permitir_capturas"": false, ""rebalanceo_con_deriva"": true, ""segmentos"": [""dentro_muestra"", ""fuera_muestra""], ""senal"": ""a_lo_L12"", ""spread_por_lado"": 0.0015, ""usuario"": {""L"": 12, ""escenario_costos"": ""medio"", ""parte"": ""a"", ""tipo"": ""solo largos""}, ""variante"": ""A_lo_L12""}",sensibilidad: spread medio 0.15% por lado
2026-09-25T05:27:44.374926Z,R02,22ad6d71de,A_ref_comprar_mantener,0,completo,1927-06-30,2026-07-31,1189,12,USD,15889.809687523319,0.10255224072424562,0.18406897125689994,0.44739632654897044,0.6754434102486467,-0.8365224657023862,0.12259352848119581,0.1291521947837489,0.15626739309087426,10.311463756664937,0.9999948458770487,1.0,1.0,0.010092288137934845,4.440606780691331e-05,1,0.10260130985470983,0.03287249298954742,0.0029,0.0015,2011-12-31,e85ac74d630dff95,French F-F_Research_Data_Factors CRSP 202607 sha256 b840dba55d319f48; daily CRSP 202607 sha256 1916d331c2c51d2a,"{""comision_por_lado"": 0.0029, ""cortes"": [""2011-12-31""], ""efectivo_en_mxn"": false, ""exposicion_inicial"": 0.0, ""exposicion_max"": 1.0, ""exposicion_min"": 0.0, ""extras"": [""vol""], ""fx"": false, ""max_dias_fx"": 10, ""min_historia"": 12, ""periodos_por_anio"": 12, ""permitir_capturas"": false, ""rebalanceo_con_deriva"": true, ""segmentos"": [""dentro_muestra"", ""fuera_muestra""], ""senal"": ""senal_comprar_y_mantener"", ""spread_por_lado"": 0.0015, ""usuario"": {""escenario_costos"": ""medio"", ""parte"": ""a"", ""tipo"": ""referencia""}, ""variante"": ""A_ref_comprar_mantener""}",referencia; sensibilidad: spread medio 0.15% por lado
2026-09-25T05:27:44.374926Z,R02,22ad6d71de,A_ref_comprar_mantener,0,dentro_muestra,1927-06-30,2011-12-31,1014,12,USD,2084.604844478169,0.09465963115654996,0.1899836806063806,0.3861763173838528,0.579252892257423,-0.8365224657023862,0.11315850444861512,0.11147950039811289,0.2128783481500248,10.451009077335529,0.999798554092823,1.0,1.0,0.011833792321399644,5.206868621415842e-05,1,0.09471675589938688,0.03582725431534661,0.0029,0.0015,2011-12-31,e85ac74d630dff95,French F-F_Research_Data_Factors CRSP 202607 sha256 b840dba55d319f48; daily CRSP 202607 sha256 1916d331c2c51d2a,"{""comision_por_lado"": 0.0029, ""cortes"": [""2011-12-31""], ""efectivo_en_mxn"": false, ""exposicion_inicial"": 0.0, ""exposicion_max"": 1.0, ""exposicion_min"": 0.0, ""extras"": [""vol""], ""fx"": false, ""max_dias_fx"": 10, ""min_historia"": 12, ""periodos_por_anio"": 12, ""permitir_capturas"": false, ""rebalanceo_con_deriva"": true, ""segmentos"": [""dentro_muestra"", ""fuera_muestra""], ""senal"": ""senal_comprar_y_mantener"", ""spread_por_lado"": 0.0015, ""usuario"": {""escenario_costos"": ""medio"", ""parte"": ""a"", ""tipo"": ""referencia""}, ""variante"": ""A_ref_comprar_mantener""}",referencia; sensibilidad: spread medio 0.15% por lado
2026-09-25T05:27:44.374926Z,R02,22ad6d71de,A_ref_comprar_mantener,0,fuera_muestra,2011-12-31,2026-07-31,175,12,USD,6.619281154623179,0.1494246054539059,0.14515916908842977,0.9281555946250296,1.4967910440498882,-0.2484493224703468,0.6014289110075565,0.26793544120330903,-0.38044433568792047,3.9502762688913693,0.9994968969733392,1.0,1.0,0.0,0.0,0,0.1494246054539059,0.01591439165222197,0.0029,0.0015,2011-12-31,e85ac74d630dff95,French F-F_Research_Data_Factors CRSP 202607 sha256 b840dba55d319f48; daily CRSP 202607 sha256 1916d331c2c51d2a,"{""comision_por_lado"": 0.0029, ""cortes"": [""2011-12-31""], ""efectivo_en_mxn"": false, ""exposicion_inicial"": 0.0, ""exposicion_max"": 1.0, ""exposicion_min"": 0.0, ""extras"": [""vol""], ""fx"": false, ""max_dias_fx"": 10, ""min_historia"": 12, ""periodos_por_anio"": 12, ""permitir_capturas"": false, ""rebalanceo_con_deriva"": true, ""segmentos"": [""dentro_muestra"", ""fuera_muestra""], ""senal"": ""senal_comprar_y_mantener"", ""spread_por_lado"": 0.0015, ""usuario"": {""escenario_costos"": ""medio"", ""parte"": ""a"", ""tipo"": ""referencia""}, ""variante"": ""A_ref_comprar_mantener""}",referencia; sensibilidad: spread medio 0.15% por lado
2026-09-25T05:27:44.395574Z,R02,dfd5f8ec63,A_ref_efectivo,0,completo,1927-06-30,2026-07-31,1189,12,USD,23.65052983122982,0.03287249298954742,0.008640101911741083,0.0,0.0,-0.0008998599580103406,36.5306764646257,,0.0,3.0,,0.0,0.0,0.0,0.0,0,0.10260130985470983,0.03287249298954742,0.0029,0.0015,2011-12-31,e85ac74d630dff95,French F-F_Research_Data_Factors CRSP 202607 sha256 b840dba55d319f48; daily CRSP 202607 sha256 1916d331c2c51d2a,"{""comision_por_lado"": 0.0029, ""cortes"": [""2011-12-31""], ""efectivo_en_mxn"": false, ""exposicion_inicial"": 0.0, ""exposicion_max"": 1.0, ""exposicion_min"": 0.0, ""extras"": [""vol""], ""fx"": false, ""max_dias_fx"": 10, ""min_historia"": 12, ""periodos_por_anio"": 12, ""permitir_capturas"": false, ""rebalanceo_con_deriva"": true, ""segmentos"": [""dentro_muestra"", ""fuera_muestra""], ""senal"": ""senal_efectivo"", ""spread_por_lado"": 0.0015, ""usuario"": {""escenario_costos"": ""medio"", ""parte"": ""a"", ""tipo"": ""referencia""}, ""variante"": ""A_ref_efectivo""}",referencia; sensibilidad: spread medio 0.15% por lado
2026-09-25T05:27:44.395574Z,R02,dfd5f8ec63,A_ref_efectivo,0,dentro_muestra,1927-06-30,2011-12-31,1014,12,USD,18.581107817503632,0.03582725431534661,0.008819112333418656,0.0,0.0,-0.0008998599580103406,39.81425553656529,,0.0,3.0,,0.0,0.0,0.0,0.0,0,0.09471675589938688,0.03582725431534661,0.0029,0.0015,2011-12-31,e85ac74d630dff95,French F-F_Research_Data_Factors CRSP 202607 sha256 b840dba55d319f48; daily CRSP 202607 sha256 1916d331c2c51d2a,"{""comision_por_lado"": 0.0029, ""cortes"": [""2011-12-31""], ""efectivo_en_mxn"": false, ""exposicion_inicial"": 0.0, ""exposicion_max"": 1.0, ""exposicion_min"": 0.0, ""extras"": [""vol""], ""fx"": false, ""max_dias_fx"": 10, ""min_historia"": 12, ""periodos_por_anio"": 12, ""permitir_capturas"": false, ""rebalanceo_con_deriva"": true, ""segmentos"": [""dentro_muestra"", ""fuera_muestra""], ""senal"": ""senal_efectivo"", ""spread_por_lado"": 0.0015, ""usuario"": {""escenario_costos"": ""medio"", ""parte"": ""a"", ""tipo"": ""referencia""}, ""variante"": ""A_ref_efectivo""}",referencia; sensibilidad: spread medio 0.15% por lado
2026-09-25T05:27:44.395574Z,R02,dfd5f8ec63,A_ref_efectivo,0,fuera_muestra,2011-12-31,2026-07-31,175,12,USD,0.25889352435895274,0.01591439165222197,0.005455494450957997,0.0,0.0,0.0,inf,,0.0,3.0,,0.0,0.0,0.0,0.0,0,0.1494246054539059,0.01591439165222197,0.0029,0.0015,2011-12-31,e85ac74d630dff95,French F-F_Research_Data_Factors CRSP 202607 sha256 b840dba55d319f48; daily CRSP 202607 sha256 1916d331c2c51d2a,"{""comision_por_lado"": 0.0029, ""cortes"": [""2011-12-31""], ""efectivo_en_mxn"": false, ""exposicion_inicial"": 0.0, ""exposicion_max"": 1.0, ""exposicion_min"": 0.0, ""extras"": [""vol""], ""fx"": false, ""max_dias_fx"": 10, ""min_historia"": 12, ""periodos_por_anio"": 12, ""permitir_capturas"": false, ""rebalanceo_con_deriva"": true, ""segmentos"": [""dentro_muestra"", ""fuera_muestra""], ""senal"": ""senal_efectivo"", ""spread_por_lado"": 0.0015, ""usuario"": {""escenario_costos"": ""medio"", ""parte"": ""a"", ""tipo"": ""referencia""}, ""variante"": ""A_ref_efectivo""}",referencia; sensibilidad: spread medio 0.15% por lado
2026-09-25T05:27:44.419681Z,R02,f69e779ebb,A_ref_sma10,0,completo,1927-06-30,2026-07-31,1189,12,USD,5378.308532341711,0.09056502705807112,0.1252935515548255,0.49799928134454874,0.7368924784944245,-0.436680795208474,0.20739411499613772,0.1437600095702577,-0.6751034016509131,8.62821254971622,0.9999983243296044,0.7300252312867956,0.7300252312867956,1.4835663562764223,0.00652769196761625,147,0.10260130985470983,0.03287249298954742,0.0029,0.0015,2011-12-31,e85ac74d630dff95,French F-F_Research_Data_Factors CRSP 202607 sha256 b840dba55d319f48; daily CRSP 202607 sha256 1916d331c2c51d2a,"{""comision_por_lado"": 0.0029, ""cortes"": [""2011-12-31""], ""efectivo_en_mxn"": false, ""exposicion_inicial"": 0.0, ""exposicion_max"": 1.0, ""exposicion_min"": 0.0, ""extras"": [""vol""], ""fx"": false, ""max_dias_fx"": 10, ""min_historia"": 12, ""periodos_por_anio"": 12, ""permitir_capturas"": false, ""rebalanceo_con_deriva"": true, ""segmentos"": [""dentro_muestra"", ""fuera_muestra""], ""senal"": ""media_movil_10"", ""spread_por_lado"": 0.0015, ""usuario"": {""escenario_costos"": ""medio"", ""parte"": ""a"", ""tipo"": ""referencia"", ""ventana"": 10}, ""variante"": ""A_ref_sma10""}",referencia; sensibilidad: spread medio 0.15% por lado
2026-09-25T05:27:44.419681Z,R02,f69e779ebb,A_ref_sma10,0,dentro_muestra,1927-06-30,2011-12-31,1014,12,USD,1317.7014191661342,0.08873745876846462,0.12780397783739075,0.4555070484587132,0.6688111124576562,-0.436680795208474,0.20320897951580588,0.131493558522705,-0.7027539871606925,8.9306283059399,0.9999597358321912,0.7110453648915187,0.7110453648915187,1.4673902478535559,0.0064565170905556465,124,0.09471675589938688,0.03582725431534661,0.0029,0.0015,2011-12-31,e85ac74d630dff95,French F-F_Research_Data_Factors CRSP 202607 sha256 b840dba55d319f48; daily CRSP 202607 sha256 1916d331c2c51d2a,"{""comision_por_lado"": 0.0029, ""cortes"": [""2011-12-31""], ""efectivo_en_mxn"": false, ""exposicion_inicial"": 0.0, ""exposicion_max"": 1.0, ""exposicion_min"": 0.0, ""extras"": [""vol""], ""fx"": false, ""max_dias_fx"": 10, ""min_historia"": 12, ""periodos_por_anio"": 12, ""permitir_capturas"": false, ""rebalanceo_con_deriva"": true, ""segmentos"": [""dentro_muestra"", ""fuera_muestra""], ""senal"": ""media_movil_10"", ""spread_por_lado"": 0.0015, ""usuario"": {""escenario_costos"": ""medio"", ""parte"": ""a"", ""tipo"": ""referencia"", ""ventana"": 10}, ""variante"": ""A_ref_sma10""}",referencia; sensibilidad: spread medio 0.15% por lado
2026-09-25T05:27:44.419681Z,R02,f69e779ebb,A_ref_sma10,0,fuera_muestra,2011-12-31,2026-07-31,175,12,USD,3.0792467909401813,0.10121663544077353,0.10992525055047737,0.7880890416621588,1.2452521743319573,-0.19792163843492638,0.5113975219745971,0.22750171017452078,-0.3372060842205094,4.3968777869315945,0.9977072046819528,0.84,0.84,1.5773094254600075,0.006940161472024034,23,0.1494246054539059,0.01591439165222197,0.0029,0.0015,2011-12-31,e85ac74d630dff95,French F-F_Research_Data_Factors CRSP 202607 sha256 b840dba55d319f48; daily CRSP 202607 sha256 1916d331c2c51d2a,"{""comision_por_lado"": 0.0029, ""cortes"": [""2011-12-31""], ""efectivo_en_mxn"": false, ""exposicion_inicial"": 0.0, ""exposicion_max"": 1.0, ""exposicion_min"": 0.0, ""extras"": [""vol""], ""fx"": false, ""max_dias_fx"": 10, ""min_historia"": 12, ""periodos_por_anio"": 12, ""permitir_capturas"": false, ""rebalanceo_con_deriva"": true, ""segmentos"": [""dentro_muestra"", ""fuera_muestra""], ""senal"": ""media_movil_10"", ""spread_por_lado"": 0.0015, ""usuario"": {""escenario_costos"": ""medio"", ""parte"": ""a"", ""tipo"": ""referencia"", ""ventana"": 10}, ""variante"": ""A_ref_sma10""}",referencia; sensibilidad: spread medio 0.15% por lado
2026-09-25T05:27:44.443756Z,R02,4f9d11cb93,A_ref_largo_vt40,0,completo,1927-06-30,2026-07-31,1189,12,USD,322656.30769171944,0.1365690002486175,0.48264824795007377,0.4692794089508099,0.6875134838966934,-0.9867621241992056,0.13840113731508327,0.1354692965414493,-0.5842733303795702,5.256473325827598,0.9999957984826083,3.2358959681985846,1.0,5.884901518893339,0.02589356668313065,1189,0.10260130985470983,0.03287249298954742,0.0029,0.0015,2011-12-31,e85ac74d630dff95,French F-F_Research_Data_Factors CRSP 202607 sha256 b840dba55d319f48; daily CRSP 202607 sha256 1916d331c2c51d2a,"{""comision_por_lado"": 0.0029, ""cortes"": [""2011-12-31""], ""efectivo_en_mxn"": false, ""exposicion_inicial"": 0.0, ""exposicion_max"": 10.0, ""exposicion_min"": 0.0, ""extras"": [""vol""], ""fx"": false, ""max_dias_fx"": 10, ""min_historia"": 12, ""periodos_por_anio"": 12, ""permitir_capturas"": false, ""rebalanceo_con_deriva"": true, ""segmentos"": [""dentro_muestra"", ""fuera_muestra""], ""senal"": ""a_largo_vt40"", ""spread_por_lado"": 0.0015, ""usuario"": {""escenario_costos"": ""medio"", ""parte"": ""a"", ""sigma_obj"": 0.4, ""tipo"": ""referencia"", ""tope"": 10.0}, ""variante"": ""A_ref_largo_vt40""}",referencia; sensibilidad: spread medio 0.15% por lado
2026-09-25T05:27:44.443756Z,R02,4f9d11cb93,A_ref_largo_vt40,0,dentro_muestra,1927-06-30,2011-12-31,1014,12,USD,8972.257988683486,0.11372608404355278,0.5000647022838894,0.42718190036061027,0.6236477828749828,-0.9867621241992056,0.11525177269632815,0.12331679258306712,-0.5650128831545166,5.149349380183467,0.9999174650166642,3.3111996517714526,1.0,6.113708197366008,0.026900316068410392,1014,0.09471675589938688,0.03582725431534661,0.0029,0.0015,2011-12-31,e85ac74d630dff95,French F-F_Research_Data_Factors CRSP 202607 sha256 b840dba55d319f48; daily CRSP 202607 sha256 1916d331c2c51d2a,"{""comision_por_lado"": 0.0029, ""cortes"": [""2011-12-31""], ""efectivo_en_mxn"": false, ""exposicion_inicial"": 0.0, ""exposicion_max"": 10.0, ""exposicion_min"": 0.0, ""extras"": [""vol""], ""fx"": false, ""max_dias_fx"": 10, ""min_historia"": 12, ""periodos_por_anio"": 12, ""permitir_capturas"": false, ""rebalanceo_con_deriva"": true, ""segmentos"": [""dentro_muestra"", ""fuera_muestra""], ""senal"": ""a_largo_vt40"", ""spread_por_lado"": 0.0015, ""usuario"": {""escenario_costos"": ""medio"", ""parte"": ""a"", ""sigma_obj"": 0.4, ""tipo"": ""referencia"", ""tope"": 10.0}, ""variante"": ""A_ref_largo_vt40""}",referencia; sensibilidad: spread medio 0.15% por lado
2026-09-25T05:27:44.443756Z,R02,4f9d11cb93,A_ref_largo_vt40,0,fuera_muestra,2011-12-31,2026-07-31,175,12,USD,34.95765418743499,0.2784804834487764,0.36648843257889185,0.8224135204667884,1.2551319819798163,-0.5575690381165325,0.4994547121724749,0.23741033371334405,-0.6049523542158648,3.856205103499981,0.9980003074090376,2.799564910239222,1.0,4.558931160076413,0.02005929710433622,175,0.1494246054539059,0.01591439165222197,0.0029,0.0015,2011-12-31,e85ac74d630dff95,French F-F_Research_Data_Factors CRSP 202607 sha256 b840dba55d319f48; daily CRSP 202607 sha256 1916d331c2c51d2a,"{""comision_por_lado"": 0.0029, ""cortes"": [""2011-12-31""], ""efectivo_en_mxn"": false, ""exposicion_inicial"": 0.0, ""exposicion_max"": 10.0, ""exposicion_min"": 0.0, ""extras"": [""vol""], ""fx"": false, ""max_dias_fx"": 10, ""min_historia"": 12, ""periodos_por_anio"": 12, ""permitir_capturas"": false, ""rebalanceo_con_deriva"": true, ""segmentos"": [""dentro_muestra"", ""fuera_muestra""], ""senal"": ""a_largo_vt40"", ""spread_por_lado"": 0.0015, ""usuario"": {""escenario_costos"": ""medio"", ""parte"": ""a"", ""sigma_obj"": 0.4, ""tipo"": ""referencia"", ""tope"": 10.0}, ""variante"": ""A_ref_largo_vt40""}",referencia; sensibilidad: spread medio 0.15% por lado
2026-09-25T05:27:44.475880Z,R02,eb0b8d8dc2,B_ls_vt40_L3,0,completo,2007-02-28,2026-07-31,233,12,USD,-0.10293312986021708,-0.005577961023340405,0.2056526819809352,0.002119120213546729,0.0031659212148452067,-0.6532065679836015,-0.008539352322434758,0.0006117373128681906,0.49896399838000244,5.0113212227546935,0.503717739474572,0.6214645696512738,1.0,19.954994731120788,0.08780197681693157,233,0.06308435048820926,0.014823262699370066,0.0029,0.0015,2011-12-31,0e6d3baabe3fe595,"Yahoo chart v8 adjclose 1mo/1d SPY,EFA,EEM,TLT,IEF,GLD,DBC,VNQ (descarga 2026-09-25); RF French CRSP 202607 sha256 b840dba55d319f48","{""activos"": [""SPY"", ""EFA"", ""EEM"", ""TLT"", ""IEF"", ""GLD"", ""DBC"", ""VNQ""], ""bruto_max"": 10.0, ""comision_por_lado"": 0.0029, ""cortes"": [""2011-12-31""], ""efectivo_en_mxn"": false, ""extras"": [""vol_DBC"", ""vol_EEM"", ""vol_EFA"", ""vol_GLD"", ""vol_IEF"", ""vol_SPY"", ""vol_TLT"", ""vol_VNQ""], ""fx"": false, ""max_dias_fx"": 10, ""min_historia"": 12, ""motor"": ""R02.backtest_cartera"", ""periodos_por_anio"": 12, ""peso_max"": 1.25, ""peso_min"": -1.25, ""rebalanceo_con_deriva"": true, ""segmentos"": [""dentro_muestra"", ""fuera_muestra""], ""senal"": ""cartera_ls_vt_L3_obj0.4_tope10.0"", ""spread_por_lado"": 0.0015, ""usuario"": {""L"": 3, ""escenario_costos"": ""medio"", ""parte"": ""b"", ""sigma_obj"": 0.4, ""tipo"": ""largo/corto"", ""tope_por_activo"": 10.0}, ""variante"": ""B_ls_vt40_L3""}",sensibilidad: spread medio 0.15% por lado
2026-09-25T05:27:44.475880Z,R02,eb0b8d8dc2,B_ls_vt40_L3,0,dentro_muestra,2007-02-28,2011-12-31,58,12,USD,1.0139823981912452,0.15571358194997909,0.20183812071399543,0.7590943298840984,1.4021869201288775,-0.1814410546494719,0.8582047886064373,0.2191316578494514,0.3785163348000312,3.001601883088838,0.9559408725399925,0.6258967778251698,1.0,14.356021608812746,0.06316649507877609,58,0.05903549563161037,0.011541522760558198,0.0029,0.0015,2011-12-31,0e6d3baabe3fe595,"Yahoo chart v8 adjclose 1mo/1d SPY,EFA,EEM,TLT,IEF,GLD,DBC,VNQ (descarga 2026-09-25); RF French CRSP 202607 sha256 b840dba55d319f48","{""activos"": [""SPY"", ""EFA"", ""EEM"", ""TLT"", ""IEF"", ""GLD"", ""DBC"", ""VNQ""], ""bruto_max"": 10.0, ""comision_por_lado"": 0.0029, ""cortes"": [""2011-12-31""], ""efectivo_en_mxn"": false, ""extras"": [""vol_DBC"", ""vol_EEM"", ""vol_EFA"", ""vol_GLD"", ""vol_IEF"", ""vol_SPY"", ""vol_TLT"", ""vol_VNQ""], ""fx"": false, ""max_dias_fx"": 10, ""min_historia"": 12, ""motor"": ""R02.backtest_cartera"", ""periodos_por_anio"": 12, ""peso_max"": 1.25, ""peso_min"": -1.25, ""rebalanceo_con_deriva"": true, ""segmentos"": [""dentro_muestra"", ""fuera_muestra""], ""senal"": ""cartera_ls_vt_L3_obj0.4_tope10.0"", ""spread_por_lado"": 0.0015, ""usuario"": {""L"": 3, ""escenario_costos"": ""medio"", ""parte"": ""b"", ""sigma_obj"": 0.4, ""tipo"": ""largo/corto"", ""tope_por_activo"": 10.0}, ""variante"": ""B_ls_vt40_L3""}",sensibilidad: spread medio 0.15% por lado
2026-09-25T05:27:44.475880Z,R02,eb0b8d8dc2,B_ls_vt40_L3,0,fuera_muestra,2011-12-31,2026-07-31,175,12,USD,-0.5545805807709953,-0.053952254654854204,0.20545569753509713,-0.24501984119646264,-0.34493998864360104,-0.6532065679836013,-0.08259600760200664,-0.07073113563578853,0.5575429590996981,5.765194098217593,0.18074612326966566,0.6199956092279256,1.0,21.812558664113343,0.09597525812209871,175,0.06443105052045439,0.01591439165222197,0.0029,0.0015,2011-12-31,0e6d3baabe3fe595,"Yahoo chart v8 adjclose 1mo/1d SPY,EFA,EEM,TLT,IEF,GLD,DBC,VNQ (descarga 2026-09-25); RF French CRSP 202607 sha256 b840dba55d319f48","{""activos"": [""SPY"", ""EFA"", ""EEM"", ""TLT"", ""IEF"", ""GLD"", ""DBC"", ""VNQ""], ""bruto_max"": 10.0, ""comision_por_lado"": 0.0029, ""cortes"": [""2011-12-31""], ""efectivo_en_mxn"": false, ""extras"": [""vol_DBC"", ""vol_EEM"", ""vol_EFA"", ""vol_GLD"", ""vol_IEF"", ""vol_SPY"", ""vol_TLT"", ""vol_VNQ""], ""fx"": false, ""max_dias_fx"": 10, ""min_historia"": 12, ""motor"": ""R02.backtest_cartera"", ""periodos_por_anio"": 12, ""peso_max"": 1.25, ""peso_min"": -1.25, ""rebalanceo_con_deriva"": true, ""segmentos"": [""dentro_muestra"", ""fuera_muestra""], ""senal"": ""cartera_ls_vt_L3_obj0.4_tope10.0"", ""spread_por_lado"": 0.0015, ""usuario"": {""L"": 3, ""escenario_costos"": ""medio"", ""parte"": ""b"", ""sigma_obj"": 0.4, ""tipo"": ""largo/corto"", ""tope_por_activo"": 10.0}, ""variante"": ""B_ls_vt40_L3""}",sensibilidad: spread medio 0.15% por lado
2026-09-25T05:27:44.507932Z,R02,4816e61561,B_ls_vt40_L6,0,completo,2007-02-28,2026-07-31,233,12,USD,0.195543480623954,0.009239372486891329,0.19193690078126754,0.06712141100492226,0.09567693608883442,-0.4384231248503171,0.021074099341921712,0.01937628235603969,-0.08725432492480352,3.5501591573405413,0.615944370283787,0.7606358445559881,1.0,14.988265637733237,0.06594836880602621,233,0.06308435048820926,0.014823262699370066,0.0029,0.0015,2011-12-31,0e6d3baabe3fe595,"Yahoo chart v8 adjclose 1mo/1d SPY,EFA,EEM,TLT,IEF,GLD,DBC,VNQ (descarga 2026-09-25); RF French CRSP 202607 sha256 b840dba55d319f48","{""activos"": [""SPY"", ""EFA"", ""EEM"", ""TLT"", ""IEF"", ""GLD"", ""DBC"", ""VNQ""], ""bruto_max"": 10.0, ""comision_por_lado"": 0.0029, ""cortes"": [""2011-12-31""], ""efectivo_en_mxn"": false, ""extras"": [""vol_DBC"", ""vol_EEM"", ""vol_EFA"", ""vol_GLD"", ""vol_IEF"", ""vol_SPY"", ""vol_TLT"", ""vol_VNQ""], ""fx"": false, ""max_dias_fx"": 10, ""min_historia"": 12, ""motor"": ""R02.backtest_cartera"", ""periodos_por_anio"": 12, ""peso_max"": 1.25, ""peso_min"": -1.25, ""rebalanceo_con_deriva"": true, ""segmentos"": [""dentro_muestra"", ""fuera_muestra""], ""senal"": ""cartera_ls_vt_L6_obj0.4_tope10.0"", ""spread_por_lado"": 0.0015, ""usuario"": {""L"": 6, ""escenario_costos"": ""medio"", ""parte"": ""b"", ""sigma_obj"": 0.4, ""tipo"": ""largo/corto"", ""tope_por_activo"": 10.0}, ""variante"": ""B_ls_vt40_L6""}",sensibilidad: spread medio 0.15% por lado
2026-09-25T05:27:44.507932Z,R02,4816e61561,B_ls_vt40_L6,0,dentro_muestra,2007-02-28,2011-12-31,58,12,USD,0.46043012747932366,0.08143198709504018,0.176121634844637,0.46814834697779856,0.7404370667680131,-0.2163603122342651,0.3763721093490997,0.13514278707415517,0.09193315347564131,3.2075674605897353,0.8464921121571439,0.7708343429765301,1.0,11.632403557086961,0.05118257565118261,58,0.05903549563161037,0.011541522760558198,0.0029,0.0015,2011-12-31,0e6d3baabe3fe595,"Yahoo chart v8 adjclose 1mo/1d SPY,EFA,EEM,TLT,IEF,GLD,DBC,VNQ (descarga 2026-09-25); RF French CRSP 202607 sha256 b840dba55d319f48","{""activos"": [""SPY"", ""EFA"", ""EEM"", ""TLT"", ""IEF"", ""GLD"", ""DBC"", ""VNQ""], ""bruto_max"": 10.0, ""comision_por_lado"": 0.0029, ""cortes"": [""2011-12-31""], ""efectivo_en_mxn"": false, ""extras"": [""vol_DBC"", ""vol_EEM"", ""vol_EFA"", ""vol_GLD"", ""vol_IEF"", ""vol_SPY"", ""vol_TLT"", ""vol_VNQ""], ""fx"": false, ""max_dias_fx"": 10, ""min_historia"": 12, ""motor"": ""R02.backtest_cartera"", ""periodos_por_anio"": 12, ""peso_max"": 1.25, ""peso_min"": -1.25, ""rebalanceo_con_deriva"": true, ""segmentos"": [""dentro_muestra"", ""fuera_muestra""], ""senal"": ""cartera_ls_vt_L6_obj0.4_tope10.0"", ""spread_por_lado"": 0.0015, ""usuario"": {""L"": 6, ""escenario_costos"": ""medio"", ""parte"": ""b"", ""sigma_obj"": 0.4, ""tipo"": ""largo/corto"", ""tope_por_activo"": 10.0}, ""variante"": ""B_ls_vt40_L6""}",sensibilidad: spread medio 0.15% por lado
2026-09-25T05:27:44.507932Z,R02,4816e61561,B_ls_vt40_L6,0,fuera_muestra,2011-12-31,2026-07-31,175,12,USD,-0.1813757754453893,-0.013630904063191784,0.19696890072223994,-0.05105374026491737,-0.07105398719215147,-0.4384231248503171,-0.03109075067115937,-0.014737945342543642,-0.10688310068706214,3.562715196658303,0.4228739582393666,0.7572557707937512,1.0,16.101635576993846,0.0708471965387729,175,0.06443105052045439,0.01591439165222197,0.0029,0.0015,2011-12-31,0e6d3baabe3fe595,"Yahoo chart v8 adjclose 1mo/1d SPY,EFA,EEM,TLT,IEF,GLD,DBC,VNQ (descarga 2026-09-25); RF French CRSP 202607 sha256 b840dba55d319f48","{""activos"": [""SPY"", ""EFA"", ""EEM"", ""TLT"", ""IEF"", ""GLD"", ""DBC"", ""VNQ""], ""bruto_max"": 10.0, ""comision_por_lado"": 0.0029, ""cortes"": [""2011-12-31""], ""efectivo_en_mxn"": false, ""extras"": [""vol_DBC"", ""vol_EEM"", ""vol_EFA"", ""vol_GLD"", ""vol_IEF"", ""vol_SPY"", ""vol_TLT"", ""vol_VNQ""], ""fx"": false, ""max_dias_fx"": 10, ""min_historia"": 12, ""motor"": ""R02.backtest_cartera"", ""periodos_por_anio"": 12, ""peso_max"": 1.25, ""peso_min"": -1.25, ""rebalanceo_con_deriva"": true, ""segmentos"": [""dentro_muestra"", ""fuera_muestra""], ""senal"": ""cartera_ls_vt_L6_obj0.4_tope10.0"", ""spread_por_lado"": 0.0015, ""usuario"": {""L"": 6, ""escenario_costos"": ""medio"", ""parte"": ""b"", ""sigma_obj"": 0.4, ""tipo"": ""largo/corto"", ""tope_por_activo"": 10.0}, ""variante"": ""B_ls_vt40_L6""}",sensibilidad: spread medio 0.15% por lado
2026-09-25T05:27:44.538764Z,R02,bef535e12e,B_ls_vt40_L12,0,completo,2007-02-28,2026-07-31,233,12,USD,1.613380939999388,0.050711817124084346,0.18641228248890165,0.2793115825192482,0.4209161877286454,-0.4651850851818534,0.10901427999192993,0.08063030867763417,0.01614344631246835,3.316805389667697,0.8900161640930055,0.8416283491801826,1.0,10.686039250617414,0.047018572702716616,233,0.06308435048820926,0.014823262699370066,0.0029,0.0015,2011-12-31,0e6d3baabe3fe595,"Yahoo chart v8 adjclose 1mo/1d SPY,EFA,EEM,TLT,IEF,GLD,DBC,VNQ (descarga 2026-09-25); RF French CRSP 202607 sha256 b840dba55d319f48","{""activos"": [""SPY"", ""EFA"", ""EEM"", ""TLT"", ""IEF"", ""GLD"", ""DBC"", ""VNQ""], ""bruto_max"": 10.0, ""comision_por_lado"": 0.0029, ""cortes"": [""2011-12-31""], ""efectivo_en_mxn"": false, ""extras"": [""vol_DBC"", ""vol_EEM"", ""vol_EFA"", ""vol_GLD"", ""vol_IEF"", ""vol_SPY"", ""vol_TLT"", ""vol_VNQ""], ""fx"": false, ""max_dias_fx"": 10, ""min_historia"": 12, ""motor"": ""R02.backtest_cartera"", ""periodos_por_anio"": 12, ""peso_max"": 1.25, ""peso_min"": -1.25, ""rebalanceo_con_deriva"": true, ""segmentos"": [""dentro_muestra"", ""fuera_muestra""], ""senal"": ""cartera_ls_vt_L12_obj0.4_tope10.0"", ""spread_por_lado"": 0.0015, ""usuario"": {""L"": 12, ""escenario_costos"": ""medio"", ""parte"": ""b"", ""sigma_obj"": 0.4, ""tipo"": ""largo/corto"", ""tope_por_activo"": 10.0}, ""variante"": ""B_ls_vt40_L12""}",sensibilidad: spread medio 0.15% por lado
2026-09-25T05:27:44.538764Z,R02,bef535e12e,B_ls_vt40_L12,0,dentro_muestra,2007-02-28,2011-12-31,58,12,USD,0.8030048862999692,0.12957785118466525,0.16841715202302027,0.744164783843837,1.2147510387988205,-0.26537921303039724,0.48827430643493186,0.21482186913683948,-0.23376669022985894,2.947563095689319,0.9413204416371208,1.4612420670912312,1.0,7.43786657249998,0.0327266129189999,58,0.05903549563161037,0.011541522760558198,0.0029,0.0015,2011-12-31,0e6d3baabe3fe595,"Yahoo chart v8 adjclose 1mo/1d SPY,EFA,EEM,TLT,IEF,GLD,DBC,VNQ (descarga 2026-09-25); RF French CRSP 202607 sha256 b840dba55d319f48","{""activos"": [""SPY"", ""EFA"", ""EEM"", ""TLT"", ""IEF"", ""GLD"", ""DBC"", ""VNQ""], ""bruto_max"": 10.0, ""comision_por_lado"": 0.0029, ""cortes"": [""2011-12-31""], ""efectivo_en_mxn"": false, ""extras"": [""vol_DBC"", ""vol_EEM"", ""vol_EFA"", ""vol_GLD"", ""vol_IEF"", ""vol_SPY"", ""vol_TLT"", ""vol_VNQ""], ""fx"": false, ""max_dias_fx"": 10, ""min_historia"": 12, ""motor"": ""R02.backtest_cartera"", ""periodos_por_anio"": 12, ""peso_max"": 1.25, ""peso_min"": -1.25, ""rebalanceo_con_deriva"": true, ""segmentos"": [""dentro_muestra"", ""fuera_muestra""], ""senal"": ""cartera_ls_vt_L12_obj0.4_tope10.0"", ""spread_por_lado"": 0.0015, ""usuario"": {""L"": 12, ""escenario_costos"": ""medio"", ""parte"": ""b"", ""sigma_obj"": 0.4, ""tipo"": ""largo/corto"", ""tope_por_activo"": 10.0}, ""variante"": ""B_ls_vt40_L12""}",sensibilidad: spread medio 0.15% por lado
2026-09-25T05:27:44.538764Z,R02,bef535e12e,B_ls_vt40_L12,0,fuera_muestra,2011-12-31,2026-07-31,175,12,USD,0.449458600948347,0.025782487901047313,0.19199336783798945,0.1453408093028266,0.21498105723046712,-0.4651850851818534,0.05542414991866784,0.04195627768761251,0.0968644781223465,3.380364880287234,0.710305677053752,0.636270659815378,1.0,11.763681218742374,0.05176019736246643,175,0.06443105052045439,0.01591439165222197,0.0029,0.0015,2011-12-31,0e6d3baabe3fe595,"Yahoo chart v8 adjclose 1mo/1d SPY,EFA,EEM,TLT,IEF,GLD,DBC,VNQ (descarga 2026-09-25); RF French CRSP 202607 sha256 b840dba55d319f48","{""activos"": [""SPY"", ""EFA"", ""EEM"", ""TLT"", ""IEF"", ""GLD"", ""DBC"", ""VNQ""], ""bruto_max"": 10.0, ""comision_por_lado"": 0.0029, ""cortes"": [""2011-12-31""], ""efectivo_en_mxn"": false, ""extras"": [""vol_DBC"", ""vol_EEM"", ""vol_EFA"", ""vol_GLD"", ""vol_IEF"", ""vol_SPY"", ""vol_TLT"", ""vol_VNQ""], ""fx"": false, ""max_dias_fx"": 10, ""min_historia"": 12, ""motor"": ""R02.backtest_cartera"", ""periodos_por_anio"": 12, ""peso_max"": 1.25, ""peso_min"": -1.25, ""rebalanceo_con_deriva"": true, ""segmentos"": [""dentro_muestra"", ""fuera_muestra""], ""senal"": ""cartera_ls_vt_L12_obj0.4_tope10.0"", ""spread_por_lado"": 0.0015, ""usuario"": {""L"": 12, ""escenario_costos"": ""medio"", ""parte"": ""b"", ""sigma_obj"": 0.4, ""tipo"": ""largo/corto"", ""tope_por_activo"": 10.0}, ""variante"": ""B_ls_vt40_L12""}",sensibilidad: spread medio 0.15% por lado
2026-09-25T05:27:44.568011Z,R02,56085812d7,B_lo_vt10_L3,0,completo,2007-02-28,2026-07-31,233,12,USD,0.7704849661482462,0.029853309436681297,0.03572161139684896,0.4320271971956127,0.6526142346570931,-0.07452833170843032,0.40056323216080286,0.12471550929906328,-0.21750160144942485,3.4007585254781367,0.968972194603607,0.3994806676777994,0.9742489270386266,2.129485802869138,0.009369737532624201,231,0.06308435048820926,0.014823262699370066,0.0029,0.0015,2011-12-31,0e6d3baabe3fe595,"Yahoo chart v8 adjclose 1mo/1d SPY,EFA,EEM,TLT,IEF,GLD,DBC,VNQ (descarga 2026-09-25); RF French CRSP 202607 sha256 b840dba55d319f48","{""activos"": [""SPY"", ""EFA"", ""EEM"", ""TLT"", ""IEF"", ""GLD"", ""DBC"", ""VNQ""], ""bruto_max"": 1.0, ""comision_por_lado"": 0.0029, ""cortes"": [""2011-12-31""], ""efectivo_en_mxn"": false, ""extras"": [""vol_DBC"", ""vol_EEM"", ""vol_EFA"", ""vol_GLD"", ""vol_IEF"", ""vol_SPY"", ""vol_TLT"", ""vol_VNQ""], ""fx"": false, ""max_dias_fx"": 10, ""min_historia"": 12, ""motor"": ""R02.backtest_cartera"", ""periodos_por_anio"": 12, ""peso_max"": 0.125, ""peso_min"": 0.0, ""rebalanceo_con_deriva"": true, ""segmentos"": [""dentro_muestra"", ""fuera_muestra""], ""senal"": ""cartera_lo_vt_L3_obj0.1_tope1.0"", ""spread_por_lado"": 0.0015, ""usuario"": {""L"": 3, ""escenario_costos"": ""medio"", ""parte"": ""b"", ""sigma_obj"": 0.1, ""tipo"": ""solo largos"", ""tope_por_activo"": 1.0}, ""variante"": ""B_lo_vt10_L3""}",sensibilidad: spread medio 0.15% por lado
2026-09-25T05:27:44.568011Z,R02,56085812d7,B_lo_vt10_L3,0,dentro_muestra,2007-02-28,2011-12-31,58,12,USD,0.26519214964125526,0.0498237364265699,0.03578355070630602,1.0498112731393099,2.1102766384473948,-0.03475574675054893,1.4335395174837664,0.30305441057264215,0.2616980412936626,2.4384907282941013,0.9904319014094023,0.33510307138439566,1.0,1.562812966770855,0.00687637705379176,58,0.05903549563161037,0.011541522760558198,0.0029,0.0015,2011-12-31,0e6d3baabe3fe595,"Yahoo chart v8 adjclose 1mo/1d SPY,EFA,EEM,TLT,IEF,GLD,DBC,VNQ (descarga 2026-09-25); RF French CRSP 202607 sha256 b840dba55d319f48","{""activos"": [""SPY"", ""EFA"", ""EEM"", ""TLT"", ""IEF"", ""GLD"", ""DBC"", ""VNQ""], ""bruto_max"": 1.0, ""comision_por_lado"": 0.0029, ""cortes"": [""2011-12-31""], ""efectivo_en_mxn"": false, ""extras"": [""vol_DBC"", ""vol_EEM"", ""vol_EFA"", ""vol_GLD"", ""vol_IEF"", ""vol_SPY"", ""vol_TLT"", ""vol_VNQ""], ""fx"": false, ""max_dias_fx"": 10, ""min_historia"": 12, ""motor"": ""R02.backtest_cartera"", ""periodos_por_anio"": 12, ""peso_max"": 0.125, ""peso_min"": 0.0, ""rebalanceo_con_deriva"": true, ""segmentos"": [""dentro_muestra"", ""fuera_muestra""], ""senal"": ""cartera_lo_vt_L3_obj0.1_tope1.0"", ""spread_por_lado"": 0.0015, ""usuario"": {""L"": 3, ""escenario_costos"": ""medio"", ""parte"": ""b"", ""sigma_obj"": 0.1, ""tipo"": ""solo largos"", ""tope_por_activo"": 1.0}, ""variante"": ""B_lo_vt10_L3""}",sensibilidad: spread medio 0.15% por lado
2026-09-25T05:27:44.568011Z,R02,56085812d7,B_lo_vt10_L3,0,fuera_muestra,2011-12-31,2026-07-31,175,12,USD,0.39938029701675304,0.023312030875480838,0.035610948756781856,0.22401783607265763,0.31406481532474,-0.07452833170842998,0.31279421316825196,0.06466837897991318,-0.4000983655108141,3.588341504559412,0.7998540237200313,0.42081724244932744,0.9657142857142857,2.3174901027913424,0.01019695645228191,173,0.06443105052045439,0.01591439165222197,0.0029,0.0015,2011-12-31,0e6d3baabe3fe595,"Yahoo chart v8 adjclose 1mo/1d SPY,EFA,EEM,TLT,IEF,GLD,DBC,VNQ (descarga 2026-09-25); RF French CRSP 202607 sha256 b840dba55d319f48","{""activos"": [""SPY"", ""EFA"", ""EEM"", ""TLT"", ""IEF"", ""GLD"", ""DBC"", ""VNQ""], ""bruto_max"": 1.0, ""comision_por_lado"": 0.0029, ""cortes"": [""2011-12-31""], ""efectivo_en_mxn"": false, ""extras"": [""vol_DBC"", ""vol_EEM"", ""vol_EFA"", ""vol_GLD"", ""vol_IEF"", ""vol_SPY"", ""vol_TLT"", ""vol_VNQ""], ""fx"": false, ""max_dias_fx"": 10, ""min_historia"": 12, ""motor"": ""R02.backtest_cartera"", ""periodos_por_anio"": 12, ""peso_max"": 0.125, ""peso_min"": 0.0, ""rebalanceo_con_deriva"": true, ""segmentos"": [""dentro_muestra"", ""fuera_muestra""], ""senal"": ""cartera_lo_vt_L3_obj0.1_tope1.0"", ""spread_por_lado"": 0.0015, ""usuario"": {""L"": 3, ""escenario_costos"": ""medio"", ""parte"": ""b"", ""sigma_obj"": 0.1, ""tipo"": ""solo largos"", ""tope_por_activo"": 1.0}, ""variante"": ""B_lo_vt10_L3""}",sensibilidad: spread medio 0.15% por lado
2026-09-25T05:27:44.598670Z,R02,fa64719879,B_lo_vt10_L6,0,completo,2007-02-28,2026-07-31,233,12,USD,0.8024615702186138,0.030803002388927858,0.036677870741543016,0.4473536591190663,0.6762837508514543,-0.053536320686279004,0.5753664427077907,0.12913987775767852,-0.23022747843138036,3.182830250944443,0.9731895096202948,0.4135127839866263,0.9828326180257511,1.6628413707761298,0.0073165020314149625,231,0.06308435048820926,0.014823262699370066,0.0029,0.0015,2011-12-31,0e6d3baabe3fe595,"Yahoo chart v8 adjclose 1mo/1d SPY,EFA,EEM,TLT,IEF,GLD,DBC,VNQ (descarga 2026-09-25); RF French CRSP 202607 sha256 b840dba55d319f48","{""activos"": [""SPY"", ""EFA"", ""EEM"", ""TLT"", ""IEF"", ""GLD"", ""DBC"", ""VNQ""], ""bruto_max"": 1.0, ""comision_por_lado"": 0.0029, ""cortes"": [""2011-12-31""], ""efectivo_en_mxn"": false, ""extras"": [""vol_DBC"", ""vol_EEM"", ""vol_EFA"", ""vol_GLD"", ""vol_IEF"", ""vol_SPY"", ""vol_TLT"", ""vol_VNQ""], ""fx"": false, ""max_dias_fx"": 10, ""min_historia"": 12, ""motor"": ""R02.backtest_cartera"", ""periodos_por_anio"": 12, ""peso_max"": 0.125, ""peso_min"": 0.0, ""rebalanceo_con_deriva"": true, ""segmentos"": [""dentro_muestra"", ""fuera_muestra""], ""senal"": ""cartera_lo_vt_L6_obj0.1_tope1.0"", ""spread_por_lado"": 0.0015, ""usuario"": {""L"": 6, ""escenario_costos"": ""medio"", ""parte"": ""b"", ""sigma_obj"": 0.1, ""tipo"": ""solo largos"", ""tope_por_activo"": 1.0}, ""variante"": ""B_lo_vt10_L6""}",sensibilidad: spread medio 0.15% por lado
2026-09-25T05:27:44.598670Z,R02,fa64719879,B_lo_vt10_L6,0,dentro_muestra,2007-02-28,2011-12-31,58,12,USD,0.20570496290425933,0.03942470542362719,0.032276422358500714,0.8702644556212773,1.5658631066159765,-0.024464501333913757,1.611506602383714,0.2512237088595538,0.037442586585397696,2.8369740848134506,0.9698366955737427,0.3541343224680615,1.0,1.3682880499086714,0.006020467419598153,58,0.05903549563161037,0.011541522760558198,0.0029,0.0015,2011-12-31,0e6d3baabe3fe595,"Yahoo chart v8 adjclose 1mo/1d SPY,EFA,EEM,TLT,IEF,GLD,DBC,VNQ (descarga 2026-09-25); RF French CRSP 202607 sha256 b840dba55d319f48","{""activos"": [""SPY"", ""EFA"", ""EEM"", ""TLT"", ""IEF"", ""GLD"", ""DBC"", ""VNQ""], ""bruto_max"": 1.0, ""comision_por_lado"": 0.0029, ""cortes"": [""2011-12-31""], ""efectivo_en_mxn"": false, ""extras"": [""vol_DBC"", ""vol_EEM"", ""vol_EFA"", ""vol_GLD"", ""vol_IEF"", ""vol_SPY"", ""vol_TLT"", ""vol_VNQ""], ""fx"": false, ""max_dias_fx"": 10, ""min_historia"": 12, ""motor"": ""R02.backtest_cartera"", ""periodos_por_anio"": 12, ""peso_max"": 0.125, ""peso_min"": 0.0, ""rebalanceo_con_deriva"": true, ""segmentos"": [""dentro_muestra"", ""fuera_muestra""], ""senal"": ""cartera_lo_vt_L6_obj0.1_tope1.0"", ""spread_por_lado"": 0.0015, ""usuario"": {""L"": 6, ""escenario_costos"": ""medio"", ""parte"": ""b"", ""sigma_obj"": 0.1, ""tipo"": ""solo largos"", ""tope_por_activo"": 1.0}, ""variante"": ""B_lo_vt10_L6""}",sensibilidad: spread medio 0.15% por lado
2026-09-25T05:27:44.598670Z,R02,fa64719879,B_lo_vt10_L6,0,fuera_muestra,2011-12-31,2026-07-31,175,12,USD,0.49494414112463136,0.0279584195438225,0.03807777766132604,0.33040264380559914,0.4832939272176291,-0.053536320686279226,0.5222327419110058,0.09537902767106335,-0.2557251118228286,3.1408946753880627,0.892535175999357,0.4331925026613506,0.9771428571428571,1.7605649378006885,0.007746485726323023,173,0.06443105052045439,0.01591439165222197,0.0029,0.0015,2011-12-31,0e6d3baabe3fe595,"Yahoo chart v8 adjclose 1mo/1d SPY,EFA,EEM,TLT,IEF,GLD,DBC,VNQ (descarga 2026-09-25); RF French CRSP 202607 sha256 b840dba55d319f48","{""activos"": [""SPY"", ""EFA"", ""EEM"", ""TLT"", ""IEF"", ""GLD"", ""DBC"", ""VNQ""], ""bruto_max"": 1.0, ""comision_por_lado"": 0.0029, ""cortes"": [""2011-12-31""], ""efectivo_en_mxn"": false, ""extras"": [""vol_DBC"", ""vol_EEM"", ""vol_EFA"", ""vol_GLD"", ""vol_IEF"", ""vol_SPY"", ""vol_TLT"", ""vol_VNQ""], ""fx"": false, ""max_dias_fx"": 10, ""min_historia"": 12, ""motor"": ""R02.backtest_cartera"", ""periodos_por_anio"": 12, ""peso_max"": 0.125, ""peso_min"": 0.0, ""rebalanceo_con_deriva"": true, ""segmentos"": [""dentro_muestra"", ""fuera_muestra""], ""senal"": ""cartera_lo_vt_L6_obj0.1_tope1.0"", ""spread_por_lado"": 0.0015, ""usuario"": {""L"": 6, ""escenario_costos"": ""medio"", ""parte"": ""b"", ""sigma_obj"": 0.1, ""tipo"": ""solo largos"", ""tope_por_activo"": 1.0}, ""variante"": ""B_lo_vt10_L6""}",sensibilidad: spread medio 0.15% por lado
2026-09-25T05:27:44.630660Z,R02,eb62d2e46a,B_lo_vt10_L12,0,completo,2007-02-28,2026-07-31,233,12,USD,0.9668565780236986,0.03544648387080529,0.03773021775903271,0.5576759143675608,0.874391785254647,-0.06887395715272493,0.5146572860944274,0.16098716964034096,-0.1746165930247146,3.1749967066733267,0.9918454237300152,0.42290315590021926,0.9871244635193133,1.1856182849230983,0.005216720453661633,232,0.06308435048820926,0.014823262699370066,0.0029,0.0015,2011-12-31,0e6d3baabe3fe595,"Yahoo chart v8 adjclose 1mo/1d SPY,EFA,EEM,TLT,IEF,GLD,DBC,VNQ (descarga 2026-09-25); RF French CRSP 202607 sha256 b840dba55d319f48","{""activos"": [""SPY"", ""EFA"", ""EEM"", ""TLT"", ""IEF"", ""GLD"", ""DBC"", ""VNQ""], ""bruto_max"": 1.0, ""comision_por_lado"": 0.0029, ""cortes"": [""2011-12-31""], ""efectivo_en_mxn"": false, ""extras"": [""vol_DBC"", ""vol_EEM"", ""vol_EFA"", ""vol_GLD"", ""vol_IEF"", ""vol_SPY"", ""vol_TLT"", ""vol_VNQ""], ""fx"": false, ""max_dias_fx"": 10, ""min_historia"": 12, ""motor"": ""R02.backtest_cartera"", ""periodos_por_anio"": 12, ""peso_max"": 0.125, ""peso_min"": 0.0, ""rebalanceo_con_deriva"": true, ""segmentos"": [""dentro_muestra"", ""fuera_muestra""], ""senal"": ""cartera_lo_vt_L12_obj0.1_tope1.0"", ""spread_por_lado"": 0.0015, ""usuario"": {""L"": 12, ""escenario_costos"": ""medio"", ""parte"": ""b"", ""sigma_obj"": 0.1, ""tipo"": ""solo largos"", ""tope_por_activo"": 1.0}, ""variante"": ""B_lo_vt10_L12""}",sensibilidad: spread medio 0.15% por lado
2026-09-25T05:27:44.630660Z,R02,eb62d2e46a,B_lo_vt10_L12,0,dentro_muestra,2007-02-28,2011-12-31,58,12,USD,0.23514229527371588,0.0446203422112581,0.038581678887185174,0.8623257880740346,1.53610895126754,-0.026215715957224273,1.7020455319268921,0.24893201293685005,-0.005913656104547317,2.8354457171554026,0.9679804475438598,0.4230485745408925,1.0,0.9280729446000096,0.0040835209562400405,58,0.05903549563161037,0.011541522760558198,0.0029,0.0015,2011-12-31,0e6d3baabe3fe595,"Yahoo chart v8 adjclose 1mo/1d SPY,EFA,EEM,TLT,IEF,GLD,DBC,VNQ (descarga 2026-09-25); RF French CRSP 202607 sha256 b840dba55d319f48","{""activos"": [""SPY"", ""EFA"", ""EEM"", ""TLT"", ""IEF"", ""GLD"", ""DBC"", ""VNQ""], ""bruto_max"": 1.0, ""comision_por_lado"": 0.0029, ""cortes"": [""2011-12-31""], ""efectivo_en_mxn"": false, ""extras"": [""vol_DBC"", ""vol_EEM"", ""vol_EFA"", ""vol_GLD"", ""vol_IEF"", ""vol_SPY"", ""vol_TLT"", ""vol_VNQ""], ""fx"": false, ""max_dias_fx"": 10, ""min_historia"": 12, ""motor"": ""R02.backtest_cartera"", ""periodos_por_anio"": 12, ""peso_max"": 0.125, ""peso_min"": 0.0, ""rebalanceo_con_deriva"": true, ""segmentos"": [""dentro_muestra"", ""fuera_muestra""], ""senal"": ""cartera_lo_vt_L12_obj0.1_tope1.0"", ""spread_por_lado"": 0.0015, ""usuario"": {""L"": 12, ""escenario_costos"": ""medio"", ""parte"": ""b"", ""sigma_obj"": 0.1, ""tipo"": ""solo largos"", ""tope_por_activo"": 1.0}, ""variante"": ""B_lo_vt10_L12""}",sensibilidad: spread medio 0.15% por lado
2026-09-25T05:27:44.630660Z,R02,eb62d2e46a,B_lo_vt10_L12,0,fuera_muestra,2011-12-31,2026-07-31,175,12,USD,0.592412943472099,0.032420718276144456,0.03751708442664739,0.45314638822148345,0.6845678318870524,-0.06887395715272482,0.4707253600116661,0.13081209461099008,-0.2405702516139326,3.2683883027291425,0.9545880505369628,0.4228549600078818,0.9828571428571429,1.2710637630212762,0.005592680557293614,174,0.06443105052045439,0.01591439165222197,0.0029,0.0015,2011-12-31,0e6d3baabe3fe595,"Yahoo chart v8 adjclose 1mo/1d SPY,EFA,EEM,TLT,IEF,GLD,DBC,VNQ (descarga 2026-09-25); RF French CRSP 202607 sha256 b840dba55d319f48","{""activos"": [""SPY"", ""EFA"", ""EEM"", ""TLT"", ""IEF"", ""GLD"", ""DBC"", ""VNQ""], ""bruto_max"": 1.0, ""comision_por_lado"": 0.0029, ""cortes"": [""2011-12-31""], ""efectivo_en_mxn"": false, ""extras"": [""vol_DBC"", ""vol_EEM"", ""vol_EFA"", ""vol_GLD"", ""vol_IEF"", ""vol_SPY"", ""vol_TLT"", ""vol_VNQ""], ""fx"": false, ""max_dias_fx"": 10, ""min_historia"": 12, ""motor"": ""R02.backtest_cartera"", ""periodos_por_anio"": 12, ""peso_max"": 0.125, ""peso_min"": 0.0, ""rebalanceo_con_deriva"": true, ""segmentos"": [""dentro_muestra"", ""fuera_muestra""], ""senal"": ""cartera_lo_vt_L12_obj0.1_tope1.0"", ""spread_por_lado"": 0.0015, ""usuario"": {""L"": 12, ""escenario_costos"": ""medio"", ""parte"": ""b"", ""sigma_obj"": 0.1, ""tipo"": ""solo largos"", ""tope_por_activo"": 1.0}, ""variante"": ""B_lo_vt10_L12""}",sensibilidad: spread medio 0.15% por lado
2026-09-25T05:27:44.660808Z,R02,4346f78b31,B_lo_L3,0,completo,2007-02-28,2026-07-31,233,12,USD,1.391585277774369,0.04592420468874958,0.06199590383920507,0.5181521513613031,0.8274571883192468,-0.1217272080818328,0.3772714860746367,0.14957764203481605,0.05663591202219299,3.902043507296819,0.9883813126979075,0.5933476394849786,0.9742489270386266,2.9515334077163353,0.012986746993951885,185,0.06308435048820926,0.014823262699370066,0.0029,0.0015,2011-12-31,0e6d3baabe3fe595,"Yahoo chart v8 adjclose 1mo/1d SPY,EFA,EEM,TLT,IEF,GLD,DBC,VNQ (descarga 2026-09-25); RF French CRSP 202607 sha256 b840dba55d319f48","{""activos"": [""SPY"", ""EFA"", ""EEM"", ""TLT"", ""IEF"", ""GLD"", ""DBC"", ""VNQ""], ""bruto_max"": 1.0, ""comision_por_lado"": 0.0029, ""cortes"": [""2011-12-31""], ""efectivo_en_mxn"": false, ""extras"": [""vol_DBC"", ""vol_EEM"", ""vol_EFA"", ""vol_GLD"", ""vol_IEF"", ""vol_SPY"", ""vol_TLT"", ""vol_VNQ""], ""fx"": false, ""max_dias_fx"": 10, ""min_historia"": 12, ""motor"": ""R02.backtest_cartera"", ""periodos_por_anio"": 12, ""peso_max"": 0.125, ""peso_min"": 0.0, ""rebalanceo_con_deriva"": true, ""segmentos"": [""dentro_muestra"", ""fuera_muestra""], ""senal"": ""cartera_lo_L3_obj0.0_tope1.0"", ""spread_por_lado"": 0.0015, ""usuario"": {""L"": 3, ""escenario_costos"": ""medio"", ""parte"": ""b"", ""tipo"": ""solo largos binaria""}, ""variante"": ""B_lo_L3""}",sensibilidad: spread medio 0.15% por lado
2026-09-25T05:27:44.660808Z,R02,4346f78b31,B_lo_L3,0,dentro_muestra,2007-02-28,2011-12-31,58,12,USD,0.4808973946105064,0.08454751179174336,0.08011607760291688,0.907234927390711,1.624442267991541,-0.11179670157080135,0.7562612367252985,0.2618961647736288,0.02334609167155684,2.7666990260453055,0.974637112198758,0.6056034482758621,1.0,2.6471306608558254,0.011647374907765632,42,0.05903549563161037,0.011541522760558198,0.0029,0.0015,2011-12-31,0e6d3baabe3fe595,"Yahoo chart v8 adjclose 1mo/1d SPY,EFA,EEM,TLT,IEF,GLD,DBC,VNQ (descarga 2026-09-25); RF French CRSP 202607 sha256 b840dba55d319f48","{""activos"": [""SPY"", ""EFA"", ""EEM"", ""TLT"", ""IEF"", ""GLD"", ""DBC"", ""VNQ""], ""bruto_max"": 1.0, ""comision_por_lado"": 0.0029, ""cortes"": [""2011-12-31""], ""efectivo_en_mxn"": false, ""extras"": [""vol_DBC"", ""vol_EEM"", ""vol_EFA"", ""vol_GLD"", ""vol_IEF"", ""vol_SPY"", ""vol_TLT"", ""vol_VNQ""], ""fx"": false, ""max_dias_fx"": 10, ""min_historia"": 12, ""motor"": ""R02.backtest_cartera"", ""periodos_por_anio"": 12, ""peso_max"": 0.125, ""peso_min"": 0.0, ""rebalanceo_con_deriva"": true, ""segmentos"": [""dentro_muestra"", ""fuera_muestra""], ""senal"": ""cartera_lo_L3_obj0.0_tope1.0"", ""spread_por_lado"": 0.0015, ""usuario"": {""L"": 3, ""escenario_costos"": ""medio"", ""parte"": ""b"", ""tipo"": ""solo largos binaria""}, ""variante"": ""B_lo_L3""}",sensibilidad: spread medio 0.15% por lado
2026-09-25T05:27:44.660808Z,R02,4346f78b31,B_lo_L3,0,fuera_muestra,2011-12-31,2026-07-31,175,12,USD,0.6149567731553629,0.03341651559352976,0.05449138764766861,0.3423081756460669,0.5075900067710736,-0.12172720808183313,0.27451969136649346,0.09881585867753322,-0.17198053780674769,4.239394773744306,0.9010465821916482,0.5892857142857143,0.9657142857142857,3.0525247058204514,0.013431108705609988,143,0.06443105052045439,0.01591439165222197,0.0029,0.0015,2011-12-31,0e6d3baabe3fe595,"Yahoo chart v8 adjclose 1mo/1d SPY,EFA,EEM,TLT,IEF,GLD,DBC,VNQ (descarga 2026-09-25); RF French CRSP 202607 sha256 b840dba55d319f48","{""activos"": [""SPY"", ""EFA"", ""EEM"", ""TLT"", ""IEF"", ""GLD"", ""DBC"", ""VNQ""], ""bruto_max"": 1.0, ""comision_por_lado"": 0.0029, ""cortes"": [""2011-12-31""], ""efectivo_en_mxn"": false, ""extras"": [""vol_DBC"", ""vol_EEM"", ""vol_EFA"", ""vol_GLD"", ""vol_IEF"", ""vol_SPY"", ""vol_TLT"", ""vol_VNQ""], ""fx"": false, ""max_dias_fx"": 10, ""min_historia"": 12, ""motor"": ""R02.backtest_cartera"", ""periodos_por_anio"": 12, ""peso_max"": 0.125, ""peso_min"": 0.0, ""rebalanceo_con_deriva"": true, ""segmentos"": [""dentro_muestra"", ""fuera_muestra""], ""senal"": ""cartera_lo_L3_obj0.0_tope1.0"", ""spread_por_lado"": 0.0015, ""usuario"": {""L"": 3, ""escenario_costos"": ""medio"", ""parte"": ""b"", ""tipo"": ""solo largos binaria""}, ""variante"": ""B_lo_L3""}",sensibilidad: spread medio 0.15% por lado
2026-09-25T05:27:44.692502Z,R02,5683f311f3,B_lo_L6,0,completo,2007-02-28,2026-07-31,233,12,USD,1.3520331903842258,0.04502641681121711,0.059845299916869286,0.520943662234023,0.8398747004084058,-0.07808888830102034,0.576604659009197,0.15038348181172134,0.10250266277322911,3.5199450649919,0.9890446156759726,0.6078326180257511,0.9828326180257511,2.2672276430918656,0.009975801629604214,166,0.06308435048820926,0.014823262699370066,0.0029,0.0015,2011-12-31,0e6d3baabe3fe595,"Yahoo chart v8 adjclose 1mo/1d SPY,EFA,EEM,TLT,IEF,GLD,DBC,VNQ (descarga 2026-09-25); RF French CRSP 202607 sha256 b840dba55d319f48","{""activos"": [""SPY"", ""EFA"", ""EEM"", ""TLT"", ""IEF"", ""GLD"", ""DBC"", ""VNQ""], ""bruto_max"": 1.0, ""comision_por_lado"": 0.0029, ""cortes"": [""2011-12-31""], ""efectivo_en_mxn"": false, ""extras"": [""vol_DBC"", ""vol_EEM"", ""vol_EFA"", ""vol_GLD"", ""vol_IEF"", ""vol_SPY"", ""vol_TLT"", ""vol_VNQ""], ""fx"": false, ""max_dias_fx"": 10, ""min_historia"": 12, ""motor"": ""R02.backtest_cartera"", ""periodos_por_anio"": 12, ""peso_max"": 0.125, ""peso_min"": 0.0, ""rebalanceo_con_deriva"": true, ""segmentos"": [""dentro_muestra"", ""fuera_muestra""], ""senal"": ""cartera_lo_L6_obj0.0_tope1.0"", ""spread_por_lado"": 0.0015, ""usuario"": {""L"": 6, ""escenario_costos"": ""medio"", ""parte"": ""b"", ""tipo"": ""solo largos binaria""}, ""variante"": ""B_lo_L6""}",sensibilidad: spread medio 0.15% por lado
2026-09-25T05:27:44.692502Z,R02,5683f311f3,B_lo_L6,0,dentro_muestra,2007-02-28,2011-12-31,58,12,USD,0.3960386803656333,0.07139894269926139,0.0698207191605992,0.8609917948263041,1.581635933681167,-0.049248315966077705,1.4497742978346928,0.24854692225651284,0.08279584901657522,2.960772043485609,0.9690805975844126,0.6379310344827587,1.0,2.1585582600287645,0.009497656344126557,37,0.05903549563161037,0.011541522760558198,0.0029,0.0015,2011-12-31,0e6d3baabe3fe595,"Yahoo chart v8 adjclose 1mo/1d SPY,EFA,EEM,TLT,IEF,GLD,DBC,VNQ (descarga 2026-09-25); RF French CRSP 202607 sha256 b840dba55d319f48","{""activos"": [""SPY"", ""EFA"", ""EEM"", ""TLT"", ""IEF"", ""GLD"", ""DBC"", ""VNQ""], ""bruto_max"": 1.0, ""comision_por_lado"": 0.0029, ""cortes"": [""2011-12-31""], ""efectivo_en_mxn"": false, ""extras"": [""vol_DBC"", ""vol_EEM"", ""vol_EFA"", ""vol_GLD"", ""vol_IEF"", ""vol_SPY"", ""vol_TLT"", ""vol_VNQ""], ""fx"": false, ""max_dias_fx"": 10, ""min_historia"": 12, ""motor"": ""R02.backtest_cartera"", ""periodos_por_anio"": 12, ""peso_max"": 0.125, ""peso_min"": 0.0, ""rebalanceo_con_deriva"": true, ""segmentos"": [""dentro_muestra"", ""fuera_muestra""], ""senal"": ""cartera_lo_L6_obj0.0_tope1.0"", ""spread_por_lado"": 0.0015, ""usuario"": {""L"": 6, ""escenario_costos"": ""medio"", ""parte"": ""b"", ""tipo"": ""solo largos binaria""}, ""variante"": ""B_lo_L6""}",sensibilidad: spread medio 0.15% por lado
2026-09-25T05:27:44.692502Z,R02,5683f311f3,B_lo_L6,0,fuera_muestra,2011-12-31,2026-07-31,175,12,USD,0.684790846746602,0.03642104545527469,0.05615944135820452,0.3847171447003762,0.5861466592868062,-0.07808888830102034,0.46640496807788207,0.11105827352731322,0.03404286233430269,3.6785116123460173,0.9280868935761968,0.5978571428571429,0.9771428571428571,2.3032807410776908,0.010134435260741839,129,0.06443105052045439,0.01591439165222197,0.0029,0.0015,2011-12-31,0e6d3baabe3fe595,"Yahoo chart v8 adjclose 1mo/1d SPY,EFA,EEM,TLT,IEF,GLD,DBC,VNQ (descarga 2026-09-25); RF French CRSP 202607 sha256 b840dba55d319f48","{""activos"": [""SPY"", ""EFA"", ""EEM"", ""TLT"", ""IEF"", ""GLD"", ""DBC"", ""VNQ""], ""bruto_max"": 1.0, ""comision_por_lado"": 0.0029, ""cortes"": [""2011-12-31""], ""efectivo_en_mxn"": false, ""extras"": [""vol_DBC"", ""vol_EEM"", ""vol_EFA"", ""vol_GLD"", ""vol_IEF"", ""vol_SPY"", ""vol_TLT"", ""vol_VNQ""], ""fx"": false, ""max_dias_fx"": 10, ""min_historia"": 12, ""motor"": ""R02.backtest_cartera"", ""periodos_por_anio"": 12, ""peso_max"": 0.125, ""peso_min"": 0.0, ""rebalanceo_con_deriva"": true, ""segmentos"": [""dentro_muestra"", ""fuera_muestra""], ""senal"": ""cartera_lo_L6_obj0.0_tope1.0"", ""spread_por_lado"": 0.0015, ""usuario"": {""L"": 6, ""escenario_costos"": ""medio"", ""parte"": ""b"", ""tipo"": ""solo largos binaria""}, ""variante"": ""B_lo_L6""}",sensibilidad: spread medio 0.15% por lado
2026-09-25T05:27:44.727469Z,R02,5770fd77d7,B_lo_L12,0,completo,2007-02-28,2026-07-31,233,12,USD,1.4637404413179453,0.04752635740052247,0.06347615316190175,0.5335083454971841,0.8354121228284777,-0.09179329241568013,0.5177541424846421,0.15401059344385556,-0.2239189727771233,4.197408893687981,0.9888593516557764,0.621244635193133,0.9871244635193133,1.5053305659359661,0.006623454490118252,136,0.06308435048820926,0.014823262699370066,0.0029,0.0015,2011-12-31,0e6d3baabe3fe595,"Yahoo chart v8 adjclose 1mo/1d SPY,EFA,EEM,TLT,IEF,GLD,DBC,VNQ (descarga 2026-09-25); RF French CRSP 202607 sha256 b840dba55d319f48","{""activos"": [""SPY"", ""EFA"", ""EEM"", ""TLT"", ""IEF"", ""GLD"", ""DBC"", ""VNQ""], ""bruto_max"": 1.0, ""comision_por_lado"": 0.0029, ""cortes"": [""2011-12-31""], ""efectivo_en_mxn"": false, ""extras"": [""vol_DBC"", ""vol_EEM"", ""vol_EFA"", ""vol_GLD"", ""vol_IEF"", ""vol_SPY"", ""vol_TLT"", ""vol_VNQ""], ""fx"": false, ""max_dias_fx"": 10, ""min_historia"": 12, ""motor"": ""R02.backtest_cartera"", ""periodos_por_anio"": 12, ""peso_max"": 0.125, ""peso_min"": 0.0, ""rebalanceo_con_deriva"": true, ""segmentos"": [""dentro_muestra"", ""fuera_muestra""], ""senal"": ""cartera_lo_L12_obj0.0_tope1.0"", ""spread_por_lado"": 0.0015, ""usuario"": {""L"": 12, ""escenario_costos"": ""medio"", ""parte"": ""b"", ""tipo"": ""solo largos binaria""}, ""variante"": ""B_lo_L12""}",sensibilidad: spread medio 0.15% por lado
2026-09-25T05:27:44.727469Z,R02,5770fd77d7,B_lo_L12,0,dentro_muestra,2007-02-28,2011-12-31,58,12,USD,0.31978864126020046,0.059031830691843146,0.08653050111863375,0.5753041248529482,0.9016393533748788,-0.09179329241568013,0.643095253894165,0.16607599567487588,-0.40981148498895675,3.6714607649455506,0.8854945373395844,0.7176724137931034,1.0,1.3706700095093036,0.0060309480418409365,28,0.05903549563161037,0.011541522760558198,0.0029,0.0015,2011-12-31,0e6d3baabe3fe595,"Yahoo chart v8 adjclose 1mo/1d SPY,EFA,EEM,TLT,IEF,GLD,DBC,VNQ (descarga 2026-09-25); RF French CRSP 202607 sha256 b840dba55d319f48","{""activos"": [""SPY"", ""EFA"", ""EEM"", ""TLT"", ""IEF"", ""GLD"", ""DBC"", ""VNQ""], ""bruto_max"": 1.0, ""comision_por_lado"": 0.0029, ""cortes"": [""2011-12-31""], ""efectivo_en_mxn"": false, ""extras"": [""vol_DBC"", ""vol_EEM"", ""vol_EFA"", ""vol_GLD"", ""vol_IEF"", ""vol_SPY"", ""vol_TLT"", ""vol_VNQ""], ""fx"": false, ""max_dias_fx"": 10, ""min_historia"": 12, ""motor"": ""R02.backtest_cartera"", ""periodos_por_anio"": 12, ""peso_max"": 0.125, ""peso_min"": 0.0, ""rebalanceo_con_deriva"": true, ""segmentos"": [""dentro_muestra"", ""fuera_muestra""], ""senal"": ""cartera_lo_L12_obj0.0_tope1.0"", ""spread_por_lado"": 0.0015, ""usuario"": {""L"": 12, ""escenario_costos"": ""medio"", ""parte"": ""b"", ""tipo"": ""solo largos binaria""}, ""variante"": ""B_lo_L12""}",sensibilidad: spread medio 0.15% por lado
2026-09-25T05:27:44.727469Z,R02,5770fd77d7,B_lo_L12,0,fuera_muestra,2011-12-31,2026-07-31,175,12,USD,0.8667689388245117,0.04373688312782997,0.05397700400509591,0.5301468037656913,0.8334221363206623,-0.08717613402585644,0.5017070740353962,0.15304019993207083,-0.0665885946128178,2.989647350572107,0.9770900237421216,0.5892857142857143,0.9828571428571429,1.5500067212506319,0.006820029573502786,108,0.06443105052045439,0.01591439165222197,0.0029,0.0015,2011-12-31,0e6d3baabe3fe595,"Yahoo chart v8 adjclose 1mo/1d SPY,EFA,EEM,TLT,IEF,GLD,DBC,VNQ (descarga 2026-09-25); RF French CRSP 202607 sha256 b840dba55d319f48","{""activos"": [""SPY"", ""EFA"", ""EEM"", ""TLT"", ""IEF"", ""GLD"", ""DBC"", ""VNQ""], ""bruto_max"": 1.0, ""comision_por_lado"": 0.0029, ""cortes"": [""2011-12-31""], ""efectivo_en_mxn"": false, ""extras"": [""vol_DBC"", ""vol_EEM"", ""vol_EFA"", ""vol_GLD"", ""vol_IEF"", ""vol_SPY"", ""vol_TLT"", ""vol_VNQ""], ""fx"": false, ""max_dias_fx"": 10, ""min_historia"": 12, ""motor"": ""R02.backtest_cartera"", ""periodos_por_anio"": 12, ""peso_max"": 0.125, ""peso_min"": 0.0, ""rebalanceo_con_deriva"": true, ""segmentos"": [""dentro_muestra"", ""fuera_muestra""], ""senal"": ""cartera_lo_L12_obj0.0_tope1.0"", ""spread_por_lado"": 0.0015, ""usuario"": {""L"": 12, ""escenario_costos"": ""medio"", ""parte"": ""b"", ""tipo"": ""solo largos binaria""}, ""variante"": ""B_lo_L12""}",sensibilidad: spread medio 0.15% por lado
2026-09-25T05:27:44.754030Z,R02,d1b297fb64,B_ref_1N,0,completo,2007-02-28,2026-07-31,233,12,USD,2.172700642313265,0.0612575821470176,0.10974825133003625,0.46466855413897384,0.670828013400291,-0.3460558456831305,0.17701646399323856,0.13413825740804539,-0.8863973027748332,6.9655726119633306,0.9718544135883991,1.0,1.0,0.3907319851161981,0.0017192207345112735,1,0.06308435048820926,0.014823262699370066,0.0029,0.0015,2011-12-31,0e6d3baabe3fe595,"Yahoo chart v8 adjclose 1mo/1d SPY,EFA,EEM,TLT,IEF,GLD,DBC,VNQ (descarga 2026-09-25); RF French CRSP 202607 sha256 b840dba55d319f48","{""activos"": [""SPY"", ""EFA"", ""EEM"", ""TLT"", ""IEF"", ""GLD"", ""DBC"", ""VNQ""], ""bruto_max"": 1.0, ""comision_por_lado"": 0.0029, ""cortes"": [""2011-12-31""], ""efectivo_en_mxn"": false, ""extras"": [""vol_DBC"", ""vol_EEM"", ""vol_EFA"", ""vol_GLD"", ""vol_IEF"", ""vol_SPY"", ""vol_TLT"", ""vol_VNQ""], ""fx"": false, ""max_dias_fx"": 10, ""min_historia"": 12, ""motor"": ""R02.backtest_cartera"", ""periodos_por_anio"": 12, ""peso_max"": 0.125, ""peso_min"": 0.0, ""rebalanceo_con_deriva"": true, ""segmentos"": [""dentro_muestra"", ""fuera_muestra""], ""senal"": ""cartera_ref_1n_L12_obj0.0_tope1.0"", ""spread_por_lado"": 0.0015, ""usuario"": {""escenario_costos"": ""medio"", ""parte"": ""b"", ""tipo"": ""referencia""}, ""variante"": ""B_ref_1N""}",referencia; sensibilidad: spread medio 0.15% por lado
2026-09-25T05:27:44.754030Z,R02,d1b297fb64,B_ref_1N,0,dentro_muestra,2007-02-28,2011-12-31,58,12,USD,0.3012042651189195,0.05593194473180674,0.15071968229188756,0.36186840676344834,0.502324645549275,-0.3460558456831305,0.1616269322698319,0.10446241102804894,-1.1487287021075414,6.401200033277444,0.7704630847578955,1.0,1.0,0.6665025969601525,0.0029326114266246704,1,0.05903549563161037,0.011541522760558198,0.0029,0.0015,2011-12-31,0e6d3baabe3fe595,"Yahoo chart v8 adjclose 1mo/1d SPY,EFA,EEM,TLT,IEF,GLD,DBC,VNQ (descarga 2026-09-25); RF French CRSP 202607 sha256 b840dba55d319f48","{""activos"": [""SPY"", ""EFA"", ""EEM"", ""TLT"", ""IEF"", ""GLD"", ""DBC"", ""VNQ""], ""bruto_max"": 1.0, ""comision_por_lado"": 0.0029, ""cortes"": [""2011-12-31""], ""efectivo_en_mxn"": false, ""extras"": [""vol_DBC"", ""vol_EEM"", ""vol_EFA"", ""vol_GLD"", ""vol_IEF"", ""vol_SPY"", ""vol_TLT"", ""vol_VNQ""], ""fx"": false, ""max_dias_fx"": 10, ""min_historia"": 12, ""motor"": ""R02.backtest_cartera"", ""periodos_por_anio"": 12, ""peso_max"": 0.125, ""peso_min"": 0.0, ""rebalanceo_con_deriva"": true, ""segmentos"": [""dentro_muestra"", ""fuera_muestra""], ""senal"": ""cartera_ref_1n_L12_obj0.0_tope1.0"", ""spread_por_lado"": 0.0015, ""usuario"": {""escenario_costos"": ""medio"", ""parte"": ""b"", ""tipo"": ""referencia""}, ""variante"": ""B_ref_1N""}",referencia; sensibilidad: spread medio 0.15% por lado
2026-09-25T05:27:44.754030Z,R02,d1b297fb64,B_ref_1N,0,fuera_muestra,2011-12-31,2026-07-31,175,12,USD,1.4382802357501552,0.06303038911723435,0.0928330642160277,0.5373435956695349,0.8108755059321986,-0.19240899767121533,0.3275854553586908,0.15511773480356372,-0.36235164801550257,3.7273891806187023,0.9759039317833527,1.0,1.0,0.29923993270758625,0.0013166557039133808,0,0.06443105052045439,0.01591439165222197,0.0029,0.0015,2011-12-31,0e6d3baabe3fe595,"Yahoo chart v8 adjclose 1mo/1d SPY,EFA,EEM,TLT,IEF,GLD,DBC,VNQ (descarga 2026-09-25); RF French CRSP 202607 sha256 b840dba55d319f48","{""activos"": [""SPY"", ""EFA"", ""EEM"", ""TLT"", ""IEF"", ""GLD"", ""DBC"", ""VNQ""], ""bruto_max"": 1.0, ""comision_por_lado"": 0.0029, ""cortes"": [""2011-12-31""], ""efectivo_en_mxn"": false, ""extras"": [""vol_DBC"", ""vol_EEM"", ""vol_EFA"", ""vol_GLD"", ""vol_IEF"", ""vol_SPY"", ""vol_TLT"", ""vol_VNQ""], ""fx"": false, ""max_dias_fx"": 10, ""min_historia"": 12, ""motor"": ""R02.backtest_cartera"", ""periodos_por_anio"": 12, ""peso_max"": 0.125, ""peso_min"": 0.0, ""rebalanceo_con_deriva"": true, ""segmentos"": [""dentro_muestra"", ""fuera_muestra""], ""senal"": ""cartera_ref_1n_L12_obj0.0_tope1.0"", ""spread_por_lado"": 0.0015, ""usuario"": {""escenario_costos"": ""medio"", ""parte"": ""b"", ""tipo"": ""referencia""}, ""variante"": ""B_ref_1N""}",referencia; sensibilidad: spread medio 0.15% por lado
2026-09-25T05:27:44.781326Z,R02,4af0711b7c,B_ref_1N_sin_rebalanceo,0,completo,2007-02-28,2026-07-31,233,12,USD,2.23253397336241,0.062279087786156095,0.1057700985399281,0.48808573018440876,0.7014963139644925,-0.3010668291034704,0.20686134029316153,0.14089821385479173,-0.9227249508431562,6.733673104091398,0.9769195822680264,0.9999999999999994,1.0,0.05149443112928239,0.00022657549696884248,233,0.06308435048820926,0.014823262699370066,0.0029,0.0015,2011-12-31,0e6d3baabe3fe595,"Yahoo chart v8 adjclose 1mo/1d SPY,EFA,EEM,TLT,IEF,GLD,DBC,VNQ (descarga 2026-09-25); RF French CRSP 202607 sha256 b840dba55d319f48","{""activos"": [""SPY"", ""EFA"", ""EEM"", ""TLT"", ""IEF"", ""GLD"", ""DBC"", ""VNQ""], ""bruto_max"": 1.0, ""comision_por_lado"": 0.0029, ""cortes"": [""2011-12-31""], ""efectivo_en_mxn"": false, ""extras"": [""vol_DBC"", ""vol_EEM"", ""vol_EFA"", ""vol_GLD"", ""vol_IEF"", ""vol_SPY"", ""vol_TLT"", ""vol_VNQ""], ""fx"": false, ""max_dias_fx"": 10, ""min_historia"": 12, ""motor"": ""R02.backtest_cartera"", ""periodos_por_anio"": 12, ""peso_max"": 1.0, ""peso_min"": 0.0, ""rebalanceo_con_deriva"": true, ""segmentos"": [""dentro_muestra"", ""fuera_muestra""], ""senal"": ""cartera_ref_1n_sin_rebalanceo_L12_obj0.0_tope1.0"", ""spread_por_lado"": 0.0015, ""usuario"": {""escenario_costos"": ""medio"", ""parte"": ""b"", ""tipo"": ""referencia""}, ""variante"": ""B_ref_1N_sin_rebalanceo""}",referencia; sensibilidad: spread medio 0.15% por lado
2026-09-25T05:27:44.781326Z,R02,4af0711b7c,B_ref_1N_sin_rebalanceo,0,dentro_muestra,2007-02-28,2011-12-31,58,12,USD,0.2873446603624279,0.053597209445186644,0.136267892157768,0.3687756812950992,0.5001607238898459,-0.3010668291034704,0.17802429316039464,0.10645636943315659,-1.3978192347226694,7.587472524850128,0.7715167625687974,0.9999999999999998,1.0,0.20670628183361628,0.0009095076400679115,58,0.05903549563161037,0.011541522760558198,0.0029,0.0015,2011-12-31,0e6d3baabe3fe595,"Yahoo chart v8 adjclose 1mo/1d SPY,EFA,EEM,TLT,IEF,GLD,DBC,VNQ (descarga 2026-09-25); RF French CRSP 202607 sha256 b840dba55d319f48","{""activos"": [""SPY"", ""EFA"", ""EEM"", ""TLT"", ""IEF"", ""GLD"", ""DBC"", ""VNQ""], ""bruto_max"": 1.0, ""comision_por_lado"": 0.0029, ""cortes"": [""2011-12-31""], ""efectivo_en_mxn"": false, ""extras"": [""vol_DBC"", ""vol_EEM"", ""vol_EFA"", ""vol_GLD"", ""vol_IEF"", ""vol_SPY"", ""vol_TLT"", ""vol_VNQ""], ""fx"": false, ""max_dias_fx"": 10, ""min_historia"": 12, ""motor"": ""R02.backtest_cartera"", ""periodos_por_anio"": 12, ""peso_max"": 1.0, ""peso_min"": 0.0, ""rebalanceo_con_deriva"": true, ""segmentos"": [""dentro_muestra"", ""fuera_muestra""], ""senal"": ""cartera_ref_1n_sin_rebalanceo_L12_obj0.0_tope1.0"", ""spread_por_lado"": 0.0015, ""usuario"": {""escenario_costos"": ""medio"", ""parte"": ""b"", ""tipo"": ""referencia""}, ""variante"": ""B_ref_1N_sin_rebalanceo""}",referencia; sensibilidad: spread medio 0.15% por lado
2026-09-25T05:27:44.781326Z,R02,4af0711b7c,B_ref_1N_sin_rebalanceo,0,fuera_muestra,2011-12-31,2026-07-31,175,12,USD,1.5110089573466268,0.06517523893635424,0.09398284717701058,0.5549842615517363,0.8396266078401974,-0.2150166185186897,0.30311721663825286,0.1602101564014503,-0.34886212577465925,3.4029456160962055,0.9794128622193836,0.9999999999999993,1.0,0.0,0.0,175,0.06443105052045439,0.01591439165222197,0.0029,0.0015,2011-12-31,0e6d3baabe3fe595,"Yahoo chart v8 adjclose 1mo/1d SPY,EFA,EEM,TLT,IEF,GLD,DBC,VNQ (descarga 2026-09-25); RF French CRSP 202607 sha256 b840dba55d319f48","{""activos"": [""SPY"", ""EFA"", ""EEM"", ""TLT"", ""IEF"", ""GLD"", ""DBC"", ""VNQ""], ""bruto_max"": 1.0, ""comision_por_lado"": 0.0029, ""cortes"": [""2011-12-31""], ""efectivo_en_mxn"": false, ""extras"": [""vol_DBC"", ""vol_EEM"", ""vol_EFA"", ""vol_GLD"", ""vol_IEF"", ""vol_SPY"", ""vol_TLT"", ""vol_VNQ""], ""fx"": false, ""max_dias_fx"": 10, ""min_historia"": 12, ""motor"": ""R02.backtest_cartera"", ""periodos_por_anio"": 12, ""peso_max"": 1.0, ""peso_min"": 0.0, ""rebalanceo_con_deriva"": true, ""segmentos"": [""dentro_muestra"", ""fuera_muestra""], ""senal"": ""cartera_ref_1n_sin_rebalanceo_L12_obj0.0_tope1.0"", ""spread_por_lado"": 0.0015, ""usuario"": {""escenario_costos"": ""medio"", ""parte"": ""b"", ""tipo"": ""referencia""}, ""variante"": ""B_ref_1N_sin_rebalanceo""}",referencia; sensibilidad: spread medio 0.15% por lado
2026-09-25T05:27:44.805508Z,R02,c4585b22f5,B_ref_efectivo,0,completo,2007-02-28,2026-07-31,233,12,USD,0.33075812710378827,0.014823262699370066,0.0053483789707093376,0.0,0.0,0.0,inf,,0.0,3.0,,0.0,0.0,0.0,0.0,0,0.06308435048820926,0.014823262699370066,0.0029,0.0015,2011-12-31,0e6d3baabe3fe595,"Yahoo chart v8 adjclose 1mo/1d SPY,EFA,EEM,TLT,IEF,GLD,DBC,VNQ (descarga 2026-09-25); RF French CRSP 202607 sha256 b840dba55d319f48","{""activos"": [""SPY"", ""EFA"", ""EEM"", ""TLT"", ""IEF"", ""GLD"", ""DBC"", ""VNQ""], ""bruto_max"": 1.0, ""comision_por_lado"": 0.0029, ""cortes"": [""2011-12-31""], ""efectivo_en_mxn"": false, ""extras"": [""vol_DBC"", ""vol_EEM"", ""vol_EFA"", ""vol_GLD"", ""vol_IEF"", ""vol_SPY"", ""vol_TLT"", ""vol_VNQ""], ""fx"": false, ""max_dias_fx"": 10, ""min_historia"": 12, ""motor"": ""R02.backtest_cartera"", ""periodos_por_anio"": 12, ""peso_max"": 1.0, ""peso_min"": 0.0, ""rebalanceo_con_deriva"": true, ""segmentos"": [""dentro_muestra"", ""fuera_muestra""], ""senal"": ""cartera_ref_1n_L12_obj0.0_tope1.0"", ""spread_por_lado"": 0.0015, ""usuario"": {""escenario_costos"": ""medio"", ""parte"": ""b"", ""tipo"": ""referencia""}, ""variante"": ""B_ref_efectivo""}",referencia; sensibilidad: spread medio 0.15% por lado
2026-09-25T05:27:44.805508Z,R02,c4585b22f5,B_ref_efectivo,0,dentro_muestra,2007-02-28,2011-12-31,58,12,USD,0.05708552896197294,0.011541522760558198,0.004938797843395803,0.0,0.0,0.0,inf,,0.0,3.0,,0.0,0.0,0.0,0.0,0,0.05903549563161037,0.011541522760558198,0.0029,0.0015,2011-12-31,0e6d3baabe3fe595,"Yahoo chart v8 adjclose 1mo/1d SPY,EFA,EEM,TLT,IEF,GLD,DBC,VNQ (descarga 2026-09-25); RF French CRSP 202607 sha256 b840dba55d319f48","{""activos"": [""SPY"", ""EFA"", ""EEM"", ""TLT"", ""IEF"", ""GLD"", ""DBC"", ""VNQ""], ""bruto_max"": 1.0, ""comision_por_lado"": 0.0029, ""cortes"": [""2011-12-31""], ""efectivo_en_mxn"": false, ""extras"": [""vol_DBC"", ""vol_EEM"", ""vol_EFA"", ""vol_GLD"", ""vol_IEF"", ""vol_SPY"", ""vol_TLT"", ""vol_VNQ""], ""fx"": false, ""max_dias_fx"": 10, ""min_historia"": 12, ""motor"": ""R02.backtest_cartera"", ""periodos_por_anio"": 12, ""peso_max"": 1.0, ""peso_min"": 0.0, ""rebalanceo_con_deriva"": true, ""segmentos"": [""dentro_muestra"", ""fuera_muestra""], ""senal"": ""cartera_ref_1n_L12_obj0.0_tope1.0"", ""spread_por_lado"": 0.0015, ""usuario"": {""escenario_costos"": ""medio"", ""parte"": ""b"", ""tipo"": ""referencia""}, ""variante"": ""B_ref_efectivo""}",referencia; sensibilidad: spread medio 0.15% por lado
2026-09-25T05:27:44.805508Z,R02,c4585b22f5,B_ref_efectivo,0,fuera_muestra,2011-12-31,2026-07-31,175,12,USD,0.25889352435895274,0.01591439165222197,0.005455494450957997,0.0,0.0,0.0,inf,,0.0,3.0,,0.0,0.0,0.0,0.0,0,0.06443105052045439,0.01591439165222197,0.0029,0.0015,2011-12-31,0e6d3baabe3fe595,"Yahoo chart v8 adjclose 1mo/1d SPY,EFA,EEM,TLT,IEF,GLD,DBC,VNQ (descarga 2026-09-25); RF French CRSP 202607 sha256 b840dba55d319f48","{""activos"": [""SPY"", ""EFA"", ""EEM"", ""TLT"", ""IEF"", ""GLD"", ""DBC"", ""VNQ""], ""bruto_max"": 1.0, ""comision_por_lado"": 0.0029, ""cortes"": [""2011-12-31""], ""efectivo_en_mxn"": false, ""extras"": [""vol_DBC"", ""vol_EEM"", ""vol_EFA"", ""vol_GLD"", ""vol_IEF"", ""vol_SPY"", ""vol_TLT"", ""vol_VNQ""], ""fx"": false, ""max_dias_fx"": 10, ""min_historia"": 12, ""motor"": ""R02.backtest_cartera"", ""periodos_por_anio"": 12, ""peso_max"": 1.0, ""peso_min"": 0.0, ""rebalanceo_con_deriva"": true, ""segmentos"": [""dentro_muestra"", ""fuera_muestra""], ""senal"": ""cartera_ref_1n_L12_obj0.0_tope1.0"", ""spread_por_lado"": 0.0015, ""usuario"": {""escenario_costos"": ""medio"", ""parte"": ""b"", ""tipo"": ""referencia""}, ""variante"": ""B_ref_efectivo""}",referencia; sensibilidad: spread medio 0.15% por lado
2026-09-25T05:27:44.832827Z,R02,b6e4e310c8,B_ref_1N_sma10,0,completo,2007-02-28,2026-07-31,233,12,USD,1.4329344564911586,0.046847850785059375,0.06112601764745562,0.5405376472419922,0.8584249415097075,-0.0851343791602116,0.5502812288898934,0.15603977807114558,-0.04026549900811532,3.4420676488387922,0.9906632895933405,0.653969957081545,0.9871244635193133,2.074437675100149,0.009127525770440667,164,0.06308435048820926,0.014823262699370066,0.0029,0.0015,2011-12-31,0e6d3baabe3fe595,"Yahoo chart v8 adjclose 1mo/1d SPY,EFA,EEM,TLT,IEF,GLD,DBC,VNQ (descarga 2026-09-25); RF French CRSP 202607 sha256 b840dba55d319f48","{""activos"": [""SPY"", ""EFA"", ""EEM"", ""TLT"", ""IEF"", ""GLD"", ""DBC"", ""VNQ""], ""bruto_max"": 1.0, ""comision_por_lado"": 0.0029, ""cortes"": [""2011-12-31""], ""efectivo_en_mxn"": false, ""extras"": [""vol_DBC"", ""vol_EEM"", ""vol_EFA"", ""vol_GLD"", ""vol_IEF"", ""vol_SPY"", ""vol_TLT"", ""vol_VNQ""], ""fx"": false, ""max_dias_fx"": 10, ""min_historia"": 12, ""motor"": ""R02.backtest_cartera"", ""periodos_por_anio"": 12, ""peso_max"": 0.125, ""peso_min"": 0.0, ""rebalanceo_con_deriva"": true, ""segmentos"": [""dentro_muestra"", ""fuera_muestra""], ""senal"": ""cartera_ref_sma10_L12_obj0.0_tope1.0"", ""spread_por_lado"": 0.0015, ""usuario"": {""escenario_costos"": ""medio"", ""parte"": ""b"", ""tipo"": ""referencia"", ""ventana"": 10}, ""variante"": ""B_ref_1N_sma10""}",referencia; sensibilidad: spread medio 0.15% por lado
2026-09-25T05:27:44.832827Z,R02,b6e4e310c8,B_ref_1N_sma10,0,dentro_muestra,2007-02-28,2011-12-31,58,12,USD,0.3753146860643355,0.06809179649471009,0.0764860819684024,0.7514569671057952,1.3397632395928076,-0.0851343791602116,0.799815505397301,0.21692694112147534,0.06692716097652249,2.8995155288570507,0.9485959211134585,0.6853448275862069,1.0,1.9497752620397586,0.008579011152974938,37,0.05903549563161037,0.011541522760558198,0.0029,0.0015,2011-12-31,0e6d3baabe3fe595,"Yahoo chart v8 adjclose 1mo/1d SPY,EFA,EEM,TLT,IEF,GLD,DBC,VNQ (descarga 2026-09-25); RF French CRSP 202607 sha256 b840dba55d319f48","{""activos"": [""SPY"", ""EFA"", ""EEM"", ""TLT"", ""IEF"", ""GLD"", ""DBC"", ""VNQ""], ""bruto_max"": 1.0, ""comision_por_lado"": 0.0029, ""cortes"": [""2011-12-31""], ""efectivo_en_mxn"": false, ""extras"": [""vol_DBC"", ""vol_EEM"", ""vol_EFA"", ""vol_GLD"", ""vol_IEF"", ""vol_SPY"", ""vol_TLT"", ""vol_VNQ""], ""fx"": false, ""max_dias_fx"": 10, ""min_historia"": 12, ""motor"": ""R02.backtest_cartera"", ""periodos_por_anio"": 12, ""peso_max"": 0.125, ""peso_min"": 0.0, ""rebalanceo_con_deriva"": true, ""segmentos"": [""dentro_muestra"", ""fuera_muestra""], ""senal"": ""cartera_ref_sma10_L12_obj0.0_tope1.0"", ""spread_por_lado"": 0.0015, ""usuario"": {""escenario_costos"": ""medio"", ""parte"": ""b"", ""tipo"": ""referencia"", ""ventana"": 10}, ""variante"": ""B_ref_1N_sma10""}",referencia; sensibilidad: spread medio 0.15% por lado
2026-09-25T05:27:44.832827Z,R02,b6e4e310c8,B_ref_1N_sma10,0,fuera_muestra,2011-12-31,2026-07-31,175,12,USD,0.7690020190603495,0.03989353799181017,0.05521545529352279,0.45205666799630917,0.6754228200573644,-0.0715344014427095,0.5576832571075627,0.1304975194783172,-0.2487307907215066,3.3050739298474574,0.9541128286375331,0.6435714285714286,0.9828571428571429,2.1157967595683655,0.009309505742100805,127,0.06443105052045439,0.01591439165222197,0.0029,0.0015,2011-12-31,0e6d3baabe3fe595,"Yahoo chart v8 adjclose 1mo/1d SPY,EFA,EEM,TLT,IEF,GLD,DBC,VNQ (descarga 2026-09-25); RF French CRSP 202607 sha256 b840dba55d319f48","{""activos"": [""SPY"", ""EFA"", ""EEM"", ""TLT"", ""IEF"", ""GLD"", ""DBC"", ""VNQ""], ""bruto_max"": 1.0, ""comision_por_lado"": 0.0029, ""cortes"": [""2011-12-31""], ""efectivo_en_mxn"": false, ""extras"": [""vol_DBC"", ""vol_EEM"", ""vol_EFA"", ""vol_GLD"", ""vol_IEF"", ""vol_SPY"", ""vol_TLT"", ""vol_VNQ""], ""fx"": false, ""max_dias_fx"": 10, ""min_historia"": 12, ""motor"": ""R02.backtest_cartera"", ""periodos_por_anio"": 12, ""peso_max"": 0.125, ""peso_min"": 0.0, ""rebalanceo_con_deriva"": true, ""segmentos"": [""dentro_muestra"", ""fuera_muestra""], ""senal"": ""cartera_ref_sma10_L12_obj0.0_tope1.0"", ""spread_por_lado"": 0.0015, ""usuario"": {""escenario_costos"": ""medio"", ""parte"": ""b"", ""tipo"": ""referencia"", ""ventana"": 10}, ""variante"": ""B_ref_1N_sma10""}",referencia; sensibilidad: spread medio 0.15% por lado
2026-09-25T05:27:44.858779Z,R02,0075c5ae69,B_ref_1N_vt10,0,completo,2007-02-28,2026-07-31,233,12,USD,1.1600891813815615,0.040455305215120196,0.054291393773263946,0.4903748376542437,0.7149007816155918,-0.11113022302573172,0.36403513026112566,0.14155902226174832,-0.5547399474684083,3.521709252176663,0.9804972979777655,0.6553756378026497,1.0,0.5177964994942567,0.0022783045977747282,233,0.06308435048820926,0.014823262699370066,0.0029,0.0015,2011-12-31,0e6d3baabe3fe595,"Yahoo chart v8 adjclose 1mo/1d SPY,EFA,EEM,TLT,IEF,GLD,DBC,VNQ (descarga 2026-09-25); RF French CRSP 202607 sha256 b840dba55d319f48","{""activos"": [""SPY"", ""EFA"", ""EEM"", ""TLT"", ""IEF"", ""GLD"", ""DBC"", ""VNQ""], ""bruto_max"": 1.0, ""comision_por_lado"": 0.0029, ""cortes"": [""2011-12-31""], ""efectivo_en_mxn"": false, ""extras"": [""vol_DBC"", ""vol_EEM"", ""vol_EFA"", ""vol_GLD"", ""vol_IEF"", ""vol_SPY"", ""vol_TLT"", ""vol_VNQ""], ""fx"": false, ""max_dias_fx"": 10, ""min_historia"": 12, ""motor"": ""R02.backtest_cartera"", ""periodos_por_anio"": 12, ""peso_max"": 0.125, ""peso_min"": 0.0, ""rebalanceo_con_deriva"": true, ""segmentos"": [""dentro_muestra"", ""fuera_muestra""], ""senal"": ""cartera_ref_vt_L12_obj0.1_tope1.0"", ""spread_por_lado"": 0.0015, ""usuario"": {""escenario_costos"": ""medio"", ""parte"": ""b"", ""sigma_obj"": 0.1, ""tipo"": ""referencia"", ""tope_por_activo"": 1.0}, ""variante"": ""B_ref_1N_vt10""}",referencia; sensibilidad: spread medio 0.15% por lado
2026-09-25T05:27:44.858779Z,R02,0075c5ae69,B_ref_1N_vt10,0,dentro_muestra,2007-02-28,2011-12-31,58,12,USD,0.2396539172783927,0.0454079310633575,0.04818544955579998,0.707743882903101,1.1037163769241103,-0.08238442837374582,0.5511712827254143,0.20430806065570817,-0.6021759796939707,3.969285897602836,0.9244812903363515,0.5216279943714481,1.0,0.5588519269334199,0.0024589484785070477,58,0.05903549563161037,0.011541522760558198,0.0029,0.0015,2011-12-31,0e6d3baabe3fe595,"Yahoo chart v8 adjclose 1mo/1d SPY,EFA,EEM,TLT,IEF,GLD,DBC,VNQ (descarga 2026-09-25); RF French CRSP 202607 sha256 b840dba55d319f48","{""activos"": [""SPY"", ""EFA"", ""EEM"", ""TLT"", ""IEF"", ""GLD"", ""DBC"", ""VNQ""], ""bruto_max"": 1.0, ""comision_por_lado"": 0.0029, ""cortes"": [""2011-12-31""], ""efectivo_en_mxn"": false, ""extras"": [""vol_DBC"", ""vol_EEM"", ""vol_EFA"", ""vol_GLD"", ""vol_IEF"", ""vol_SPY"", ""vol_TLT"", ""vol_VNQ""], ""fx"": false, ""max_dias_fx"": 10, ""min_historia"": 12, ""motor"": ""R02.backtest_cartera"", ""periodos_por_anio"": 12, ""peso_max"": 0.125, ""peso_min"": 0.0, ""rebalanceo_con_deriva"": true, ""segmentos"": [""dentro_muestra"", ""fuera_muestra""], ""senal"": ""cartera_ref_vt_L12_obj0.1_tope1.0"", ""spread_por_lado"": 0.0015, ""usuario"": {""escenario_costos"": ""medio"", ""parte"": ""b"", ""sigma_obj"": 0.1, ""tipo"": ""referencia"", ""tope_por_activo"": 1.0}, ""variante"": ""B_ref_1N_vt10""}",referencia; sensibilidad: spread medio 0.15% por lado
2026-09-25T05:27:44.858779Z,R02,0075c5ae69,B_ref_1N_vt10,0,fuera_muestra,2011-12-31,2026-07-31,175,12,USD,0.7424937325442789,0.03881736800226432,0.05629148955932692,0.4282192651210875,0.6159331152619785,-0.11113022302573161,0.3492962305427603,0.12361625399492181,-0.5312367021831874,3.3744319276349612,0.9421278813441631,0.6997034281969908,1.0,0.5041755944463777,0.002218372615564063,175,0.06443105052045439,0.01591439165222197,0.0029,0.0015,2011-12-31,0e6d3baabe3fe595,"Yahoo chart v8 adjclose 1mo/1d SPY,EFA,EEM,TLT,IEF,GLD,DBC,VNQ (descarga 2026-09-25); RF French CRSP 202607 sha256 b840dba55d319f48","{""activos"": [""SPY"", ""EFA"", ""EEM"", ""TLT"", ""IEF"", ""GLD"", ""DBC"", ""VNQ""], ""bruto_max"": 1.0, ""comision_por_lado"": 0.0029, ""cortes"": [""2011-12-31""], ""efectivo_en_mxn"": false, ""extras"": [""vol_DBC"", ""vol_EEM"", ""vol_EFA"", ""vol_GLD"", ""vol_IEF"", ""vol_SPY"", ""vol_TLT"", ""vol_VNQ""], ""fx"": false, ""max_dias_fx"": 10, ""min_historia"": 12, ""motor"": ""R02.backtest_cartera"", ""periodos_por_anio"": 12, ""peso_max"": 0.125, ""peso_min"": 0.0, ""rebalanceo_con_deriva"": true, ""segmentos"": [""dentro_muestra"", ""fuera_muestra""], ""senal"": ""cartera_ref_vt_L12_obj0.1_tope1.0"", ""spread_por_lado"": 0.0015, ""usuario"": {""escenario_costos"": ""medio"", ""parte"": ""b"", ""sigma_obj"": 0.1, ""tipo"": ""referencia"", ""tope_por_activo"": 1.0}, ""variante"": ""B_ref_1N_vt10""}",referencia; sensibilidad: spread medio 0.15% por lado
2026-09-25T05:27:44.886375Z,R02,408b357a2f,B_ref_largo_vt40,0,completo,2007-02-28,2026-07-31,233,12,USD,5.356941699972595,0.09992433497360231,0.2243519138168593,0.4747576597439286,0.6888290308096852,-0.4418676334917486,0.22614087885092468,0.13705073132649698,-0.5636844666433324,3.43545582891458,0.9772854843621219,2.9677380113888607,1.0,3.36925303114718,0.014824713337047584,233,0.06308435048820926,0.014823262699370066,0.0029,0.0015,2011-12-31,0e6d3baabe3fe595,"Yahoo chart v8 adjclose 1mo/1d SPY,EFA,EEM,TLT,IEF,GLD,DBC,VNQ (descarga 2026-09-25); RF French CRSP 202607 sha256 b840dba55d319f48","{""activos"": [""SPY"", ""EFA"", ""EEM"", ""TLT"", ""IEF"", ""GLD"", ""DBC"", ""VNQ""], ""bruto_max"": 10.0, ""comision_por_lado"": 0.0029, ""cortes"": [""2011-12-31""], ""efectivo_en_mxn"": false, ""extras"": [""vol_DBC"", ""vol_EEM"", ""vol_EFA"", ""vol_GLD"", ""vol_IEF"", ""vol_SPY"", ""vol_TLT"", ""vol_VNQ""], ""fx"": false, ""max_dias_fx"": 10, ""min_historia"": 12, ""motor"": ""R02.backtest_cartera"", ""periodos_por_anio"": 12, ""peso_max"": 1.25, ""peso_min"": 0.0, ""rebalanceo_con_deriva"": true, ""segmentos"": [""dentro_muestra"", ""fuera_muestra""], ""senal"": ""cartera_ref_largo_vt_L12_obj0.4_tope10.0"", ""spread_por_lado"": 0.0015, ""usuario"": {""escenario_costos"": ""medio"", ""parte"": ""b"", ""sigma_obj"": 0.4, ""tipo"": ""referencia"", ""tope_por_activo"": 10.0}, ""variante"": ""B_ref_largo_vt40""}",referencia; sensibilidad: spread medio 0.15% por lado
2026-09-25T05:27:44.886375Z,R02,408b357a2f,B_ref_largo_vt40,0,dentro_muestra,2007-02-28,2011-12-31,58,12,USD,0.9152638238554354,0.1437692743593637,0.19472498675544214,0.7312353362758358,1.1411850738985403,-0.31716772297952656,0.4532910001332139,0.21108945911991017,-0.6158073433742776,3.9152285641313944,0.9303141295653821,2.2771851552042155,1.0,3.221888163394473,0.01417630791893568,58,0.05903549563161037,0.011541522760558198,0.0029,0.0015,2011-12-31,0e6d3baabe3fe595,"Yahoo chart v8 adjclose 1mo/1d SPY,EFA,EEM,TLT,IEF,GLD,DBC,VNQ (descarga 2026-09-25); RF French CRSP 202607 sha256 b840dba55d319f48","{""activos"": [""SPY"", ""EFA"", ""EEM"", ""TLT"", ""IEF"", ""GLD"", ""DBC"", ""VNQ""], ""bruto_max"": 10.0, ""comision_por_lado"": 0.0029, ""cortes"": [""2011-12-31""], ""efectivo_en_mxn"": false, ""extras"": [""vol_DBC"", ""vol_EEM"", ""vol_EFA"", ""vol_GLD"", ""vol_IEF"", ""vol_SPY"", ""vol_TLT"", ""vol_VNQ""], ""fx"": false, ""max_dias_fx"": 10, ""min_historia"": 12, ""motor"": ""R02.backtest_cartera"", ""periodos_por_anio"": 12, ""peso_max"": 1.25, ""peso_min"": 0.0, ""rebalanceo_con_deriva"": true, ""segmentos"": [""dentro_muestra"", ""fuera_muestra""], ""senal"": ""cartera_ref_largo_vt_L12_obj0.4_tope10.0"", ""spread_por_lado"": 0.0015, ""usuario"": {""escenario_costos"": ""medio"", ""parte"": ""b"", ""sigma_obj"": 0.4, ""tipo"": ""referencia"", ""tope_por_activo"": 10.0}, ""variante"": ""B_ref_largo_vt40""}",referencia; sensibilidad: spread medio 0.15% por lado
2026-09-25T05:27:44.886375Z,R02,408b357a2f,B_ref_largo_vt40,0,fuera_muestra,2011-12-31,2026-07-31,175,12,USD,2.3190945397673954,0.08575248777272915,0.23377385671100473,0.4045405241343607,0.5789506583353996,-0.4418676334917485,0.19406827129448598,0.11678079025354274,-0.5352579536378594,3.2681727352306846,0.9317610714847013,3.196606958010057,1.0,3.418144079085411,0.01503983394797581,175,0.06443105052045439,0.01591439165222197,0.0029,0.0015,2011-12-31,0e6d3baabe3fe595,"Yahoo chart v8 adjclose 1mo/1d SPY,EFA,EEM,TLT,IEF,GLD,DBC,VNQ (descarga 2026-09-25); RF French CRSP 202607 sha256 b840dba55d319f48","{""activos"": [""SPY"", ""EFA"", ""EEM"", ""TLT"", ""IEF"", ""GLD"", ""DBC"", ""VNQ""], ""bruto_max"": 10.0, ""comision_por_lado"": 0.0029, ""cortes"": [""2011-12-31""], ""efectivo_en_mxn"": false, ""extras"": [""vol_DBC"", ""vol_EEM"", ""vol_EFA"", ""vol_GLD"", ""vol_IEF"", ""vol_SPY"", ""vol_TLT"", ""vol_VNQ""], ""fx"": false, ""max_dias_fx"": 10, ""min_historia"": 12, ""motor"": ""R02.backtest_cartera"", ""periodos_por_anio"": 12, ""peso_max"": 1.25, ""peso_min"": 0.0, ""rebalanceo_con_deriva"": true, ""segmentos"": [""dentro_muestra"", ""fuera_muestra""], ""senal"": ""cartera_ref_largo_vt_L12_obj0.4_tope10.0"", ""spread_por_lado"": 0.0015, ""usuario"": {""escenario_costos"": ""medio"", ""parte"": ""b"", ""sigma_obj"": 0.4, ""tipo"": ""referencia"", ""tope_por_activo"": 10.0}, ""variante"": ""B_ref_largo_vt40""}",referencia; sensibilidad: spread medio 0.15% por lado
2026-09-25T05:27:44.912705Z,R02,194b30b6c0,A_ls_vt40_L3,0,completo,1927-06-30,2026-07-31,1189,12,USD,0.9934563590717569,0.006986660400439826,0.4885073160076573,0.21920401012579202,0.312470914634882,-0.9949254526819462,0.00702229537057918,0.06327874712678574,-0.41525407549544296,4.937235889987254,0.9841759509436235,1.2256935588435192,1.0,22.64463519961807,0.0,1189,0.10260130985470983,0.03287249298954742,0.0,0.0,2011-12-31,e85ac74d630dff95,French F-F_Research_Data_Factors CRSP 202607 sha256 b840dba55d319f48; daily CRSP 202607 sha256 1916d331c2c51d2a,"{""comision_por_lado"": 0.0, ""cortes"": [""2011-12-31""], ""efectivo_en_mxn"": false, ""exposicion_inicial"": 0.0, ""exposicion_max"": 10.0, ""exposicion_min"": -10.0, ""extras"": [""vol""], ""fx"": false, ""max_dias_fx"": 10, ""min_historia"": 12, ""periodos_por_anio"": 12, ""permitir_capturas"": false, ""rebalanceo_con_deriva"": true, ""segmentos"": [""dentro_muestra"", ""fuera_muestra""], ""senal"": ""a_ls_vt40_L3"", ""spread_por_lado"": 0.0, ""usuario"": {""L"": 3, ""escenario_costos"": ""bruto"", ""parte"": ""a"", ""sigma_obj"": 0.4, ""tipo"": ""largo/corto"", ""tope"": 10.0}, ""variante"": ""A_ls_vt40_L3""}",sensibilidad: bruto (sin comision ni spread)
2026-09-25T05:27:44.912705Z,R02,194b30b6c0,A_ls_vt40_L3,0,dentro_muestra,1927-06-30,2011-12-31,1014,12,USD,-0.351085411174881,-0.005104500431099002,0.5054869762838599,0.20281139638880788,0.2886550841639376,-0.9949254526819462,-0.005130535576649668,0.058546607149901064,-0.41563298546457955,4.872949061039137,0.9669805692891128,1.125632391304433,1.0,23.928910781124898,0.0,1014,0.09471675589938688,0.03582725431534661,0.0,0.0,2011-12-31,e85ac74d630dff95,French F-F_Research_Data_Factors CRSP 202607 sha256 b840dba55d319f48; daily CRSP 202607 sha256 1916d331c2c51d2a,"{""comision_por_lado"": 0.0, ""cortes"": [""2011-12-31""], ""efectivo_en_mxn"": false, ""exposicion_inicial"": 0.0, ""exposicion_max"": 10.0, ""exposicion_min"": -10.0, ""extras"": [""vol""], ""fx"": false, ""max_dias_fx"": 10, ""min_historia"": 12, ""periodos_por_anio"": 12, ""permitir_capturas"": false, ""rebalanceo_con_deriva"": true, ""segmentos"": [""dentro_muestra"", ""fuera_muestra""], ""senal"": ""a_ls_vt40_L3"", ""spread_por_lado"": 0.0, ""usuario"": {""L"": 3, ""escenario_costos"": ""bruto"", ""parte"": ""a"", ""sigma_obj"": 0.4, ""tipo"": ""largo/corto"", ""tope"": 10.0}, ""variante"": ""A_ls_vt40_L3""}",sensibilidad: bruto (sin comision ni spread)
2026-09-25T05:27:44.912705Z,R02,194b30b6c0,A_ls_vt40_L3,0,fuera_muestra,2011-12-31,2026-07-31,175,12,USD,2.071985733409034,0.08000697529773682,0.3764866454228669,0.35477846966471055,0.5157342567502268,-0.646063692067,0.12383759725262458,0.10241572248180206,-0.28874214613116017,3.3263386866587266,0.9078261156571266,1.8054765524699965,1.0,15.202058064205337,0.0,175,0.1494246054539059,0.01591439165222197,0.0,0.0,2011-12-31,e85ac74d630dff95,French F-F_Research_Data_Factors CRSP 202607 sha256 b840dba55d319f48; daily CRSP 202607 sha256 1916d331c2c51d2a,"{""comision_por_lado"": 0.0, ""cortes"": [""2011-12-31""], ""efectivo_en_mxn"": false, ""exposicion_inicial"": 0.0, ""exposicion_max"": 10.0, ""exposicion_min"": -10.0, ""extras"": [""vol""], ""fx"": false, ""max_dias_fx"": 10, ""min_historia"": 12, ""periodos_por_anio"": 12, ""permitir_capturas"": false, ""rebalanceo_con_deriva"": true, ""segmentos"": [""dentro_muestra"", ""fuera_muestra""], ""senal"": ""a_ls_vt40_L3"", ""spread_por_lado"": 0.0, ""usuario"": {""L"": 3, ""escenario_costos"": ""bruto"", ""parte"": ""a"", ""sigma_obj"": 0.4, ""tipo"": ""largo/corto"", ""tope"": 10.0}, ""variante"": ""A_ls_vt40_L3""}",sensibilidad: bruto (sin comision ni spread)
2026-09-25T05:27:44.939508Z,R02,7f11fe00b9,A_ls_vt40_L6,0,completo,1927-06-30,2026-07-31,1189,12,USD,211.8995872221848,0.055593266177679235,0.48754929779558387,0.31808418077816086,0.4527171697422919,-0.994718751650338,0.055888426839691564,0.09182299369861639,-0.5569757323742706,5.053060213961793,0.9989456331432862,1.5891999258395482,1.0,16.116345974461524,0.0,1189,0.10260130985470983,0.03287249298954742,0.0,0.0,2011-12-31,e85ac74d630dff95,French F-F_Research_Data_Factors CRSP 202607 sha256 b840dba55d319f48; daily CRSP 202607 sha256 1916d331c2c51d2a,"{""comision_por_lado"": 0.0, ""cortes"": [""2011-12-31""], ""efectivo_en_mxn"": false, ""exposicion_inicial"": 0.0, ""exposicion_max"": 10.0, ""exposicion_min"": -10.0, ""extras"": [""vol""], ""fx"": false, ""max_dias_fx"": 10, ""min_historia"": 12, ""periodos_por_anio"": 12, ""permitir_capturas"": false, ""rebalanceo_con_deriva"": true, ""segmentos"": [""dentro_muestra"", ""fuera_muestra""], ""senal"": ""a_ls_vt40_L6"", ""spread_por_lado"": 0.0, ""usuario"": {""L"": 6, ""escenario_costos"": ""bruto"", ""parte"": ""a"", ""sigma_obj"": 0.4, ""tipo"": ""largo/corto"", ""tope"": 10.0}, ""variante"": ""A_ls_vt40_L6""}",sensibilidad: bruto (sin comision ni spread)
2026-09-25T05:27:44.939508Z,R02,7f11fe00b9,A_ls_vt40_L6,0,dentro_muestra,1927-06-30,2011-12-31,1014,12,USD,89.04933860053714,0.05469992871329077,0.50434065780063,0.32049521710287476,0.45737701981333895,-0.994718751650338,0.05499034638940717,0.09251899993416615,-0.5552397953941332,4.999497553932449,0.9978831690834484,1.4991892446637056,1.0,17.05497215914309,0.0,1014,0.09471675589938688,0.03582725431534661,0.0,0.0,2011-12-31,e85ac74d630dff95,French F-F_Research_Data_Factors CRSP 202607 sha256 b840dba55d319f48; daily CRSP 202607 sha256 1916d331c2c51d2a,"{""comision_por_lado"": 0.0, ""cortes"": [""2011-12-31""], ""efectivo_en_mxn"": false, ""exposicion_inicial"": 0.0, ""exposicion_max"": 10.0, ""exposicion_min"": -10.0, ""extras"": [""vol""], ""fx"": false, ""max_dias_fx"": 10, ""min_historia"": 12, ""periodos_por_anio"": 12, ""permitir_capturas"": false, ""rebalanceo_con_deriva"": true, ""segmentos"": [""dentro_muestra"", ""fuera_muestra""], ""senal"": ""a_ls_vt40_L6"", ""spread_por_lado"": 0.0, ""usuario"": {""L"": 6, ""escenario_costos"": ""bruto"", ""parte"": ""a"", ""sigma_obj"": 0.4, ""tipo"": ""largo/corto"", ""tope"": 10.0}, ""variante"": ""A_ls_vt40_L6""}",sensibilidad: bruto (sin comision ni spread)
2026-09-25T05:27:44.939508Z,R02,7f11fe00b9,A_ls_vt40_L6,0,fuera_muestra,2011-12-31,2026-07-31,175,12,USD,1.3642548688404785,0.060785214487324435,0.3765815718468794,0.310736433808575,0.43154815106599226,-0.868749340620776,0.06996864532166387,0.08970188185320256,-0.5586279903108651,3.4076282485460196,0.8753433359812318,2.1107475299098595,1.0,10.676860959404,0.0,175,0.1494246054539059,0.01591439165222197,0.0,0.0,2011-12-31,e85ac74d630dff95,French F-F_Research_Data_Factors CRSP 202607 sha256 b840dba55d319f48; daily CRSP 202607 sha256 1916d331c2c51d2a,"{""comision_por_lado"": 0.0, ""cortes"": [""2011-12-31""], ""efectivo_en_mxn"": false, ""exposicion_inicial"": 0.0, ""exposicion_max"": 10.0, ""exposicion_min"": -10.0, ""extras"": [""vol""], ""fx"": false, ""max_dias_fx"": 10, ""min_historia"": 12, ""periodos_por_anio"": 12, ""permitir_capturas"": false, ""rebalanceo_con_deriva"": true, ""segmentos"": [""dentro_muestra"", ""fuera_muestra""], ""senal"": ""a_ls_vt40_L6"", ""spread_por_lado"": 0.0, ""usuario"": {""L"": 6, ""escenario_costos"": ""bruto"", ""parte"": ""a"", ""sigma_obj"": 0.4, ""tipo"": ""largo/corto"", ""tope"": 10.0}, ""variante"": ""A_ls_vt40_L6""}",sensibilidad: bruto (sin comision ni spread)
2026-09-25T05:27:44.965691Z,R02,fc8f3f4a20,A_ls_vt40_L12,0,completo,1927-06-30,2026-07-31,1189,12,USD,32029.411246320626,0.11037949987170692,0.4859768428811438,0.41964385832795437,0.6163150120093186,-0.9792323104353945,0.11272044304035378,0.12114074728470882,-0.4961440045892652,5.1121813755433045,0.9999717247985185,1.788005425107295,1.0,11.405537161719648,0.0,1189,0.10260130985470983,0.03287249298954742,0.0,0.0,2011-12-31,e85ac74d630dff95,French F-F_Research_Data_Factors CRSP 202607 sha256 b840dba55d319f48; daily CRSP 202607 sha256 1916d331c2c51d2a,"{""comision_por_lado"": 0.0, ""cortes"": [""2011-12-31""], ""efectivo_en_mxn"": false, ""exposicion_inicial"": 0.0, ""exposicion_max"": 10.0, ""exposicion_min"": -10.0, ""extras"": [""vol""], ""fx"": false, ""max_dias_fx"": 10, ""min_historia"": 12, ""periodos_por_anio"": 12, ""permitir_capturas"": false, ""rebalanceo_con_deriva"": true, ""segmentos"": [""dentro_muestra"", ""fuera_muestra""], ""senal"": ""a_ls_vt40_L12"", ""spread_por_lado"": 0.0, ""usuario"": {""L"": 12, ""escenario_costos"": ""bruto"", ""parte"": ""a"", ""sigma_obj"": 0.4, ""tipo"": ""largo/corto"", ""tope"": 10.0}, ""variante"": ""A_ls_vt40_L12""}",sensibilidad: bruto (sin comision ni spread)
2026-09-25T05:27:44.965691Z,R02,fc8f3f4a20,A_ls_vt40_L12,0,dentro_muestra,1927-06-30,2011-12-31,1014,12,USD,5998.601186477842,0.10843317514682238,0.5027357095471003,0.41673856329616243,0.6121478952125035,-0.9792323104353945,0.11073284040087475,0.12030206085036864,-0.5026117941940519,5.057283220804997,0.9998890579858553,1.713516903966823,1.0,11.894230573149027,0.0,1014,0.09471675589938688,0.03582725431534661,0.0,0.0,2011-12-31,e85ac74d630dff95,French F-F_Research_Data_Factors CRSP 202607 sha256 b840dba55d319f48; daily CRSP 202607 sha256 1916d331c2c51d2a,"{""comision_por_lado"": 0.0, ""cortes"": [""2011-12-31""], ""efectivo_en_mxn"": false, ""exposicion_inicial"": 0.0, ""exposicion_max"": 10.0, ""exposicion_min"": -10.0, ""extras"": [""vol""], ""fx"": false, ""max_dias_fx"": 10, ""min_historia"": 12, ""periodos_por_anio"": 12, ""permitir_capturas"": false, ""rebalanceo_con_deriva"": true, ""segmentos"": [""dentro_muestra"", ""fuera_muestra""], ""senal"": ""a_ls_vt40_L12"", ""spread_por_lado"": 0.0, ""usuario"": {""L"": 12, ""escenario_costos"": ""bruto"", ""parte"": ""a"", ""sigma_obj"": 0.4, ""tipo"": ""largo/corto"", ""tope"": 10.0}, ""variante"": ""A_ls_vt40_L12""}",sensibilidad: bruto (sin comision ni spread)
2026-09-25T05:27:44.965691Z,R02,fc8f3f4a20,A_ls_vt40_L12,0,fuera_muestra,2011-12-31,2026-07-31,175,12,USD,4.338756735783055,0.12172623493270218,0.37527110999906194,0.45732830604746216,0.6724232042862951,-0.7816140904321779,0.15573700170297095,0.13201931030226893,-0.3817783615644066,3.41316749165174,0.9545547419980315,2.219613199029801,1.0,8.573482684857508,0.0,175,0.1494246054539059,0.01591439165222197,0.0,0.0,2011-12-31,e85ac74d630dff95,French F-F_Research_Data_Factors CRSP 202607 sha256 b840dba55d319f48; daily CRSP 202607 sha256 1916d331c2c51d2a,"{""comision_por_lado"": 0.0, ""cortes"": [""2011-12-31""], ""efectivo_en_mxn"": false, ""exposicion_inicial"": 0.0, ""exposicion_max"": 10.0, ""exposicion_min"": -10.0, ""extras"": [""vol""], ""fx"": false, ""max_dias_fx"": 10, ""min_historia"": 12, ""periodos_por_anio"": 12, ""permitir_capturas"": false, ""rebalanceo_con_deriva"": true, ""segmentos"": [""dentro_muestra"", ""fuera_muestra""], ""senal"": ""a_ls_vt40_L12"", ""spread_por_lado"": 0.0, ""usuario"": {""L"": 12, ""escenario_costos"": ""bruto"", ""parte"": ""a"", ""sigma_obj"": 0.4, ""tipo"": ""largo/corto"", ""tope"": 10.0}, ""variante"": ""A_ls_vt40_L12""}",sensibilidad: bruto (sin comision ni spread)
2026-09-25T05:27:44.991383Z,R02,cc9fd1d26f,A_lo_L3,0,completo,1927-06-30,2026-07-31,1189,12,USD,2681.428411757748,0.08293326381250021,0.12835447935026378,0.43412356576710676,0.6475340836045325,-0.5876001529155208,0.14113894184847756,0.12532067877859965,-0.23405655708036555,20.08808405980892,0.9999802574834284,0.6383515559293524,0.6383515559293524,2.735010085380343,0.0,271,0.10260130985470983,0.03287249298954742,0.0,0.0,2011-12-31,e85ac74d630dff95,French F-F_Research_Data_Factors CRSP 202607 sha256 b840dba55d319f48; daily CRSP 202607 sha256 1916d331c2c51d2a,"{""comision_por_lado"": 0.0, ""cortes"": [""2011-12-31""], ""efectivo_en_mxn"": false, ""exposicion_inicial"": 0.0, ""exposicion_max"": 1.0, ""exposicion_min"": 0.0, ""extras"": [""vol""], ""fx"": false, ""max_dias_fx"": 10, ""min_historia"": 12, ""periodos_por_anio"": 12, ""permitir_capturas"": false, ""rebalanceo_con_deriva"": true, ""segmentos"": [""dentro_muestra"", ""fuera_muestra""], ""senal"": ""a_lo_L3"", ""spread_por_lado"": 0.0, ""usuario"": {""L"": 3, ""escenario_costos"": ""bruto"", ""parte"": ""a"", ""tipo"": ""solo largos""}, ""variante"": ""A_lo_L3""}",sensibilidad: bruto (sin comision ni spread)
2026-09-25T05:27:44.991383Z,R02,cc9fd1d26f,A_lo_L3,0,dentro_muestra,1927-06-30,2011-12-31,1014,12,USD,675.1418336684064,0.08016494703724963,0.13229942524638688,0.3842356452589663,0.5679310478737944,-0.5876001529155208,0.1364277164318147,0.11091927661125688,-0.22962362127160474,20.59437590606099,0.9996480380354575,0.6153846153846154,0.6153846153846154,2.828276364814515,0.0,239,0.09471675589938688,0.03582725431534661,0.0,0.0,2011-12-31,e85ac74d630dff95,French F-F_Research_Data_Factors CRSP 202607 sha256 b840dba55d319f48; daily CRSP 202607 sha256 1916d331c2c51d2a,"{""comision_por_lado"": 0.0, ""cortes"": [""2011-12-31""], ""efectivo_en_mxn"": false, ""exposicion_inicial"": 0.0, ""exposicion_max"": 1.0, ""exposicion_min"": 0.0, ""extras"": [""vol""], ""fx"": false, ""max_dias_fx"": 10, ""min_historia"": 12, ""periodos_por_anio"": 12, ""permitir_capturas"": false, ""rebalanceo_con_deriva"": true, ""segmentos"": [""dentro_muestra"", ""fuera_muestra""], ""senal"": ""a_lo_L3"", ""spread_por_lado"": 0.0, ""usuario"": {""L"": 3, ""escenario_costos"": ""bruto"", ""parte"": ""a"", ""tipo"": ""solo largos""}, ""variante"": ""A_lo_L3""}",sensibilidad: bruto (sin comision ni spread)
2026-09-25T05:27:44.991383Z,R02,cc9fd1d26f,A_lo_L3,0,fuera_muestra,2011-12-31,2026-07-31,175,12,USD,2.9672569839440945,0.09911635802465968,0.10280767631533942,0.8191202047974112,1.3455098097971747,-0.16697322269312875,0.5936063066041457,0.2364596353692234,-0.10462678962858621,4.580217840714433,0.9986879170864318,0.7714285714285715,0.7714285714285715,2.1945174615095757,0.0,32,0.1494246054539059,0.01591439165222197,0.0,0.0,2011-12-31,e85ac74d630dff95,French F-F_Research_Data_Factors CRSP 202607 sha256 b840dba55d319f48; daily CRSP 202607 sha256 1916d331c2c51d2a,"{""comision_por_lado"": 0.0, ""cortes"": [""2011-12-31""], ""efectivo_en_mxn"": false, ""exposicion_inicial"": 0.0, ""exposicion_max"": 1.0, ""exposicion_min"": 0.0, ""extras"": [""vol""], ""fx"": false, ""max_dias_fx"": 10, ""min_historia"": 12, ""periodos_por_anio"": 12, ""permitir_capturas"": false, ""rebalanceo_con_deriva"": true, ""segmentos"": [""dentro_muestra"", ""fuera_muestra""], ""senal"": ""a_lo_L3"", ""spread_por_lado"": 0.0, ""usuario"": {""L"": 3, ""escenario_costos"": ""bruto"", ""parte"": ""a"", ""tipo"": ""solo largos""}, ""variante"": ""A_lo_L3""}",sensibilidad: bruto (sin comision ni spread)
2026-09-25T05:27:45.020576Z,R02,fbf8d791fe,A_lo_L6,0,completo,1927-06-30,2026-07-31,1189,12,USD,3392.412484810343,0.0855059352881351,0.12323908360737522,0.4669829329461315,0.6699015785501111,-0.5510161221876528,0.15517864513411714,0.134806361021705,-0.8892952278697659,9.577268848716871,0.99999206426381,0.68040370058873,0.68040370058873,1.7257812715868586,0.0,171,0.10260130985470983,0.03287249298954742,0.0,0.0,2011-12-31,e85ac74d630dff95,French F-F_Research_Data_Factors CRSP 202607 sha256 b840dba55d319f48; daily CRSP 202607 sha256 1916d331c2c51d2a,"{""comision_por_lado"": 0.0, ""cortes"": [""2011-12-31""], ""efectivo_en_mxn"": false, ""exposicion_inicial"": 0.0, ""exposicion_max"": 1.0, ""exposicion_min"": 0.0, ""extras"": [""vol""], ""fx"": false, ""max_dias_fx"": 10, ""min_historia"": 12, ""periodos_por_anio"": 12, ""permitir_capturas"": false, ""rebalanceo_con_deriva"": true, ""segmentos"": [""dentro_muestra"", ""fuera_muestra""], ""senal"": ""a_lo_L6"", ""spread_por_lado"": 0.0, ""usuario"": {""L"": 6, ""escenario_costos"": ""bruto"", ""parte"": ""a"", ""tipo"": ""solo largos""}, ""variante"": ""A_lo_L6""}",sensibilidad: bruto (sin comision ni spread)
2026-09-25T05:27:45.020576Z,R02,fbf8d791fe,A_lo_L6,0,dentro_muestra,1927-06-30,2011-12-31,1014,12,USD,992.6782400765977,0.08509755296385202,0.12442200346753009,0.4378512832275466,0.625838466454823,-0.5510161221876528,0.15443750107709442,0.12639677811822356,-0.9154873098496815,10.0866577477437,0.9999109164636977,0.6577909270216963,0.6577909270216963,1.7750688482099466,0.0,150,0.09471675589938688,0.03582725431534661,0.0,0.0,2011-12-31,e85ac74d630dff95,French F-F_Research_Data_Factors CRSP 202607 sha256 b840dba55d319f48; daily CRSP 202607 sha256 1916d331c2c51d2a,"{""comision_por_lado"": 0.0, ""cortes"": [""2011-12-31""], ""efectivo_en_mxn"": false, ""exposicion_inicial"": 0.0, ""exposicion_max"": 1.0, ""exposicion_min"": 0.0, ""extras"": [""vol""], ""fx"": false, ""max_dias_fx"": 10, ""min_historia"": 12, ""periodos_por_anio"": 12, ""permitir_capturas"": false, ""rebalanceo_con_deriva"": true, ""segmentos"": [""dentro_muestra"", ""fuera_muestra""], ""senal"": ""a_lo_L6"", ""spread_por_lado"": 0.0, ""usuario"": {""L"": 6, ""escenario_costos"": ""bruto"", ""parte"": ""a"", ""tipo"": ""solo largos""}, ""variante"": ""A_lo_L6""}",sensibilidad: bruto (sin comision ni spread)
2026-09-25T05:27:45.020576Z,R02,fbf8d791fe,A_lo_L6,0,fuera_muestra,2011-12-31,2026-07-31,175,12,USD,2.4150013031871955,0.08787560253444893,0.1164878414171606,0.6473845109835549,0.9536480249754599,-0.2932252341267081,0.29968635815455175,0.18688381084277483,-0.6810101732529399,5.479624559630712,0.988772390992322,0.8114285714285714,0.8114285714285714,1.440152084115659,0.0,21,0.1494246054539059,0.01591439165222197,0.0,0.0,2011-12-31,e85ac74d630dff95,French F-F_Research_Data_Factors CRSP 202607 sha256 b840dba55d319f48; daily CRSP 202607 sha256 1916d331c2c51d2a,"{""comision_por_lado"": 0.0, ""cortes"": [""2011-12-31""], ""efectivo_en_mxn"": false, ""exposicion_inicial"": 0.0, ""exposicion_max"": 1.0, ""exposicion_min"": 0.0, ""extras"": [""vol""], ""fx"": false, ""max_dias_fx"": 10, ""min_historia"": 12, ""periodos_por_anio"": 12, ""permitir_capturas"": false, ""rebalanceo_con_deriva"": true, ""segmentos"": [""dentro_muestra"", ""fuera_muestra""], ""senal"": ""a_lo_L6"", ""spread_por_lado"": 0.0, ""usuario"": {""L"": 6, ""escenario_costos"": ""bruto"", ""parte"": ""a"", ""tipo"": ""solo largos""}, ""variante"": ""A_lo_L6""}",sensibilidad: bruto (sin comision ni spread)
2026-09-25T05:27:45.044758Z,R02,c4e7ad29b6,A_lo_L12,0,completo,1927-06-30,2026-07-31,1189,12,USD,11893.291653031543,0.09933357293246448,0.12601162340550853,0.5594277813036803,0.84466594630103,-0.44225010953451926,0.22460949311468995,0.16149289006391745,-0.5807395973656498,8.7165394191573,0.9999999024333404,0.7064760302775441,0.7064760302775441,0.8780290680003315,0.0,87,0.10260130985470983,0.03287249298954742,0.0,0.0,2011-12-31,e85ac74d630dff95,French F-F_Research_Data_Factors CRSP 202607 sha256 b840dba55d319f48; daily CRSP 202607 sha256 1916d331c2c51d2a,"{""comision_por_lado"": 0.0, ""cortes"": [""2011-12-31""], ""efectivo_en_mxn"": false, ""exposicion_inicial"": 0.0, ""exposicion_max"": 1.0, ""exposicion_min"": 0.0, ""extras"": [""vol""], ""fx"": false, ""max_dias_fx"": 10, ""min_historia"": 12, ""periodos_por_anio"": 12, ""permitir_capturas"": false, ""rebalanceo_con_deriva"": true, ""segmentos"": [""dentro_muestra"", ""fuera_muestra""], ""senal"": ""a_lo_L12"", ""spread_por_lado"": 0.0, ""usuario"": {""L"": 12, ""escenario_costos"": ""bruto"", ""parte"": ""a"", ""tipo"": ""solo largos""}, ""variante"": ""A_lo_L12""}",sensibilidad: bruto (sin comision ni spread)
2026-09-25T05:27:45.044758Z,R02,c4e7ad29b6,A_lo_L12,0,dentro_muestra,1927-06-30,2011-12-31,1014,12,USD,2812.4024576181373,0.09854409389614349,0.12627599505537143,0.530063380148197,0.7982878626366657,-0.44225010953451926,0.2228243515866258,0.15301611760806225,-0.5938964812835468,9.348330442897977,0.9999974644420584,0.6824457593688363,0.6824457593688363,0.863866839462174,0.0,73,0.09471675589938688,0.03582725431534661,0.0,0.0,2011-12-31,e85ac74d630dff95,French F-F_Research_Data_Factors CRSP 202607 sha256 b840dba55d319f48; daily CRSP 202607 sha256 1916d331c2c51d2a,"{""comision_por_lado"": 0.0, ""cortes"": [""2011-12-31""], ""efectivo_en_mxn"": false, ""exposicion_inicial"": 0.0, ""exposicion_max"": 1.0, ""exposicion_min"": 0.0, ""extras"": [""vol""], ""fx"": false, ""max_dias_fx"": 10, ""min_historia"": 12, ""periodos_por_anio"": 12, ""permitir_capturas"": false, ""rebalanceo_con_deriva"": true, ""segmentos"": [""dentro_muestra"", ""fuera_muestra""], ""senal"": ""a_lo_L12"", ""spread_por_lado"": 0.0, ""usuario"": {""L"": 12, ""escenario_costos"": ""bruto"", ""parte"": ""a"", ""tipo"": ""solo largos""}, ""variante"": ""A_lo_L12""}",sensibilidad: bruto (sin comision ni spread)
2026-09-25T05:27:45.044758Z,R02,c4e7ad29b6,A_lo_L12,0,fuera_muestra,2011-12-31,2026-07-31,175,12,USD,3.2277249103924532,0.10391991098037501,0.1248212768587561,0.7313500841265541,1.1233185719607164,-0.23222517392550945,0.4474963210220665,0.21112258397116074,-0.49758876198770996,4.790044706715182,0.9953388311207649,0.8457142857142858,0.8457142857142858,0.9601013894104394,0.0,14,0.1494246054539059,0.01591439165222197,0.0,0.0,2011-12-31,e85ac74d630dff95,French F-F_Research_Data_Factors CRSP 202607 sha256 b840dba55d319f48; daily CRSP 202607 sha256 1916d331c2c51d2a,"{""comision_por_lado"": 0.0, ""cortes"": [""2011-12-31""], ""efectivo_en_mxn"": false, ""exposicion_inicial"": 0.0, ""exposicion_max"": 1.0, ""exposicion_min"": 0.0, ""extras"": [""vol""], ""fx"": false, ""max_dias_fx"": 10, ""min_historia"": 12, ""periodos_por_anio"": 12, ""permitir_capturas"": false, ""rebalanceo_con_deriva"": true, ""segmentos"": [""dentro_muestra"", ""fuera_muestra""], ""senal"": ""a_lo_L12"", ""spread_por_lado"": 0.0, ""usuario"": {""L"": 12, ""escenario_costos"": ""bruto"", ""parte"": ""a"", ""tipo"": ""solo largos""}, ""variante"": ""A_lo_L12""}",sensibilidad: bruto (sin comision ni spread)
2026-09-25T05:27:45.078828Z,R02,1493801695,A_ref_comprar_mantener,0,completo,1927-06-30,2026-07-31,1189,12,USD,15960.038255849035,0.10260130985470983,0.18408550203700255,0.4476154664719452,0.6758344273814236,-0.8365224657023863,0.1226521869541909,0.12921545503050874,0.15631943600725307,10.308250362094258,0.99999489664844,1.0,1.0,0.010092288137934845,0.0,1,0.10260130985470983,0.03287249298954742,0.0,0.0,2011-12-31,e85ac74d630dff95,French F-F_Research_Data_Factors CRSP 202607 sha256 b840dba55d319f48; daily CRSP 202607 sha256 1916d331c2c51d2a,"{""comision_por_lado"": 0.0, ""cortes"": [""2011-12-31""], ""efectivo_en_mxn"": false, ""exposicion_inicial"": 0.0, ""exposicion_max"": 1.0, ""exposicion_min"": 0.0, ""extras"": [""vol""], ""fx"": false, ""max_dias_fx"": 10, ""min_historia"": 12, ""periodos_por_anio"": 12, ""permitir_capturas"": false, ""rebalanceo_con_deriva"": true, ""segmentos"": [""dentro_muestra"", ""fuera_muestra""], ""senal"": ""senal_comprar_y_mantener"", ""spread_por_lado"": 0.0, ""usuario"": {""escenario_costos"": ""bruto"", ""parte"": ""a"", ""tipo"": ""referencia""}, ""variante"": ""A_ref_comprar_mantener""}",referencia; sensibilidad: bruto (sin comision ni spread)
2026-09-25T05:27:45.078828Z,R02,1493801695,A_ref_comprar_mantener,0,dentro_muestra,1927-06-30,2011-12-31,1014,12,USD,2093.8220615489836,0.09471675589938688,0.1900026145141155,0.38643226235164063,0.5796943146804618,-0.8365224657023863,0.1132267928032966,0.1115533853461379,0.21290763604059104,10.447331340215078,0.9998003245034193,1.0,1.0,0.011833792321399644,0.0,1,0.09471675589938688,0.03582725431534661,0.0,0.0,2011-12-31,e85ac74d630dff95,French F-F_Research_Data_Factors CRSP 202607 sha256 b840dba55d319f48; daily CRSP 202607 sha256 1916d331c2c51d2a,"{""comision_por_lado"": 0.0, ""cortes"": [""2011-12-31""], ""efectivo_en_mxn"": false, ""exposicion_inicial"": 0.0, ""exposicion_max"": 1.0, ""exposicion_min"": 0.0, ""extras"": [""vol""], ""fx"": false, ""max_dias_fx"": 10, ""min_historia"": 12, ""periodos_por_anio"": 12, ""permitir_capturas"": false, ""rebalanceo_con_deriva"": true, ""segmentos"": [""dentro_muestra"", ""fuera_muestra""], ""senal"": ""senal_comprar_y_mantener"", ""spread_por_lado"": 0.0, ""usuario"": {""escenario_costos"": ""bruto"", ""parte"": ""a"", ""tipo"": ""referencia""}, ""variante"": ""A_ref_comprar_mantener""}",referencia; sensibilidad: bruto (sin comision ni spread)
2026-09-25T05:27:45.078828Z,R02,1493801695,A_ref_comprar_mantener,0,fuera_muestra,2011-12-31,2026-07-31,175,12,USD,6.619281154623179,0.1494246054539059,0.14515916908842977,0.9281555946250296,1.4967910440498882,-0.2484493224703468,0.6014289110075565,0.26793544120330903,-0.38044433568792047,3.9502762688913693,0.9994968969733392,1.0,1.0,0.0,0.0,0,0.1494246054539059,0.01591439165222197,0.0,0.0,2011-12-31,e85ac74d630dff95,French F-F_Research_Data_Factors CRSP 202607 sha256 b840dba55d319f48; daily CRSP 202607 sha256 1916d331c2c51d2a,"{""comision_por_lado"": 0.0, ""cortes"": [""2011-12-31""], ""efectivo_en_mxn"": false, ""exposicion_inicial"": 0.0, ""exposicion_max"": 1.0, ""exposicion_min"": 0.0, ""extras"": [""vol""], ""fx"": false, ""max_dias_fx"": 10, ""min_historia"": 12, ""periodos_por_anio"": 12, ""permitir_capturas"": false, ""rebalanceo_con_deriva"": true, ""segmentos"": [""dentro_muestra"", ""fuera_muestra""], ""senal"": ""senal_comprar_y_mantener"", ""spread_por_lado"": 0.0, ""usuario"": {""escenario_costos"": ""bruto"", ""parte"": ""a"", ""tipo"": ""referencia""}, ""variante"": ""A_ref_comprar_mantener""}",referencia; sensibilidad: bruto (sin comision ni spread)
2026-09-25T05:27:45.097735Z,R02,d388f0fd98,A_ref_efectivo,0,completo,1927-06-30,2026-07-31,1189,12,USD,23.65052983122982,0.03287249298954742,0.008640101911741083,0.0,0.0,-0.0008998599580103406,36.5306764646257,,0.0,3.0,,0.0,0.0,0.0,0.0,0,0.10260130985470983,0.03287249298954742,0.0,0.0,2011-12-31,e85ac74d630dff95,French F-F_Research_Data_Factors CRSP 202607 sha256 b840dba55d319f48; daily CRSP 202607 sha256 1916d331c2c51d2a,"{""comision_por_lado"": 0.0, ""cortes"": [""2011-12-31""], ""efectivo_en_mxn"": false, ""exposicion_inicial"": 0.0, ""exposicion_max"": 1.0, ""exposicion_min"": 0.0, ""extras"": [""vol""], ""fx"": false, ""max_dias_fx"": 10, ""min_historia"": 12, ""periodos_por_anio"": 12, ""permitir_capturas"": false, ""rebalanceo_con_deriva"": true, ""segmentos"": [""dentro_muestra"", ""fuera_muestra""], ""senal"": ""senal_efectivo"", ""spread_por_lado"": 0.0, ""usuario"": {""escenario_costos"": ""bruto"", ""parte"": ""a"", ""tipo"": ""referencia""}, ""variante"": ""A_ref_efectivo""}",referencia; sensibilidad: bruto (sin comision ni spread)
2026-09-25T05:27:45.097735Z,R02,d388f0fd98,A_ref_efectivo,0,dentro_muestra,1927-06-30,2011-12-31,1014,12,USD,18.581107817503632,0.03582725431534661,0.008819112333418656,0.0,0.0,-0.0008998599580103406,39.81425553656529,,0.0,3.0,,0.0,0.0,0.0,0.0,0,0.09471675589938688,0.03582725431534661,0.0,0.0,2011-12-31,e85ac74d630dff95,French F-F_Research_Data_Factors CRSP 202607 sha256 b840dba55d319f48; daily CRSP 202607 sha256 1916d331c2c51d2a,"{""comision_por_lado"": 0.0, ""cortes"": [""2011-12-31""], ""efectivo_en_mxn"": false, ""exposicion_inicial"": 0.0, ""exposicion_max"": 1.0, ""exposicion_min"": 0.0, ""extras"": [""vol""], ""fx"": false, ""max_dias_fx"": 10, ""min_historia"": 12, ""periodos_por_anio"": 12, ""permitir_capturas"": false, ""rebalanceo_con_deriva"": true, ""segmentos"": [""dentro_muestra"", ""fuera_muestra""], ""senal"": ""senal_efectivo"", ""spread_por_lado"": 0.0, ""usuario"": {""escenario_costos"": ""bruto"", ""parte"": ""a"", ""tipo"": ""referencia""}, ""variante"": ""A_ref_efectivo""}",referencia; sensibilidad: bruto (sin comision ni spread)
2026-09-25T05:27:45.097735Z,R02,d388f0fd98,A_ref_efectivo,0,fuera_muestra,2011-12-31,2026-07-31,175,12,USD,0.25889352435895274,0.01591439165222197,0.005455494450957997,0.0,0.0,0.0,inf,,0.0,3.0,,0.0,0.0,0.0,0.0,0,0.1494246054539059,0.01591439165222197,0.0,0.0,2011-12-31,e85ac74d630dff95,French F-F_Research_Data_Factors CRSP 202607 sha256 b840dba55d319f48; daily CRSP 202607 sha256 1916d331c2c51d2a,"{""comision_por_lado"": 0.0, ""cortes"": [""2011-12-31""], ""efectivo_en_mxn"": false, ""exposicion_inicial"": 0.0, ""exposicion_max"": 1.0, ""exposicion_min"": 0.0, ""extras"": [""vol""], ""fx"": false, ""max_dias_fx"": 10, ""min_historia"": 12, ""periodos_por_anio"": 12, ""permitir_capturas"": false, ""rebalanceo_con_deriva"": true, ""segmentos"": [""dentro_muestra"", ""fuera_muestra""], ""senal"": ""senal_efectivo"", ""spread_por_lado"": 0.0, ""usuario"": {""escenario_costos"": ""bruto"", ""parte"": ""a"", ""tipo"": ""referencia""}, ""variante"": ""A_ref_efectivo""}",referencia; sensibilidad: bruto (sin comision ni spread)
2026-09-25T05:27:45.119850Z,R02,3c86218e66,A_ref_sma10,0,completo,1927-06-30,2026-07-31,1189,12,USD,10285.033335053668,0.09772299576432286,0.1251446010023785,0.5509722372470663,0.8204533777850712,-0.4294073005816472,0.2275764655886233,0.15905198474530208,-0.6823778214557398,8.77247226487388,0.9999998257054933,0.7300252312867956,0.7300252312867956,1.4835663562764223,0.0,147,0.10260130985470983,0.03287249298954742,0.0,0.0,2011-12-31,e85ac74d630dff95,French F-F_Research_Data_Factors CRSP 202607 sha256 b840dba55d319f48; daily CRSP 202607 sha256 1916d331c2c51d2a,"{""comision_por_lado"": 0.0, ""cortes"": [""2011-12-31""], ""efectivo_en_mxn"": false, ""exposicion_inicial"": 0.0, ""exposicion_max"": 1.0, ""exposicion_min"": 0.0, ""extras"": [""vol""], ""fx"": false, ""max_dias_fx"": 10, ""min_historia"": 12, ""periodos_por_anio"": 12, ""permitir_capturas"": false, ""rebalanceo_con_deriva"": true, ""segmentos"": [""dentro_muestra"", ""fuera_muestra""], ""senal"": ""media_movil_10"", ""spread_por_lado"": 0.0, ""usuario"": {""escenario_costos"": ""bruto"", ""parte"": ""a"", ""tipo"": ""referencia"", ""ventana"": 10}, ""variante"": ""A_ref_sma10""}",referencia; sensibilidad: bruto (sin comision ni spread)
2026-09-25T05:27:45.119850Z,R02,3c86218e66,A_ref_sma10,0,dentro_muestra,1927-06-30,2011-12-31,1014,12,USD,2277.3496237202507,0.09580526347038743,0.1276808007682318,0.5067496346145658,0.7485479540426475,-0.4294073005816472,0.2231104672431415,0.14628601897823204,-0.7099731334993464,9.08435965514151,0.9999931042463659,0.7110453648915187,0.7110453648915187,1.4673902478535559,0.0,124,0.09471675589938688,0.03582725431534661,0.0,0.0,2011-12-31,e85ac74d630dff95,French F-F_Research_Data_Factors CRSP 202607 sha256 b840dba55d319f48; daily CRSP 202607 sha256 1916d331c2c51d2a,"{""comision_por_lado"": 0.0, ""cortes"": [""2011-12-31""], ""efectivo_en_mxn"": false, ""exposicion_inicial"": 0.0, ""exposicion_max"": 1.0, ""exposicion_min"": 0.0, ""extras"": [""vol""], ""fx"": false, ""max_dias_fx"": 10, ""min_historia"": 12, ""periodos_por_anio"": 12, ""permitir_capturas"": false, ""rebalanceo_con_deriva"": true, ""segmentos"": [""dentro_muestra"", ""fuera_muestra""], ""senal"": ""media_movil_10"", ""spread_por_lado"": 0.0, ""usuario"": {""escenario_costos"": ""bruto"", ""parte"": ""a"", ""tipo"": ""referencia"", ""ventana"": 10}, ""variante"": ""A_ref_sma10""}",referencia; sensibilidad: bruto (sin comision ni spread)
2026-09-25T05:27:45.119850Z,R02,3c86218e66,A_ref_sma10,0,fuera_muestra,2011-12-31,2026-07-31,175,12,USD,3.514686081523303,0.10890281949930225,0.10959674573572917,0.8541056780513425,1.362176940483464,-0.17641681233830953,0.6173040882887193,0.24655907156966525,-0.33972287996106243,4.3563434686379585,0.9988675604298936,0.84,0.84,1.5773094254600075,0.0,23,0.1494246054539059,0.01591439165222197,0.0,0.0,2011-12-31,e85ac74d630dff95,French F-F_Research_Data_Factors CRSP 202607 sha256 b840dba55d319f48; daily CRSP 202607 sha256 1916d331c2c51d2a,"{""comision_por_lado"": 0.0, ""cortes"": [""2011-12-31""], ""efectivo_en_mxn"": false, ""exposicion_inicial"": 0.0, ""exposicion_max"": 1.0, ""exposicion_min"": 0.0, ""extras"": [""vol""], ""fx"": false, ""max_dias_fx"": 10, ""min_historia"": 12, ""periodos_por_anio"": 12, ""permitir_capturas"": false, ""rebalanceo_con_deriva"": true, ""segmentos"": [""dentro_muestra"", ""fuera_muestra""], ""senal"": ""media_movil_10"", ""spread_por_lado"": 0.0, ""usuario"": {""escenario_costos"": ""bruto"", ""parte"": ""a"", ""tipo"": ""referencia"", ""ventana"": 10}, ""variante"": ""A_ref_sma10""}",referencia; sensibilidad: bruto (sin comision ni spread)
2026-09-25T05:27:45.141610Z,R02,9de8d28c9b,A_ref_largo_vt40,0,completo,1927-06-30,2026-07-31,1189,12,USD,4244913.571365618,0.16651509549166166,0.4837885135203985,0.5231054935278922,0.7749289418816602,-0.9824833059238038,0.1694838929961174,0.15100754875145028,-0.5805905567697313,5.253244022856264,0.999999601174894,3.2358959681985846,1.0,5.884901518893339,0.0,1189,0.10260130985470983,0.03287249298954742,0.0,0.0,2011-12-31,e85ac74d630dff95,French F-F_Research_Data_Factors CRSP 202607 sha256 b840dba55d319f48; daily CRSP 202607 sha256 1916d331c2c51d2a,"{""comision_por_lado"": 0.0, ""cortes"": [""2011-12-31""], ""efectivo_en_mxn"": false, ""exposicion_inicial"": 0.0, ""exposicion_max"": 10.0, ""exposicion_min"": 0.0, ""extras"": [""vol""], ""fx"": false, ""max_dias_fx"": 10, ""min_historia"": 12, ""periodos_por_anio"": 12, ""permitir_capturas"": false, ""rebalanceo_con_deriva"": true, ""segmentos"": [""dentro_muestra"", ""fuera_muestra""], ""senal"": ""a_largo_vt40"", ""spread_por_lado"": 0.0, ""usuario"": {""escenario_costos"": ""bruto"", ""parte"": ""a"", ""sigma_obj"": 0.4, ""tipo"": ""referencia"", ""tope"": 10.0}, ""variante"": ""A_ref_largo_vt40""}",referencia; sensibilidad: bruto (sin comision ni spread)
2026-09-25T05:27:45.141610Z,R02,9de8d28c9b,A_ref_largo_vt40,0,dentro_muestra,1927-06-30,2011-12-31,1014,12,USD,88063.97001761477,0.1442364389514308,0.5013132625147776,0.48121370623496573,0.71039285847253,-0.9824833059238038,0.14680803030623402,0.13891443141624749,-0.562279252228078,5.145538801422473,0.999987741168,3.3111996517714526,1.0,6.113708197366008,0.0,1014,0.09471675589938688,0.03582725431534661,0.0,0.0,2011-12-31,e85ac74d630dff95,French F-F_Research_Data_Factors CRSP 202607 sha256 b840dba55d319f48; daily CRSP 202607 sha256 1916d331c2c51d2a,"{""comision_por_lado"": 0.0, ""cortes"": [""2011-12-31""], ""efectivo_en_mxn"": false, ""exposicion_inicial"": 0.0, ""exposicion_max"": 10.0, ""exposicion_min"": 0.0, ""extras"": [""vol""], ""fx"": false, ""max_dias_fx"": 10, ""min_historia"": 12, ""periodos_por_anio"": 12, ""permitir_capturas"": false, ""rebalanceo_con_deriva"": true, ""segmentos"": [""dentro_muestra"", ""fuera_muestra""], ""senal"": ""a_largo_vt40"", ""spread_por_lado"": 0.0, ""usuario"": {""escenario_costos"": ""bruto"", ""parte"": ""a"", ""sigma_obj"": 0.4, ""tipo"": ""referencia"", ""tope"": 10.0}, ""variante"": ""A_ref_largo_vt40""}",referencia; sensibilidad: bruto (sin comision ni spread)
2026-09-25T05:27:45.141610Z,R02,9de8d28c9b,A_ref_largo_vt40,0,fuera_muestra,2011-12-31,2026-07-31,175,12,USD,47.20207819881795,0.3044349086810052,0.36691210766192056,0.8774191497292746,1.3542447017097377,-0.5281453907600606,0.5764225419877075,0.25328909114416465,-0.5988829604216036,3.847076160142328,0.9988685750983888,2.799564910239222,1.0,4.558931160076413,0.0,175,0.1494246054539059,0.01591439165222197,0.0,0.0,2011-12-31,e85ac74d630dff95,French F-F_Research_Data_Factors CRSP 202607 sha256 b840dba55d319f48; daily CRSP 202607 sha256 1916d331c2c51d2a,"{""comision_por_lado"": 0.0, ""cortes"": [""2011-12-31""], ""efectivo_en_mxn"": false, ""exposicion_inicial"": 0.0, ""exposicion_max"": 10.0, ""exposicion_min"": 0.0, ""extras"": [""vol""], ""fx"": false, ""max_dias_fx"": 10, ""min_historia"": 12, ""periodos_por_anio"": 12, ""permitir_capturas"": false, ""rebalanceo_con_deriva"": true, ""segmentos"": [""dentro_muestra"", ""fuera_muestra""], ""senal"": ""a_largo_vt40"", ""spread_por_lado"": 0.0, ""usuario"": {""escenario_costos"": ""bruto"", ""parte"": ""a"", ""sigma_obj"": 0.4, ""tipo"": ""referencia"", ""tope"": 10.0}, ""variante"": ""A_ref_largo_vt40""}",referencia; sensibilidad: bruto (sin comision ni spread)
2026-09-25T05:27:45.172202Z,R02,3745cf3d2e,B_ls_vt40_L3,0,completo,2007-02-28,2026-07-31,233,12,USD,3.985663607569971,0.0862476441283353,0.20733895052266355,0.4297177377502604,0.7165264866927443,-0.4103723105339623,0.2101692582916056,0.12404882578283494,0.5333337561724085,5.247140583129094,0.9737101772458272,0.6214645696512738,1.0,19.954994731120788,0.0,233,0.06308435048820926,0.014823262699370066,0.0,0.0,2011-12-31,0e6d3baabe3fe595,"Yahoo chart v8 adjclose 1mo/1d SPY,EFA,EEM,TLT,IEF,GLD,DBC,VNQ (descarga 2026-09-25); RF French CRSP 202607 sha256 b840dba55d319f48","{""activos"": [""SPY"", ""EFA"", ""EEM"", ""TLT"", ""IEF"", ""GLD"", ""DBC"", ""VNQ""], ""bruto_max"": 10.0, ""comision_por_lado"": 0.0, ""cortes"": [""2011-12-31""], ""efectivo_en_mxn"": false, ""extras"": [""vol_DBC"", ""vol_EEM"", ""vol_EFA"", ""vol_GLD"", ""vol_IEF"", ""vol_SPY"", ""vol_TLT"", ""vol_VNQ""], ""fx"": false, ""max_dias_fx"": 10, ""min_historia"": 12, ""motor"": ""R02.backtest_cartera"", ""periodos_por_anio"": 12, ""peso_max"": 1.25, ""peso_min"": -1.25, ""rebalanceo_con_deriva"": true, ""segmentos"": [""dentro_muestra"", ""fuera_muestra""], ""senal"": ""cartera_ls_vt_L3_obj0.4_tope10.0"", ""spread_por_lado"": 0.0, ""usuario"": {""L"": 3, ""escenario_costos"": ""bruto"", ""parte"": ""b"", ""sigma_obj"": 0.4, ""tipo"": ""largo/corto"", ""tope_por_activo"": 10.0}, ""variante"": ""B_ls_vt40_L3""}",sensibilidad: bruto (sin comision ni spread)
2026-09-25T05:27:45.172202Z,R02,3745cf3d2e,B_ls_vt40_L3,0,dentro_muestra,2007-02-28,2011-12-31,58,12,USD,1.738311552041321,0.23148876778066318,0.20513993064774685,1.0642799568194161,2.128445100039467,-0.14152060308795988,1.6357248536934585,0.3072311597814066,0.3473990321970183,3.034444762144413,0.9915942508023309,0.6258967778251698,1.0,14.356021608812746,0.0,58,0.05903549563161037,0.011541522760558198,0.0,0.0,2011-12-31,0e6d3baabe3fe595,"Yahoo chart v8 adjclose 1mo/1d SPY,EFA,EEM,TLT,IEF,GLD,DBC,VNQ (descarga 2026-09-25); RF French CRSP 202607 sha256 b840dba55d319f48","{""activos"": [""SPY"", ""EFA"", ""EEM"", ""TLT"", ""IEF"", ""GLD"", ""DBC"", ""VNQ""], ""bruto_max"": 10.0, ""comision_por_lado"": 0.0, ""cortes"": [""2011-12-31""], ""efectivo_en_mxn"": false, ""extras"": [""vol_DBC"", ""vol_EEM"", ""vol_EFA"", ""vol_GLD"", ""vol_IEF"", ""vol_SPY"", ""vol_TLT"", ""vol_VNQ""], ""fx"": false, ""max_dias_fx"": 10, ""min_historia"": 12, ""motor"": ""R02.backtest_cartera"", ""periodos_por_anio"": 12, ""peso_max"": 1.25, ""peso_min"": -1.25, ""rebalanceo_con_deriva"": true, ""segmentos"": [""dentro_muestra"", ""fuera_muestra""], ""senal"": ""cartera_ls_vt_L3_obj0.4_tope10.0"", ""spread_por_lado"": 0.0, ""usuario"": {""L"": 3, ""escenario_costos"": ""bruto"", ""parte"": ""b"", ""sigma_obj"": 0.4, ""tipo"": ""largo/corto"", ""tope_por_activo"": 10.0}, ""variante"": ""B_ls_vt40_L3""}",sensibilidad: bruto (sin comision ni spread)
2026-09-25T05:27:45.172202Z,R02,3745cf3d2e,B_ls_vt40_L3,0,fuera_muestra,2011-12-31,2026-07-31,175,12,USD,0.8207072178669077,0.04195010093240459,0.20722670459052167,0.22307654336800706,0.3533587372828808,-0.4103723105339623,0.10222449189571432,0.06439665118170505,0.6072121436276122,6.070541523717721,0.8062611944754348,0.6199956092279256,1.0,21.812558664113343,0.0,175,0.06443105052045439,0.01591439165222197,0.0,0.0,2011-12-31,0e6d3baabe3fe595,"Yahoo chart v8 adjclose 1mo/1d SPY,EFA,EEM,TLT,IEF,GLD,DBC,VNQ (descarga 2026-09-25); RF French CRSP 202607 sha256 b840dba55d319f48","{""activos"": [""SPY"", ""EFA"", ""EEM"", ""TLT"", ""IEF"", ""GLD"", ""DBC"", ""VNQ""], ""bruto_max"": 10.0, ""comision_por_lado"": 0.0, ""cortes"": [""2011-12-31""], ""efectivo_en_mxn"": false, ""extras"": [""vol_DBC"", ""vol_EEM"", ""vol_EFA"", ""vol_GLD"", ""vol_IEF"", ""vol_SPY"", ""vol_TLT"", ""vol_VNQ""], ""fx"": false, ""max_dias_fx"": 10, ""min_historia"": 12, ""motor"": ""R02.backtest_cartera"", ""periodos_por_anio"": 12, ""peso_max"": 1.25, ""peso_min"": -1.25, ""rebalanceo_con_deriva"": true, ""segmentos"": [""dentro_muestra"", ""fuera_muestra""], ""senal"": ""cartera_ls_vt_L3_obj0.4_tope10.0"", ""spread_por_lado"": 0.0, ""usuario"": {""L"": 3, ""escenario_costos"": ""bruto"", ""parte"": ""b"", ""sigma_obj"": 0.4, ""tipo"": ""largo/corto"", ""tope_por_activo"": 10.0}, ""variante"": ""B_ls_vt40_L3""}",sensibilidad: bruto (sin comision ni spread)
2026-09-25T05:27:45.200683Z,R02,fe0f5bbd86,B_ls_vt40_L6,0,completo,2007-02-28,2026-07-31,233,12,USD,3.3301770639961266,0.07839160077233687,0.19134298080273174,0.4136666609191282,0.6332322213234173,-0.3108435143598056,0.2521899192067347,0.11941527901821615,-0.11500251422458553,3.6503167771349765,0.9639239193866567,0.7606358445559881,1.0,14.988265637733237,0.0,233,0.06308435048820926,0.014823262699370066,0.0,0.0,2011-12-31,0e6d3baabe3fe595,"Yahoo chart v8 adjclose 1mo/1d SPY,EFA,EEM,TLT,IEF,GLD,DBC,VNQ (descarga 2026-09-25); RF French CRSP 202607 sha256 b840dba55d319f48","{""activos"": [""SPY"", ""EFA"", ""EEM"", ""TLT"", ""IEF"", ""GLD"", ""DBC"", ""VNQ""], ""bruto_max"": 10.0, ""comision_por_lado"": 0.0, ""cortes"": [""2011-12-31""], ""efectivo_en_mxn"": false, ""extras"": [""vol_DBC"", ""vol_EEM"", ""vol_EFA"", ""vol_GLD"", ""vol_IEF"", ""vol_SPY"", ""vol_TLT"", ""vol_VNQ""], ""fx"": false, ""max_dias_fx"": 10, ""min_historia"": 12, ""motor"": ""R02.backtest_cartera"", ""periodos_por_anio"": 12, ""peso_max"": 1.25, ""peso_min"": -1.25, ""rebalanceo_con_deriva"": true, ""segmentos"": [""dentro_muestra"", ""fuera_muestra""], ""senal"": ""cartera_ls_vt_L6_obj0.4_tope10.0"", ""spread_por_lado"": 0.0, ""usuario"": {""L"": 6, ""escenario_costos"": ""bruto"", ""parte"": ""b"", ""sigma_obj"": 0.4, ""tipo"": ""largo/corto"", ""tope_por_activo"": 10.0}, ""variante"": ""B_ls_vt40_L6""}",sensibilidad: bruto (sin comision ni spread)
2026-09-25T05:27:45.200683Z,R02,fe0f5bbd86,B_ls_vt40_L6,0,dentro_muestra,2007-02-28,2011-12-31,58,12,USD,0.8727454156277785,0.13847387138975398,0.17572919191040692,0.765396503010561,1.2989946834365633,-0.15011827651579002,0.9224317958059475,0.2209509385249728,0.0874904787272295,3.3140983724590165,0.9516190724293607,0.7708343429765301,1.0,11.632403557086961,0.0,58,0.05903549563161037,0.011541522760558198,0.0,0.0,2011-12-31,0e6d3baabe3fe595,"Yahoo chart v8 adjclose 1mo/1d SPY,EFA,EEM,TLT,IEF,GLD,DBC,VNQ (descarga 2026-09-25); RF French CRSP 202607 sha256 b840dba55d319f48","{""activos"": [""SPY"", ""EFA"", ""EEM"", ""TLT"", ""IEF"", ""GLD"", ""DBC"", ""VNQ""], ""bruto_max"": 10.0, ""comision_por_lado"": 0.0, ""cortes"": [""2011-12-31""], ""efectivo_en_mxn"": false, ""extras"": [""vol_DBC"", ""vol_EEM"", ""vol_EFA"", ""vol_GLD"", ""vol_IEF"", ""vol_SPY"", ""vol_TLT"", ""vol_VNQ""], ""fx"": false, ""max_dias_fx"": 10, ""min_historia"": 12, ""motor"": ""R02.backtest_cartera"", ""periodos_por_anio"": 12, ""peso_max"": 1.25, ""peso_min"": -1.25, ""rebalanceo_con_deriva"": true, ""segmentos"": [""dentro_muestra"", ""fuera_muestra""], ""senal"": ""cartera_ls_vt_L6_obj0.4_tope10.0"", ""spread_por_lado"": 0.0, ""usuario"": {""L"": 6, ""escenario_costos"": ""bruto"", ""parte"": ""b"", ""sigma_obj"": 0.4, ""tipo"": ""largo/corto"", ""tope_por_activo"": 10.0}, ""variante"": ""B_ls_vt40_L6""}",sensibilidad: bruto (sin comision ni spread)
2026-09-25T05:27:45.200683Z,R02,fe0f5bbd86,B_ls_vt40_L6,0,fuera_muestra,2011-12-31,2026-07-31,175,12,USD,1.3122080704945023,0.059167098962490616,0.19647337052551653,0.3102083284594901,0.46409993410647793,-0.31084351435980584,0.1903436817214846,0.08954943097047523,-0.1440347870250818,3.6588035767931726,0.8791236172373571,0.7572557707937512,1.0,16.101635576993846,0.0,175,0.06443105052045439,0.01591439165222197,0.0,0.0,2011-12-31,0e6d3baabe3fe595,"Yahoo chart v8 adjclose 1mo/1d SPY,EFA,EEM,TLT,IEF,GLD,DBC,VNQ (descarga 2026-09-25); RF French CRSP 202607 sha256 b840dba55d319f48","{""activos"": [""SPY"", ""EFA"", ""EEM"", ""TLT"", ""IEF"", ""GLD"", ""DBC"", ""VNQ""], ""bruto_max"": 10.0, ""comision_por_lado"": 0.0, ""cortes"": [""2011-12-31""], ""efectivo_en_mxn"": false, ""extras"": [""vol_DBC"", ""vol_EEM"", ""vol_EFA"", ""vol_GLD"", ""vol_IEF"", ""vol_SPY"", ""vol_TLT"", ""vol_VNQ""], ""fx"": false, ""max_dias_fx"": 10, ""min_historia"": 12, ""motor"": ""R02.backtest_cartera"", ""periodos_por_anio"": 12, ""peso_max"": 1.25, ""peso_min"": -1.25, ""rebalanceo_con_deriva"": true, ""segmentos"": [""dentro_muestra"", ""fuera_muestra""], ""senal"": ""cartera_ls_vt_L6_obj0.4_tope10.0"", ""spread_por_lado"": 0.0, ""usuario"": {""L"": 6, ""escenario_costos"": ""bruto"", ""parte"": ""b"", ""sigma_obj"": 0.4, ""tipo"": ""largo/corto"", ""tope_por_activo"": 10.0}, ""variante"": ""B_ls_vt40_L6""}",sensibilidad: bruto (sin comision ni spread)
2026-09-25T05:27:45.233814Z,R02,f5acb0c0f1,B_ls_vt40_L12,0,completo,2007-02-28,2026-07-31,233,12,USD,5.535102755327705,0.10149101682843709,0.18691962912942645,0.5328917755565722,0.8484497607348116,-0.41045481996402744,0.24726477042548028,0.1538326050332623,-0.008745953684516949,3.255463380509767,0.9899930388710318,0.8416283491801826,1.0,10.686039250617414,0.0,233,0.06308435048820926,0.014823262699370066,0.0,0.0,2011-12-31,0e6d3baabe3fe595,"Yahoo chart v8 adjclose 1mo/1d SPY,EFA,EEM,TLT,IEF,GLD,DBC,VNQ (descarga 2026-09-25); RF French CRSP 202607 sha256 b840dba55d319f48","{""activos"": [""SPY"", ""EFA"", ""EEM"", ""TLT"", ""IEF"", ""GLD"", ""DBC"", ""VNQ""], ""bruto_max"": 10.0, ""comision_por_lado"": 0.0, ""cortes"": [""2011-12-31""], ""efectivo_en_mxn"": false, ""extras"": [""vol_DBC"", ""vol_EEM"", ""vol_EFA"", ""vol_GLD"", ""vol_IEF"", ""vol_SPY"", ""vol_TLT"", ""vol_VNQ""], ""fx"": false, ""max_dias_fx"": 10, ""min_historia"": 12, ""motor"": ""R02.backtest_cartera"", ""periodos_por_anio"": 12, ""peso_max"": 1.25, ""peso_min"": -1.25, ""rebalanceo_con_deriva"": true, ""segmentos"": [""dentro_muestra"", ""fuera_muestra""], ""senal"": ""cartera_ls_vt_L12_obj0.4_tope10.0"", ""spread_por_lado"": 0.0, ""usuario"": {""L"": 12, ""escenario_costos"": ""bruto"", ""parte"": ""b"", ""sigma_obj"": 0.4, ""tipo"": ""largo/corto"", ""tope_por_activo"": 10.0}, ""variante"": ""B_ls_vt40_L12""}",sensibilidad: bruto (sin comision ni spread)
2026-09-25T05:27:45.233814Z,R02,f5acb0c0f1,B_ls_vt40_L12,0,dentro_muestra,2007-02-28,2011-12-31,58,12,USD,1.113240673774461,0.16726373126758975,0.16921652948420776,0.9386324606206169,1.6025455398881325,-0.23015378146092036,0.7267476997591317,0.270959851904717,-0.22339071464603052,2.8635214063220977,0.9747194114982412,1.4612420670912312,1.0,7.43786657249998,0.0,58,0.05903549563161037,0.011541522760558198,0.0,0.0,2011-12-31,0e6d3baabe3fe595,"Yahoo chart v8 adjclose 1mo/1d SPY,EFA,EEM,TLT,IEF,GLD,DBC,VNQ (descarga 2026-09-25); RF French CRSP 202607 sha256 b840dba55d319f48","{""activos"": [""SPY"", ""EFA"", ""EEM"", ""TLT"", ""IEF"", ""GLD"", ""DBC"", ""VNQ""], ""bruto_max"": 10.0, ""comision_por_lado"": 0.0, ""cortes"": [""2011-12-31""], ""efectivo_en_mxn"": false, ""extras"": [""vol_DBC"", ""vol_EEM"", ""vol_EFA"", ""vol_GLD"", ""vol_IEF"", ""vol_SPY"", ""vol_TLT"", ""vol_VNQ""], ""fx"": false, ""max_dias_fx"": 10, ""min_historia"": 12, ""motor"": ""R02.backtest_cartera"", ""periodos_por_anio"": 12, ""peso_max"": 1.25, ""peso_min"": -1.25, ""rebalanceo_con_deriva"": true, ""segmentos"": [""dentro_muestra"", ""fuera_muestra""], ""senal"": ""cartera_ls_vt_L12_obj0.4_tope10.0"", ""spread_por_lado"": 0.0, ""usuario"": {""L"": 12, ""escenario_costos"": ""bruto"", ""parte"": ""b"", ""sigma_obj"": 0.4, ""tipo"": ""largo/corto"", ""tope_por_activo"": 10.0}, ""variante"": ""B_ls_vt40_L12""}",sensibilidad: bruto (sin comision ni spread)
2026-09-25T05:27:45.233814Z,R02,f5acb0c0f1,B_ls_vt40_L12,0,fuera_muestra,2011-12-31,2026-07-31,175,12,USD,2.0924555051533,0.08049897563555031,0.19259117626849645,0.4159404926732745,0.6519691748840446,-0.41045481996402744,0.19612140415991533,0.1200716777058903,0.0592076713897334,3.310146486543972,0.9432768532677398,0.636270659815378,1.0,11.763681218742374,0.0,175,0.06443105052045439,0.01591439165222197,0.0,0.0,2011-12-31,0e6d3baabe3fe595,"Yahoo chart v8 adjclose 1mo/1d SPY,EFA,EEM,TLT,IEF,GLD,DBC,VNQ (descarga 2026-09-25); RF French CRSP 202607 sha256 b840dba55d319f48","{""activos"": [""SPY"", ""EFA"", ""EEM"", ""TLT"", ""IEF"", ""GLD"", ""DBC"", ""VNQ""], ""bruto_max"": 10.0, ""comision_por_lado"": 0.0, ""cortes"": [""2011-12-31""], ""efectivo_en_mxn"": false, ""extras"": [""vol_DBC"", ""vol_EEM"", ""vol_EFA"", ""vol_GLD"", ""vol_IEF"", ""vol_SPY"", ""vol_TLT"", ""vol_VNQ""], ""fx"": false, ""max_dias_fx"": 10, ""min_historia"": 12, ""motor"": ""R02.backtest_cartera"", ""periodos_por_anio"": 12, ""peso_max"": 1.25, ""peso_min"": -1.25, ""rebalanceo_con_deriva"": true, ""segmentos"": [""dentro_muestra"", ""fuera_muestra""], ""senal"": ""cartera_ls_vt_L12_obj0.4_tope10.0"", ""spread_por_lado"": 0.0, ""usuario"": {""L"": 12, ""escenario_costos"": ""bruto"", ""parte"": ""b"", ""sigma_obj"": 0.4, ""tipo"": ""largo/corto"", ""tope_por_activo"": 10.0}, ""variante"": ""B_ls_vt40_L12""}",sensibilidad: bruto (sin comision ni spread)
2026-09-25T05:27:45.265579Z,R02,d4effd61ee,B_lo_vt10_L3,0,completo,2007-02-28,2026-07-31,233,12,USD,1.1240339988891224,0.0395538555376056,0.03580155956058631,0.6960522458140852,1.1170993684507824,-0.0630300409412341,0.6275397405260063,0.20093297574540284,-0.19313382289606348,3.3557633635049715,0.9985062531504492,0.3994806676777994,0.9742489270386266,2.129485802869138,0.0,231,0.06308435048820926,0.014823262699370066,0.0,0.0,2011-12-31,0e6d3baabe3fe595,"Yahoo chart v8 adjclose 1mo/1d SPY,EFA,EEM,TLT,IEF,GLD,DBC,VNQ (descarga 2026-09-25); RF French CRSP 202607 sha256 b840dba55d319f48","{""activos"": [""SPY"", ""EFA"", ""EEM"", ""TLT"", ""IEF"", ""GLD"", ""DBC"", ""VNQ""], ""bruto_max"": 1.0, ""comision_por_lado"": 0.0, ""cortes"": [""2011-12-31""], ""efectivo_en_mxn"": false, ""extras"": [""vol_DBC"", ""vol_EEM"", ""vol_EFA"", ""vol_GLD"", ""vol_IEF"", ""vol_SPY"", ""vol_TLT"", ""vol_VNQ""], ""fx"": false, ""max_dias_fx"": 10, ""min_historia"": 12, ""motor"": ""R02.backtest_cartera"", ""periodos_por_anio"": 12, ""peso_max"": 0.125, ""peso_min"": 0.0, ""rebalanceo_con_deriva"": true, ""segmentos"": [""dentro_muestra"", ""fuera_muestra""], ""senal"": ""cartera_lo_vt_L3_obj0.1_tope1.0"", ""spread_por_lado"": 0.0, ""usuario"": {""L"": 3, ""escenario_costos"": ""bruto"", ""parte"": ""b"", ""sigma_obj"": 0.1, ""tipo"": ""solo largos"", ""tope_por_activo"": 1.0}, ""variante"": ""B_lo_vt10_L3""}",sensibilidad: bruto (sin comision ni spread)
2026-09-25T05:27:45.265579Z,R02,d4effd61ee,B_lo_vt10_L3,0,dentro_muestra,2007-02-28,2011-12-31,58,12,USD,0.3080109897241752,0.05707136270519375,0.036253884451149215,1.2295923396213262,2.5953174538616,-0.03193389567728255,1.7871719530227481,0.35495273413693723,0.24548201693804086,2.429703241129156,0.9969101764517656,0.33510307138439566,1.0,1.562812966770855,0.0,58,0.05903549563161037,0.011541522760558198,0.0,0.0,2011-12-31,0e6d3baabe3fe595,"Yahoo chart v8 adjclose 1mo/1d SPY,EFA,EEM,TLT,IEF,GLD,DBC,VNQ (descarga 2026-09-25); RF French CRSP 202607 sha256 b840dba55d319f48","{""activos"": [""SPY"", ""EFA"", ""EEM"", ""TLT"", ""IEF"", ""GLD"", ""DBC"", ""VNQ""], ""bruto_max"": 1.0, ""comision_por_lado"": 0.0, ""cortes"": [""2011-12-31""], ""efectivo_en_mxn"": false, ""extras"": [""vol_DBC"", ""vol_EEM"", ""vol_EFA"", ""vol_GLD"", ""vol_IEF"", ""vol_SPY"", ""vol_TLT"", ""vol_VNQ""], ""fx"": false, ""max_dias_fx"": 10, ""min_historia"": 12, ""motor"": ""R02.backtest_cartera"", ""periodos_por_anio"": 12, ""peso_max"": 0.125, ""peso_min"": 0.0, ""rebalanceo_con_deriva"": true, ""segmentos"": [""dentro_muestra"", ""fuera_muestra""], ""senal"": ""cartera_lo_vt_L3_obj0.1_tope1.0"", ""spread_por_lado"": 0.0, ""usuario"": {""L"": 3, ""escenario_costos"": ""bruto"", ""parte"": ""b"", ""sigma_obj"": 0.1, ""tipo"": ""solo largos"", ""tope_por_activo"": 1.0}, ""variante"": ""B_lo_vt10_L3""}",sensibilidad: bruto (sin comision ni spread)
2026-09-25T05:27:45.265579Z,R02,d4effd61ee,B_lo_vt10_L3,0,fuera_muestra,2011-12-31,2026-07-31,175,12,USD,0.6238655604392325,0.03380646560821776,0.03560855399597418,0.514923200077966,0.7685606331272927,-0.06303004094123366,0.5363548096016211,0.1486455240884986,-0.36720606096948977,3.5660447776336173,0.9710628018106362,0.42081724244932744,0.9657142857142857,2.3174901027913424,0.0,173,0.06443105052045439,0.01591439165222197,0.0,0.0,2011-12-31,0e6d3baabe3fe595,"Yahoo chart v8 adjclose 1mo/1d SPY,EFA,EEM,TLT,IEF,GLD,DBC,VNQ (descarga 2026-09-25); RF French CRSP 202607 sha256 b840dba55d319f48","{""activos"": [""SPY"", ""EFA"", ""EEM"", ""TLT"", ""IEF"", ""GLD"", ""DBC"", ""VNQ""], ""bruto_max"": 1.0, ""comision_por_lado"": 0.0, ""cortes"": [""2011-12-31""], ""efectivo_en_mxn"": false, ""extras"": [""vol_DBC"", ""vol_EEM"", ""vol_EFA"", ""vol_GLD"", ""vol_IEF"", ""vol_SPY"", ""vol_TLT"", ""vol_VNQ""], ""fx"": false, ""max_dias_fx"": 10, ""min_historia"": 12, ""motor"": ""R02.backtest_cartera"", ""periodos_por_anio"": 12, ""peso_max"": 0.125, ""peso_min"": 0.0, ""rebalanceo_con_deriva"": true, ""segmentos"": [""dentro_muestra"", ""fuera_muestra""], ""senal"": ""cartera_lo_vt_L3_obj0.1_tope1.0"", ""spread_por_lado"": 0.0, ""usuario"": {""L"": 3, ""escenario_costos"": ""bruto"", ""parte"": ""b"", ""sigma_obj"": 0.1, ""tipo"": ""solo largos"", ""tope_por_activo"": 1.0}, ""variante"": ""B_lo_vt10_L3""}",sensibilidad: bruto (sin comision ni spread)
2026-09-25T05:27:45.298766Z,R02,c9d006f87a,B_lo_vt10_L6,0,completo,2007-02-28,2026-07-31,233,12,USD,1.0778007455885272,0.03837645505231335,0.036636295098940994,0.6506254899578527,1.028645999039008,-0.04767429760658792,0.804971588024199,0.18781940088439922,-0.223468800919345,3.1996245955990257,0.997255496546547,0.4135127839866263,0.9828326180257511,1.6628413707761298,0.0,231,0.06308435048820926,0.014823262699370066,0.0,0.0,2011-12-31,0e6d3baabe3fe595,"Yahoo chart v8 adjclose 1mo/1d SPY,EFA,EEM,TLT,IEF,GLD,DBC,VNQ (descarga 2026-09-25); RF French CRSP 202607 sha256 b840dba55d319f48","{""activos"": [""SPY"", ""EFA"", ""EEM"", ""TLT"", ""IEF"", ""GLD"", ""DBC"", ""VNQ""], ""bruto_max"": 1.0, ""comision_por_lado"": 0.0, ""cortes"": [""2011-12-31""], ""efectivo_en_mxn"": false, ""extras"": [""vol_DBC"", ""vol_EEM"", ""vol_EFA"", ""vol_GLD"", ""vol_IEF"", ""vol_SPY"", ""vol_TLT"", ""vol_VNQ""], ""fx"": false, ""max_dias_fx"": 10, ""min_historia"": 12, ""motor"": ""R02.backtest_cartera"", ""periodos_por_anio"": 12, ""peso_max"": 0.125, ""peso_min"": 0.0, ""rebalanceo_con_deriva"": true, ""segmentos"": [""dentro_muestra"", ""fuera_muestra""], ""senal"": ""cartera_lo_vt_L6_obj0.1_tope1.0"", ""spread_por_lado"": 0.0, ""usuario"": {""L"": 6, ""escenario_costos"": ""bruto"", ""parte"": ""b"", ""sigma_obj"": 0.1, ""tipo"": ""solo largos"", ""tope_por_activo"": 1.0}, ""variante"": ""B_lo_vt10_L6""}",sensibilidad: bruto (sin comision ni spread)
2026-09-25T05:27:45.298766Z,R02,c9d006f87a,B_lo_vt10_L6,0,dentro_muestra,2007-02-28,2011-12-31,58,12,USD,0.2413578475639515,0.045704792772480074,0.03206553318676884,1.0707704067282398,2.0311648990144957,-0.023073263886119744,1.980855114302873,0.30910479128241714,0.042827044184933175,2.9052531744015164,0.9891883767917178,0.3541343224680615,1.0,1.3682880499086714,0.0,58,0.05903549563161037,0.011541522760558198,0.0,0.0,2011-12-31,0e6d3baabe3fe595,"Yahoo chart v8 adjclose 1mo/1d SPY,EFA,EEM,TLT,IEF,GLD,DBC,VNQ (descarga 2026-09-25); RF French CRSP 202607 sha256 b840dba55d319f48","{""activos"": [""SPY"", ""EFA"", ""EEM"", ""TLT"", ""IEF"", ""GLD"", ""DBC"", ""VNQ""], ""bruto_max"": 1.0, ""comision_por_lado"": 0.0, ""cortes"": [""2011-12-31""], ""efectivo_en_mxn"": false, ""extras"": [""vol_DBC"", ""vol_EEM"", ""vol_EFA"", ""vol_GLD"", ""vol_IEF"", ""vol_SPY"", ""vol_TLT"", ""vol_VNQ""], ""fx"": false, ""max_dias_fx"": 10, ""min_historia"": 12, ""motor"": ""R02.backtest_cartera"", ""periodos_por_anio"": 12, ""peso_max"": 0.125, ""peso_min"": 0.0, ""rebalanceo_con_deriva"": true, ""segmentos"": [""dentro_muestra"", ""fuera_muestra""], ""senal"": ""cartera_lo_vt_L6_obj0.1_tope1.0"", ""spread_por_lado"": 0.0, ""usuario"": {""L"": 6, ""escenario_costos"": ""bruto"", ""parte"": ""b"", ""sigma_obj"": 0.1, ""tipo"": ""solo largos"", ""tope_por_activo"": 1.0}, ""variante"": ""B_lo_vt10_L6""}",sensibilidad: bruto (sin comision ni spread)
2026-09-25T05:27:45.298766Z,R02,c9d006f87a,B_lo_vt10_L6,0,fuera_muestra,2011-12-31,2026-07-31,175,12,USD,0.6738128732710069,0.03595650569282505,0.03809232106374657,0.5360905865179562,0.8198498942807281,-0.04767429760658792,0.754211545800653,0.15475602221808318,-0.24867338542296455,3.144074805677132,0.9767553334208694,0.4331925026613506,0.9771428571428571,1.7605649378006885,0.0,173,0.06443105052045439,0.01591439165222197,0.0,0.0,2011-12-31,0e6d3baabe3fe595,"Yahoo chart v8 adjclose 1mo/1d SPY,EFA,EEM,TLT,IEF,GLD,DBC,VNQ (descarga 2026-09-25); RF French CRSP 202607 sha256 b840dba55d319f48","{""activos"": [""SPY"", ""EFA"", ""EEM"", ""TLT"", ""IEF"", ""GLD"", ""DBC"", ""VNQ""], ""bruto_max"": 1.0, ""comision_por_lado"": 0.0, ""cortes"": [""2011-12-31""], ""efectivo_en_mxn"": false, ""extras"": [""vol_DBC"", ""vol_EEM"", ""vol_EFA"", ""vol_GLD"", ""vol_IEF"", ""vol_SPY"", ""vol_TLT"", ""vol_VNQ""], ""fx"": false, ""max_dias_fx"": 10, ""min_historia"": 12, ""motor"": ""R02.backtest_cartera"", ""periodos_por_anio"": 12, ""peso_max"": 0.125, ""peso_min"": 0.0, ""rebalanceo_con_deriva"": true, ""segmentos"": [""dentro_muestra"", ""fuera_muestra""], ""senal"": ""cartera_lo_vt_L6_obj0.1_tope1.0"", ""spread_por_lado"": 0.0, ""usuario"": {""L"": 6, ""escenario_costos"": ""bruto"", ""parte"": ""b"", ""sigma_obj"": 0.1, ""tipo"": ""solo largos"", ""tope_por_activo"": 1.0}, ""variante"": ""B_lo_vt10_L6""}",sensibilidad: bruto (sin comision ni spread)
2026-09-25T05:27:45.333830Z,R02,fc720ffc36,B_lo_vt10_L12,0,completo,2007-02-28,2026-07-31,233,12,USD,1.1766426358504658,0.040864403103037183,0.03781467749494631,0.6969502638519891,1.1269185385524771,-0.06163443395856216,0.6630125479940481,0.2011922112233633,-0.1769835273279256,3.1532043974218884,0.9985593974910689,0.42290315590021926,0.9871244635193133,1.1856182849230983,0.0,232,0.06308435048820926,0.014823262699370066,0.0,0.0,2011-12-31,0e6d3baabe3fe595,"Yahoo chart v8 adjclose 1mo/1d SPY,EFA,EEM,TLT,IEF,GLD,DBC,VNQ (descarga 2026-09-25); RF French CRSP 202607 sha256 b840dba55d319f48","{""activos"": [""SPY"", ""EFA"", ""EEM"", ""TLT"", ""IEF"", ""GLD"", ""DBC"", ""VNQ""], ""bruto_max"": 1.0, ""comision_por_lado"": 0.0, ""cortes"": [""2011-12-31""], ""efectivo_en_mxn"": false, ""extras"": [""vol_DBC"", ""vol_EEM"", ""vol_EFA"", ""vol_GLD"", ""vol_IEF"", ""vol_SPY"", ""vol_TLT"", ""vol_VNQ""], ""fx"": false, ""max_dias_fx"": 10, ""min_historia"": 12, ""motor"": ""R02.backtest_cartera"", ""periodos_por_anio"": 12, ""peso_max"": 0.125, ""peso_min"": 0.0, ""rebalanceo_con_deriva"": true, ""segmentos"": [""dentro_muestra"", ""fuera_muestra""], ""senal"": ""cartera_lo_vt_L12_obj0.1_tope1.0"", ""spread_por_lado"": 0.0, ""usuario"": {""L"": 12, ""escenario_costos"": ""bruto"", ""parte"": ""b"", ""sigma_obj"": 0.1, ""tipo"": ""solo largos"", ""tope_por_activo"": 1.0}, ""variante"": ""B_lo_vt10_L12""}",sensibilidad: bruto (sin comision ni spread)
2026-09-25T05:27:45.333830Z,R02,fc720ffc36,B_lo_vt10_L12,0,dentro_muestra,2007-02-28,2011-12-31,58,12,USD,0.2597949915608089,0.04889644805123594,0.03873592412382816,0.9674052096878789,1.776519784730055,-0.02567935714017011,1.9041149583432302,0.27926582911437164,0.018863425227137815,2.7951357166157607,0.9811337448160711,0.4230485745408925,1.0,0.9280729446000096,0.0,58,0.05903549563161037,0.011541522760558198,0.0,0.0,2011-12-31,0e6d3baabe3fe595,"Yahoo chart v8 adjclose 1mo/1d SPY,EFA,EEM,TLT,IEF,GLD,DBC,VNQ (descarga 2026-09-25); RF French CRSP 202607 sha256 b840dba55d319f48","{""activos"": [""SPY"", ""EFA"", ""EEM"", ""TLT"", ""IEF"", ""GLD"", ""DBC"", ""VNQ""], ""bruto_max"": 1.0, ""comision_por_lado"": 0.0, ""cortes"": [""2011-12-31""], ""efectivo_en_mxn"": false, ""extras"": [""vol_DBC"", ""vol_EEM"", ""vol_EFA"", ""vol_GLD"", ""vol_IEF"", ""vol_SPY"", ""vol_TLT"", ""vol_VNQ""], ""fx"": false, ""max_dias_fx"": 10, ""min_historia"": 12, ""motor"": ""R02.backtest_cartera"", ""periodos_por_anio"": 12, ""peso_max"": 0.125, ""peso_min"": 0.0, ""rebalanceo_con_deriva"": true, ""segmentos"": [""dentro_muestra"", ""fuera_muestra""], ""senal"": ""cartera_lo_vt_L12_obj0.1_tope1.0"", ""spread_por_lado"": 0.0, ""usuario"": {""L"": 12, ""escenario_costos"": ""bruto"", ""parte"": ""b"", ""sigma_obj"": 0.1, ""tipo"": ""solo largos"", ""tope_por_activo"": 1.0}, ""variante"": ""B_lo_vt10_L12""}",sensibilidad: bruto (sin comision ni spread)
2026-09-25T05:27:45.333830Z,R02,fc720ffc36,B_lo_vt10_L12,0,fuera_muestra,2011-12-31,2026-07-31,175,12,USD,0.7277752733035878,0.03821323333511639,0.037587614368573524,0.6036070465488348,0.9406781435377805,-0.06163443395856183,0.6199981224912032,0.17424634540486236,-0.25243879636635075,3.2518916604095307,0.9871704555374006,0.4228549600078818,0.9828571428571429,1.2710637630212762,0.0,174,0.06443105052045439,0.01591439165222197,0.0,0.0,2011-12-31,0e6d3baabe3fe595,"Yahoo chart v8 adjclose 1mo/1d SPY,EFA,EEM,TLT,IEF,GLD,DBC,VNQ (descarga 2026-09-25); RF French CRSP 202607 sha256 b840dba55d319f48","{""activos"": [""SPY"", ""EFA"", ""EEM"", ""TLT"", ""IEF"", ""GLD"", ""DBC"", ""VNQ""], ""bruto_max"": 1.0, ""comision_por_lado"": 0.0, ""cortes"": [""2011-12-31""], ""efectivo_en_mxn"": false, ""extras"": [""vol_DBC"", ""vol_EEM"", ""vol_EFA"", ""vol_GLD"", ""vol_IEF"", ""vol_SPY"", ""vol_TLT"", ""vol_VNQ""], ""fx"": false, ""max_dias_fx"": 10, ""min_historia"": 12, ""motor"": ""R02.backtest_cartera"", ""periodos_por_anio"": 12, ""peso_max"": 0.125, ""peso_min"": 0.0, ""rebalanceo_con_deriva"": true, ""segmentos"": [""dentro_muestra"", ""fuera_muestra""], ""senal"": ""cartera_lo_vt_L12_obj0.1_tope1.0"", ""spread_por_lado"": 0.0, ""usuario"": {""L"": 12, ""escenario_costos"": ""bruto"", ""parte"": ""b"", ""sigma_obj"": 0.1, ""tipo"": ""solo largos"", ""tope_por_activo"": 1.0}, ""variante"": ""B_lo_vt10_L12""}",sensibilidad: bruto (sin comision ni spread)
2026-09-25T05:27:45.365468Z,R02,bb5999de77,B_lo_L3,0,completo,2007-02-28,2026-07-31,233,12,USD,2.0782678284149156,0.05960758990827286,0.06235674093335165,0.7249616738121801,1.2157919638460397,-0.1068685707452437,0.5577653887630547,0.20927840876381196,0.07076137409011041,3.912007961926098,0.9992132141345995,0.5933476394849786,0.9742489270386266,2.9515334077163353,0.0,185,0.06308435048820926,0.014823262699370066,0.0,0.0,2011-12-31,0e6d3baabe3fe595,"Yahoo chart v8 adjclose 1mo/1d SPY,EFA,EEM,TLT,IEF,GLD,DBC,VNQ (descarga 2026-09-25); RF French CRSP 202607 sha256 b840dba55d319f48","{""activos"": [""SPY"", ""EFA"", ""EEM"", ""TLT"", ""IEF"", ""GLD"", ""DBC"", ""VNQ""], ""bruto_max"": 1.0, ""comision_por_lado"": 0.0, ""cortes"": [""2011-12-31""], ""efectivo_en_mxn"": false, ""extras"": [""vol_DBC"", ""vol_EEM"", ""vol_EFA"", ""vol_GLD"", ""vol_IEF"", ""vol_SPY"", ""vol_TLT"", ""vol_VNQ""], ""fx"": false, ""max_dias_fx"": 10, ""min_historia"": 12, ""motor"": ""R02.backtest_cartera"", ""periodos_por_anio"": 12, ""peso_max"": 0.125, ""peso_min"": 0.0, ""rebalanceo_con_deriva"": true, ""segmentos"": [""dentro_muestra"", ""fuera_muestra""], ""senal"": ""cartera_lo_L3_obj0.0_tope1.0"", ""spread_por_lado"": 0.0, ""usuario"": {""L"": 3, ""escenario_costos"": ""bruto"", ""parte"": ""b"", ""tipo"": ""solo largos binaria""}, ""variante"": ""B_lo_L3""}",sensibilidad: bruto (sin comision ni spread)
2026-09-25T05:27:45.365468Z,R02,bb5999de77,B_lo_L3,0,dentro_muestra,2007-02-28,2011-12-31,58,12,USD,0.566814041974893,0.09726451115965773,0.08099258504108348,1.0432352247854322,1.932370631303221,-0.1068685707452437,0.9101320480042687,0.30115606892898455,0.021178870050055282,2.734103046850772,0.98736110796994,0.6056034482758621,1.0,2.6471306608558254,0.0,42,0.05903549563161037,0.011541522760558198,0.0,0.0,2011-12-31,0e6d3baabe3fe595,"Yahoo chart v8 adjclose 1mo/1d SPY,EFA,EEM,TLT,IEF,GLD,DBC,VNQ (descarga 2026-09-25); RF French CRSP 202607 sha256 b840dba55d319f48","{""activos"": [""SPY"", ""EFA"", ""EEM"", ""TLT"", ""IEF"", ""GLD"", ""DBC"", ""VNQ""], ""bruto_max"": 1.0, ""comision_por_lado"": 0.0, ""cortes"": [""2011-12-31""], ""efectivo_en_mxn"": false, ""extras"": [""vol_DBC"", ""vol_EEM"", ""vol_EFA"", ""vol_GLD"", ""vol_IEF"", ""vol_SPY"", ""vol_TLT"", ""vol_VNQ""], ""fx"": false, ""max_dias_fx"": 10, ""min_historia"": 12, ""motor"": ""R02.backtest_cartera"", ""periodos_por_anio"": 12, ""peso_max"": 0.125, ""peso_min"": 0.0, ""rebalanceo_con_deriva"": true, ""segmentos"": [""dentro_muestra"", ""fuera_muestra""], ""senal"": ""cartera_lo_L3_obj0.0_tope1.0"", ""spread_por_lado"": 0.0, ""usuario"": {""L"": 3, ""escenario_costos"": ""bruto"", ""parte"": ""b"", ""tipo"": ""solo largos binaria""}, ""variante"": ""B_lo_L3""}",sensibilidad: bruto (sin comision ni spread)
2026-09-25T05:27:45.365468Z,R02,bb5999de77,B_lo_L3,0,fuera_muestra,2011-12-31,2026-07-31,175,12,USD,0.9646669904329621,0.047401921271167824,0.054647321652819776,0.5894288548954065,0.9247949488435933,-0.09299052414945685,0.5097500170553098,0.1701534540209979,-0.13894778568069105,4.306246279648855,0.9858435031003479,0.5892857142857143,0.9657142857142857,3.0525247058204514,0.0,143,0.06443105052045439,0.01591439165222197,0.0,0.0,2011-12-31,0e6d3baabe3fe595,"Yahoo chart v8 adjclose 1mo/1d SPY,EFA,EEM,TLT,IEF,GLD,DBC,VNQ (descarga 2026-09-25); RF French CRSP 202607 sha256 b840dba55d319f48","{""activos"": [""SPY"", ""EFA"", ""EEM"", ""TLT"", ""IEF"", ""GLD"", ""DBC"", ""VNQ""], ""bruto_max"": 1.0, ""comision_por_lado"": 0.0, ""cortes"": [""2011-12-31""], ""efectivo_en_mxn"": false, ""extras"": [""vol_DBC"", ""vol_EEM"", ""vol_EFA"", ""vol_GLD"", ""vol_IEF"", ""vol_SPY"", ""vol_TLT"", ""vol_VNQ""], ""fx"": false, ""max_dias_fx"": 10, ""min_historia"": 12, ""motor"": ""R02.backtest_cartera"", ""periodos_por_anio"": 12, ""peso_max"": 0.125, ""peso_min"": 0.0, ""rebalanceo_con_deriva"": true, ""segmentos"": [""dentro_muestra"", ""fuera_muestra""], ""senal"": ""cartera_lo_L3_obj0.0_tope1.0"", ""spread_por_lado"": 0.0, ""usuario"": {""L"": 3, ""escenario_costos"": ""bruto"", ""parte"": ""b"", ""tipo"": ""solo largos binaria""}, ""variante"": ""B_lo_L3""}",sensibilidad: bruto (sin comision ni spread)
2026-09-25T05:27:45.397862Z,R02,8089f96ea5,B_lo_L6,0,completo,2007-02-28,2026-07-31,233,12,USD,1.8552166312133491,0.05551126921776195,0.059769883213351464,0.6898728243168677,1.1531244897114314,-0.07020805585863221,0.7906680870003999,0.1991491304129755,0.08725117703852855,3.522742990152143,0.9987437498658984,0.6078326180257511,0.9828326180257511,2.2672276430918656,0.0,166,0.06308435048820926,0.014823262699370066,0.0,0.0,2011-12-31,0e6d3baabe3fe595,"Yahoo chart v8 adjclose 1mo/1d SPY,EFA,EEM,TLT,IEF,GLD,DBC,VNQ (descarga 2026-09-25); RF French CRSP 202607 sha256 b840dba55d319f48","{""activos"": [""SPY"", ""EFA"", ""EEM"", ""TLT"", ""IEF"", ""GLD"", ""DBC"", ""VNQ""], ""bruto_max"": 1.0, ""comision_por_lado"": 0.0, ""cortes"": [""2011-12-31""], ""efectivo_en_mxn"": false, ""extras"": [""vol_DBC"", ""vol_EEM"", ""vol_EFA"", ""vol_GLD"", ""vol_IEF"", ""vol_SPY"", ""vol_TLT"", ""vol_VNQ""], ""fx"": false, ""max_dias_fx"": 10, ""min_historia"": 12, ""motor"": ""R02.backtest_cartera"", ""periodos_por_anio"": 12, ""peso_max"": 0.125, ""peso_min"": 0.0, ""rebalanceo_con_deriva"": true, ""segmentos"": [""dentro_muestra"", ""fuera_muestra""], ""senal"": ""cartera_lo_L6_obj0.0_tope1.0"", ""spread_por_lado"": 0.0, ""usuario"": {""L"": 6, ""escenario_costos"": ""bruto"", ""parte"": ""b"", ""tipo"": ""solo largos binaria""}, ""variante"": ""B_lo_L6""}",sensibilidad: bruto (sin comision ni spread)
2026-09-25T05:27:45.397862Z,R02,8089f96ea5,B_lo_L6,0,dentro_muestra,2007-02-28,2011-12-31,58,12,USD,0.4617369476309403,0.08163194281762265,0.06933399851351613,1.0054520729164789,1.9068149008186999,-0.0475240433802715,1.7176977590991396,0.29024901247779816,0.06617922090312141,3.0025526599258936,0.9848670327412483,0.6379310344827587,1.0,2.1585582600287645,0.0,37,0.05903549563161037,0.011541522760558198,0.0,0.0,2011-12-31,0e6d3baabe3fe595,"Yahoo chart v8 adjclose 1mo/1d SPY,EFA,EEM,TLT,IEF,GLD,DBC,VNQ (descarga 2026-09-25); RF French CRSP 202607 sha256 b840dba55d319f48","{""activos"": [""SPY"", ""EFA"", ""EEM"", ""TLT"", ""IEF"", ""GLD"", ""DBC"", ""VNQ""], ""bruto_max"": 1.0, ""comision_por_lado"": 0.0, ""cortes"": [""2011-12-31""], ""efectivo_en_mxn"": false, ""extras"": [""vol_DBC"", ""vol_EEM"", ""vol_EFA"", ""vol_GLD"", ""vol_IEF"", ""vol_SPY"", ""vol_TLT"", ""vol_VNQ""], ""fx"": false, ""max_dias_fx"": 10, ""min_historia"": 12, ""motor"": ""R02.backtest_cartera"", ""periodos_por_anio"": 12, ""peso_max"": 0.125, ""peso_min"": 0.0, ""rebalanceo_con_deriva"": true, ""segmentos"": [""dentro_muestra"", ""fuera_muestra""], ""senal"": ""cartera_lo_L6_obj0.0_tope1.0"", ""spread_por_lado"": 0.0, ""usuario"": {""L"": 6, ""escenario_costos"": ""bruto"", ""parte"": ""b"", ""tipo"": ""solo largos binaria""}, ""variante"": ""B_lo_L6""}",sensibilidad: bruto (sin comision ni spread)
2026-09-25T05:27:45.397862Z,R02,8089f96ea5,B_lo_L6,0,fuera_muestra,2011-12-31,2026-07-31,175,12,USD,0.9533040030498254,0.04698536030265088,0.05625787246388783,0.5657193517840383,0.8958495850928468,-0.07020805585863199,0.6692303287425967,0.16330911001914755,0.02488446903209625,3.6673352332303693,0.9838051178644633,0.5978571428571429,0.9771428571428571,2.3032807410776908,0.0,129,0.06443105052045439,0.01591439165222197,0.0,0.0,2011-12-31,0e6d3baabe3fe595,"Yahoo chart v8 adjclose 1mo/1d SPY,EFA,EEM,TLT,IEF,GLD,DBC,VNQ (descarga 2026-09-25); RF French CRSP 202607 sha256 b840dba55d319f48","{""activos"": [""SPY"", ""EFA"", ""EEM"", ""TLT"", ""IEF"", ""GLD"", ""DBC"", ""VNQ""], ""bruto_max"": 1.0, ""comision_por_lado"": 0.0, ""cortes"": [""2011-12-31""], ""efectivo_en_mxn"": false, ""extras"": [""vol_DBC"", ""vol_EEM"", ""vol_EFA"", ""vol_GLD"", ""vol_IEF"", ""vol_SPY"", ""vol_TLT"", ""vol_VNQ""], ""fx"": false, ""max_dias_fx"": 10, ""min_historia"": 12, ""motor"": ""R02.backtest_cartera"", ""periodos_por_anio"": 12, ""peso_max"": 0.125, ""peso_min"": 0.0, ""rebalanceo_con_deriva"": true, ""segmentos"": [""dentro_muestra"", ""fuera_muestra""], ""senal"": ""cartera_lo_L6_obj0.0_tope1.0"", ""spread_por_lado"": 0.0, ""usuario"": {""L"": 6, ""escenario_costos"": ""bruto"", ""parte"": ""b"", ""tipo"": ""solo largos binaria""}, ""variante"": ""B_lo_L6""}",sensibilidad: bruto (sin comision ni spread)
2026-09-25T05:27:45.431169Z,R02,a633dd83df,B_lo_L12,0,completo,2007-02-28,2026-07-31,233,12,USD,1.802113186280628,0.054491346706562194,0.06366337492978191,0.6371485652672398,1.018701718880198,-0.09093989765059562,0.5992017597812339,0.1839289478354124,-0.23080582550604584,4.213153618178972,0.9966237092318317,0.621244635193133,0.9871244635193133,1.5053305659359661,0.0,136,0.06308435048820926,0.014823262699370066,0.0,0.0,2011-12-31,0e6d3baabe3fe595,"Yahoo chart v8 adjclose 1mo/1d SPY,EFA,EEM,TLT,IEF,GLD,DBC,VNQ (descarga 2026-09-25); RF French CRSP 202607 sha256 b840dba55d319f48","{""activos"": [""SPY"", ""EFA"", ""EEM"", ""TLT"", ""IEF"", ""GLD"", ""DBC"", ""VNQ""], ""bruto_max"": 1.0, ""comision_por_lado"": 0.0, ""cortes"": [""2011-12-31""], ""efectivo_en_mxn"": false, ""extras"": [""vol_DBC"", ""vol_EEM"", ""vol_EFA"", ""vol_GLD"", ""vol_IEF"", ""vol_SPY"", ""vol_TLT"", ""vol_VNQ""], ""fx"": false, ""max_dias_fx"": 10, ""min_historia"": 12, ""motor"": ""R02.backtest_cartera"", ""periodos_por_anio"": 12, ""peso_max"": 0.125, ""peso_min"": 0.0, ""rebalanceo_con_deriva"": true, ""segmentos"": [""dentro_muestra"", ""fuera_muestra""], ""senal"": ""cartera_lo_L12_obj0.0_tope1.0"", ""spread_por_lado"": 0.0, ""usuario"": {""L"": 12, ""escenario_costos"": ""bruto"", ""parte"": ""b"", ""tipo"": ""solo largos binaria""}, ""variante"": ""B_lo_L12""}",sensibilidad: bruto (sin comision ni spread)
2026-09-25T05:27:45.431169Z,R02,a633dd83df,B_lo_L12,0,dentro_muestra,2007-02-28,2011-12-31,58,12,USD,0.35888673034491303,0.0654420079037028,0.08701653803558777,0.6425925053984476,1.0215930341221673,-0.09093989765059562,0.7196182269210436,0.1855004779855149,-0.40192234024061346,3.659156804897128,0.9093696639714012,0.7176724137931034,1.0,1.3706700095093036,0.0,28,0.05903549563161037,0.011541522760558198,0.0,0.0,2011-12-31,0e6d3baabe3fe595,"Yahoo chart v8 adjclose 1mo/1d SPY,EFA,EEM,TLT,IEF,GLD,DBC,VNQ (descarga 2026-09-25); RF French CRSP 202607 sha256 b840dba55d319f48","{""activos"": [""SPY"", ""EFA"", ""EEM"", ""TLT"", ""IEF"", ""GLD"", ""DBC"", ""VNQ""], ""bruto_max"": 1.0, ""comision_por_lado"": 0.0, ""cortes"": [""2011-12-31""], ""efectivo_en_mxn"": false, ""extras"": [""vol_DBC"", ""vol_EEM"", ""vol_EFA"", ""vol_GLD"", ""vol_IEF"", ""vol_SPY"", ""vol_TLT"", ""vol_VNQ""], ""fx"": false, ""max_dias_fx"": 10, ""min_historia"": 12, ""motor"": ""R02.backtest_cartera"", ""periodos_por_anio"": 12, ""peso_max"": 0.125, ""peso_min"": 0.0, ""rebalanceo_con_deriva"": true, ""segmentos"": [""dentro_muestra"", ""fuera_muestra""], ""senal"": ""cartera_lo_L12_obj0.0_tope1.0"", ""spread_por_lado"": 0.0, ""usuario"": {""L"": 12, ""escenario_costos"": ""bruto"", ""parte"": ""b"", ""tipo"": ""solo largos binaria""}, ""variante"": ""B_lo_L12""}",sensibilidad: bruto (sin comision ni spread)
2026-09-25T05:27:45.431169Z,R02,a633dd83df,B_lo_L12,0,fuera_muestra,2011-12-31,2026-07-31,175,12,USD,1.0620653095710142,0.05088318224999955,0.054019756558876406,0.6573408074555992,1.0614004908226704,-0.07992211506881919,0.6366596054944886,0.18975794606690807,-0.08488740348532559,2.9877924135218357,0.9930836626878419,0.5892857142857143,0.9828571428571429,1.5500067212506319,0.0,108,0.06443105052045439,0.01591439165222197,0.0,0.0,2011-12-31,0e6d3baabe3fe595,"Yahoo chart v8 adjclose 1mo/1d SPY,EFA,EEM,TLT,IEF,GLD,DBC,VNQ (descarga 2026-09-25); RF French CRSP 202607 sha256 b840dba55d319f48","{""activos"": [""SPY"", ""EFA"", ""EEM"", ""TLT"", ""IEF"", ""GLD"", ""DBC"", ""VNQ""], ""bruto_max"": 1.0, ""comision_por_lado"": 0.0, ""cortes"": [""2011-12-31""], ""efectivo_en_mxn"": false, ""extras"": [""vol_DBC"", ""vol_EEM"", ""vol_EFA"", ""vol_GLD"", ""vol_IEF"", ""vol_SPY"", ""vol_TLT"", ""vol_VNQ""], ""fx"": false, ""max_dias_fx"": 10, ""min_historia"": 12, ""motor"": ""R02.backtest_cartera"", ""periodos_por_anio"": 12, ""peso_max"": 0.125, ""peso_min"": 0.0, ""rebalanceo_con_deriva"": true, ""segmentos"": [""dentro_muestra"", ""fuera_muestra""], ""senal"": ""cartera_lo_L12_obj0.0_tope1.0"", ""spread_por_lado"": 0.0, ""usuario"": {""L"": 12, ""escenario_costos"": ""bruto"", ""parte"": ""b"", ""tipo"": ""solo largos binaria""}, ""variante"": ""B_lo_L12""}",sensibilidad: bruto (sin comision ni spread)
2026-09-25T05:27:45.458423Z,R02,016e60cc75,B_ref_1N,0,completo,2007-02-28,2026-07-31,233,12,USD,2.2804539470022793,0.06308435048820926,0.10977002081518034,0.4803612704369323,0.6956179787119555,-0.34446315157244256,0.1831381679004997,0.13866835439751674,-0.8827370973506472,6.956616889234193,0.97550521646553,1.0,1.0,0.3907319851161981,0.0,1,0.06308435048820926,0.014823262699370066,0.0,0.0,2011-12-31,0e6d3baabe3fe595,"Yahoo chart v8 adjclose 1mo/1d SPY,EFA,EEM,TLT,IEF,GLD,DBC,VNQ (descarga 2026-09-25); RF French CRSP 202607 sha256 b840dba55d319f48","{""activos"": [""SPY"", ""EFA"", ""EEM"", ""TLT"", ""IEF"", ""GLD"", ""DBC"", ""VNQ""], ""bruto_max"": 1.0, ""comision_por_lado"": 0.0, ""cortes"": [""2011-12-31""], ""efectivo_en_mxn"": false, ""extras"": [""vol_DBC"", ""vol_EEM"", ""vol_EFA"", ""vol_GLD"", ""vol_IEF"", ""vol_SPY"", ""vol_TLT"", ""vol_VNQ""], ""fx"": false, ""max_dias_fx"": 10, ""min_historia"": 12, ""motor"": ""R02.backtest_cartera"", ""periodos_por_anio"": 12, ""peso_max"": 0.125, ""peso_min"": 0.0, ""rebalanceo_con_deriva"": true, ""segmentos"": [""dentro_muestra"", ""fuera_muestra""], ""senal"": ""cartera_ref_1n_L12_obj0.0_tope1.0"", ""spread_por_lado"": 0.0, ""usuario"": {""escenario_costos"": ""bruto"", ""parte"": ""b"", ""tipo"": ""referencia""}, ""variante"": ""B_ref_1N""}",referencia; sensibilidad: bruto (sin comision ni spread)
2026-09-25T05:27:45.458423Z,R02,016e60cc75,B_ref_1N,0,dentro_muestra,2007-02-28,2011-12-31,58,12,USD,0.31981073714632346,0.05903549563161037,0.1507241835496157,0.3814321962534295,0.5309668672353247,-0.34446315157244256,0.1713840663714501,0.11010999059225385,-1.149677194617747,6.406263644283778,0.781591782896907,1.0,1.0,0.6665025969601525,0.0,1,0.05903549563161037,0.011541522760558198,0.0,0.0,2011-12-31,0e6d3baabe3fe595,"Yahoo chart v8 adjclose 1mo/1d SPY,EFA,EEM,TLT,IEF,GLD,DBC,VNQ (descarga 2026-09-25); RF French CRSP 202607 sha256 b840dba55d319f48","{""activos"": [""SPY"", ""EFA"", ""EEM"", ""TLT"", ""IEF"", ""GLD"", ""DBC"", ""VNQ""], ""bruto_max"": 1.0, ""comision_por_lado"": 0.0, ""cortes"": [""2011-12-31""], ""efectivo_en_mxn"": false, ""extras"": [""vol_DBC"", ""vol_EEM"", ""vol_EFA"", ""vol_GLD"", ""vol_IEF"", ""vol_SPY"", ""vol_TLT"", ""vol_VNQ""], ""fx"": false, ""max_dias_fx"": 10, ""min_historia"": 12, ""motor"": ""R02.backtest_cartera"", ""periodos_por_anio"": 12, ""peso_max"": 0.125, ""peso_min"": 0.0, ""rebalanceo_con_deriva"": true, ""segmentos"": [""dentro_muestra"", ""fuera_muestra""], ""senal"": ""cartera_ref_1n_L12_obj0.0_tope1.0"", ""spread_por_lado"": 0.0, ""usuario"": {""escenario_costos"": ""bruto"", ""parte"": ""b"", ""tipo"": ""referencia""}, ""variante"": ""B_ref_1N""}",referencia; sensibilidad: bruto (sin comision ni spread)
2026-09-25T05:27:45.458423Z,R02,016e60cc75,B_ref_1N,0,fuera_muestra,2011-12-31,2026-07-31,175,12,USD,1.4855487644351397,0.06443105052045439,0.092864475148215,0.5514670148472868,0.8349340839220166,-0.1914387296391583,0.3365622548890712,0.15919481473564018,-0.3600255071790851,3.726125862711814,0.9786040912796974,1.0,1.0,0.29923993270758625,0.0,0,0.06443105052045439,0.01591439165222197,0.0,0.0,2011-12-31,0e6d3baabe3fe595,"Yahoo chart v8 adjclose 1mo/1d SPY,EFA,EEM,TLT,IEF,GLD,DBC,VNQ (descarga 2026-09-25); RF French CRSP 202607 sha256 b840dba55d319f48","{""activos"": [""SPY"", ""EFA"", ""EEM"", ""TLT"", ""IEF"", ""GLD"", ""DBC"", ""VNQ""], ""bruto_max"": 1.0, ""comision_por_lado"": 0.0, ""cortes"": [""2011-12-31""], ""efectivo_en_mxn"": false, ""extras"": [""vol_DBC"", ""vol_EEM"", ""vol_EFA"", ""vol_GLD"", ""vol_IEF"", ""vol_SPY"", ""vol_TLT"", ""vol_VNQ""], ""fx"": false, ""max_dias_fx"": 10, ""min_historia"": 12, ""motor"": ""R02.backtest_cartera"", ""periodos_por_anio"": 12, ""peso_max"": 0.125, ""peso_min"": 0.0, ""rebalanceo_con_deriva"": true, ""segmentos"": [""dentro_muestra"", ""fuera_muestra""], ""senal"": ""cartera_ref_1n_L12_obj0.0_tope1.0"", ""spread_por_lado"": 0.0, ""usuario"": {""escenario_costos"": ""bruto"", ""parte"": ""b"", ""tipo"": ""referencia""}, ""variante"": ""B_ref_1N""}",referencia; sensibilidad: bruto (sin comision ni spread)
2026-09-25T05:27:45.486576Z,R02,5fe09624b5,B_ref_1N_sin_rebalanceo,0,completo,2007-02-28,2026-07-31,233,12,USD,2.2468199812800433,0.06252033265622603,0.10576697585727664,0.4902925803429319,0.7046224750364415,-0.3010668291034704,0.20766264035929077,0.14153527662133397,-0.9248135005846267,6.738475803622333,0.9773537804782622,0.9999999999999994,1.0,0.05149443112928239,0.0,233,0.06308435048820926,0.014823262699370066,0.0,0.0,2011-12-31,0e6d3baabe3fe595,"Yahoo chart v8 adjclose 1mo/1d SPY,EFA,EEM,TLT,IEF,GLD,DBC,VNQ (descarga 2026-09-25); RF French CRSP 202607 sha256 b840dba55d319f48","{""activos"": [""SPY"", ""EFA"", ""EEM"", ""TLT"", ""IEF"", ""GLD"", ""DBC"", ""VNQ""], ""bruto_max"": 1.0, ""comision_por_lado"": 0.0, ""cortes"": [""2011-12-31""], ""efectivo_en_mxn"": false, ""extras"": [""vol_DBC"", ""vol_EEM"", ""vol_EFA"", ""vol_GLD"", ""vol_IEF"", ""vol_SPY"", ""vol_TLT"", ""vol_VNQ""], ""fx"": false, ""max_dias_fx"": 10, ""min_historia"": 12, ""motor"": ""R02.backtest_cartera"", ""periodos_por_anio"": 12, ""peso_max"": 1.0, ""peso_min"": 0.0, ""rebalanceo_con_deriva"": true, ""segmentos"": [""dentro_muestra"", ""fuera_muestra""], ""senal"": ""cartera_ref_1n_sin_rebalanceo_L12_obj0.0_tope1.0"", ""spread_por_lado"": 0.0, ""usuario"": {""escenario_costos"": ""bruto"", ""parte"": ""b"", ""tipo"": ""referencia""}, ""variante"": ""B_ref_1N_sin_rebalanceo""}",referencia; sensibilidad: bruto (sin comision ni spread)
2026-09-25T05:27:45.486576Z,R02,5fe09624b5,B_ref_1N_sin_rebalanceo,0,dentro_muestra,2007-02-28,2011-12-31,58,12,USD,0.2930340100064561,0.05455801634967461,0.13626033652147707,0.37557045145797086,0.5092936142948243,-0.3010668291034704,0.18121563412395778,0.10841785062446438,-1.4045356651159802,7.605172448980167,0.7752331558943816,0.9999999999999998,1.0,0.20670628183361628,0.0,58,0.05903549563161037,0.011541522760558198,0.0,0.0,2011-12-31,0e6d3baabe3fe595,"Yahoo chart v8 adjclose 1mo/1d SPY,EFA,EEM,TLT,IEF,GLD,DBC,VNQ (descarga 2026-09-25); RF French CRSP 202607 sha256 b840dba55d319f48","{""activos"": [""SPY"", ""EFA"", ""EEM"", ""TLT"", ""IEF"", ""GLD"", ""DBC"", ""VNQ""], ""bruto_max"": 1.0, ""comision_por_lado"": 0.0, ""cortes"": [""2011-12-31""], ""efectivo_en_mxn"": false, ""extras"": [""vol_DBC"", ""vol_EEM"", ""vol_EFA"", ""vol_GLD"", ""vol_IEF"", ""vol_SPY"", ""vol_TLT"", ""vol_VNQ""], ""fx"": false, ""max_dias_fx"": 10, ""min_historia"": 12, ""motor"": ""R02.backtest_cartera"", ""periodos_por_anio"": 12, ""peso_max"": 1.0, ""peso_min"": 0.0, ""rebalanceo_con_deriva"": true, ""segmentos"": [""dentro_muestra"", ""fuera_muestra""], ""senal"": ""cartera_ref_1n_sin_rebalanceo_L12_obj0.0_tope1.0"", ""spread_por_lado"": 0.0, ""usuario"": {""escenario_costos"": ""bruto"", ""parte"": ""b"", ""tipo"": ""referencia""}, ""variante"": ""B_ref_1N_sin_rebalanceo""}",referencia; sensibilidad: bruto (sin comision ni spread)
2026-09-25T05:27:45.486576Z,R02,5fe09624b5,B_ref_1N_sin_rebalanceo,0,fuera_muestra,2011-12-31,2026-07-31,175,12,USD,1.5110089573466268,0.06517523893635424,0.09398284717701058,0.5549842615517363,0.8396266078401974,-0.2150166185186897,0.30311721663825286,0.1602101564014503,-0.34886212577465925,3.4029456160962055,0.9794128622193836,0.9999999999999993,1.0,0.0,0.0,175,0.06443105052045439,0.01591439165222197,0.0,0.0,2011-12-31,0e6d3baabe3fe595,"Yahoo chart v8 adjclose 1mo/1d SPY,EFA,EEM,TLT,IEF,GLD,DBC,VNQ (descarga 2026-09-25); RF French CRSP 202607 sha256 b840dba55d319f48","{""activos"": [""SPY"", ""EFA"", ""EEM"", ""TLT"", ""IEF"", ""GLD"", ""DBC"", ""VNQ""], ""bruto_max"": 1.0, ""comision_por_lado"": 0.0, ""cortes"": [""2011-12-31""], ""efectivo_en_mxn"": false, ""extras"": [""vol_DBC"", ""vol_EEM"", ""vol_EFA"", ""vol_GLD"", ""vol_IEF"", ""vol_SPY"", ""vol_TLT"", ""vol_VNQ""], ""fx"": false, ""max_dias_fx"": 10, ""min_historia"": 12, ""motor"": ""R02.backtest_cartera"", ""periodos_por_anio"": 12, ""peso_max"": 1.0, ""peso_min"": 0.0, ""rebalanceo_con_deriva"": true, ""segmentos"": [""dentro_muestra"", ""fuera_muestra""], ""senal"": ""cartera_ref_1n_sin_rebalanceo_L12_obj0.0_tope1.0"", ""spread_por_lado"": 0.0, ""usuario"": {""escenario_costos"": ""bruto"", ""parte"": ""b"", ""tipo"": ""referencia""}, ""variante"": ""B_ref_1N_sin_rebalanceo""}",referencia; sensibilidad: bruto (sin comision ni spread)
2026-09-25T05:27:45.511291Z,R02,a64d3f6eca,B_ref_efectivo,0,completo,2007-02-28,2026-07-31,233,12,USD,0.33075812710378827,0.014823262699370066,0.0053483789707093376,0.0,0.0,0.0,inf,,0.0,3.0,,0.0,0.0,0.0,0.0,0,0.06308435048820926,0.014823262699370066,0.0,0.0,2011-12-31,0e6d3baabe3fe595,"Yahoo chart v8 adjclose 1mo/1d SPY,EFA,EEM,TLT,IEF,GLD,DBC,VNQ (descarga 2026-09-25); RF French CRSP 202607 sha256 b840dba55d319f48","{""activos"": [""SPY"", ""EFA"", ""EEM"", ""TLT"", ""IEF"", ""GLD"", ""DBC"", ""VNQ""], ""bruto_max"": 1.0, ""comision_por_lado"": 0.0, ""cortes"": [""2011-12-31""], ""efectivo_en_mxn"": false, ""extras"": [""vol_DBC"", ""vol_EEM"", ""vol_EFA"", ""vol_GLD"", ""vol_IEF"", ""vol_SPY"", ""vol_TLT"", ""vol_VNQ""], ""fx"": false, ""max_dias_fx"": 10, ""min_historia"": 12, ""motor"": ""R02.backtest_cartera"", ""periodos_por_anio"": 12, ""peso_max"": 1.0, ""peso_min"": 0.0, ""rebalanceo_con_deriva"": true, ""segmentos"": [""dentro_muestra"", ""fuera_muestra""], ""senal"": ""cartera_ref_1n_L12_obj0.0_tope1.0"", ""spread_por_lado"": 0.0, ""usuario"": {""escenario_costos"": ""bruto"", ""parte"": ""b"", ""tipo"": ""referencia""}, ""variante"": ""B_ref_efectivo""}",referencia; sensibilidad: bruto (sin comision ni spread)
2026-09-25T05:27:45.511291Z,R02,a64d3f6eca,B_ref_efectivo,0,dentro_muestra,2007-02-28,2011-12-31,58,12,USD,0.05708552896197294,0.011541522760558198,0.004938797843395803,0.0,0.0,0.0,inf,,0.0,3.0,,0.0,0.0,0.0,0.0,0,0.05903549563161037,0.011541522760558198,0.0,0.0,2011-12-31,0e6d3baabe3fe595,"Yahoo chart v8 adjclose 1mo/1d SPY,EFA,EEM,TLT,IEF,GLD,DBC,VNQ (descarga 2026-09-25); RF French CRSP 202607 sha256 b840dba55d319f48","{""activos"": [""SPY"", ""EFA"", ""EEM"", ""TLT"", ""IEF"", ""GLD"", ""DBC"", ""VNQ""], ""bruto_max"": 1.0, ""comision_por_lado"": 0.0, ""cortes"": [""2011-12-31""], ""efectivo_en_mxn"": false, ""extras"": [""vol_DBC"", ""vol_EEM"", ""vol_EFA"", ""vol_GLD"", ""vol_IEF"", ""vol_SPY"", ""vol_TLT"", ""vol_VNQ""], ""fx"": false, ""max_dias_fx"": 10, ""min_historia"": 12, ""motor"": ""R02.backtest_cartera"", ""periodos_por_anio"": 12, ""peso_max"": 1.0, ""peso_min"": 0.0, ""rebalanceo_con_deriva"": true, ""segmentos"": [""dentro_muestra"", ""fuera_muestra""], ""senal"": ""cartera_ref_1n_L12_obj0.0_tope1.0"", ""spread_por_lado"": 0.0, ""usuario"": {""escenario_costos"": ""bruto"", ""parte"": ""b"", ""tipo"": ""referencia""}, ""variante"": ""B_ref_efectivo""}",referencia; sensibilidad: bruto (sin comision ni spread)
2026-09-25T05:27:45.511291Z,R02,a64d3f6eca,B_ref_efectivo,0,fuera_muestra,2011-12-31,2026-07-31,175,12,USD,0.25889352435895274,0.01591439165222197,0.005455494450957997,0.0,0.0,0.0,inf,,0.0,3.0,,0.0,0.0,0.0,0.0,0,0.06443105052045439,0.01591439165222197,0.0,0.0,2011-12-31,0e6d3baabe3fe595,"Yahoo chart v8 adjclose 1mo/1d SPY,EFA,EEM,TLT,IEF,GLD,DBC,VNQ (descarga 2026-09-25); RF French CRSP 202607 sha256 b840dba55d319f48","{""activos"": [""SPY"", ""EFA"", ""EEM"", ""TLT"", ""IEF"", ""GLD"", ""DBC"", ""VNQ""], ""bruto_max"": 1.0, ""comision_por_lado"": 0.0, ""cortes"": [""2011-12-31""], ""efectivo_en_mxn"": false, ""extras"": [""vol_DBC"", ""vol_EEM"", ""vol_EFA"", ""vol_GLD"", ""vol_IEF"", ""vol_SPY"", ""vol_TLT"", ""vol_VNQ""], ""fx"": false, ""max_dias_fx"": 10, ""min_historia"": 12, ""motor"": ""R02.backtest_cartera"", ""periodos_por_anio"": 12, ""peso_max"": 1.0, ""peso_min"": 0.0, ""rebalanceo_con_deriva"": true, ""segmentos"": [""dentro_muestra"", ""fuera_muestra""], ""senal"": ""cartera_ref_1n_L12_obj0.0_tope1.0"", ""spread_por_lado"": 0.0, ""usuario"": {""escenario_costos"": ""bruto"", ""parte"": ""b"", ""tipo"": ""referencia""}, ""variante"": ""B_ref_efectivo""}",referencia; sensibilidad: bruto (sin comision ni spread)
2026-09-25T05:27:45.540566Z,R02,8fe54773f6,B_ref_1N_sma10,0,completo,2007-02-28,2026-07-31,233,12,USD,1.9051030906641708,0.05645314533153978,0.06106533334378633,0.6916826771221571,1.1320030703708583,-0.08151235019414738,0.6925716802064816,0.19967158991513922,-0.06324952630110975,3.417211769461436,0.9985911581467208,0.653969957081545,0.9871244635193133,2.074437675100149,0.0,164,0.06308435048820926,0.014823262699370066,0.0,0.0,2011-12-31,0e6d3baabe3fe595,"Yahoo chart v8 adjclose 1mo/1d SPY,EFA,EEM,TLT,IEF,GLD,DBC,VNQ (descarga 2026-09-25); RF French CRSP 202607 sha256 b840dba55d319f48","{""activos"": [""SPY"", ""EFA"", ""EEM"", ""TLT"", ""IEF"", ""GLD"", ""DBC"", ""VNQ""], ""bruto_max"": 1.0, ""comision_por_lado"": 0.0, ""cortes"": [""2011-12-31""], ""efectivo_en_mxn"": false, ""extras"": [""vol_DBC"", ""vol_EEM"", ""vol_EFA"", ""vol_GLD"", ""vol_IEF"", ""vol_SPY"", ""vol_TLT"", ""vol_VNQ""], ""fx"": false, ""max_dias_fx"": 10, ""min_historia"": 12, ""motor"": ""R02.backtest_cartera"", ""periodos_por_anio"": 12, ""peso_max"": 0.125, ""peso_min"": 0.0, ""rebalanceo_con_deriva"": true, ""segmentos"": [""dentro_muestra"", ""fuera_muestra""], ""senal"": ""cartera_ref_sma10_L12_obj0.0_tope1.0"", ""spread_por_lado"": 0.0, ""usuario"": {""escenario_costos"": ""bruto"", ""parte"": ""b"", ""tipo"": ""referencia"", ""ventana"": 10}, ""variante"": ""B_ref_1N_sma10""}",referencia; sensibilidad: bruto (sin comision ni spread)
2026-09-25T05:27:45.540566Z,R02,8fe54773f6,B_ref_1N_sma10,0,dentro_muestra,2007-02-28,2011-12-31,58,12,USD,0.4336403415658572,0.07730127738889836,0.0760768738559322,0.868900561065847,1.5858416921112921,-0.08151235019414738,0.9483382236529923,0.25082998641519183,0.040601123748466625,2.895745537007043,0.9696313814997048,0.6853448275862069,1.0,1.9497752620397586,0.0,37,0.05903549563161037,0.011541522760558198,0.0,0.0,2011-12-31,0e6d3baabe3fe595,"Yahoo chart v8 adjclose 1mo/1d SPY,EFA,EEM,TLT,IEF,GLD,DBC,VNQ (descarga 2026-09-25); RF French CRSP 202607 sha256 b840dba55d319f48","{""activos"": [""SPY"", ""EFA"", ""EEM"", ""TLT"", ""IEF"", ""GLD"", ""DBC"", ""VNQ""], ""bruto_max"": 1.0, ""comision_por_lado"": 0.0, ""cortes"": [""2011-12-31""], ""efectivo_en_mxn"": false, ""extras"": [""vol_DBC"", ""vol_EEM"", ""vol_EFA"", ""vol_GLD"", ""vol_IEF"", ""vol_SPY"", ""vol_TLT"", ""vol_VNQ""], ""fx"": false, ""max_dias_fx"": 10, ""min_historia"": 12, ""motor"": ""R02.backtest_cartera"", ""periodos_por_anio"": 12, ""peso_max"": 0.125, ""peso_min"": 0.0, ""rebalanceo_con_deriva"": true, ""segmentos"": [""dentro_muestra"", ""fuera_muestra""], ""senal"": ""cartera_ref_sma10_L12_obj0.0_tope1.0"", ""spread_por_lado"": 0.0, ""usuario"": {""escenario_costos"": ""bruto"", ""parte"": ""b"", ""tipo"": ""referencia"", ""ventana"": 10}, ""variante"": ""B_ref_1N_sma10""}",referencia; sensibilidad: bruto (sin comision ni spread)
2026-09-25T05:27:45.540566Z,R02,8fe54773f6,B_ref_1N_sma10,0,fuera_muestra,2011-12-31,2026-07-31,175,12,USD,1.0263820753614872,0.04962590689985791,0.05531883779009447,0.6210850462663197,0.9600608551208794,-0.06303548726833275,0.7872693470046128,0.17929180932575542,-0.2596437779106757,3.295626852482801,0.9890388843674802,0.6435714285714286,0.9828571428571429,2.1157967595683655,0.0,127,0.06443105052045439,0.01591439165222197,0.0,0.0,2011-12-31,0e6d3baabe3fe595,"Yahoo chart v8 adjclose 1mo/1d SPY,EFA,EEM,TLT,IEF,GLD,DBC,VNQ (descarga 2026-09-25); RF French CRSP 202607 sha256 b840dba55d319f48","{""activos"": [""SPY"", ""EFA"", ""EEM"", ""TLT"", ""IEF"", ""GLD"", ""DBC"", ""VNQ""], ""bruto_max"": 1.0, ""comision_por_lado"": 0.0, ""cortes"": [""2011-12-31""], ""efectivo_en_mxn"": false, ""extras"": [""vol_DBC"", ""vol_EEM"", ""vol_EFA"", ""vol_GLD"", ""vol_IEF"", ""vol_SPY"", ""vol_TLT"", ""vol_VNQ""], ""fx"": false, ""max_dias_fx"": 10, ""min_historia"": 12, ""motor"": ""R02.backtest_cartera"", ""periodos_por_anio"": 12, ""peso_max"": 0.125, ""peso_min"": 0.0, ""rebalanceo_con_deriva"": true, ""segmentos"": [""dentro_muestra"", ""fuera_muestra""], ""senal"": ""cartera_ref_sma10_L12_obj0.0_tope1.0"", ""spread_por_lado"": 0.0, ""usuario"": {""escenario_costos"": ""bruto"", ""parte"": ""b"", ""tipo"": ""referencia"", ""ventana"": 10}, ""variante"": ""B_ref_1N_sma10""}",referencia; sensibilidad: bruto (sin comision ni spread)
2026-09-25T05:27:45.568275Z,R02,8bfab15b7b,B_ref_1N_vt10,0,completo,2007-02-28,2026-07-31,233,12,USD,1.2578291144514147,0.04282904908814622,0.05424990470068444,0.5332191264985816,0.784243545788308,-0.10974358319474564,0.39026472292365255,0.1539271031105066,-0.550377618813179,3.5064629770790874,0.9873202149877716,0.6553756378026497,1.0,0.5177964994942567,0.0,233,0.06308435048820926,0.014823262699370066,0.0,0.0,2011-12-31,0e6d3baabe3fe595,"Yahoo chart v8 adjclose 1mo/1d SPY,EFA,EEM,TLT,IEF,GLD,DBC,VNQ (descarga 2026-09-25); RF French CRSP 202607 sha256 b840dba55d319f48","{""activos"": [""SPY"", ""EFA"", ""EEM"", ""TLT"", ""IEF"", ""GLD"", ""DBC"", ""VNQ""], ""bruto_max"": 1.0, ""comision_por_lado"": 0.0, ""cortes"": [""2011-12-31""], ""efectivo_en_mxn"": false, ""extras"": [""vol_DBC"", ""vol_EEM"", ""vol_EFA"", ""vol_GLD"", ""vol_IEF"", ""vol_SPY"", ""vol_TLT"", ""vol_VNQ""], ""fx"": false, ""max_dias_fx"": 10, ""min_historia"": 12, ""motor"": ""R02.backtest_cartera"", ""periodos_por_anio"": 12, ""peso_max"": 0.125, ""peso_min"": 0.0, ""rebalanceo_con_deriva"": true, ""segmentos"": [""dentro_muestra"", ""fuera_muestra""], ""senal"": ""cartera_ref_vt_L12_obj0.1_tope1.0"", ""spread_por_lado"": 0.0, ""usuario"": {""escenario_costos"": ""bruto"", ""parte"": ""b"", ""sigma_obj"": 0.1, ""tipo"": ""referencia"", ""tope_por_activo"": 1.0}, ""variante"": ""B_ref_1N_vt10""}",referencia; sensibilidad: bruto (sin comision ni spread)
2026-09-25T05:27:45.568275Z,R02,8bfab15b7b,B_ref_1N_vt10,0,dentro_muestra,2007-02-28,2011-12-31,58,12,USD,0.2544959906700117,0.0479829530003173,0.04803689637921593,0.7618470100174711,1.2015382591707833,-0.08141219297050784,0.589382882950954,0.21992628815744925,-0.5947106204950564,3.9471860420208076,0.9379016299112277,0.5216279943714481,1.0,0.5588519269334199,0.0,58,0.05903549563161037,0.011541522760558198,0.0,0.0,2011-12-31,0e6d3baabe3fe595,"Yahoo chart v8 adjclose 1mo/1d SPY,EFA,EEM,TLT,IEF,GLD,DBC,VNQ (descarga 2026-09-25); RF French CRSP 202607 sha256 b840dba55d319f48","{""activos"": [""SPY"", ""EFA"", ""EEM"", ""TLT"", ""IEF"", ""GLD"", ""DBC"", ""VNQ""], ""bruto_max"": 1.0, ""comision_por_lado"": 0.0, ""cortes"": [""2011-12-31""], ""efectivo_en_mxn"": false, ""extras"": [""vol_DBC"", ""vol_EEM"", ""vol_EFA"", ""vol_GLD"", ""vol_IEF"", ""vol_SPY"", ""vol_TLT"", ""vol_VNQ""], ""fx"": false, ""max_dias_fx"": 10, ""min_historia"": 12, ""motor"": ""R02.backtest_cartera"", ""periodos_por_anio"": 12, ""peso_max"": 0.125, ""peso_min"": 0.0, ""rebalanceo_con_deriva"": true, ""segmentos"": [""dentro_muestra"", ""fuera_muestra""], ""senal"": ""cartera_ref_vt_L12_obj0.1_tope1.0"", ""spread_por_lado"": 0.0, ""usuario"": {""escenario_costos"": ""bruto"", ""parte"": ""b"", ""sigma_obj"": 0.1, ""tipo"": ""referencia"", ""tope_por_activo"": 1.0}, ""variante"": ""B_ref_1N_vt10""}",referencia; sensibilidad: bruto (sin comision ni spread)
2026-09-25T05:27:45.568275Z,R02,8bfab15b7b,B_ref_1N_vt10,0,fuera_muestra,2011-12-31,2026-07-31,175,12,USD,0.7997898209666932,0.04112475087022127,0.056279207547286006,0.46817580827160016,0.6790789836969979,-0.10974358319474564,0.3747349017868615,0.1351507144668395,-0.5270485187801546,3.358916812213059,0.9567240239062964,0.6997034281969908,1.0,0.5041755944463777,0.0,175,0.06443105052045439,0.01591439165222197,0.0,0.0,2011-12-31,0e6d3baabe3fe595,"Yahoo chart v8 adjclose 1mo/1d SPY,EFA,EEM,TLT,IEF,GLD,DBC,VNQ (descarga 2026-09-25); RF French CRSP 202607 sha256 b840dba55d319f48","{""activos"": [""SPY"", ""EFA"", ""EEM"", ""TLT"", ""IEF"", ""GLD"", ""DBC"", ""VNQ""], ""bruto_max"": 1.0, ""comision_por_lado"": 0.0, ""cortes"": [""2011-12-31""], ""efectivo_en_mxn"": false, ""extras"": [""vol_DBC"", ""vol_EEM"", ""vol_EFA"", ""vol_GLD"", ""vol_IEF"", ""vol_SPY"", ""vol_TLT"", ""vol_VNQ""], ""fx"": false, ""max_dias_fx"": 10, ""min_historia"": 12, ""motor"": ""R02.backtest_cartera"", ""periodos_por_anio"": 12, ""peso_max"": 0.125, ""peso_min"": 0.0, ""rebalanceo_con_deriva"": true, ""segmentos"": [""dentro_muestra"", ""fuera_muestra""], ""senal"": ""cartera_ref_vt_L12_obj0.1_tope1.0"", ""spread_por_lado"": 0.0, ""usuario"": {""escenario_costos"": ""bruto"", ""parte"": ""b"", ""sigma_obj"": 0.1, ""tipo"": ""referencia"", ""tope_por_activo"": 1.0}, ""variante"": ""B_ref_1N_vt10""}",referencia; sensibilidad: bruto (sin comision ni spread)
2026-09-25T05:27:45.597525Z,R02,9394bc38e0,B_ref_largo_vt40,0,completo,2007-02-28,2026-07-31,233,12,USD,7.481183205421345,0.11637560169514138,0.22438915537633328,0.5413523448667595,0.7958871871698193,-0.4312586968153612,0.2698510257405113,0.1562749610176294,-0.5611655309345301,3.415942104712029,0.9883053806885806,2.9677380113888607,1.0,3.36925303114718,0.0,233,0.06308435048820926,0.014823262699370066,0.0,0.0,2011-12-31,0e6d3baabe3fe595,"Yahoo chart v8 adjclose 1mo/1d SPY,EFA,EEM,TLT,IEF,GLD,DBC,VNQ (descarga 2026-09-25); RF French CRSP 202607 sha256 b840dba55d319f48","{""activos"": [""SPY"", ""EFA"", ""EEM"", ""TLT"", ""IEF"", ""GLD"", ""DBC"", ""VNQ""], ""bruto_max"": 10.0, ""comision_por_lado"": 0.0, ""cortes"": [""2011-12-31""], ""efectivo_en_mxn"": false, ""extras"": [""vol_DBC"", ""vol_EEM"", ""vol_EFA"", ""vol_GLD"", ""vol_IEF"", ""vol_SPY"", ""vol_TLT"", ""vol_VNQ""], ""fx"": false, ""max_dias_fx"": 10, ""min_historia"": 12, ""motor"": ""R02.backtest_cartera"", ""periodos_por_anio"": 12, ""peso_max"": 1.25, ""peso_min"": 0.0, ""rebalanceo_con_deriva"": true, ""segmentos"": [""dentro_muestra"", ""fuera_muestra""], ""senal"": ""cartera_ref_largo_vt_L12_obj0.4_tope10.0"", ""spread_por_lado"": 0.0, ""usuario"": {""escenario_costos"": ""bruto"", ""parte"": ""b"", ""sigma_obj"": 0.4, ""tipo"": ""referencia"", ""tope_por_activo"": 10.0}, ""variante"": ""B_ref_largo_vt40""}",referencia; sensibilidad: bruto (sin comision ni spread)
2026-09-25T05:27:45.597525Z,R02,9394bc38e0,B_ref_largo_vt40,0,dentro_muestra,2007-02-28,2011-12-31,58,12,USD,1.0515610995731914,0.1601384413651834,0.19376482633577638,0.8081571204721884,1.2807697334394659,-0.31327704626686903,0.5111719587293588,0.2332948655260654,-0.611835338755923,3.891638138398896,0.9473852722064335,2.2771851552042155,1.0,3.221888163394473,0.0,58,0.05903549563161037,0.011541522760558198,0.0,0.0,2011-12-31,0e6d3baabe3fe595,"Yahoo chart v8 adjclose 1mo/1d SPY,EFA,EEM,TLT,IEF,GLD,DBC,VNQ (descarga 2026-09-25); RF French CRSP 202607 sha256 b840dba55d319f48","{""activos"": [""SPY"", ""EFA"", ""EEM"", ""TLT"", ""IEF"", ""GLD"", ""DBC"", ""VNQ""], ""bruto_max"": 10.0, ""comision_por_lado"": 0.0, ""cortes"": [""2011-12-31""], ""efectivo_en_mxn"": false, ""extras"": [""vol_DBC"", ""vol_EEM"", ""vol_EFA"", ""vol_GLD"", ""vol_IEF"", ""vol_SPY"", ""vol_TLT"", ""vol_VNQ""], ""fx"": false, ""max_dias_fx"": 10, ""min_historia"": 12, ""motor"": ""R02.backtest_cartera"", ""periodos_por_anio"": 12, ""peso_max"": 1.25, ""peso_min"": 0.0, ""rebalanceo_con_deriva"": true, ""segmentos"": [""dentro_muestra"", ""fuera_muestra""], ""senal"": ""cartera_ref_largo_vt_L12_obj0.4_tope10.0"", ""spread_por_lado"": 0.0, ""usuario"": {""escenario_costos"": ""bruto"", ""parte"": ""b"", ""sigma_obj"": 0.4, ""tipo"": ""referencia"", ""tope_por_activo"": 10.0}, ""variante"": ""B_ref_largo_vt40""}",referencia; sensibilidad: bruto (sin comision ni spread)
2026-09-25T05:27:45.597525Z,R02,9394bc38e0,B_ref_largo_vt40,0,fuera_muestra,2011-12-31,2026-07-31,175,12,USD,3.134014437681519,0.10222427526240208,0.2340866283319453,0.46900682939395216,0.6799818238581234,-0.431258696815361,0.237037017496179,0.1353906096011856,-0.5327724370023752,3.246643953873424,0.9569718912469234,3.196606958010057,1.0,3.418144079085411,0.0,175,0.06443105052045439,0.01591439165222197,0.0,0.0,2011-12-31,0e6d3baabe3fe595,"Yahoo chart v8 adjclose 1mo/1d SPY,EFA,EEM,TLT,IEF,GLD,DBC,VNQ (descarga 2026-09-25); RF French CRSP 202607 sha256 b840dba55d319f48","{""activos"": [""SPY"", ""EFA"", ""EEM"", ""TLT"", ""IEF"", ""GLD"", ""DBC"", ""VNQ""], ""bruto_max"": 10.0, ""comision_por_lado"": 0.0, ""cortes"": [""2011-12-31""], ""efectivo_en_mxn"": false, ""extras"": [""vol_DBC"", ""vol_EEM"", ""vol_EFA"", ""vol_GLD"", ""vol_IEF"", ""vol_SPY"", ""vol_TLT"", ""vol_VNQ""], ""fx"": false, ""max_dias_fx"": 10, ""min_historia"": 12, ""motor"": ""R02.backtest_cartera"", ""periodos_por_anio"": 12, ""peso_max"": 1.25, ""peso_min"": 0.0, ""rebalanceo_con_deriva"": true, ""segmentos"": [""dentro_muestra"", ""fuera_muestra""], ""senal"": ""cartera_ref_largo_vt_L12_obj0.4_tope10.0"", ""spread_por_lado"": 0.0, ""usuario"": {""escenario_costos"": ""bruto"", ""parte"": ""b"", ""sigma_obj"": 0.4, ""tipo"": ""referencia"", ""tope_por_activo"": 10.0}, ""variante"": ""B_ref_largo_vt40""}",referencia; sensibilidad: bruto (sin comision ni spread)
2026-09-25T05:27:45.645719Z,R02,4c82379363,B_ls_vt40_L12,0,completo,2007-02-28,2026-07-31,233,12,MXN,4.00037887470063,0.08641250861653527,0.22669786755001725,0.33862146056641945,0.518581560654668,-0.4342592980079344,0.19898827500742752,0.09775159570570326,0.04395486959184594,3.3727819991144803,0.9316097760761255,0.8416283491801826,1.0,10.686039250617412,0.0363325334520992,233,0.08744349909969662,0.038076573369530964,0.0029,0.0005,2011-12-31,b25e21ccd88eba01,"Yahoo chart v8 adjclose 1mo/1d SPY,EFA,EEM,TLT,IEF,GLD,DBC,VNQ (descarga 2026-09-25); RF French CRSP 202607 sha256 b840dba55d319f48","{""activos"": [""SPY"", ""EFA"", ""EEM"", ""TLT"", ""IEF"", ""GLD"", ""DBC"", ""VNQ""], ""bruto_max"": 10.0, ""comision_por_lado"": 0.0029, ""cortes"": [""2011-12-31""], ""efectivo_en_mxn"": false, ""extras"": [""fx"", ""vol_DBC"", ""vol_EEM"", ""vol_EFA"", ""vol_GLD"", ""vol_IEF"", ""vol_SPY"", ""vol_TLT"", ""vol_VNQ""], ""fx"": true, ""max_dias_fx"": 10, ""min_historia"": 12, ""motor"": ""R02.backtest_cartera"", ""periodos_por_anio"": 12, ""peso_max"": 1.25, ""peso_min"": -1.25, ""rebalanceo_con_deriva"": true, ""segmentos"": [""dentro_muestra"", ""fuera_muestra""], ""senal"": ""cartera_ls_vt_L12_obj0.4_tope10.0"", ""spread_por_lado"": 0.0005, ""usuario"": {""L"": 12, ""escenario_costos"": ""defecto"", ""moneda"": ""MXN"", ""parte"": ""b"", ""sigma_obj"": 0.4, ""tipo"": ""largo/corto"", ""tope_por_activo"": 10.0}, ""variante"": ""B_ls_vt40_L12""}",sensibilidad: MXN con DEXMXUS (efectivo T-bill USD convertido)
2026-09-25T05:27:45.645719Z,R02,4c82379363,B_ls_vt40_L12,0,dentro_muestra,2007-02-28,2011-12-31,58,12,MXN,1.337438872837863,0.19184815517734655,0.20818991823716448,0.7774541283048093,1.2692515118306547,-0.366981905218993,0.5227727919251577,0.22443167512968376,-0.27066724073239345,3.0340244861975125,0.9479910169028207,1.4612420670912312,1.0,7.4378665724999795,0.025288746346499927,58,0.10909557445973106,0.05935658521709142,0.0029,0.0005,2011-12-31,b25e21ccd88eba01,"Yahoo chart v8 adjclose 1mo/1d SPY,EFA,EEM,TLT,IEF,GLD,DBC,VNQ (descarga 2026-09-25); RF French CRSP 202607 sha256 b840dba55d319f48","{""activos"": [""SPY"", ""EFA"", ""EEM"", ""TLT"", ""IEF"", ""GLD"", ""DBC"", ""VNQ""], ""bruto_max"": 10.0, ""comision_por_lado"": 0.0029, ""cortes"": [""2011-12-31""], ""efectivo_en_mxn"": false, ""extras"": [""fx"", ""vol_DBC"", ""vol_EEM"", ""vol_EFA"", ""vol_GLD"", ""vol_IEF"", ""vol_SPY"", ""vol_TLT"", ""vol_VNQ""], ""fx"": true, ""max_dias_fx"": 10, ""min_historia"": 12, ""motor"": ""R02.backtest_cartera"", ""periodos_por_anio"": 12, ""peso_max"": 1.25, ""peso_min"": -1.25, ""rebalanceo_con_deriva"": true, ""segmentos"": [""dentro_muestra"", ""fuera_muestra""], ""senal"": ""cartera_ls_vt_L12_obj0.4_tope10.0"", ""spread_por_lado"": 0.0005, ""usuario"": {""L"": 12, ""escenario_costos"": ""defecto"", ""moneda"": ""MXN"", ""parte"": ""b"", ""sigma_obj"": 0.4, ""tipo"": ""largo/corto"", ""tope_por_activo"": 10.0}, ""variante"": ""B_ls_vt40_L12""}",sensibilidad: MXN con DEXMXUS (efectivo T-bill USD convertido)
2026-09-25T05:27:45.645719Z,R02,4c82379363,B_ls_vt40_L12,0,fuera_muestra,2011-12-31,2026-07-31,175,12,MXN,1.1392554615255945,0.053535013044287094,0.23243702310178463,0.21188766789571375,0.3196778959672699,-0.4342592980079345,0.12327891029591481,0.06116670104877618,0.13703975005271252,3.4374557633311795,0.7908336929806523,0.636270659815378,1.0,11.763681218742374,0.039996516143724056,175,0.08035381024466015,0.03111139360996429,0.0029,0.0005,2011-12-31,b25e21ccd88eba01,"Yahoo chart v8 adjclose 1mo/1d SPY,EFA,EEM,TLT,IEF,GLD,DBC,VNQ (descarga 2026-09-25); RF French CRSP 202607 sha256 b840dba55d319f48","{""activos"": [""SPY"", ""EFA"", ""EEM"", ""TLT"", ""IEF"", ""GLD"", ""DBC"", ""VNQ""], ""bruto_max"": 10.0, ""comision_por_lado"": 0.0029, ""cortes"": [""2011-12-31""], ""efectivo_en_mxn"": false, ""extras"": [""fx"", ""vol_DBC"", ""vol_EEM"", ""vol_EFA"", ""vol_GLD"", ""vol_IEF"", ""vol_SPY"", ""vol_TLT"", ""vol_VNQ""], ""fx"": true, ""max_dias_fx"": 10, ""min_historia"": 12, ""motor"": ""R02.backtest_cartera"", ""periodos_por_anio"": 12, ""peso_max"": 1.25, ""peso_min"": -1.25, ""rebalanceo_con_deriva"": true, ""segmentos"": [""dentro_muestra"", ""fuera_muestra""], ""senal"": ""cartera_ls_vt_L12_obj0.4_tope10.0"", ""spread_por_lado"": 0.0005, ""usuario"": {""L"": 12, ""escenario_costos"": ""defecto"", ""moneda"": ""MXN"", ""parte"": ""b"", ""sigma_obj"": 0.4, ""tipo"": ""largo/corto"", ""tope_por_activo"": 10.0}, ""variante"": ""B_ls_vt40_L12""}",sensibilidad: MXN con DEXMXUS (efectivo T-bill USD convertido)
2026-09-25T05:27:45.682212Z,R02,230f9c3782,B_lo_vt10_L12,0,completo,2007-02-28,2026-07-31,233,12,MXN,2.1249840813929275,0.06042975786953564,0.10997905682366003,0.5380929090272728,0.8273091500432233,-0.24640820330435986,0.24524247593694626,0.15533404293796238,-0.26423663501025174,3.2926179715393302,0.9893779218053933,0.42290315590021926,0.9871244635193133,1.185618284923098,0.004031102168738533,232,0.08744349909969662,0.038076573369530964,0.0029,0.0005,2011-12-31,b25e21ccd88eba01,"Yahoo chart v8 adjclose 1mo/1d SPY,EFA,EEM,TLT,IEF,GLD,DBC,VNQ (descarga 2026-09-25); RF French CRSP 202607 sha256 b840dba55d319f48","{""activos"": [""SPY"", ""EFA"", ""EEM"", ""TLT"", ""IEF"", ""GLD"", ""DBC"", ""VNQ""], ""bruto_max"": 1.0, ""comision_por_lado"": 0.0029, ""cortes"": [""2011-12-31""], ""efectivo_en_mxn"": false, ""extras"": [""fx"", ""vol_DBC"", ""vol_EEM"", ""vol_EFA"", ""vol_GLD"", ""vol_IEF"", ""vol_SPY"", ""vol_TLT"", ""vol_VNQ""], ""fx"": true, ""max_dias_fx"": 10, ""min_historia"": 12, ""motor"": ""R02.backtest_cartera"", ""periodos_por_anio"": 12, ""peso_max"": 0.125, ""peso_min"": 0.0, ""rebalanceo_con_deriva"": true, ""segmentos"": [""dentro_muestra"", ""fuera_muestra""], ""senal"": ""cartera_lo_vt_L12_obj0.1_tope1.0"", ""spread_por_lado"": 0.0005, ""usuario"": {""L"": 12, ""escenario_costos"": ""defecto"", ""moneda"": ""MXN"", ""parte"": ""b"", ""sigma_obj"": 0.1, ""tipo"": ""solo largos"", ""tope_por_activo"": 1.0}, ""variante"": ""B_lo_vt10_L12""}",sensibilidad: MXN con DEXMXUS (efectivo T-bill USD convertido)
2026-09-25T05:27:45.682212Z,R02,230f9c3782,B_lo_vt10_L12,0,dentro_muestra,2007-02-28,2011-12-31,58,12,MXN,0.5513388726840891,0.09501550257876734,0.11492629223696638,0.8189936394082988,1.4034092765477217,-0.1680038494923184,0.5655555087927417,0.23642309908848633,-0.13783703487336166,3.0103939862949494,0.9584650611612786,0.4230485745408925,1.0,0.9280729446000096,0.0031554480116400313,58,0.10909557445973106,0.05935658521709142,0.0029,0.0005,2011-12-31,b25e21ccd88eba01,"Yahoo chart v8 adjclose 1mo/1d SPY,EFA,EEM,TLT,IEF,GLD,DBC,VNQ (descarga 2026-09-25); RF French CRSP 202607 sha256 b840dba55d319f48","{""activos"": [""SPY"", ""EFA"", ""EEM"", ""TLT"", ""IEF"", ""GLD"", ""DBC"", ""VNQ""], ""bruto_max"": 1.0, ""comision_por_lado"": 0.0029, ""cortes"": [""2011-12-31""], ""efectivo_en_mxn"": false, ""extras"": [""fx"", ""vol_DBC"", ""vol_EEM"", ""vol_EFA"", ""vol_GLD"", ""vol_IEF"", ""vol_SPY"", ""vol_TLT"", ""vol_VNQ""], ""fx"": true, ""max_dias_fx"": 10, ""min_historia"": 12, ""motor"": ""R02.backtest_cartera"", ""periodos_por_anio"": 12, ""peso_max"": 0.125, ""peso_min"": 0.0, ""rebalanceo_con_deriva"": true, ""segmentos"": [""dentro_muestra"", ""fuera_muestra""], ""senal"": ""cartera_lo_vt_L12_obj0.1_tope1.0"", ""spread_por_lado"": 0.0005, ""usuario"": {""L"": 12, ""escenario_costos"": ""defecto"", ""moneda"": ""MXN"", ""parte"": ""b"", ""sigma_obj"": 0.1, ""tipo"": ""solo largos"", ""tope_por_activo"": 1.0}, ""variante"": ""B_lo_vt10_L12""}",sensibilidad: MXN con DEXMXUS (efectivo T-bill USD convertido)
2026-09-25T05:27:45.682212Z,R02,230f9c3782,B_lo_vt10_L12,0,fuera_muestra,2011-12-31,2026-07-31,175,12,MXN,1.0143787643161128,0.04919833976036303,0.10844659020056921,0.44100637488545225,0.656466641601527,-0.24640820330435975,0.1996619394184453,0.12730757462722844,-0.31698295970561774,3.3768083306673162,0.9493770326372942,0.4228549600078818,0.9828571428571429,1.2710637630212762,0.0043216167942723375,174,0.08035381024466015,0.03111139360996429,0.0029,0.0005,2011-12-31,b25e21ccd88eba01,"Yahoo chart v8 adjclose 1mo/1d SPY,EFA,EEM,TLT,IEF,GLD,DBC,VNQ (descarga 2026-09-25); RF French CRSP 202607 sha256 b840dba55d319f48","{""activos"": [""SPY"", ""EFA"", ""EEM"", ""TLT"", ""IEF"", ""GLD"", ""DBC"", ""VNQ""], ""bruto_max"": 1.0, ""comision_por_lado"": 0.0029, ""cortes"": [""2011-12-31""], ""efectivo_en_mxn"": false, ""extras"": [""fx"", ""vol_DBC"", ""vol_EEM"", ""vol_EFA"", ""vol_GLD"", ""vol_IEF"", ""vol_SPY"", ""vol_TLT"", ""vol_VNQ""], ""fx"": true, ""max_dias_fx"": 10, ""min_historia"": 12, ""motor"": ""R02.backtest_cartera"", ""periodos_por_anio"": 12, ""peso_max"": 0.125, ""peso_min"": 0.0, ""rebalanceo_con_deriva"": true, ""segmentos"": [""dentro_muestra"", ""fuera_muestra""], ""senal"": ""cartera_lo_vt_L12_obj0.1_tope1.0"", ""spread_por_lado"": 0.0005, ""usuario"": {""L"": 12, ""escenario_costos"": ""defecto"", ""moneda"": ""MXN"", ""parte"": ""b"", ""sigma_obj"": 0.1, ""tipo"": ""solo largos"", ""tope_por_activo"": 1.0}, ""variante"": ""B_lo_vt10_L12""}",sensibilidad: MXN con DEXMXUS (efectivo T-bill USD convertido)
2026-09-25T05:27:45.718661Z,R02,914038b5d0,B_lo_L12,0,completo,2007-02-28,2026-07-31,233,12,MXN,2.938867392771321,0.07314476042844742,0.10501626467842883,0.4947270784822645,0.7481463548343623,-0.21709617795947278,0.33692329876992116,0.14281540596856626,-0.44170302888013,4.822099505501051,0.9817223264088881,0.621244635193133,0.9871244635193133,1.5053305659359668,0.00511812392418228,136,0.08744349909969662,0.038076573369530964,0.0029,0.0005,2011-12-31,b25e21ccd88eba01,"Yahoo chart v8 adjclose 1mo/1d SPY,EFA,EEM,TLT,IEF,GLD,DBC,VNQ (descarga 2026-09-25); RF French CRSP 202607 sha256 b840dba55d319f48","{""activos"": [""SPY"", ""EFA"", ""EEM"", ""TLT"", ""IEF"", ""GLD"", ""DBC"", ""VNQ""], ""bruto_max"": 1.0, ""comision_por_lado"": 0.0029, ""cortes"": [""2011-12-31""], ""efectivo_en_mxn"": false, ""extras"": [""fx"", ""vol_DBC"", ""vol_EEM"", ""vol_EFA"", ""vol_GLD"", ""vol_IEF"", ""vol_SPY"", ""vol_TLT"", ""vol_VNQ""], ""fx"": true, ""max_dias_fx"": 10, ""min_historia"": 12, ""motor"": ""R02.backtest_cartera"", ""periodos_por_anio"": 12, ""peso_max"": 0.125, ""peso_min"": 0.0, ""rebalanceo_con_deriva"": true, ""segmentos"": [""dentro_muestra"", ""fuera_muestra""], ""senal"": ""cartera_lo_L12_obj0.0_tope1.0"", ""spread_por_lado"": 0.0005, ""usuario"": {""L"": 12, ""escenario_costos"": ""defecto"", ""moneda"": ""MXN"", ""parte"": ""b"", ""tipo"": ""solo largos binaria""}, ""variante"": ""B_lo_L12""}",sensibilidad: MXN con DEXMXUS (efectivo T-bill USD convertido)
2026-09-25T05:27:45.718661Z,R02,914038b5d0,B_lo_L12,0,dentro_muestra,2007-02-28,2011-12-31,58,12,MXN,0.6612146321746759,0.11061462144929535,0.1027920250400616,0.5055642633088792,0.7546335166506949,-0.14165943346701648,0.7808489610757231,0.1459438317570181,-0.6517385895355055,4.268341636156167,0.8519066682532519,0.7176724137931034,1.0,1.3706700095093038,0.004660278032331631,28,0.10909557445973106,0.05935658521709142,0.0029,0.0005,2011-12-31,b25e21ccd88eba01,"Yahoo chart v8 adjclose 1mo/1d SPY,EFA,EEM,TLT,IEF,GLD,DBC,VNQ (descarga 2026-09-25); RF French CRSP 202607 sha256 b840dba55d319f48","{""activos"": [""SPY"", ""EFA"", ""EEM"", ""TLT"", ""IEF"", ""GLD"", ""DBC"", ""VNQ""], ""bruto_max"": 1.0, ""comision_por_lado"": 0.0029, ""cortes"": [""2011-12-31""], ""efectivo_en_mxn"": false, ""extras"": [""fx"", ""vol_DBC"", ""vol_EEM"", ""vol_EFA"", ""vol_GLD"", ""vol_IEF"", ""vol_SPY"", ""vol_TLT"", ""vol_VNQ""], ""fx"": true, ""max_dias_fx"": 10, ""min_historia"": 12, ""motor"": ""R02.backtest_cartera"", ""periodos_por_anio"": 12, ""peso_max"": 0.125, ""peso_min"": 0.0, ""rebalanceo_con_deriva"": true, ""segmentos"": [""dentro_muestra"", ""fuera_muestra""], ""senal"": ""cartera_lo_L12_obj0.0_tope1.0"", ""spread_por_lado"": 0.0005, ""usuario"": {""L"": 12, ""escenario_costos"": ""defecto"", ""moneda"": ""MXN"", ""parte"": ""b"", ""tipo"": ""solo largos binaria""}, ""variante"": ""B_lo_L12""}",sensibilidad: MXN con DEXMXUS (efectivo T-bill USD convertido)
2026-09-25T05:27:45.718661Z,R02,914038b5d0,B_lo_L12,0,fuera_muestra,2011-12-31,2026-07-31,175,12,MXN,1.3710767510005604,0.06099483971089237,0.10582753136257785,0.5081627318330934,0.7820751773893426,-0.21709617795947278,0.280957685594441,0.14669394500798605,-0.1671561742660503,3.043357610720184,0.971385326548441,0.5892857142857143,0.9828571428571429,1.550006721250632,0.005270022852252148,108,0.08035381024466015,0.03111139360996429,0.0029,0.0005,2011-12-31,b25e21ccd88eba01,"Yahoo chart v8 adjclose 1mo/1d SPY,EFA,EEM,TLT,IEF,GLD,DBC,VNQ (descarga 2026-09-25); RF French CRSP 202607 sha256 b840dba55d319f48","{""activos"": [""SPY"", ""EFA"", ""EEM"", ""TLT"", ""IEF"", ""GLD"", ""DBC"", ""VNQ""], ""bruto_max"": 1.0, ""comision_por_lado"": 0.0029, ""cortes"": [""2011-12-31""], ""efectivo_en_mxn"": false, ""extras"": [""fx"", ""vol_DBC"", ""vol_EEM"", ""vol_EFA"", ""vol_GLD"", ""vol_IEF"", ""vol_SPY"", ""vol_TLT"", ""vol_VNQ""], ""fx"": true, ""max_dias_fx"": 10, ""min_historia"": 12, ""motor"": ""R02.backtest_cartera"", ""periodos_por_anio"": 12, ""peso_max"": 0.125, ""peso_min"": 0.0, ""rebalanceo_con_deriva"": true, ""segmentos"": [""dentro_muestra"", ""fuera_muestra""], ""senal"": ""cartera_lo_L12_obj0.0_tope1.0"", ""spread_por_lado"": 0.0005, ""usuario"": {""L"": 12, ""escenario_costos"": ""defecto"", ""moneda"": ""MXN"", ""parte"": ""b"", ""tipo"": ""solo largos binaria""}, ""variante"": ""B_lo_L12""}",sensibilidad: MXN con DEXMXUS (efectivo T-bill USD convertido)
2026-09-25T05:27:45.749465Z,R02,c39a31fd6b,B_ref_1N,0,completo,2007-02-28,2026-07-31,233,12,MXN,3.9635833991775096,0.08599939762202924,0.10056798084402538,0.38467292464054104,0.5304030264249908,-0.27196570868341596,0.3162141213991709,0.1110455082955885,-1.2961814028091443,9.389065087054881,0.941071355751039,1.0,1.0,0.3907319851161981,0.0013284887493950736,1,0.08744349909969662,0.038076573369530964,0.0029,0.0005,2011-12-31,b25e21ccd88eba01,"Yahoo chart v8 adjclose 1mo/1d SPY,EFA,EEM,TLT,IEF,GLD,DBC,VNQ (descarga 2026-09-25); RF French CRSP 202607 sha256 b840dba55d319f48","{""activos"": [""SPY"", ""EFA"", ""EEM"", ""TLT"", ""IEF"", ""GLD"", ""DBC"", ""VNQ""], ""bruto_max"": 1.0, ""comision_por_lado"": 0.0029, ""cortes"": [""2011-12-31""], ""efectivo_en_mxn"": false, ""extras"": [""fx"", ""vol_DBC"", ""vol_EEM"", ""vol_EFA"", ""vol_GLD"", ""vol_IEF"", ""vol_SPY"", ""vol_TLT"", ""vol_VNQ""], ""fx"": true, ""max_dias_fx"": 10, ""min_historia"": 12, ""motor"": ""R02.backtest_cartera"", ""periodos_por_anio"": 12, ""peso_max"": 0.125, ""peso_min"": 0.0, ""rebalanceo_con_deriva"": true, ""segmentos"": [""dentro_muestra"", ""fuera_muestra""], ""senal"": ""cartera_ref_1n_L12_obj0.0_tope1.0"", ""spread_por_lado"": 0.0005, ""usuario"": {""escenario_costos"": ""defecto"", ""moneda"": ""MXN"", ""parte"": ""b"", ""tipo"": ""referencia""}, ""variante"": ""B_ref_1N""}",referencia; sensibilidad: MXN con DEXMXUS (efectivo T-bill USD convertido)
2026-09-25T05:27:45.749465Z,R02,c39a31fd6b,B_ref_1N,0,dentro_muestra,2007-02-28,2011-12-31,58,12,MXN,0.6322480270539192,0.10658361238804126,0.09804155686151479,0.25709876962963196,0.3387775266983886,-0.10648749579000116,1.0009026092437148,0.0742180219269948,-1.5551773718858433,8.30879230544377,0.7013105227771599,1.0,1.0,0.6665025969601525,0.0022661088296645174,1,0.10909557445973106,0.05935658521709142,0.0029,0.0005,2011-12-31,b25e21ccd88eba01,"Yahoo chart v8 adjclose 1mo/1d SPY,EFA,EEM,TLT,IEF,GLD,DBC,VNQ (descarga 2026-09-25); RF French CRSP 202607 sha256 b840dba55d319f48","{""activos"": [""SPY"", ""EFA"", ""EEM"", ""TLT"", ""IEF"", ""GLD"", ""DBC"", ""VNQ""], ""bruto_max"": 1.0, ""comision_por_lado"": 0.0029, ""cortes"": [""2011-12-31""], ""efectivo_en_mxn"": false, ""extras"": [""fx"", ""vol_DBC"", ""vol_EEM"", ""vol_EFA"", ""vol_GLD"", ""vol_IEF"", ""vol_SPY"", ""vol_TLT"", ""vol_VNQ""], ""fx"": true, ""max_dias_fx"": 10, ""min_historia"": 12, ""motor"": ""R02.backtest_cartera"", ""periodos_por_anio"": 12, ""peso_max"": 0.125, ""peso_min"": 0.0, ""rebalanceo_con_deriva"": true, ""segmentos"": [""dentro_muestra"", ""fuera_muestra""], ""senal"": ""cartera_ref_1n_L12_obj0.0_tope1.0"", ""spread_por_lado"": 0.0005, ""usuario"": {""escenario_costos"": ""defecto"", ""moneda"": ""MXN"", ""parte"": ""b"", ""tipo"": ""referencia""}, ""variante"": ""B_ref_1N""}",referencia; sensibilidad: MXN con DEXMXUS (efectivo T-bill USD convertido)
2026-09-25T05:27:45.749465Z,R02,c39a31fd6b,B_ref_1N,0,fuera_muestra,2011-12-31,2026-07-31,175,12,MXN,2.0409492411128203,0.07925514296582836,0.1016048560639836,0.47385992374906777,0.6904949649564146,-0.27196570868341585,0.29141594118428377,0.13679157726734992,-0.5507779438327214,4.21695048899214,0.9580055983729712,1.0,1.0,0.29923993270758636,0.0010174157712057933,0,0.08035381024466015,0.03111139360996429,0.0029,0.0005,2011-12-31,b25e21ccd88eba01,"Yahoo chart v8 adjclose 1mo/1d SPY,EFA,EEM,TLT,IEF,GLD,DBC,VNQ (descarga 2026-09-25); RF French CRSP 202607 sha256 b840dba55d319f48","{""activos"": [""SPY"", ""EFA"", ""EEM"", ""TLT"", ""IEF"", ""GLD"", ""DBC"", ""VNQ""], ""bruto_max"": 1.0, ""comision_por_lado"": 0.0029, ""cortes"": [""2011-12-31""], ""efectivo_en_mxn"": false, ""extras"": [""fx"", ""vol_DBC"", ""vol_EEM"", ""vol_EFA"", ""vol_GLD"", ""vol_IEF"", ""vol_SPY"", ""vol_TLT"", ""vol_VNQ""], ""fx"": true, ""max_dias_fx"": 10, ""min_historia"": 12, ""motor"": ""R02.backtest_cartera"", ""periodos_por_anio"": 12, ""peso_max"": 0.125, ""peso_min"": 0.0, ""rebalanceo_con_deriva"": true, ""segmentos"": [""dentro_muestra"", ""fuera_muestra""], ""senal"": ""cartera_ref_1n_L12_obj0.0_tope1.0"", ""spread_por_lado"": 0.0005, ""usuario"": {""escenario_costos"": ""defecto"", ""moneda"": ""MXN"", ""parte"": ""b"", ""tipo"": ""referencia""}, ""variante"": ""B_ref_1N""}",referencia; sensibilidad: MXN con DEXMXUS (efectivo T-bill USD convertido)
2026-09-25T05:27:45.781362Z,R02,544b82df5a,B_ref_1N_sma10,0,completo,2007-02-28,2026-07-31,233,12,MXN,2.932921200531345,0.07306127757530989,0.11246580136089616,0.5289716494777783,0.8242285939989297,-0.22665998396899756,0.3223386691199236,0.15270096210983783,-0.14855555460198178,3.5541980485685967,0.9887956982303341,0.653969957081545,0.9871244635193133,2.0744376751001496,0.007053088095340512,164,0.08744349909969662,0.038076573369530964,0.0029,0.0005,2011-12-31,b25e21ccd88eba01,"Yahoo chart v8 adjclose 1mo/1d SPY,EFA,EEM,TLT,IEF,GLD,DBC,VNQ (descarga 2026-09-25); RF French CRSP 202607 sha256 b840dba55d319f48","{""activos"": [""SPY"", ""EFA"", ""EEM"", ""TLT"", ""IEF"", ""GLD"", ""DBC"", ""VNQ""], ""bruto_max"": 1.0, ""comision_por_lado"": 0.0029, ""cortes"": [""2011-12-31""], ""efectivo_en_mxn"": false, ""extras"": [""fx"", ""vol_DBC"", ""vol_EEM"", ""vol_EFA"", ""vol_GLD"", ""vol_IEF"", ""vol_SPY"", ""vol_TLT"", ""vol_VNQ""], ""fx"": true, ""max_dias_fx"": 10, ""min_historia"": 12, ""motor"": ""R02.backtest_cartera"", ""periodos_por_anio"": 12, ""peso_max"": 0.125, ""peso_min"": 0.0, ""rebalanceo_con_deriva"": true, ""segmentos"": [""dentro_muestra"", ""fuera_muestra""], ""senal"": ""cartera_ref_sma10_L12_obj0.0_tope1.0"", ""spread_por_lado"": 0.0005, ""usuario"": {""escenario_costos"": ""defecto"", ""moneda"": ""MXN"", ""parte"": ""b"", ""tipo"": ""referencia"", ""ventana"": 10}, ""variante"": ""B_ref_1N_sma10""}",referencia; sensibilidad: MXN con DEXMXUS (efectivo T-bill USD convertido)
2026-09-25T05:27:45.781362Z,R02,544b82df5a,B_ref_1N_sma10,0,dentro_muestra,2007-02-28,2011-12-31,58,12,MXN,0.735970986812444,0.12076595929962752,0.11477427369007222,0.7161006918011846,1.2326905496584923,-0.12138062712813136,0.9949360302130011,0.20672046358914561,-0.05907468750751796,3.0699454780253865,0.9375576452635405,0.6853448275862069,1.0,1.9497752620397586,0.006629235890935181,37,0.10909557445973106,0.05935658521709142,0.0029,0.0005,2011-12-31,b25e21ccd88eba01,"Yahoo chart v8 adjclose 1mo/1d SPY,EFA,EEM,TLT,IEF,GLD,DBC,VNQ (descarga 2026-09-25); RF French CRSP 202607 sha256 b840dba55d319f48","{""activos"": [""SPY"", ""EFA"", ""EEM"", ""TLT"", ""IEF"", ""GLD"", ""DBC"", ""VNQ""], ""bruto_max"": 1.0, ""comision_por_lado"": 0.0029, ""cortes"": [""2011-12-31""], ""efectivo_en_mxn"": false, ""extras"": [""fx"", ""vol_DBC"", ""vol_EEM"", ""vol_EFA"", ""vol_GLD"", ""vol_IEF"", ""vol_SPY"", ""vol_TLT"", ""vol_VNQ""], ""fx"": true, ""max_dias_fx"": 10, ""min_historia"": 12, ""motor"": ""R02.backtest_cartera"", ""periodos_por_anio"": 12, ""peso_max"": 0.125, ""peso_min"": 0.0, ""rebalanceo_con_deriva"": true, ""segmentos"": [""dentro_muestra"", ""fuera_muestra""], ""senal"": ""cartera_ref_sma10_L12_obj0.0_tope1.0"", ""spread_por_lado"": 0.0005, ""usuario"": {""escenario_costos"": ""defecto"", ""moneda"": ""MXN"", ""parte"": ""b"", ""tipo"": ""referencia"", ""ventana"": 10}, ""variante"": ""B_ref_1N_sma10""}",referencia; sensibilidad: MXN con DEXMXUS (efectivo T-bill USD convertido)
2026-09-25T05:27:45.781362Z,R02,544b82df5a,B_ref_1N_sma10,0,fuera_muestra,2011-12-31,2026-07-31,175,12,MXN,1.2655454672966018,0.05768726983297068,0.11170216607447646,0.4508773036660701,0.6658556556047629,-0.22665998396899778,0.2545101646211228,0.1301570663215491,-0.32998827320297935,3.3526844933444466,0.952855269184486,0.6435714285714286,0.9828571428571429,2.1157967595683655,0.007193708982532439,127,0.08035381024466015,0.03111139360996429,0.0029,0.0005,2011-12-31,b25e21ccd88eba01,"Yahoo chart v8 adjclose 1mo/1d SPY,EFA,EEM,TLT,IEF,GLD,DBC,VNQ (descarga 2026-09-25); RF French CRSP 202607 sha256 b840dba55d319f48","{""activos"": [""SPY"", ""EFA"", ""EEM"", ""TLT"", ""IEF"", ""GLD"", ""DBC"", ""VNQ""], ""bruto_max"": 1.0, ""comision_por_lado"": 0.0029, ""cortes"": [""2011-12-31""], ""efectivo_en_mxn"": false, ""extras"": [""fx"", ""vol_DBC"", ""vol_EEM"", ""vol_EFA"", ""vol_GLD"", ""vol_IEF"", ""vol_SPY"", ""vol_TLT"", ""vol_VNQ""], ""fx"": true, ""max_dias_fx"": 10, ""min_historia"": 12, ""motor"": ""R02.backtest_cartera"", ""periodos_por_anio"": 12, ""peso_max"": 0.125, ""peso_min"": 0.0, ""rebalanceo_con_deriva"": true, ""segmentos"": [""dentro_muestra"", ""fuera_muestra""], ""senal"": ""cartera_ref_sma10_L12_obj0.0_tope1.0"", ""spread_por_lado"": 0.0005, ""usuario"": {""escenario_costos"": ""defecto"", ""moneda"": ""MXN"", ""parte"": ""b"", ""tipo"": ""referencia"", ""ventana"": 10}, ""variante"": ""B_ref_1N_sma10""}",referencia; sensibilidad: MXN con DEXMXUS (efectivo T-bill USD convertido)
2026-09-25T05:27:45.814647Z,R02,2ab3f94513,B_ref_1N_vt10,0,completo,2007-02-28,2026-07-31,233,12,MXN,2.387733788949827,0.06484740459932703,0.09924374258042705,0.4277348747465645,0.603270262867657,-0.23433136125929033,0.27673378522976544,0.12347642253835996,-0.7366396012176748,4.053747227519435,0.9633612871655907,0.6553756378026497,1.0,0.5177964994942569,0.0017605080982804723,233,0.08744349909969662,0.038076573369530964,0.0029,0.0005,2011-12-31,b25e21ccd88eba01,"Yahoo chart v8 adjclose 1mo/1d SPY,EFA,EEM,TLT,IEF,GLD,DBC,VNQ (descarga 2026-09-25); RF French CRSP 202607 sha256 b840dba55d319f48","{""activos"": [""SPY"", ""EFA"", ""EEM"", ""TLT"", ""IEF"", ""GLD"", ""DBC"", ""VNQ""], ""bruto_max"": 1.0, ""comision_por_lado"": 0.0029, ""cortes"": [""2011-12-31""], ""efectivo_en_mxn"": false, ""extras"": [""fx"", ""vol_DBC"", ""vol_EEM"", ""vol_EFA"", ""vol_GLD"", ""vol_IEF"", ""vol_SPY"", ""vol_TLT"", ""vol_VNQ""], ""fx"": true, ""max_dias_fx"": 10, ""min_historia"": 12, ""motor"": ""R02.backtest_cartera"", ""periodos_por_anio"": 12, ""peso_max"": 0.125, ""peso_min"": 0.0, ""rebalanceo_con_deriva"": true, ""segmentos"": [""dentro_muestra"", ""fuera_muestra""], ""senal"": ""cartera_ref_vt_L12_obj0.1_tope1.0"", ""spread_por_lado"": 0.0005, ""usuario"": {""escenario_costos"": ""defecto"", ""moneda"": ""MXN"", ""parte"": ""b"", ""sigma_obj"": 0.1, ""tipo"": ""referencia"", ""tope_por_activo"": 1.0}, ""variante"": ""B_ref_1N_vt10""}",referencia; sensibilidad: MXN con DEXMXUS (efectivo T-bill USD convertido)
2026-09-25T05:27:45.814647Z,R02,2ab3f94513,B_ref_1N_vt10,0,dentro_muestra,2007-02-28,2011-12-31,58,12,MXN,0.5542256590957806,0.09543638579530134,0.10079188108084827,0.6170774862934317,0.9112785882755026,-0.11655833614877964,0.8187864459002108,0.17813492641118522,-0.8943057620430589,4.996205305641382,0.8910881176597925,0.5216279943714481,1.0,0.55885192693342,0.0019000965515736277,58,0.10909557445973106,0.05935658521709142,0.0029,0.0005,2011-12-31,b25e21ccd88eba01,"Yahoo chart v8 adjclose 1mo/1d SPY,EFA,EEM,TLT,IEF,GLD,DBC,VNQ (descarga 2026-09-25); RF French CRSP 202607 sha256 b840dba55d319f48","{""activos"": [""SPY"", ""EFA"", ""EEM"", ""TLT"", ""IEF"", ""GLD"", ""DBC"", ""VNQ""], ""bruto_max"": 1.0, ""comision_por_lado"": 0.0029, ""cortes"": [""2011-12-31""], ""efectivo_en_mxn"": false, ""extras"": [""fx"", ""vol_DBC"", ""vol_EEM"", ""vol_EFA"", ""vol_GLD"", ""vol_IEF"", ""vol_SPY"", ""vol_TLT"", ""vol_VNQ""], ""fx"": true, ""max_dias_fx"": 10, ""min_historia"": 12, ""motor"": ""R02.backtest_cartera"", ""periodos_por_anio"": 12, ""peso_max"": 0.125, ""peso_min"": 0.0, ""rebalanceo_con_deriva"": true, ""segmentos"": [""dentro_muestra"", ""fuera_muestra""], ""senal"": ""cartera_ref_vt_L12_obj0.1_tope1.0"", ""spread_por_lado"": 0.0005, ""usuario"": {""escenario_costos"": ""defecto"", ""moneda"": ""MXN"", ""parte"": ""b"", ""sigma_obj"": 0.1, ""tipo"": ""referencia"", ""tope_por_activo"": 1.0}, ""variante"": ""B_ref_1N_vt10""}",referencia; sensibilidad: MXN con DEXMXUS (efectivo T-bill USD convertido)
2026-09-25T05:27:45.814647Z,R02,2ab3f94513,B_ref_1N_vt10,0,fuera_muestra,2011-12-31,2026-07-31,175,12,MXN,1.1796923562056918,0.054888828449966676,0.09886444661830439,0.3721608877511195,0.520090910358347,-0.23433136125929033,0.23423594757012298,0.10743359436247947,-0.6896008363930222,3.8126104600086093,0.913442346826427,0.6997034281969908,1.0,0.5041755944463776,0.0017141970211176846,175,0.08035381024466015,0.03111139360996429,0.0029,0.0005,2011-12-31,b25e21ccd88eba01,"Yahoo chart v8 adjclose 1mo/1d SPY,EFA,EEM,TLT,IEF,GLD,DBC,VNQ (descarga 2026-09-25); RF French CRSP 202607 sha256 b840dba55d319f48","{""activos"": [""SPY"", ""EFA"", ""EEM"", ""TLT"", ""IEF"", ""GLD"", ""DBC"", ""VNQ""], ""bruto_max"": 1.0, ""comision_por_lado"": 0.0029, ""cortes"": [""2011-12-31""], ""efectivo_en_mxn"": false, ""extras"": [""fx"", ""vol_DBC"", ""vol_EEM"", ""vol_EFA"", ""vol_GLD"", ""vol_IEF"", ""vol_SPY"", ""vol_TLT"", ""vol_VNQ""], ""fx"": true, ""max_dias_fx"": 10, ""min_historia"": 12, ""motor"": ""R02.backtest_cartera"", ""periodos_por_anio"": 12, ""peso_max"": 0.125, ""peso_min"": 0.0, ""rebalanceo_con_deriva"": true, ""segmentos"": [""dentro_muestra"", ""fuera_muestra""], ""senal"": ""cartera_ref_vt_L12_obj0.1_tope1.0"", ""spread_por_lado"": 0.0005, ""usuario"": {""escenario_costos"": ""defecto"", ""moneda"": ""MXN"", ""parte"": ""b"", ""sigma_obj"": 0.1, ""tipo"": ""referencia"", ""tope_por_activo"": 1.0}, ""variante"": ""B_ref_1N_vt10""}",referencia; sensibilidad: MXN con DEXMXUS (efectivo T-bill USD convertido)
2026-09-25T05:28:15.367550Z,R02,451172fd26,A_ls_vt40_L3,1,completo,1927-06-30,2026-07-31,1189,12,USD,-0.999113967176765,-0.06847871268060146,0.4869517114581113,0.06045570029234635,0.08329822168348393,-0.9999398544258113,-0.0684828316198313,0.017452057418916752,-0.4199029136022094,4.89103395344332,0.7254957405204404,1.2256935588435192,1.0,22.64463519961807,0.0769917596787014,1189,0.10260130985470983,0.03287249298954742,0.0029,0.0005,2011-12-31,e85ac74d630dff95,French F-F_Research_Data_Factors CRSP 202607 sha256 b840dba55d319f48; daily CRSP 202607 sha256 1916d331c2c51d2a,"{""comision_por_lado"": 0.0029, ""cortes"": [""2011-12-31""], ""efectivo_en_mxn"": false, ""exposicion_inicial"": 0.0, ""exposicion_max"": 10.0, ""exposicion_min"": -10.0, ""extras"": [""vol""], ""fx"": false, ""max_dias_fx"": 10, ""min_historia"": 12, ""periodos_por_anio"": 12, ""permitir_capturas"": false, ""rebalanceo_con_deriva"": true, ""segmentos"": [""dentro_muestra"", ""fuera_muestra""], ""senal"": ""a_ls_vt40_L3"", ""spread_por_lado"": 0.0005, ""usuario"": {""L"": 3, ""escenario_costos"": ""defecto"", ""parte"": ""a"", ""sigma_obj"": 0.4, ""tipo"": ""largo/corto"", ""tope"": 10.0}, ""variante"": ""A_ls_vt40_L3""}",
2026-09-25T05:28:15.367550Z,R02,451172fd26,A_ls_vt40_L3,1,dentro_muestra,1927-06-30,2011-12-31,1014,12,USD,-0.9993834597267541,-0.08375193502718004,0.503809004192832,0.040669785766808936,0.055923503878586585,-0.9999398544258113,-0.08375697263839167,0.011740355880175775,-0.41627214281873837,4.829502928620031,0.6453267240532166,1.125632391304433,1.0,23.928910781124898,0.08135829665582463,1014,0.09471675589938688,0.03582725431534661,0.0029,0.0005,2011-12-31,e85ac74d630dff95,French F-F_Research_Data_Factors CRSP 202607 sha256 b840dba55d319f48; daily CRSP 202607 sha256 1916d331c2c51d2a,"{""comision_por_lado"": 0.0029, ""cortes"": [""2011-12-31""], ""efectivo_en_mxn"": false, ""exposicion_inicial"": 0.0, ""exposicion_max"": 10.0, ""exposicion_min"": -10.0, ""extras"": [""vol""], ""fx"": false, ""max_dias_fx"": 10, ""min_historia"": 12, ""periodos_por_anio"": 12, ""permitir_capturas"": false, ""rebalanceo_con_deriva"": true, ""segmentos"": [""dentro_muestra"", ""fuera_muestra""], ""senal"": ""a_ls_vt40_L3"", ""spread_por_lado"": 0.0005, ""usuario"": {""L"": 3, ""escenario_costos"": ""defecto"", ""parte"": ""a"", ""sigma_obj"": 0.4, ""tipo"": ""largo/corto"", ""tope"": 10.0}, ""variante"": ""A_ls_vt40_L3""}",
2026-09-25T05:28:15.367550Z,R02,451172fd26,A_ls_vt40_L3,1,fuera_muestra,2011-12-31,2026-07-31,175,12,USD,0.43710453588112386,0.025180513045992114,0.375670967352969,0.2164770660735598,0.30548599181530567,-0.7409599997668312,0.03398363346728033,0.06249154618547508,-0.30364477515252075,3.2365466726650505,0.792674229011324,1.8054765524699965,1.0,15.202058064205337,0.05168699741829813,175,0.1494246054539059,0.01591439165222197,0.0029,0.0005,2011-12-31,e85ac74d630dff95,French F-F_Research_Data_Factors CRSP 202607 sha256 b840dba55d319f48; daily CRSP 202607 sha256 1916d331c2c51d2a,"{""comision_por_lado"": 0.0029, ""cortes"": [""2011-12-31""], ""efectivo_en_mxn"": false, ""exposicion_inicial"": 0.0, ""exposicion_max"": 10.0, ""exposicion_min"": -10.0, ""extras"": [""vol""], ""fx"": false, ""max_dias_fx"": 10, ""min_historia"": 12, ""periodos_por_anio"": 12, ""permitir_capturas"": false, ""rebalanceo_con_deriva"": true, ""segmentos"": [""dentro_muestra"", ""fuera_muestra""], ""senal"": ""a_ls_vt40_L3"", ""spread_por_lado"": 0.0005, ""usuario"": {""L"": 3, ""escenario_costos"": ""defecto"", ""parte"": ""a"", ""sigma_obj"": 0.4, ""tipo"": ""largo/corto"", ""tope"": 10.0}, ""variante"": ""A_ls_vt40_L3""}",
2026-09-25T05:28:15.395525Z,R02,1b34695669,A_ls_vt40_L6,1,completo,1927-06-30,2026-07-31,1189,12,USD,-0.11755415021402227,-0.001261323738717679,0.4866034286958226,0.20502099534379808,0.2855475572848493,-0.9970634432591978,-0.001265038596335122,0.059184463425633424,-0.553007610144477,5.028041147127449,0.9774611432047484,1.5891999258395482,1.0,16.116345974461524,0.054795576313169295,1189,0.10260130985470983,0.03287249298954742,0.0029,0.0005,2011-12-31,e85ac74d630dff95,French F-F_Research_Data_Factors CRSP 202607 sha256 b840dba55d319f48; daily CRSP 202607 sha256 1916d331c2c51d2a,"{""comision_por_lado"": 0.0029, ""cortes"": [""2011-12-31""], ""efectivo_en_mxn"": false, ""exposicion_inicial"": 0.0, ""exposicion_max"": 10.0, ""exposicion_min"": -10.0, ""extras"": [""vol""], ""fx"": false, ""max_dias_fx"": 10, ""min_historia"": 12, ""periodos_por_anio"": 12, ""permitir_capturas"": false, ""rebalanceo_con_deriva"": true, ""segmentos"": [""dentro_muestra"", ""fuera_muestra""], ""senal"": ""a_ls_vt40_L6"", ""spread_por_lado"": 0.0005, ""usuario"": {""L"": 6, ""escenario_costos"": ""defecto"", ""parte"": ""a"", ""sigma_obj"": 0.4, ""tipo"": ""largo/corto"", ""tope"": 10.0}, ""variante"": ""A_ls_vt40_L6""}",
2026-09-25T05:28:15.395525Z,R02,1b34695669,A_ls_vt40_L6,1,dentro_muestra,1927-06-30,2011-12-31,1014,12,USD,-0.3642313474541592,-0.005345429630565834,0.5030994266411827,0.20459000976504432,0.2856934170620563,-0.9970634432591978,-0.005361173019334368,0.059060048605678254,-0.54742445756659,4.975353051299671,0.967624640983398,1.4991892446637056,1.0,17.05497215914309,0.0579869053410866,1014,0.09471675589938688,0.03582725431534661,0.0029,0.0005,2011-12-31,e85ac74d630dff95,French F-F_Research_Data_Factors CRSP 202607 sha256 b840dba55d319f48; daily CRSP 202607 sha256 1916d331c2c51d2a,"{""comision_por_lado"": 0.0029, ""cortes"": [""2011-12-31""], ""efectivo_en_mxn"": false, ""exposicion_inicial"": 0.0, ""exposicion_max"": 10.0, ""exposicion_min"": -10.0, ""extras"": [""vol""], ""fx"": false, ""max_dias_fx"": 10, ""min_historia"": 12, ""periodos_por_anio"": 12, ""permitir_capturas"": false, ""rebalanceo_con_deriva"": true, ""segmentos"": [""dentro_muestra"", ""fuera_muestra""], ""senal"": ""a_ls_vt40_L6"", ""spread_por_lado"": 0.0005, ""usuario"": {""L"": 6, ""escenario_costos"": ""defecto"", ""parte"": ""a"", ""sigma_obj"": 0.4, ""tipo"": ""largo/corto"", ""tope"": 10.0}, ""variante"": ""A_ls_vt40_L6""}",
2026-09-25T05:28:15.395525Z,R02,1b34695669,A_ls_vt40_L6,1,fuera_muestra,2011-12-31,2026-07-31,175,12,USD,0.38799836426718204,0.022739066019295207,0.37812123477725873,0.21523699017500772,0.29293222843918226,-0.8927140282724433,0.025471836779914,0.06213356710855277,-0.5744455002159823,3.4548425921722847,0.7894262391482644,2.1107475299098595,1.0,10.676860959404,0.03630132726197358,175,0.1494246054539059,0.01591439165222197,0.0029,0.0005,2011-12-31,e85ac74d630dff95,French F-F_Research_Data_Factors CRSP 202607 sha256 b840dba55d319f48; daily CRSP 202607 sha256 1916d331c2c51d2a,"{""comision_por_lado"": 0.0029, ""cortes"": [""2011-12-31""], ""efectivo_en_mxn"": false, ""exposicion_inicial"": 0.0, ""exposicion_max"": 10.0, ""exposicion_min"": -10.0, ""extras"": [""vol""], ""fx"": false, ""max_dias_fx"": 10, ""min_historia"": 12, ""periodos_por_anio"": 12, ""permitir_capturas"": false, ""rebalanceo_con_deriva"": true, ""segmentos"": [""dentro_muestra"", ""fuera_muestra""], ""senal"": ""a_ls_vt40_L6"", ""spread_por_lado"": 0.0005, ""usuario"": {""L"": 6, ""escenario_costos"": ""defecto"", ""parte"": ""a"", ""sigma_obj"": 0.4, ""tipo"": ""largo/corto"", ""tope"": 10.0}, ""variante"": ""A_ls_vt40_L6""}",
2026-09-25T05:28:15.424199Z,R02,819453ca94,A_ls_vt40_L12,1,completo,1927-06-30,2026-07-31,1189,12,USD,661.9085520638818,0.06776313585977123,0.4834713032435668,0.3385744099352598,0.48872727809766336,-0.9848106032023218,0.06880829231470999,0.09773801335842047,-0.5043239910380674,5.113274265522077,0.9994687059245293,1.788005425107295,1.0,11.405537161719648,0.03877882634984682,1189,0.10260130985470983,0.03287249298954742,0.0029,0.0005,2011-12-31,e85ac74d630dff95,French F-F_Research_Data_Factors CRSP 202607 sha256 b840dba55d319f48; daily CRSP 202607 sha256 1916d331c2c51d2a,"{""comision_por_lado"": 0.0029, ""cortes"": [""2011-12-31""], ""efectivo_en_mxn"": false, ""exposicion_inicial"": 0.0, ""exposicion_max"": 10.0, ""exposicion_min"": -10.0, ""extras"": [""vol""], ""fx"": false, ""max_dias_fx"": 10, ""min_historia"": 12, ""periodos_por_anio"": 12, ""permitir_capturas"": false, ""rebalanceo_con_deriva"": true, ""segmentos"": [""dentro_muestra"", ""fuera_muestra""], ""senal"": ""a_ls_vt40_L12"", ""spread_por_lado"": 0.0005, ""usuario"": {""L"": 12, ""escenario_costos"": ""defecto"", ""parte"": ""a"", ""sigma_obj"": 0.4, ""tipo"": ""largo/corto"", ""tope"": 10.0}, ""variante"": ""A_ls_vt40_L12""}",
2026-09-25T05:28:15.424199Z,R02,819453ca94,A_ls_vt40_L12,1,dentro_muestra,1927-06-30,2011-12-31,1014,12,USD,189.33344059905667,0.06408251828723066,0.4998497629638297,0.33482486556919716,0.48326221440770484,-0.9848106032023218,0.06507090609996752,0.09665561313387813,-0.5108915340565745,5.065348084607791,0.9986031677851903,1.713516903966823,1.0,11.894230573149027,0.0404403839487067,1014,0.09471675589938688,0.03582725431534661,0.0029,0.0005,2011-12-31,e85ac74d630dff95,French F-F_Research_Data_Factors CRSP 202607 sha256 b840dba55d319f48; daily CRSP 202607 sha256 1916d331c2c51d2a,"{""comision_por_lado"": 0.0029, ""cortes"": [""2011-12-31""], ""efectivo_en_mxn"": false, ""exposicion_inicial"": 0.0, ""exposicion_max"": 10.0, ""exposicion_min"": -10.0, ""extras"": [""vol""], ""fx"": false, ""max_dias_fx"": 10, ""min_historia"": 12, ""periodos_por_anio"": 12, ""permitir_capturas"": false, ""rebalanceo_con_deriva"": true, ""segmentos"": [""dentro_muestra"", ""fuera_muestra""], ""senal"": ""a_ls_vt40_L12"", ""spread_por_lado"": 0.0005, ""usuario"": {""L"": 12, ""escenario_costos"": ""defecto"", ""parte"": ""a"", ""sigma_obj"": 0.4, ""tipo"": ""largo/corto"", ""tope"": 10.0}, ""variante"": ""A_ls_vt40_L12""}",
2026-09-25T05:28:15.424199Z,R02,819453ca94,A_ls_vt40_L12,1,fuera_muestra,2011-12-31,2026-07-31,175,12,USD,2.4828800970414804,0.08934494771955603,0.3757442276940102,0.3790136021152932,0.5493825257718327,-0.81861824390538,0.1091411636434076,0.10941180260389713,-0.37167326499110825,3.397454893859443,0.9207167930982658,2.219613199029801,1.0,8.573482684857508,0.02914984112851552,175,0.1494246054539059,0.01591439165222197,0.0029,0.0005,2011-12-31,e85ac74d630dff95,French F-F_Research_Data_Factors CRSP 202607 sha256 b840dba55d319f48; daily CRSP 202607 sha256 1916d331c2c51d2a,"{""comision_por_lado"": 0.0029, ""cortes"": [""2011-12-31""], ""efectivo_en_mxn"": false, ""exposicion_inicial"": 0.0, ""exposicion_max"": 10.0, ""exposicion_min"": -10.0, ""extras"": [""vol""], ""fx"": false, ""max_dias_fx"": 10, ""min_historia"": 12, ""periodos_por_anio"": 12, ""permitir_capturas"": false, ""rebalanceo_con_deriva"": true, ""segmentos"": [""dentro_muestra"", ""fuera_muestra""], ""senal"": ""a_ls_vt40_L12"", ""spread_por_lado"": 0.0005, ""usuario"": {""L"": 12, ""escenario_costos"": ""defecto"", ""parte"": ""a"", ""sigma_obj"": 0.4, ""tipo"": ""largo/corto"", ""tope"": 10.0}, ""variante"": ""A_ls_vt40_L12""}",
2026-09-25T05:28:15.449980Z,R02,5d73764adc,A_lo_L3,1,completo,1927-06-30,2026-07-31,1189,12,USD,1064.8286465421231,0.07289270783677737,0.1282601905904328,0.3615187959040524,0.5335480382413856,-0.5969130361985207,0.12211612649808974,0.10436148706615701,-0.26986015176544326,19.80481843505584,0.999732206538072,0.6383515559293524,0.6383515559293524,2.735010085380343,0.00929903429029312,271,0.10260130985470983,0.03287249298954742,0.0029,0.0005,2011-12-31,e85ac74d630dff95,French F-F_Research_Data_Factors CRSP 202607 sha256 b840dba55d319f48; daily CRSP 202607 sha256 1916d331c2c51d2a,"{""comision_por_lado"": 0.0029, ""cortes"": [""2011-12-31""], ""efectivo_en_mxn"": false, ""exposicion_inicial"": 0.0, ""exposicion_max"": 1.0, ""exposicion_min"": 0.0, ""extras"": [""vol""], ""fx"": false, ""max_dias_fx"": 10, ""min_historia"": 12, ""periodos_por_anio"": 12, ""permitir_capturas"": false, ""rebalanceo_con_deriva"": true, ""segmentos"": [""dentro_muestra"", ""fuera_muestra""], ""senal"": ""a_lo_L3"", ""spread_por_lado"": 0.0005, ""usuario"": {""L"": 3, ""escenario_costos"": ""defecto"", ""parte"": ""a"", ""tipo"": ""solo largos""}, ""variante"": ""A_lo_L3""}",
2026-09-25T05:28:15.449980Z,R02,5d73764adc,A_lo_L3,1,dentro_muestra,1927-06-30,2011-12-31,1014,12,USD,298.59102899762826,0.06981018333641464,0.13212436694940458,0.3114896536810898,0.4552863309021963,-0.5969130361985207,0.11695201663043803,0.08991931770128025,-0.2707315958185177,20.344325894649405,0.9972419207311527,0.6153846153846154,0.6153846153846154,2.828276364814515,0.009616139640369312,239,0.09471675589938688,0.03582725431534661,0.0029,0.0005,2011-12-31,e85ac74d630dff95,French F-F_Research_Data_Factors CRSP 202607 sha256 b840dba55d319f48; daily CRSP 202607 sha256 1916d331c2c51d2a,"{""comision_por_lado"": 0.0029, ""cortes"": [""2011-12-31""], ""efectivo_en_mxn"": false, ""exposicion_inicial"": 0.0, ""exposicion_max"": 1.0, ""exposicion_min"": 0.0, ""extras"": [""vol""], ""fx"": false, ""max_dias_fx"": 10, ""min_historia"": 12, ""periodos_por_anio"": 12, ""permitir_capturas"": false, ""rebalanceo_con_deriva"": true, ""segmentos"": [""dentro_muestra"", ""fuera_muestra""], ""senal"": ""a_lo_L3"", ""spread_por_lado"": 0.0005, ""usuario"": {""L"": 3, ""escenario_costos"": ""defecto"", ""parte"": ""a"", ""tipo"": ""solo largos""}, ""variante"": ""A_lo_L3""}",
2026-09-25T05:28:15.449980Z,R02,5d73764adc,A_lo_L3,1,fuera_muestra,2011-12-31,2026-07-31,175,12,USD,2.5576120223231364,0.0909321056204957,0.103290664733918,0.7428233271016541,1.2132398459755216,-0.18382317526515723,0.4946716075888143,0.21443462393123672,-0.06832981718706031,4.527051187748397,0.9970529129410968,0.7714285714285715,0.7714285714285715,2.1945174615095757,0.007461359369132557,32,0.1494246054539059,0.01591439165222197,0.0029,0.0005,2011-12-31,e85ac74d630dff95,French F-F_Research_Data_Factors CRSP 202607 sha256 b840dba55d319f48; daily CRSP 202607 sha256 1916d331c2c51d2a,"{""comision_por_lado"": 0.0029, ""cortes"": [""2011-12-31""], ""efectivo_en_mxn"": false, ""exposicion_inicial"": 0.0, ""exposicion_max"": 1.0, ""exposicion_min"": 0.0, ""extras"": [""vol""], ""fx"": false, ""max_dias_fx"": 10, ""min_historia"": 12, ""periodos_por_anio"": 12, ""permitir_capturas"": false, ""rebalanceo_con_deriva"": true, ""segmentos"": [""dentro_muestra"", ""fuera_muestra""], ""senal"": ""a_lo_L3"", ""spread_por_lado"": 0.0005, ""usuario"": {""L"": 3, ""escenario_costos"": ""defecto"", ""parte"": ""a"", ""tipo"": ""solo largos""}, ""variante"": ""A_lo_L3""}",
2026-09-25T05:28:15.475442Z,R02,9e9dd11b09,A_lo_L6,1,completo,1927-06-30,2026-07-31,1189,12,USD,1894.429423763068,0.07914442068304073,0.1232303037007105,0.4190668977404407,0.5976996205782191,-0.5674822998494833,0.13946588414128983,0.12097419310945241,-0.8916602737549434,9.534356584331658,0.9999532372544679,0.68040370058873,0.68040370058873,1.7257812715868586,0.005867656323395315,171,0.10260130985470983,0.03287249298954742,0.0029,0.0005,2011-12-31,e85ac74d630dff95,French F-F_Research_Data_Factors CRSP 202607 sha256 b840dba55d319f48; daily CRSP 202607 sha256 1916d331c2c51d2a,"{""comision_por_lado"": 0.0029, ""cortes"": [""2011-12-31""], ""efectivo_en_mxn"": false, ""exposicion_inicial"": 0.0, ""exposicion_max"": 1.0, ""exposicion_min"": 0.0, ""extras"": [""vol""], ""fx"": false, ""max_dias_fx"": 10, ""min_historia"": 12, ""periodos_por_anio"": 12, ""permitir_capturas"": false, ""rebalanceo_con_deriva"": true, ""segmentos"": [""dentro_muestra"", ""fuera_muestra""], ""senal"": ""a_lo_L6"", ""spread_por_lado"": 0.0005, ""usuario"": {""L"": 6, ""escenario_costos"": ""defecto"", ""parte"": ""a"", ""tipo"": ""solo largos""}, ""variante"": ""A_lo_L6""}",
2026-09-25T05:28:15.475442Z,R02,9e9dd11b09,A_lo_L6,1,dentro_muestra,1927-06-30,2011-12-31,1014,12,USD,595.1811011462457,0.07855736626365983,0.12442700259268186,0.389014267776146,0.5529065322457547,-0.5674822998494833,0.1384313947492214,0.11229874610958153,-0.9166591451192087,10.034030976390344,0.9996105941373818,0.6577909270216963,0.6577909270216963,1.7750688482099466,0.006035234083913823,150,0.09471675589938688,0.03582725431534661,0.0029,0.0005,2011-12-31,e85ac74d630dff95,French F-F_Research_Data_Factors CRSP 202607 sha256 b840dba55d319f48; daily CRSP 202607 sha256 1916d331c2c51d2a,"{""comision_por_lado"": 0.0029, ""cortes"": [""2011-12-31""], ""efectivo_en_mxn"": false, ""exposicion_inicial"": 0.0, ""exposicion_max"": 1.0, ""exposicion_min"": 0.0, ""extras"": [""vol""], ""fx"": false, ""max_dias_fx"": 10, ""min_historia"": 12, ""periodos_por_anio"": 12, ""permitir_capturas"": false, ""rebalanceo_con_deriva"": true, ""segmentos"": [""dentro_muestra"", ""fuera_muestra""], ""senal"": ""a_lo_L6"", ""spread_por_lado"": 0.0005, ""usuario"": {""L"": 6, ""escenario_costos"": ""defecto"", ""parte"": ""a"", ""tipo"": ""solo largos""}, ""variante"": ""A_lo_L6""}",
2026-09-25T05:28:15.475442Z,R02,9e9dd11b09,A_lo_L6,1,fuera_muestra,2011-12-31,2026-07-31,175,12,USD,2.179284650450723,0.08255278941625654,0.11639187014878605,0.6053559076438447,0.8856347047626355,-0.3051589793024495,0.2705238744898171,0.174751198116852,-0.690455204603771,5.497713064065226,0.9840190972788596,0.8114285714285714,0.8114285714285714,1.440152084115659,0.00489651708599324,21,0.1494246054539059,0.01591439165222197,0.0029,0.0005,2011-12-31,e85ac74d630dff95,French F-F_Research_Data_Factors CRSP 202607 sha256 b840dba55d319f48; daily CRSP 202607 sha256 1916d331c2c51d2a,"{""comision_por_lado"": 0.0029, ""cortes"": [""2011-12-31""], ""efectivo_en_mxn"": false, ""exposicion_inicial"": 0.0, ""exposicion_max"": 1.0, ""exposicion_min"": 0.0, ""extras"": [""vol""], ""fx"": false, ""max_dias_fx"": 10, ""min_historia"": 12, ""periodos_por_anio"": 12, ""permitir_capturas"": false, ""rebalanceo_con_deriva"": true, ""segmentos"": [""dentro_muestra"", ""fuera_muestra""], ""senal"": ""a_lo_L6"", ""spread_por_lado"": 0.0005, ""usuario"": {""L"": 6, ""escenario_costos"": ""defecto"", ""parte"": ""a"", ""tipo"": ""solo largos""}, ""variante"": ""A_lo_L6""}",
2026-09-25T05:28:15.500416Z,R02,859da7e854,A_lo_L12,1,completo,1927-06-30,2026-07-31,1189,12,USD,8843.135546656964,0.09605105234395239,0.12583210336031714,0.5361827224318338,0.8075674492991086,-0.4516676006306942,0.21265871674175826,0.15478261956542283,-0.5795193550596873,8.67159830707787,0.9999997224306731,0.7064760302775441,0.7064760302775441,0.8780290680003315,0.002985298831201124,87,0.10260130985470983,0.03287249298954742,0.0029,0.0005,2011-12-31,e85ac74d630dff95,French F-F_Research_Data_Factors CRSP 202607 sha256 b840dba55d319f48; daily CRSP 202607 sha256 1916d331c2c51d2a,"{""comision_por_lado"": 0.0029, ""cortes"": [""2011-12-31""], ""efectivo_en_mxn"": false, ""exposicion_inicial"": 0.0, ""exposicion_max"": 1.0, ""exposicion_min"": 0.0, ""extras"": [""vol""], ""fx"": false, ""max_dias_fx"": 10, ""min_historia"": 12, ""periodos_por_anio"": 12, ""permitir_capturas"": false, ""rebalanceo_con_deriva"": true, ""segmentos"": [""dentro_muestra"", ""fuera_muestra""], ""senal"": ""a_lo_L12"", ""spread_por_lado"": 0.0005, ""usuario"": {""L"": 12, ""escenario_costos"": ""defecto"", ""parte"": ""a"", ""tipo"": ""solo largos""}, ""variante"": ""A_lo_L12""}",
2026-09-25T05:28:15.500416Z,R02,859da7e854,A_lo_L12,1,dentro_muestra,1927-06-30,2011-12-31,1014,12,USD,2193.0994544870523,0.09531676044689341,0.12607499406392894,0.5072769268551978,0.7618933204995795,-0.4516676006306942,0.21103298158600733,0.14643823513676726,-0.5955589514615852,9.299727413572235,0.9999940983483062,0.6824457593688363,0.6824457593688363,0.863866839462174,0.0029371472541713855,73,0.09471675589938688,0.03582725431534661,0.0029,0.0005,2011-12-31,e85ac74d630dff95,French F-F_Research_Data_Factors CRSP 202607 sha256 b840dba55d319f48; daily CRSP 202607 sha256 1916d331c2c51d2a,"{""comision_por_lado"": 0.0029, ""cortes"": [""2011-12-31""], ""efectivo_en_mxn"": false, ""exposicion_inicial"": 0.0, ""exposicion_max"": 1.0, ""exposicion_min"": 0.0, ""extras"": [""vol""], ""fx"": false, ""max_dias_fx"": 10, ""min_historia"": 12, ""periodos_por_anio"": 12, ""permitir_capturas"": false, ""rebalanceo_con_deriva"": true, ""segmentos"": [""dentro_muestra"", ""fuera_muestra""], ""senal"": ""a_lo_L12"", ""spread_por_lado"": 0.0005, ""usuario"": {""L"": 12, ""escenario_costos"": ""defecto"", ""parte"": ""a"", ""tipo"": ""solo largos""}, ""variante"": ""A_lo_L12""}",
2026-09-25T05:28:15.500416Z,R02,859da7e854,A_lo_L12,1,fuera_muestra,2011-12-31,2026-07-31,175,12,USD,3.0308726792535374,0.10031609113269813,0.12476846816218372,0.7052302834776575,1.082185603912253,-0.24518889245244568,0.40913799205710105,0.20358244700325082,-0.4794317321015076,4.781852080470409,0.9941104071445728,0.8457142857142858,0.8457142857142858,0.9601013894104394,0.0032643447239954935,14,0.1494246054539059,0.01591439165222197,0.0029,0.0005,2011-12-31,e85ac74d630dff95,French F-F_Research_Data_Factors CRSP 202607 sha256 b840dba55d319f48; daily CRSP 202607 sha256 1916d331c2c51d2a,"{""comision_por_lado"": 0.0029, ""cortes"": [""2011-12-31""], ""efectivo_en_mxn"": false, ""exposicion_inicial"": 0.0, ""exposicion_max"": 1.0, ""exposicion_min"": 0.0, ""extras"": [""vol""], ""fx"": false, ""max_dias_fx"": 10, ""min_historia"": 12, ""periodos_por_anio"": 12, ""permitir_capturas"": false, ""rebalanceo_con_deriva"": true, ""segmentos"": [""dentro_muestra"", ""fuera_muestra""], ""senal"": ""a_lo_L12"", ""spread_por_lado"": 0.0005, ""usuario"": {""L"": 12, ""escenario_costos"": ""defecto"", ""parte"": ""a"", ""tipo"": ""solo largos""}, ""variante"": ""A_lo_L12""}",
2026-09-25T05:28:15.521380Z,R02,301b10e5a4,A_ref_comprar_mantener,0,completo,1927-06-30,2026-07-31,1189,12,USD,15905.770725779157,0.10256341162295546,0.18407262054752943,0.4474463953280563,0.6755322777788232,-0.8365224657023863,0.12260688245454121,0.12916664839529052,0.15627536024461244,10.310747573454414,0.9999948574896089,1.0,1.0,0.010092288137934845,3.4313779668978476e-05,1,0.10260130985470983,0.03287249298954742,0.0029,0.0005,2011-12-31,e85ac74d630dff95,French F-F_Research_Data_Factors CRSP 202607 sha256 b840dba55d319f48; daily CRSP 202607 sha256 1916d331c2c51d2a,"{""comision_por_lado"": 0.0029, ""cortes"": [""2011-12-31""], ""efectivo_en_mxn"": false, ""exposicion_inicial"": 0.0, ""exposicion_max"": 1.0, ""exposicion_min"": 0.0, ""extras"": [""vol""], ""fx"": false, ""max_dias_fx"": 10, ""min_historia"": 12, ""periodos_por_anio"": 12, ""permitir_capturas"": false, ""rebalanceo_con_deriva"": true, ""segmentos"": [""dentro_muestra"", ""fuera_muestra""], ""senal"": ""senal_comprar_y_mantener"", ""spread_por_lado"": 0.0005, ""usuario"": {""escenario_costos"": ""defecto"", ""parte"": ""a"", ""tipo"": ""referencia""}, ""variante"": ""A_ref_comprar_mantener""}",referencia
2026-09-25T05:28:15.521380Z,R02,301b10e5a4,A_ref_comprar_mantener,0,dentro_muestra,1927-06-30,2011-12-31,1014,12,USD,2086.6996665397155,0.09467263592793174,0.18998786142397353,0.38623473900581,0.5793532155353864,-0.8365224657023863,0.11317405067948753,0.11149636526769464,0.21288095063947526,10.450189535695076,0.9997989587983382,1.0,1.0,0.011833792321399644,4.0234893892758785e-05,1,0.09471675589938688,0.03582725431534661,0.0029,0.0005,2011-12-31,e85ac74d630dff95,French F-F_Research_Data_Factors CRSP 202607 sha256 b840dba55d319f48; daily CRSP 202607 sha256 1916d331c2c51d2a,"{""comision_por_lado"": 0.0029, ""cortes"": [""2011-12-31""], ""efectivo_en_mxn"": false, ""exposicion_inicial"": 0.0, ""exposicion_max"": 1.0, ""exposicion_min"": 0.0, ""extras"": [""vol""], ""fx"": false, ""max_dias_fx"": 10, ""min_historia"": 12, ""periodos_por_anio"": 12, ""permitir_capturas"": false, ""rebalanceo_con_deriva"": true, ""segmentos"": [""dentro_muestra"", ""fuera_muestra""], ""senal"": ""senal_comprar_y_mantener"", ""spread_por_lado"": 0.0005, ""usuario"": {""escenario_costos"": ""defecto"", ""parte"": ""a"", ""tipo"": ""referencia""}, ""variante"": ""A_ref_comprar_mantener""}",referencia
2026-09-25T05:28:15.521380Z,R02,301b10e5a4,A_ref_comprar_mantener,0,fuera_muestra,2011-12-31,2026-07-31,175,12,USD,6.619281154623179,0.1494246054539059,0.14515916908842977,0.9281555946250296,1.4967910440498882,-0.2484493224703468,0.6014289110075565,0.26793544120330903,-0.38044433568792047,3.9502762688913693,0.9994968969733392,1.0,1.0,0.0,0.0,0,0.1494246054539059,0.01591439165222197,0.0029,0.0005,2011-12-31,e85ac74d630dff95,French F-F_Research_Data_Factors CRSP 202607 sha256 b840dba55d319f48; daily CRSP 202607 sha256 1916d331c2c51d2a,"{""comision_por_lado"": 0.0029, ""cortes"": [""2011-12-31""], ""efectivo_en_mxn"": false, ""exposicion_inicial"": 0.0, ""exposicion_max"": 1.0, ""exposicion_min"": 0.0, ""extras"": [""vol""], ""fx"": false, ""max_dias_fx"": 10, ""min_historia"": 12, ""periodos_por_anio"": 12, ""permitir_capturas"": false, ""rebalanceo_con_deriva"": true, ""segmentos"": [""dentro_muestra"", ""fuera_muestra""], ""senal"": ""senal_comprar_y_mantener"", ""spread_por_lado"": 0.0005, ""usuario"": {""escenario_costos"": ""defecto"", ""parte"": ""a"", ""tipo"": ""referencia""}, ""variante"": ""A_ref_comprar_mantener""}",referencia
2026-09-25T05:28:15.541115Z,R02,65bd929fd9,A_ref_efectivo,0,completo,1927-06-30,2026-07-31,1189,12,USD,23.65052983122982,0.03287249298954742,0.008640101911741083,0.0,0.0,-0.0008998599580103406,36.5306764646257,,0.0,3.0,,0.0,0.0,0.0,0.0,0,0.10260130985470983,0.03287249298954742,0.0029,0.0005,2011-12-31,e85ac74d630dff95,French F-F_Research_Data_Factors CRSP 202607 sha256 b840dba55d319f48; daily CRSP 202607 sha256 1916d331c2c51d2a,"{""comision_por_lado"": 0.0029, ""cortes"": [""2011-12-31""], ""efectivo_en_mxn"": false, ""exposicion_inicial"": 0.0, ""exposicion_max"": 1.0, ""exposicion_min"": 0.0, ""extras"": [""vol""], ""fx"": false, ""max_dias_fx"": 10, ""min_historia"": 12, ""periodos_por_anio"": 12, ""permitir_capturas"": false, ""rebalanceo_con_deriva"": true, ""segmentos"": [""dentro_muestra"", ""fuera_muestra""], ""senal"": ""senal_efectivo"", ""spread_por_lado"": 0.0005, ""usuario"": {""escenario_costos"": ""defecto"", ""parte"": ""a"", ""tipo"": ""referencia""}, ""variante"": ""A_ref_efectivo""}",referencia
2026-09-25T05:28:15.541115Z,R02,65bd929fd9,A_ref_efectivo,0,dentro_muestra,1927-06-30,2011-12-31,1014,12,USD,18.581107817503632,0.03582725431534661,0.008819112333418656,0.0,0.0,-0.0008998599580103406,39.81425553656529,,0.0,3.0,,0.0,0.0,0.0,0.0,0,0.09471675589938688,0.03582725431534661,0.0029,0.0005,2011-12-31,e85ac74d630dff95,French F-F_Research_Data_Factors CRSP 202607 sha256 b840dba55d319f48; daily CRSP 202607 sha256 1916d331c2c51d2a,"{""comision_por_lado"": 0.0029, ""cortes"": [""2011-12-31""], ""efectivo_en_mxn"": false, ""exposicion_inicial"": 0.0, ""exposicion_max"": 1.0, ""exposicion_min"": 0.0, ""extras"": [""vol""], ""fx"": false, ""max_dias_fx"": 10, ""min_historia"": 12, ""periodos_por_anio"": 12, ""permitir_capturas"": false, ""rebalanceo_con_deriva"": true, ""segmentos"": [""dentro_muestra"", ""fuera_muestra""], ""senal"": ""senal_efectivo"", ""spread_por_lado"": 0.0005, ""usuario"": {""escenario_costos"": ""defecto"", ""parte"": ""a"", ""tipo"": ""referencia""}, ""variante"": ""A_ref_efectivo""}",referencia
2026-09-25T05:28:15.541115Z,R02,65bd929fd9,A_ref_efectivo,0,fuera_muestra,2011-12-31,2026-07-31,175,12,USD,0.25889352435895274,0.01591439165222197,0.005455494450957997,0.0,0.0,0.0,inf,,0.0,3.0,,0.0,0.0,0.0,0.0,0,0.1494246054539059,0.01591439165222197,0.0029,0.0005,2011-12-31,e85ac74d630dff95,French F-F_Research_Data_Factors CRSP 202607 sha256 b840dba55d319f48; daily CRSP 202607 sha256 1916d331c2c51d2a,"{""comision_por_lado"": 0.0029, ""cortes"": [""2011-12-31""], ""efectivo_en_mxn"": false, ""exposicion_inicial"": 0.0, ""exposicion_max"": 1.0, ""exposicion_min"": 0.0, ""extras"": [""vol""], ""fx"": false, ""max_dias_fx"": 10, ""min_historia"": 12, ""periodos_por_anio"": 12, ""permitir_capturas"": false, ""rebalanceo_con_deriva"": true, ""segmentos"": [""dentro_muestra"", ""fuera_muestra""], ""senal"": ""senal_efectivo"", ""spread_por_lado"": 0.0005, ""usuario"": {""escenario_costos"": ""defecto"", ""parte"": ""a"", ""tipo"": ""referencia""}, ""variante"": ""A_ref_efectivo""}",referencia
2026-09-25T05:28:15.565549Z,R02,cea9b26577,A_ref_sma10,0,completo,1927-06-30,2026-07-31,1189,12,USD,6233.730767371164,0.09219049755986264,0.12524180166177942,0.5101000589602692,0.7559508271665315,-0.4349816634196292,0.21194111226460127,0.14725320317717772,-0.6770074863023119,8.664195594880193,0.999998987923093,0.7300252312867956,0.7300252312867956,1.4835663562764223,0.005044125611339841,147,0.10260130985470983,0.03287249298954742,0.0029,0.0005,2011-12-31,e85ac74d630dff95,French F-F_Research_Data_Factors CRSP 202607 sha256 b840dba55d319f48; daily CRSP 202607 sha256 1916d331c2c51d2a,"{""comision_por_lado"": 0.0029, ""cortes"": [""2011-12-31""], ""efectivo_en_mxn"": false, ""exposicion_inicial"": 0.0, ""exposicion_max"": 1.0, ""exposicion_min"": 0.0, ""extras"": [""vol""], ""fx"": false, ""max_dias_fx"": 10, ""min_historia"": 12, ""periodos_por_anio"": 12, ""permitir_capturas"": false, ""rebalanceo_con_deriva"": true, ""segmentos"": [""dentro_muestra"", ""fuera_muestra""], ""senal"": ""media_movil_10"", ""spread_por_lado"": 0.0005, ""usuario"": {""escenario_costos"": ""defecto"", ""parte"": ""a"", ""tipo"": ""referencia"", ""ventana"": 10}, ""variante"": ""A_ref_sma10""}",referencia
2026-09-25T05:28:15.565549Z,R02,cea9b26577,A_ref_sma10,0,dentro_muestra,1927-06-30,2011-12-31,1014,12,USD,1492.5158673601259,0.09034249860836141,0.12775858495078724,0.4672081138478729,0.6869907542384952,-0.4349816634196292,0.20769265972760675,0.1348713651488234,-0.704656854588551,8.968789231836132,0.9999728029472132,0.7110453648915187,0.7110453648915187,1.4673902478535559,0.004989126842702092,124,0.09471675589938688,0.03582725431534661,0.0029,0.0005,2011-12-31,e85ac74d630dff95,French F-F_Research_Data_Factors CRSP 202607 sha256 b840dba55d319f48; daily CRSP 202607 sha256 1916d331c2c51d2a,"{""comision_por_lado"": 0.0029, ""cortes"": [""2011-12-31""], ""efectivo_en_mxn"": false, ""exposicion_inicial"": 0.0, ""exposicion_max"": 1.0, ""exposicion_min"": 0.0, ""extras"": [""vol""], ""fx"": false, ""max_dias_fx"": 10, ""min_historia"": 12, ""periodos_por_anio"": 12, ""permitir_capturas"": false, ""rebalanceo_con_deriva"": true, ""segmentos"": [""dentro_muestra"", ""fuera_muestra""], ""senal"": ""media_movil_10"", ""spread_por_lado"": 0.0005, ""usuario"": {""escenario_costos"": ""defecto"", ""parte"": ""a"", ""tipo"": ""referencia"", ""ventana"": 10}, ""variante"": ""A_ref_sma10""}",referencia
2026-09-25T05:28:15.565549Z,R02,cea9b26577,A_ref_sma10,0,fuera_muestra,2011-12-31,2026-07-31,175,12,USD,3.1745326605678468,0.10296177696814346,0.10982911838472696,0.8032098132551595,1.2719685565715544,-0.193075745795508,0.5332714191724174,0.2318667009493077,-0.3378224927626836,4.3889706466446645,0.9980432346285284,0.84,0.84,1.5773094254600075,0.005362852046564025,23,0.1494246054539059,0.01591439165222197,0.0029,0.0005,2011-12-31,e85ac74d630dff95,French F-F_Research_Data_Factors CRSP 202607 sha256 b840dba55d319f48; daily CRSP 202607 sha256 1916d331c2c51d2a,"{""comision_por_lado"": 0.0029, ""cortes"": [""2011-12-31""], ""efectivo_en_mxn"": false, ""exposicion_inicial"": 0.0, ""exposicion_max"": 1.0, ""exposicion_min"": 0.0, ""extras"": [""vol""], ""fx"": false, ""max_dias_fx"": 10, ""min_historia"": 12, ""periodos_por_anio"": 12, ""permitir_capturas"": false, ""rebalanceo_con_deriva"": true, ""segmentos"": [""dentro_muestra"", ""fuera_muestra""], ""senal"": ""media_movil_10"", ""spread_por_lado"": 0.0005, ""usuario"": {""escenario_costos"": ""defecto"", ""parte"": ""a"", ""tipo"": ""referencia"", ""ventana"": 10}, ""variante"": ""A_ref_sma10""}",referencia
2026-09-25T05:28:15.590219Z,R02,26ed8e1d6e,A_ref_largo_vt40,0,completo,1927-06-30,2026-07-31,1189,12,USD,580713.6965738661,0.14332993263337812,0.48287376499753437,0.48156841608680445,0.7072675409391119,-0.9858802189183887,0.14538270459531655,0.13901682733046913,-0.5836302652114514,5.256675900854933,0.9999975029154555,3.2358959681985846,1.0,5.884901518893339,0.02000866516423731,1189,0.10260130985470983,0.03287249298954742,0.0029,0.0005,2011-12-31,e85ac74d630dff95,French F-F_Research_Data_Factors CRSP 202607 sha256 b840dba55d319f48; daily CRSP 202607 sha256 1916d331c2c51d2a,"{""comision_por_lado"": 0.0029, ""cortes"": [""2011-12-31""], ""efectivo_en_mxn"": false, ""exposicion_inicial"": 0.0, ""exposicion_max"": 10.0, ""exposicion_min"": 0.0, ""extras"": [""vol""], ""fx"": false, ""max_dias_fx"": 10, ""min_historia"": 12, ""periodos_por_anio"": 12, ""permitir_capturas"": false, ""rebalanceo_con_deriva"": true, ""segmentos"": [""dentro_muestra"", ""fuera_muestra""], ""senal"": ""a_largo_vt40"", ""spread_por_lado"": 0.0005, ""usuario"": {""escenario_costos"": ""defecto"", ""parte"": ""a"", ""sigma_obj"": 0.4, ""tipo"": ""referencia"", ""tope"": 10.0}, ""variante"": ""A_ref_largo_vt40""}",referencia
2026-09-25T05:28:15.590219Z,R02,26ed8e1d6e,A_ref_largo_vt40,0,dentro_muestra,1927-06-30,2011-12-31,1014,12,USD,15106.847745803589,0.12061341106719126,0.5003117814144278,0.43951776888570737,0.6432500295931411,-0.9858802189183887,0.12234083690158272,0.12687785108989344,-0.5645968254366842,5.149471628865933,0.9999457777355728,3.3111996517714526,1.0,6.113708197366008,0.02078660787104438,1014,0.09471675589938688,0.03582725431534661,0.0029,0.0005,2011-12-31,e85ac74d630dff95,French F-F_Research_Data_Factors CRSP 202607 sha256 b840dba55d319f48; daily CRSP 202607 sha256 1916d331c2c51d2a,"{""comision_por_lado"": 0.0029, ""cortes"": [""2011-12-31""], ""efectivo_en_mxn"": false, ""exposicion_inicial"": 0.0, ""exposicion_max"": 10.0, ""exposicion_min"": 0.0, ""extras"": [""vol""], ""fx"": false, ""max_dias_fx"": 10, ""min_historia"": 12, ""periodos_por_anio"": 12, ""permitir_capturas"": false, ""rebalanceo_con_deriva"": true, ""segmentos"": [""dentro_muestra"", ""fuera_muestra""], ""senal"": ""a_largo_vt40"", ""spread_por_lado"": 0.0005, ""usuario"": {""escenario_costos"": ""defecto"", ""parte"": ""a"", ""sigma_obj"": 0.4, ""tipo"": ""referencia"", ""tope"": 10.0}, ""variante"": ""A_ref_largo_vt40""}",referencia
2026-09-25T05:28:15.590219Z,R02,26ed8e1d6e,A_ref_largo_vt40,0,fuera_muestra,2011-12-31,2026-07-31,175,12,USD,37.43795002072141,0.2843421897691558,0.36657467420499756,0.8349488724972695,1.2775275168358344,-0.5497414805144225,0.517228915495119,0.24102897814793653,-0.6035816726857501,3.8542068089869366,0.9982402942904428,2.799564910239222,1.0,4.558931160076413,0.015500365944259816,175,0.1494246054539059,0.01591439165222197,0.0029,0.0005,2011-12-31,e85ac74d630dff95,French F-F_Research_Data_Factors CRSP 202607 sha256 b840dba55d319f48; daily CRSP 202607 sha256 1916d331c2c51d2a,"{""comision_por_lado"": 0.0029, ""cortes"": [""2011-12-31""], ""efectivo_en_mxn"": false, ""exposicion_inicial"": 0.0, ""exposicion_max"": 10.0, ""exposicion_min"": 0.0, ""extras"": [""vol""], ""fx"": false, ""max_dias_fx"": 10, ""min_historia"": 12, ""periodos_por_anio"": 12, ""permitir_capturas"": false, ""rebalanceo_con_deriva"": true, ""segmentos"": [""dentro_muestra"", ""fuera_muestra""], ""senal"": ""a_largo_vt40"", ""spread_por_lado"": 0.0005, ""usuario"": {""escenario_costos"": ""defecto"", ""parte"": ""a"", ""sigma_obj"": 0.4, ""tipo"": ""referencia"", ""tope"": 10.0}, ""variante"": ""A_ref_largo_vt40""}",referencia
2026-09-25T05:28:15.624208Z,R02,6a11b9ca01,B_ls_vt40_L3,1,completo,2007-02-28,2026-07-31,233,12,USD,0.3270800189260674,0.01467863683373083,0.2058650413113499,0.09996642750402608,0.15309134332270039,-0.5866139807311717,0.025022650867330125,0.028857821914687335,0.5078624241341949,5.07216776518263,0.6709781329630543,0.6214645696512738,1.0,19.954994731120788,0.0678469820858107,233,0.06308435048820926,0.014823262699370066,0.0029,0.0005,2011-12-31,0e6d3baabe3fe595,"Yahoo chart v8 adjclose 1mo/1d SPY,EFA,EEM,TLT,IEF,GLD,DBC,VNQ (descarga 2026-09-25); RF French CRSP 202607 sha256 b840dba55d319f48","{""activos"": [""SPY"", ""EFA"", ""EEM"", ""TLT"", ""IEF"", ""GLD"", ""DBC"", ""VNQ""], ""bruto_max"": 10.0, ""comision_por_lado"": 0.0029, ""cortes"": [""2011-12-31""], ""efectivo_en_mxn"": false, ""extras"": [""vol_DBC"", ""vol_EEM"", ""vol_EFA"", ""vol_GLD"", ""vol_IEF"", ""vol_SPY"", ""vol_TLT"", ""vol_VNQ""], ""fx"": false, ""max_dias_fx"": 10, ""min_historia"": 12, ""motor"": ""R02.backtest_cartera"", ""periodos_por_anio"": 12, ""peso_max"": 1.25, ""peso_min"": -1.25, ""rebalanceo_con_deriva"": true, ""segmentos"": [""dentro_muestra"", ""fuera_muestra""], ""senal"": ""cartera_ls_vt_L3_obj0.4_tope10.0"", ""spread_por_lado"": 0.0005, ""usuario"": {""L"": 3, ""escenario_costos"": ""defecto"", ""parte"": ""b"", ""sigma_obj"": 0.4, ""tipo"": ""largo/corto"", ""tope_por_activo"": 10.0}, ""variante"": ""B_ls_vt40_L3""}",
2026-09-25T05:28:15.624208Z,R02,6a11b9ca01,B_ls_vt40_L3,1,dentro_muestra,2007-02-28,2011-12-31,58,12,USD,1.1602608341660088,0.17258553161297674,0.2024323385585866,0.8298974344764328,1.5613364776941576,-0.17250057738395652,1.000492486635747,0.23957075359737418,0.37189769358317615,3.013298413544201,0.9689623921080532,0.6258967778251698,1.0,14.356021608812746,0.04881047346996333,58,0.05903549563161037,0.011541522760558198,0.0029,0.0005,2011-12-31,0e6d3baabe3fe595,"Yahoo chart v8 adjclose 1mo/1d SPY,EFA,EEM,TLT,IEF,GLD,DBC,VNQ (descarga 2026-09-25); RF French CRSP 202607 sha256 b840dba55d319f48","{""activos"": [""SPY"", ""EFA"", ""EEM"", ""TLT"", ""IEF"", ""GLD"", ""DBC"", ""VNQ""], ""bruto_max"": 10.0, ""comision_por_lado"": 0.0029, ""cortes"": [""2011-12-31""], ""efectivo_en_mxn"": false, ""extras"": [""vol_DBC"", ""vol_EEM"", ""vol_EFA"", ""vol_GLD"", ""vol_IEF"", ""vol_SPY"", ""vol_TLT"", ""vol_VNQ""], ""fx"": false, ""max_dias_fx"": 10, ""min_historia"": 12, ""motor"": ""R02.backtest_cartera"", ""periodos_por_anio"": 12, ""peso_max"": 1.25, ""peso_min"": -1.25, ""rebalanceo_con_deriva"": true, ""segmentos"": [""dentro_muestra"", ""fuera_muestra""], ""senal"": ""cartera_ls_vt_L3_obj0.4_tope10.0"", ""spread_por_lado"": 0.0005, ""usuario"": {""L"": 3, ""escenario_costos"": ""defecto"", ""parte"": ""b"", ""sigma_obj"": 0.4, ""tipo"": ""largo/corto"", ""tope_por_activo"": 10.0}, ""variante"": ""B_ls_vt40_L3""}",
2026-09-25T05:28:15.624208Z,R02,6a11b9ca01,B_ls_vt40_L3,1,fuera_muestra,2011-12-31,2026-07-31,175,12,USD,-0.3856852848797767,-0.03286270612872255,0.20569063608858887,-0.13804684908629739,-0.19955701246562035,-0.5866139807311714,-0.05602100735437909,-0.039850692740376725,0.5700271432953465,5.843841463273709,0.301772975494165,0.6199956092279256,1.0,21.812558664113343,0.0741626994579854,175,0.06443105052045439,0.01591439165222197,0.0029,0.0005,2011-12-31,0e6d3baabe3fe595,"Yahoo chart v8 adjclose 1mo/1d SPY,EFA,EEM,TLT,IEF,GLD,DBC,VNQ (descarga 2026-09-25); RF French CRSP 202607 sha256 b840dba55d319f48","{""activos"": [""SPY"", ""EFA"", ""EEM"", ""TLT"", ""IEF"", ""GLD"", ""DBC"", ""VNQ""], ""bruto_max"": 10.0, ""comision_por_lado"": 0.0029, ""cortes"": [""2011-12-31""], ""efectivo_en_mxn"": false, ""extras"": [""vol_DBC"", ""vol_EEM"", ""vol_EFA"", ""vol_GLD"", ""vol_IEF"", ""vol_SPY"", ""vol_TLT"", ""vol_VNQ""], ""fx"": false, ""max_dias_fx"": 10, ""min_historia"": 12, ""motor"": ""R02.backtest_cartera"", ""periodos_por_anio"": 12, ""peso_max"": 1.25, ""peso_min"": -1.25, ""rebalanceo_con_deriva"": true, ""segmentos"": [""dentro_muestra"", ""fuera_muestra""], ""senal"": ""cartera_ls_vt_L3_obj0.4_tope10.0"", ""spread_por_lado"": 0.0005, ""usuario"": {""L"": 3, ""escenario_costos"": ""defecto"", ""parte"": ""b"", ""sigma_obj"": 0.4, ""tipo"": ""largo/corto"", ""tope_por_activo"": 10.0}, ""variante"": ""B_ls_vt40_L3""}",
2026-09-25T05:28:15.657785Z,R02,809187ade9,B_ls_vt40_L6,1,completo,2007-02-28,2026-07-31,233,12,USD,0.603550015463503,0.024614758646373858,0.19167330927614665,0.14575627922858322,0.2111903107938093,-0.40727639726593223,0.060437478851251926,0.0420762135243504,-0.09282593170525567,3.574953697807415,0.738678010197217,0.7606358445559881,1.0,14.988265637733237,0.05096010316829304,233,0.06308435048820926,0.014823262699370066,0.0029,0.0005,2011-12-31,0e6d3baabe3fe595,"Yahoo chart v8 adjclose 1mo/1d SPY,EFA,EEM,TLT,IEF,GLD,DBC,VNQ (descarga 2026-09-25); RF French CRSP 202607 sha256 b840dba55d319f48","{""activos"": [""SPY"", ""EFA"", ""EEM"", ""TLT"", ""IEF"", ""GLD"", ""DBC"", ""VNQ""], ""bruto_max"": 10.0, ""comision_por_lado"": 0.0029, ""cortes"": [""2011-12-31""], ""efectivo_en_mxn"": false, ""extras"": [""vol_DBC"", ""vol_EEM"", ""vol_EFA"", ""vol_GLD"", ""vol_IEF"", ""vol_SPY"", ""vol_TLT"", ""vol_VNQ""], ""fx"": false, ""max_dias_fx"": 10, ""min_historia"": 12, ""motor"": ""R02.backtest_cartera"", ""periodos_por_anio"": 12, ""peso_max"": 1.25, ""peso_min"": -1.25, ""rebalanceo_con_deriva"": true, ""segmentos"": [""dentro_muestra"", ""fuera_muestra""], ""senal"": ""cartera_ls_vt_L6_obj0.4_tope10.0"", ""spread_por_lado"": 0.0005, ""usuario"": {""L"": 6, ""escenario_costos"": ""defecto"", ""parte"": ""b"", ""sigma_obj"": 0.4, ""tipo"": ""largo/corto"", ""tope_por_activo"": 10.0}, ""variante"": ""B_ls_vt40_L6""}",
2026-09-25T05:28:15.657785Z,R02,809187ade9,B_ls_vt40_L6,1,dentro_muestra,2007-02-28,2011-12-31,58,12,USD,0.5456366860406905,0.09418231497094176,0.1759183292170309,0.5358792388049152,0.8612122719013063,-0.2017350567959194,0.46686141946176024,0.15469501138857478,0.09103239324236818,3.234851052973893,0.8786647130134044,0.7708343429765301,1.0,11.632403557086961,0.03955017209409565,58,0.05903549563161037,0.011541522760558198,0.0029,0.0005,2011-12-31,0e6d3baabe3fe595,"Yahoo chart v8 adjclose 1mo/1d SPY,EFA,EEM,TLT,IEF,GLD,DBC,VNQ (descarga 2026-09-25); RF French CRSP 202607 sha256 b840dba55d319f48","{""activos"": [""SPY"", ""EFA"", ""EEM"", ""TLT"", ""IEF"", ""GLD"", ""DBC"", ""VNQ""], ""bruto_max"": 10.0, ""comision_por_lado"": 0.0029, ""cortes"": [""2011-12-31""], ""efectivo_en_mxn"": false, ""extras"": [""vol_DBC"", ""vol_EEM"", ""vol_EFA"", ""vol_GLD"", ""vol_IEF"", ""vol_SPY"", ""vol_TLT"", ""vol_VNQ""], ""fx"": false, ""max_dias_fx"": 10, ""min_historia"": 12, ""motor"": ""R02.backtest_cartera"", ""periodos_por_anio"": 12, ""peso_max"": 1.25, ""peso_min"": -1.25, ""rebalanceo_con_deriva"": true, ""segmentos"": [""dentro_muestra"", ""fuera_muestra""], ""senal"": ""cartera_ls_vt_L6_obj0.4_tope10.0"", ""spread_por_lado"": 0.0005, ""usuario"": {""L"": 6, ""escenario_costos"": ""defecto"", ""parte"": ""b"", ""sigma_obj"": 0.4, ""tipo"": ""largo/corto"", ""tope_por_activo"": 10.0}, ""variante"": ""B_ls_vt40_L6""}",
2026-09-25T05:28:15.657785Z,R02,809187ade9,B_ls_vt40_L6,1,fuera_muestra,2011-12-31,2026-07-31,175,12,USD,0.037468914878802106,0.0025257830129243874,0.19672604898425392,0.030887650247031818,0.04370856748843677,-0.4072763972659321,0.006201643478188527,0.008916496592379416,-0.1144344270764766,3.5863009497733445,0.5467893498738751,0.7572557707937512,1.0,16.101635576993846,0.054745560961779065,175,0.06443105052045439,0.01591439165222197,0.0029,0.0005,2011-12-31,0e6d3baabe3fe595,"Yahoo chart v8 adjclose 1mo/1d SPY,EFA,EEM,TLT,IEF,GLD,DBC,VNQ (descarga 2026-09-25); RF French CRSP 202607 sha256 b840dba55d319f48","{""activos"": [""SPY"", ""EFA"", ""EEM"", ""TLT"", ""IEF"", ""GLD"", ""DBC"", ""VNQ""], ""bruto_max"": 10.0, ""comision_por_lado"": 0.0029, ""cortes"": [""2011-12-31""], ""efectivo_en_mxn"": false, ""extras"": [""vol_DBC"", ""vol_EEM"", ""vol_EFA"", ""vol_GLD"", ""vol_IEF"", ""vol_SPY"", ""vol_TLT"", ""vol_VNQ""], ""fx"": false, ""max_dias_fx"": 10, ""min_historia"": 12, ""motor"": ""R02.backtest_cartera"", ""periodos_por_anio"": 12, ""peso_max"": 1.25, ""peso_min"": -1.25, ""rebalanceo_con_deriva"": true, ""segmentos"": [""dentro_muestra"", ""fuera_muestra""], ""senal"": ""cartera_ls_vt_L6_obj0.4_tope10.0"", ""spread_por_lado"": 0.0005, ""usuario"": {""L"": 6, ""escenario_costos"": ""defecto"", ""parte"": ""b"", ""sigma_obj"": 0.4, ""tipo"": ""largo/corto"", ""tope_por_activo"": 10.0}, ""variante"": ""B_ls_vt40_L6""}",
2026-09-25T05:28:15.690421Z,R02,2ecafd32e4,B_ls_vt40_L12,1,completo,2007-02-28,2026-07-31,233,12,USD,2.220580557882195,0.062076454584597984,0.18644493270419707,0.3371955955426571,0.51448325576755,-0.4531564764004553,0.13698679775623662,0.09733998392805464,0.010387932560316452,3.304522566656879,0.9304769014895716,0.8416283491801826,1.0,10.686039250617414,0.0363325334520992,233,0.06308435048820926,0.014823262699370066,0.0029,0.0005,2011-12-31,0e6d3baabe3fe595,"Yahoo chart v8 adjclose 1mo/1d SPY,EFA,EEM,TLT,IEF,GLD,DBC,VNQ (descarga 2026-09-25); RF French CRSP 202607 sha256 b840dba55d319f48","{""activos"": [""SPY"", ""EFA"", ""EEM"", ""TLT"", ""IEF"", ""GLD"", ""DBC"", ""VNQ""], ""bruto_max"": 10.0, ""comision_por_lado"": 0.0029, ""cortes"": [""2011-12-31""], ""efectivo_en_mxn"": false, ""extras"": [""vol_DBC"", ""vol_EEM"", ""vol_EFA"", ""vol_GLD"", ""vol_IEF"", ""vol_SPY"", ""vol_TLT"", ""vol_VNQ""], ""fx"": false, ""max_dias_fx"": 10, ""min_historia"": 12, ""motor"": ""R02.backtest_cartera"", ""periodos_por_anio"": 12, ""peso_max"": 1.25, ""peso_min"": -1.25, ""rebalanceo_con_deriva"": true, ""segmentos"": [""dentro_muestra"", ""fuera_muestra""], ""senal"": ""cartera_ls_vt_L12_obj0.4_tope10.0"", ""spread_por_lado"": 0.0005, ""usuario"": {""L"": 12, ""escenario_costos"": ""defecto"", ""parte"": ""b"", ""sigma_obj"": 0.4, ""tipo"": ""largo/corto"", ""tope_por_activo"": 10.0}, ""variante"": ""B_ls_vt40_L12""}",
2026-09-25T05:28:15.690421Z,R02,2ecafd32e4,B_ls_vt40_L12,1,dentro_muestra,2007-02-28,2011-12-31,58,12,USD,0.8693981953758483,0.13805296026964697,0.1685476685697641,0.7887437013276145,1.3003619899614436,-0.25750180637504916,0.5361242401095005,0.22769069414156,-0.23164056161510024,2.9291495980055045,0.9511252816249813,1.4612420670912312,1.0,7.43786657249998,0.02528874634649993,58,0.05903549563161037,0.011541522760558198,0.0029,0.0005,2011-12-31,0e6d3baabe3fe595,"Yahoo chart v8 adjclose 1mo/1d SPY,EFA,EEM,TLT,IEF,GLD,DBC,VNQ (descarga 2026-09-25); RF French CRSP 202607 sha256 b840dba55d319f48","{""activos"": [""SPY"", ""EFA"", ""EEM"", ""TLT"", ""IEF"", ""GLD"", ""DBC"", ""VNQ""], ""bruto_max"": 10.0, ""comision_por_lado"": 0.0029, ""cortes"": [""2011-12-31""], ""efectivo_en_mxn"": false, ""extras"": [""vol_DBC"", ""vol_EEM"", ""vol_EFA"", ""vol_GLD"", ""vol_IEF"", ""vol_SPY"", ""vol_TLT"", ""vol_VNQ""], ""fx"": false, ""max_dias_fx"": 10, ""min_historia"": 12, ""motor"": ""R02.backtest_cartera"", ""periodos_por_anio"": 12, ""peso_max"": 1.25, ""peso_min"": -1.25, ""rebalanceo_con_deriva"": true, ""segmentos"": [""dentro_muestra"", ""fuera_muestra""], ""senal"": ""cartera_ls_vt_L12_obj0.4_tope10.0"", ""spread_por_lado"": 0.0005, ""usuario"": {""L"": 12, ""escenario_costos"": ""defecto"", ""parte"": ""b"", ""sigma_obj"": 0.4, ""tipo"": ""largo/corto"", ""tope_por_activo"": 10.0}, ""variante"": ""B_ls_vt40_L12""}",
2026-09-25T05:28:15.690421Z,R02,2ecafd32e4,B_ls_vt40_L12,1,fuera_muestra,2011-12-31,2026-07-31,175,12,USD,0.7227900218629948,0.03800752129605778,0.19204046414614645,0.2070693243106405,0.31033091920350103,-0.4531564764004553,0.08387284144753225,0.05977576506583111,0.08823817663934509,3.3661030142897497,0.7851618332785071,0.636270659815378,1.0,11.763681218742374,0.039996516143724056,175,0.06443105052045439,0.01591439165222197,0.0029,0.0005,2011-12-31,0e6d3baabe3fe595,"Yahoo chart v8 adjclose 1mo/1d SPY,EFA,EEM,TLT,IEF,GLD,DBC,VNQ (descarga 2026-09-25); RF French CRSP 202607 sha256 b840dba55d319f48","{""activos"": [""SPY"", ""EFA"", ""EEM"", ""TLT"", ""IEF"", ""GLD"", ""DBC"", ""VNQ""], ""bruto_max"": 10.0, ""comision_por_lado"": 0.0029, ""cortes"": [""2011-12-31""], ""efectivo_en_mxn"": false, ""extras"": [""vol_DBC"", ""vol_EEM"", ""vol_EFA"", ""vol_GLD"", ""vol_IEF"", ""vol_SPY"", ""vol_TLT"", ""vol_VNQ""], ""fx"": false, ""max_dias_fx"": 10, ""min_historia"": 12, ""motor"": ""R02.backtest_cartera"", ""periodos_por_anio"": 12, ""peso_max"": 1.25, ""peso_min"": -1.25, ""rebalanceo_con_deriva"": true, ""segmentos"": [""dentro_muestra"", ""fuera_muestra""], ""senal"": ""cartera_ls_vt_L12_obj0.4_tope10.0"", ""spread_por_lado"": 0.0005, ""usuario"": {""L"": 12, ""escenario_costos"": ""defecto"", ""parte"": ""b"", ""sigma_obj"": 0.4, ""tipo"": ""largo/corto"", ""tope_por_activo"": 10.0}, ""variante"": ""B_ls_vt40_L12""}",
2026-09-25T05:28:15.721168Z,R02,3bccc1d2d2,B_lo_vt10_L3,1,completo,2007-02-28,2026-07-31,233,12,USD,0.8453158380141799,0.03205100195769606,0.03573054204698754,0.4922061787983125,0.7537182494738014,-0.07110018614133407,0.4507864704318013,0.14208768491300142,-0.21204866861596297,3.3906301403223735,0.9829949108409273,0.3994806676777994,0.9742489270386266,2.129485802869138,0.007240251729755064,231,0.06308435048820926,0.014823262699370066,0.0029,0.0005,2011-12-31,0e6d3baabe3fe595,"Yahoo chart v8 adjclose 1mo/1d SPY,EFA,EEM,TLT,IEF,GLD,DBC,VNQ (descarga 2026-09-25); RF French CRSP 202607 sha256 b840dba55d319f48","{""activos"": [""SPY"", ""EFA"", ""EEM"", ""TLT"", ""IEF"", ""GLD"", ""DBC"", ""VNQ""], ""bruto_max"": 1.0, ""comision_por_lado"": 0.0029, ""cortes"": [""2011-12-31""], ""efectivo_en_mxn"": false, ""extras"": [""vol_DBC"", ""vol_EEM"", ""vol_EFA"", ""vol_GLD"", ""vol_IEF"", ""vol_SPY"", ""vol_TLT"", ""vol_VNQ""], ""fx"": false, ""max_dias_fx"": 10, ""min_historia"": 12, ""motor"": ""R02.backtest_cartera"", ""periodos_por_anio"": 12, ""peso_max"": 0.125, ""peso_min"": 0.0, ""rebalanceo_con_deriva"": true, ""segmentos"": [""dentro_muestra"", ""fuera_muestra""], ""senal"": ""cartera_lo_vt_L3_obj0.1_tope1.0"", ""spread_por_lado"": 0.0005, ""usuario"": {""L"": 3, ""escenario_costos"": ""defecto"", ""parte"": ""b"", ""sigma_obj"": 0.1, ""tipo"": ""solo largos"", ""tope_por_activo"": 1.0}, ""variante"": ""B_lo_vt10_L3""}",
2026-09-25T05:28:15.721168Z,R02,3bccc1d2d2,B_lo_vt10_L3,1,dentro_muestra,2007-02-28,2011-12-31,58,12,USD,0.2748028015537085,0.051467206658828646,0.03588291339833687,1.091217910617555,2.218270605703288,-0.03411488011772401,1.508643925501864,0.3150074772197932,0.25790289197637806,2.4365631128214096,0.9925419833484965,0.33510307138439566,1.0,1.562812966770855,0.005313564087020908,58,0.05903549563161037,0.011541522760558198,0.0029,0.0005,2011-12-31,0e6d3baabe3fe595,"Yahoo chart v8 adjclose 1mo/1d SPY,EFA,EEM,TLT,IEF,GLD,DBC,VNQ (descarga 2026-09-25); RF French CRSP 202607 sha256 b840dba55d319f48","{""activos"": [""SPY"", ""EFA"", ""EEM"", ""TLT"", ""IEF"", ""GLD"", ""DBC"", ""VNQ""], ""bruto_max"": 1.0, ""comision_por_lado"": 0.0029, ""cortes"": [""2011-12-31""], ""efectivo_en_mxn"": false, ""extras"": [""vol_DBC"", ""vol_EEM"", ""vol_EFA"", ""vol_GLD"", ""vol_IEF"", ""vol_SPY"", ""vol_TLT"", ""vol_VNQ""], ""fx"": false, ""max_dias_fx"": 10, ""min_historia"": 12, ""motor"": ""R02.backtest_cartera"", ""periodos_por_anio"": 12, ""peso_max"": 0.125, ""peso_min"": 0.0, ""rebalanceo_con_deriva"": true, ""segmentos"": [""dentro_muestra"", ""fuera_muestra""], ""senal"": ""cartera_lo_vt_L3_obj0.1_tope1.0"", ""spread_por_lado"": 0.0005, ""usuario"": {""L"": 3, ""escenario_costos"": ""defecto"", ""parte"": ""b"", ""sigma_obj"": 0.1, ""tipo"": ""solo largos"", ""tope_por_activo"": 1.0}, ""variante"": ""B_lo_vt10_L3""}",
2026-09-25T05:28:15.721168Z,R02,3bccc1d2d2,B_lo_vt10_L3,1,fuera_muestra,2011-12-31,2026-07-31,175,12,USD,0.4475304225603678,0.025688849294803973,0.03560124275454701,0.29017910969896427,0.4125714828826124,-0.07110018614133462,0.36130495135046586,0.08376749354895148,-0.392855819713424,3.5835639431401742,0.8610052870229961,0.42081724244932744,0.9657142857142857,2.3174901027913424,0.007879466349490561,173,0.06443105052045439,0.01591439165222197,0.0029,0.0005,2011-12-31,0e6d3baabe3fe595,"Yahoo chart v8 adjclose 1mo/1d SPY,EFA,EEM,TLT,IEF,GLD,DBC,VNQ (descarga 2026-09-25); RF French CRSP 202607 sha256 b840dba55d319f48","{""activos"": [""SPY"", ""EFA"", ""EEM"", ""TLT"", ""IEF"", ""GLD"", ""DBC"", ""VNQ""], ""bruto_max"": 1.0, ""comision_por_lado"": 0.0029, ""cortes"": [""2011-12-31""], ""efectivo_en_mxn"": false, ""extras"": [""vol_DBC"", ""vol_EEM"", ""vol_EFA"", ""vol_GLD"", ""vol_IEF"", ""vol_SPY"", ""vol_TLT"", ""vol_VNQ""], ""fx"": false, ""max_dias_fx"": 10, ""min_historia"": 12, ""motor"": ""R02.backtest_cartera"", ""periodos_por_anio"": 12, ""peso_max"": 0.125, ""peso_min"": 0.0, ""rebalanceo_con_deriva"": true, ""segmentos"": [""dentro_muestra"", ""fuera_muestra""], ""senal"": ""cartera_lo_vt_L3_obj0.1_tope1.0"", ""spread_por_lado"": 0.0005, ""usuario"": {""L"": 3, ""escenario_costos"": ""defecto"", ""parte"": ""b"", ""sigma_obj"": 0.1, ""tipo"": ""solo largos"", ""tope_por_activo"": 1.0}, ""variante"": ""B_lo_vt10_L3""}",
2026-09-25T05:28:15.751778Z,R02,f1bfee0205,B_lo_vt10_L6,1,completo,2007-02-28,2026-07-31,233,12,USD,0.8616710737276392,0.03252006224630355,0.0366609375385179,0.49354654127994896,0.7537222452343272,-0.052090258580806514,0.6243021849441555,0.14247461423279364,-0.22888093219274078,3.187155695869932,0.9831725450445621,0.4135127839866263,0.9828326180257511,1.6628413707761298,0.005653660660638842,231,0.06308435048820926,0.014823262699370066,0.0029,0.0005,2011-12-31,0e6d3baabe3fe595,"Yahoo chart v8 adjclose 1mo/1d SPY,EFA,EEM,TLT,IEF,GLD,DBC,VNQ (descarga 2026-09-25); RF French CRSP 202607 sha256 b840dba55d319f48","{""activos"": [""SPY"", ""EFA"", ""EEM"", ""TLT"", ""IEF"", ""GLD"", ""DBC"", ""VNQ""], ""bruto_max"": 1.0, ""comision_por_lado"": 0.0029, ""cortes"": [""2011-12-31""], ""efectivo_en_mxn"": false, ""extras"": [""vol_DBC"", ""vol_EEM"", ""vol_EFA"", ""vol_GLD"", ""vol_IEF"", ""vol_SPY"", ""vol_TLT"", ""vol_VNQ""], ""fx"": false, ""max_dias_fx"": 10, ""min_historia"": 12, ""motor"": ""R02.backtest_cartera"", ""periodos_por_anio"": 12, ""peso_max"": 0.125, ""peso_min"": 0.0, ""rebalanceo_con_deriva"": true, ""segmentos"": [""dentro_muestra"", ""fuera_muestra""], ""senal"": ""cartera_lo_vt_L6_obj0.1_tope1.0"", ""spread_por_lado"": 0.0005, ""usuario"": {""L"": 6, ""escenario_costos"": ""defecto"", ""parte"": ""b"", ""sigma_obj"": 0.1, ""tipo"": ""solo largos"", ""tope_por_activo"": 1.0}, ""variante"": ""B_lo_vt10_L6""}",
2026-09-25T05:28:15.751778Z,R02,f1bfee0205,B_lo_vt10_L6,1,dentro_muestra,2007-02-28,2011-12-31,58,12,USD,0.21372024695068426,0.040849271008208676,0.03221897175707952,0.9157389205046933,1.6681597029327633,-0.024148387882456768,1.691594122433519,0.264351056130401,0.039021188875086564,2.8526656471780405,0.9758181584583228,0.3541343224680615,1.0,1.3682880499086714,0.004652179369689483,58,0.05903549563161037,0.011541522760558198,0.0029,0.0005,2011-12-31,0e6d3baabe3fe595,"Yahoo chart v8 adjclose 1mo/1d SPY,EFA,EEM,TLT,IEF,GLD,DBC,VNQ (descarga 2026-09-25); RF French CRSP 202607 sha256 b840dba55d319f48","{""activos"": [""SPY"", ""EFA"", ""EEM"", ""TLT"", ""IEF"", ""GLD"", ""DBC"", ""VNQ""], ""bruto_max"": 1.0, ""comision_por_lado"": 0.0029, ""cortes"": [""2011-12-31""], ""efectivo_en_mxn"": false, ""extras"": [""vol_DBC"", ""vol_EEM"", ""vol_EFA"", ""vol_GLD"", ""vol_IEF"", ""vol_SPY"", ""vol_TLT"", ""vol_VNQ""], ""fx"": false, ""max_dias_fx"": 10, ""min_historia"": 12, ""motor"": ""R02.backtest_cartera"", ""periodos_por_anio"": 12, ""peso_max"": 0.125, ""peso_min"": 0.0, ""rebalanceo_con_deriva"": true, ""segmentos"": [""dentro_muestra"", ""fuera_muestra""], ""senal"": ""cartera_lo_vt_L6_obj0.1_tope1.0"", ""spread_por_lado"": 0.0005, ""usuario"": {""L"": 6, ""escenario_costos"": ""defecto"", ""parte"": ""b"", ""sigma_obj"": 0.1, ""tipo"": ""solo largos"", ""tope_por_activo"": 1.0}, ""variante"": ""B_lo_vt10_L6""}",
2026-09-25T05:28:15.751778Z,R02,f1bfee0205,B_lo_vt10_L6,1,fuera_muestra,2011-12-31,2026-07-31,175,12,USD,0.5338551683593054,0.0297714429189313,0.03807428608426808,0.37718450132450876,0.557281055651966,-0.052090258580806736,0.5715357099398416,0.10888378668692995,-0.2543452384899011,3.1419922302172023,0.9210890985001083,0.4331925026613506,0.9771428571428571,1.7605649378006885,0.0059859207885223364,173,0.06443105052045439,0.01591439165222197,0.0029,0.0005,2011-12-31,0e6d3baabe3fe595,"Yahoo chart v8 adjclose 1mo/1d SPY,EFA,EEM,TLT,IEF,GLD,DBC,VNQ (descarga 2026-09-25); RF French CRSP 202607 sha256 b840dba55d319f48","{""activos"": [""SPY"", ""EFA"", ""EEM"", ""TLT"", ""IEF"", ""GLD"", ""DBC"", ""VNQ""], ""bruto_max"": 1.0, ""comision_por_lado"": 0.0029, ""cortes"": [""2011-12-31""], ""efectivo_en_mxn"": false, ""extras"": [""vol_DBC"", ""vol_EEM"", ""vol_EFA"", ""vol_GLD"", ""vol_IEF"", ""vol_SPY"", ""vol_TLT"", ""vol_VNQ""], ""fx"": false, ""max_dias_fx"": 10, ""min_historia"": 12, ""motor"": ""R02.backtest_cartera"", ""periodos_por_anio"": 12, ""peso_max"": 0.125, ""peso_min"": 0.0, ""rebalanceo_con_deriva"": true, ""segmentos"": [""dentro_muestra"", ""fuera_muestra""], ""senal"": ""cartera_lo_vt_L6_obj0.1_tope1.0"", ""spread_por_lado"": 0.0005, ""usuario"": {""L"": 6, ""escenario_costos"": ""defecto"", ""parte"": ""b"", ""sigma_obj"": 0.1, ""tipo"": ""solo largos"", ""tope_por_activo"": 1.0}, ""variante"": ""B_lo_vt10_L6""}",
2026-09-25T05:28:15.784515Z,R02,f38ed95e48,B_lo_vt10_L12,1,completo,2007-02-28,2026-07-31,233,12,USD,1.0127000830168051,0.036675727351744625,0.0377449432090103,0.5894286799151442,0.9306219144267981,-0.06693062713973164,0.5479662886644764,0.17015340350854716,-0.17525095665609602,3.17027629303467,0.9943718992997423,0.42290315590021926,0.9871244635193133,1.1856182849230983,0.004031102168738533,232,0.06308435048820926,0.014823262699370066,0.0029,0.0005,2011-12-31,0e6d3baabe3fe595,"Yahoo chart v8 adjclose 1mo/1d SPY,EFA,EEM,TLT,IEF,GLD,DBC,VNQ (descarga 2026-09-25); RF French CRSP 202607 sha256 b840dba55d319f48","{""activos"": [""SPY"", ""EFA"", ""EEM"", ""TLT"", ""IEF"", ""GLD"", ""DBC"", ""VNQ""], ""bruto_max"": 1.0, ""comision_por_lado"": 0.0029, ""cortes"": [""2011-12-31""], ""efectivo_en_mxn"": false, ""extras"": [""vol_DBC"", ""vol_EEM"", ""vol_EFA"", ""vol_GLD"", ""vol_IEF"", ""vol_SPY"", ""vol_TLT"", ""vol_VNQ""], ""fx"": false, ""max_dias_fx"": 10, ""min_historia"": 12, ""motor"": ""R02.backtest_cartera"", ""periodos_por_anio"": 12, ""peso_max"": 0.125, ""peso_min"": 0.0, ""rebalanceo_con_deriva"": true, ""segmentos"": [""dentro_muestra"", ""fuera_muestra""], ""senal"": ""cartera_lo_vt_L12_obj0.1_tope1.0"", ""spread_por_lado"": 0.0005, ""usuario"": {""L"": 12, ""escenario_costos"": ""defecto"", ""parte"": ""b"", ""sigma_obj"": 0.1, ""tipo"": ""solo largos"", ""tope_por_activo"": 1.0}, ""variante"": ""B_lo_vt10_L12""}",
2026-09-25T05:28:15.784515Z,R02,f38ed95e48,B_lo_vt10_L12,1,dentro_muestra,2007-02-28,2011-12-31,58,12,USD,0.24070414106320204,0.04559094112579265,0.03861265362362006,0.8863477988784868,1.5897542898915735,-0.02609383343148053,1.7471921573159932,0.25586657013906333,-0.00017589041474316705,2.8265542352815283,0.9715100803059278,0.4230485745408925,1.0,0.9280729446000096,0.003155448011640031,58,0.05903549563161037,0.011541522760558198,0.0029,0.0005,2011-12-31,0e6d3baabe3fe595,"Yahoo chart v8 adjclose 1mo/1d SPY,EFA,EEM,TLT,IEF,GLD,DBC,VNQ (descarga 2026-09-25); RF French CRSP 202607 sha256 b840dba55d319f48","{""activos"": [""SPY"", ""EFA"", ""EEM"", ""TLT"", ""IEF"", ""GLD"", ""DBC"", ""VNQ""], ""bruto_max"": 1.0, ""comision_por_lado"": 0.0029, ""cortes"": [""2011-12-31""], ""efectivo_en_mxn"": false, ""extras"": [""vol_DBC"", ""vol_EEM"", ""vol_EFA"", ""vol_GLD"", ""vol_IEF"", ""vol_SPY"", ""vol_TLT"", ""vol_VNQ""], ""fx"": false, ""max_dias_fx"": 10, ""min_historia"": 12, ""motor"": ""R02.backtest_cartera"", ""periodos_por_anio"": 12, ""peso_max"": 0.125, ""peso_min"": 0.0, ""rebalanceo_con_deriva"": true, ""segmentos"": [""dentro_muestra"", ""fuera_muestra""], ""senal"": ""cartera_lo_vt_L12_obj0.1_tope1.0"", ""spread_por_lado"": 0.0005, ""usuario"": {""L"": 12, ""escenario_costos"": ""defecto"", ""parte"": ""b"", ""sigma_obj"": 0.1, ""tipo"": ""solo largos"", ""tope_por_activo"": 1.0}, ""variante"": ""B_lo_vt10_L12""}",
2026-09-25T05:28:15.784515Z,R02,f38ed95e48,B_lo_vt10_L12,1,fuera_muestra,2011-12-31,2026-07-31,175,12,USD,0.6222240390783671,0.03373476393120334,0.03752861305514382,0.48743019427457646,0.7415543882055107,-0.06693062713973208,0.5040258155772956,0.14070897693778917,-0.24343840931768543,3.264734909671324,0.965259007686852,0.4228549600078818,0.9828571428571429,1.2710637630212762,0.004321616794272338,174,0.06443105052045439,0.01591439165222197,0.0029,0.0005,2011-12-31,0e6d3baabe3fe595,"Yahoo chart v8 adjclose 1mo/1d SPY,EFA,EEM,TLT,IEF,GLD,DBC,VNQ (descarga 2026-09-25); RF French CRSP 202607 sha256 b840dba55d319f48","{""activos"": [""SPY"", ""EFA"", ""EEM"", ""TLT"", ""IEF"", ""GLD"", ""DBC"", ""VNQ""], ""bruto_max"": 1.0, ""comision_por_lado"": 0.0029, ""cortes"": [""2011-12-31""], ""efectivo_en_mxn"": false, ""extras"": [""vol_DBC"", ""vol_EEM"", ""vol_EFA"", ""vol_GLD"", ""vol_IEF"", ""vol_SPY"", ""vol_TLT"", ""vol_VNQ""], ""fx"": false, ""max_dias_fx"": 10, ""min_historia"": 12, ""motor"": ""R02.backtest_cartera"", ""periodos_por_anio"": 12, ""peso_max"": 0.125, ""peso_min"": 0.0, ""rebalanceo_con_deriva"": true, ""segmentos"": [""dentro_muestra"", ""fuera_muestra""], ""senal"": ""cartera_lo_vt_L12_obj0.1_tope1.0"", ""spread_por_lado"": 0.0005, ""usuario"": {""L"": 12, ""escenario_costos"": ""defecto"", ""parte"": ""b"", ""sigma_obj"": 0.1, ""tipo"": ""solo largos"", ""tope_por_activo"": 1.0}, ""variante"": ""B_lo_vt10_L12""}",
2026-09-25T05:28:15.813394Z,R02,a4ac51fce6,B_lo_L3,1,completo,2007-02-28,2026-07-31,233,12,USD,1.5328876616882576,0.04902049360762106,0.062066607730025314,0.5654509427775624,0.9130448149786339,-0.1106782760743632,0.4429098044017678,0.16323162701307667,0.059700428117474814,3.904921152526746,0.9933272709249894,0.5933476394849786,0.9742489270386266,2.9515334077163353,0.010035213586235546,185,0.06308435048820926,0.014823262699370066,0.0029,0.0005,2011-12-31,0e6d3baabe3fe595,"Yahoo chart v8 adjclose 1mo/1d SPY,EFA,EEM,TLT,IEF,GLD,DBC,VNQ (descarga 2026-09-25); RF French CRSP 202607 sha256 b840dba55d319f48","{""activos"": [""SPY"", ""EFA"", ""EEM"", ""TLT"", ""IEF"", ""GLD"", ""DBC"", ""VNQ""], ""bruto_max"": 1.0, ""comision_por_lado"": 0.0029, ""cortes"": [""2011-12-31""], ""efectivo_en_mxn"": false, ""extras"": [""vol_DBC"", ""vol_EEM"", ""vol_EFA"", ""vol_GLD"", ""vol_IEF"", ""vol_SPY"", ""vol_TLT"", ""vol_VNQ""], ""fx"": false, ""max_dias_fx"": 10, ""min_historia"": 12, ""motor"": ""R02.backtest_cartera"", ""periodos_por_anio"": 12, ""peso_max"": 0.125, ""peso_min"": 0.0, ""rebalanceo_con_deriva"": true, ""segmentos"": [""dentro_muestra"", ""fuera_muestra""], ""senal"": ""cartera_lo_L3_obj0.0_tope1.0"", ""spread_por_lado"": 0.0005, ""usuario"": {""L"": 3, ""escenario_costos"": ""defecto"", ""parte"": ""b"", ""tipo"": ""solo largos binaria""}, ""variante"": ""B_lo_L3""}",
2026-09-25T05:28:15.813394Z,R02,a4ac51fce6,B_lo_L3,1,dentro_muestra,2007-02-28,2011-12-31,58,12,USD,0.5000134444344497,0.08742665453594944,0.08030593092036654,0.9384952691074105,1.6933563949471915,-0.1106782760743632,0.7899170247032822,0.2709202481261769,0.022597031090658203,2.7591285088641513,0.978265004342243,0.6056034482758621,1.0,2.6471306608558254,0.009000244246909806,42,0.05903549563161037,0.011541522760558198,0.0029,0.0005,2011-12-31,0e6d3baabe3fe595,"Yahoo chart v8 adjclose 1mo/1d SPY,EFA,EEM,TLT,IEF,GLD,DBC,VNQ (descarga 2026-09-25); RF French CRSP 202607 sha256 b840dba55d319f48","{""activos"": [""SPY"", ""EFA"", ""EEM"", ""TLT"", ""IEF"", ""GLD"", ""DBC"", ""VNQ""], ""bruto_max"": 1.0, ""comision_por_lado"": 0.0029, ""cortes"": [""2011-12-31""], ""efectivo_en_mxn"": false, ""extras"": [""vol_DBC"", ""vol_EEM"", ""vol_EFA"", ""vol_GLD"", ""vol_IEF"", ""vol_SPY"", ""vol_TLT"", ""vol_VNQ""], ""fx"": false, ""max_dias_fx"": 10, ""min_historia"": 12, ""motor"": ""R02.backtest_cartera"", ""periodos_por_anio"": 12, ""peso_max"": 0.125, ""peso_min"": 0.0, ""rebalanceo_con_deriva"": true, ""segmentos"": [""dentro_muestra"", ""fuera_muestra""], ""senal"": ""cartera_lo_L3_obj0.0_tope1.0"", ""spread_por_lado"": 0.0005, ""usuario"": {""L"": 3, ""escenario_costos"": ""defecto"", ""parte"": ""b"", ""tipo"": ""solo largos binaria""}, ""variante"": ""B_lo_L3""}",
2026-09-25T05:28:15.813394Z,R02,a4ac51fce6,B_lo_L3,1,fuera_muestra,2011-12-31,2026-07-31,175,12,USD,0.6885766398202071,0.03658059005408365,0.05451443888226611,0.39867553063284344,0.5987331575256871,-0.10957184277301735,0.333850276935306,0.11508771246509453,-0.1647327118471369,4.255874561981694,0.9326768633641848,0.5892857142857143,0.9657142857142857,3.0525247058204514,0.010378583999789538,143,0.06443105052045439,0.01591439165222197,0.0029,0.0005,2011-12-31,0e6d3baabe3fe595,"Yahoo chart v8 adjclose 1mo/1d SPY,EFA,EEM,TLT,IEF,GLD,DBC,VNQ (descarga 2026-09-25); RF French CRSP 202607 sha256 b840dba55d319f48","{""activos"": [""SPY"", ""EFA"", ""EEM"", ""TLT"", ""IEF"", ""GLD"", ""DBC"", ""VNQ""], ""bruto_max"": 1.0, ""comision_por_lado"": 0.0029, ""cortes"": [""2011-12-31""], ""efectivo_en_mxn"": false, ""extras"": [""vol_DBC"", ""vol_EEM"", ""vol_EFA"", ""vol_GLD"", ""vol_IEF"", ""vol_SPY"", ""vol_TLT"", ""vol_VNQ""], ""fx"": false, ""max_dias_fx"": 10, ""min_historia"": 12, ""motor"": ""R02.backtest_cartera"", ""periodos_por_anio"": 12, ""peso_max"": 0.125, ""peso_min"": 0.0, ""rebalanceo_con_deriva"": true, ""segmentos"": [""dentro_muestra"", ""fuera_muestra""], ""senal"": ""cartera_lo_L3_obj0.0_tope1.0"", ""spread_por_lado"": 0.0005, ""usuario"": {""L"": 3, ""escenario_costos"": ""defecto"", ""parte"": ""b"", ""tipo"": ""solo largos binaria""}, ""variante"": ""B_lo_L3""}",
2026-09-25T05:28:15.856370Z,R02,9398d1e57a,B_lo_L6,1,completo,2007-02-28,2026-07-31,233,12,USD,1.4580439015622604,0.04740149890947043,0.05981882096233236,0.5593618280513122,0.9092657987022408,-0.07630284288975397,0.6212284773970794,0.16147385099991313,0.09913160289830834,3.521302208476532,0.9930331962260637,0.6078326180257511,0.9828326180257511,2.2672276430918656,0.007708573986512345,166,0.06308435048820926,0.014823262699370066,0.0029,0.0005,2011-12-31,0e6d3baabe3fe595,"Yahoo chart v8 adjclose 1mo/1d SPY,EFA,EEM,TLT,IEF,GLD,DBC,VNQ (descarga 2026-09-25); RF French CRSP 202607 sha256 b840dba55d319f48","{""activos"": [""SPY"", ""EFA"", ""EEM"", ""TLT"", ""IEF"", ""GLD"", ""DBC"", ""VNQ""], ""bruto_max"": 1.0, ""comision_por_lado"": 0.0029, ""cortes"": [""2011-12-31""], ""efectivo_en_mxn"": false, ""extras"": [""vol_DBC"", ""vol_EEM"", ""vol_EFA"", ""vol_GLD"", ""vol_IEF"", ""vol_SPY"", ""vol_TLT"", ""vol_VNQ""], ""fx"": false, ""max_dias_fx"": 10, ""min_historia"": 12, ""motor"": ""R02.backtest_cartera"", ""periodos_por_anio"": 12, ""peso_max"": 0.125, ""peso_min"": 0.0, ""rebalanceo_con_deriva"": true, ""segmentos"": [""dentro_muestra"", ""fuera_muestra""], ""senal"": ""cartera_lo_L6_obj0.0_tope1.0"", ""spread_por_lado"": 0.0005, ""usuario"": {""L"": 6, ""escenario_costos"": ""defecto"", ""parte"": ""b"", ""tipo"": ""solo largos binaria""}, ""variante"": ""B_lo_L6""}",
2026-09-25T05:28:15.856370Z,R02,9398d1e57a,B_lo_L6,1,dentro_muestra,2007-02-28,2011-12-31,58,12,USD,0.41071562924638916,0.07371761697295809,0.06969934588092641,0.893762971944416,1.6541292064321667,-0.048627977499652975,1.5159507091053532,0.2580071462219143,0.07939678001218255,2.970653204524604,0.9735680426213869,0.6379310344827587,1.0,2.1585582600287645,0.007339098084097797,37,0.05903549563161037,0.011541522760558198,0.0029,0.0005,2011-12-31,0e6d3baabe3fe595,"Yahoo chart v8 adjclose 1mo/1d SPY,EFA,EEM,TLT,IEF,GLD,DBC,VNQ (descarga 2026-09-25); RF French CRSP 202607 sha256 b840dba55d319f48","{""activos"": [""SPY"", ""EFA"", ""EEM"", ""TLT"", ""IEF"", ""GLD"", ""DBC"", ""VNQ""], ""bruto_max"": 1.0, ""comision_por_lado"": 0.0029, ""cortes"": [""2011-12-31""], ""efectivo_en_mxn"": false, ""extras"": [""vol_DBC"", ""vol_EEM"", ""vol_EFA"", ""vol_GLD"", ""vol_IEF"", ""vol_SPY"", ""vol_TLT"", ""vol_VNQ""], ""fx"": false, ""max_dias_fx"": 10, ""min_historia"": 12, ""motor"": ""R02.backtest_cartera"", ""periodos_por_anio"": 12, ""peso_max"": 0.125, ""peso_min"": 0.0, ""rebalanceo_con_deriva"": true, ""segmentos"": [""dentro_muestra"", ""fuera_muestra""], ""senal"": ""cartera_lo_L6_obj0.0_tope1.0"", ""spread_por_lado"": 0.0005, ""usuario"": {""L"": 6, ""escenario_costos"": ""defecto"", ""parte"": ""b"", ""tipo"": ""solo largos binaria""}, ""variante"": ""B_lo_L6""}",
2026-09-25T05:28:15.856370Z,R02,9398d1e57a,B_lo_L6,1,fuera_muestra,2011-12-31,2026-07-31,175,12,USD,0.7424092074994313,0.03881391217313568,0.05617306169935135,0.4259500694196878,0.654659592757329,-0.0763028428897542,0.5086823859134026,0.12296119362039828,0.031890901915035984,3.6767145518596234,0.9470573723979037,0.5978571428571429,0.9771428571428571,2.3032807410776908,0.007831154519664147,129,0.06443105052045439,0.01591439165222197,0.0029,0.0005,2011-12-31,0e6d3baabe3fe595,"Yahoo chart v8 adjclose 1mo/1d SPY,EFA,EEM,TLT,IEF,GLD,DBC,VNQ (descarga 2026-09-25); RF French CRSP 202607 sha256 b840dba55d319f48","{""activos"": [""SPY"", ""EFA"", ""EEM"", ""TLT"", ""IEF"", ""GLD"", ""DBC"", ""VNQ""], ""bruto_max"": 1.0, ""comision_por_lado"": 0.0029, ""cortes"": [""2011-12-31""], ""efectivo_en_mxn"": false, ""extras"": [""vol_DBC"", ""vol_EEM"", ""vol_EFA"", ""vol_GLD"", ""vol_IEF"", ""vol_SPY"", ""vol_TLT"", ""vol_VNQ""], ""fx"": false, ""max_dias_fx"": 10, ""min_historia"": 12, ""motor"": ""R02.backtest_cartera"", ""periodos_por_anio"": 12, ""peso_max"": 0.125, ""peso_min"": 0.0, ""rebalanceo_con_deriva"": true, ""segmentos"": [""dentro_muestra"", ""fuera_muestra""], ""senal"": ""cartera_lo_L6_obj0.0_tope1.0"", ""spread_por_lado"": 0.0005, ""usuario"": {""L"": 6, ""escenario_costos"": ""defecto"", ""parte"": ""b"", ""tipo"": ""solo largos binaria""}, ""variante"": ""B_lo_L6""}",
2026-09-25T05:28:15.894254Z,R02,3c3f674f19,B_lo_L12,1,completo,2007-02-28,2026-07-31,233,12,USD,1.5368957159261134,0.049105909009906634,0.06351396737829378,0.5571505614350838,0.8765631964841727,-0.09159937746859992,0.5360943531165377,0.1608355133118484,-0.22557099599863445,4.201612540509281,0.9914097489485634,0.621244635193133,0.9871244635193133,1.5053305659359661,0.00511812392418228,136,0.06308435048820926,0.014823262699370066,0.0029,0.0005,2011-12-31,0e6d3baabe3fe595,"Yahoo chart v8 adjclose 1mo/1d SPY,EFA,EEM,TLT,IEF,GLD,DBC,VNQ (descarga 2026-09-25); RF French CRSP 202607 sha256 b840dba55d319f48","{""activos"": [""SPY"", ""EFA"", ""EEM"", ""TLT"", ""IEF"", ""GLD"", ""DBC"", ""VNQ""], ""bruto_max"": 1.0, ""comision_por_lado"": 0.0029, ""cortes"": [""2011-12-31""], ""efectivo_en_mxn"": false, ""extras"": [""vol_DBC"", ""vol_EEM"", ""vol_EFA"", ""vol_GLD"", ""vol_IEF"", ""vol_SPY"", ""vol_TLT"", ""vol_VNQ""], ""fx"": false, ""max_dias_fx"": 10, ""min_historia"": 12, ""motor"": ""R02.backtest_cartera"", ""periodos_por_anio"": 12, ""peso_max"": 0.125, ""peso_min"": 0.0, ""rebalanceo_con_deriva"": true, ""segmentos"": [""dentro_muestra"", ""fuera_muestra""], ""senal"": ""cartera_lo_L12_obj0.0_tope1.0"", ""spread_por_lado"": 0.0005, ""usuario"": {""L"": 12, ""escenario_costos"": ""defecto"", ""parte"": ""b"", ""tipo"": ""solo largos binaria""}, ""variante"": ""B_lo_L12""}",
2026-09-25T05:28:15.894254Z,R02,3c3f674f19,B_lo_L12,1,dentro_muestra,2007-02-28,2011-12-31,58,12,USD,0.32857875840362283,0.06048597899708974,0.08663662668641563,0.5906890307032969,0.9287374904467524,-0.09159937746859992,0.6603317693706402,0.1705172354419538,-0.408096365535354,3.669139713888212,0.8913343276238539,0.7176724137931034,1.0,1.3706700095093036,0.00466027803233163,28,0.05903549563161037,0.011541522760558198,0.0029,0.0005,2011-12-31,0e6d3baabe3fe595,"Yahoo chart v8 adjclose 1mo/1d SPY,EFA,EEM,TLT,IEF,GLD,DBC,VNQ (descarga 2026-09-25); RF French CRSP 202607 sha256 b840dba55d319f48","{""activos"": [""SPY"", ""EFA"", ""EEM"", ""TLT"", ""IEF"", ""GLD"", ""DBC"", ""VNQ""], ""bruto_max"": 1.0, ""comision_por_lado"": 0.0029, ""cortes"": [""2011-12-31""], ""efectivo_en_mxn"": false, ""extras"": [""vol_DBC"", ""vol_EEM"", ""vol_EFA"", ""vol_GLD"", ""vol_IEF"", ""vol_SPY"", ""vol_TLT"", ""vol_VNQ""], ""fx"": false, ""max_dias_fx"": 10, ""min_historia"": 12, ""motor"": ""R02.backtest_cartera"", ""periodos_por_anio"": 12, ""peso_max"": 0.125, ""peso_min"": 0.0, ""rebalanceo_con_deriva"": true, ""segmentos"": [""dentro_muestra"", ""fuera_muestra""], ""senal"": ""cartera_lo_L12_obj0.0_tope1.0"", ""spread_por_lado"": 0.0005, ""usuario"": {""L"": 12, ""escenario_costos"": ""defecto"", ""parte"": ""b"", ""tipo"": ""solo largos binaria""}, ""variante"": ""B_lo_L12""}",
2026-09-25T05:28:15.894254Z,R02,3c3f674f19,B_lo_L12,1,fuera_muestra,2011-12-31,2026-07-31,175,12,USD,0.9094808643293091,0.04535740154837686,0.053981642322069326,0.559114136769187,0.8843042528270356,-0.08517527698461047,0.5325183921218368,0.16140234868570769,-0.0707907619031514,2.989291574516024,0.9822913073300013,0.5892857142857143,0.9828571428571429,1.5500067212506319,0.005270022852252148,108,0.06443105052045439,0.01591439165222197,0.0029,0.0005,2011-12-31,0e6d3baabe3fe595,"Yahoo chart v8 adjclose 1mo/1d SPY,EFA,EEM,TLT,IEF,GLD,DBC,VNQ (descarga 2026-09-25); RF French CRSP 202607 sha256 b840dba55d319f48","{""activos"": [""SPY"", ""EFA"", ""EEM"", ""TLT"", ""IEF"", ""GLD"", ""DBC"", ""VNQ""], ""bruto_max"": 1.0, ""comision_por_lado"": 0.0029, ""cortes"": [""2011-12-31""], ""efectivo_en_mxn"": false, ""extras"": [""vol_DBC"", ""vol_EEM"", ""vol_EFA"", ""vol_GLD"", ""vol_IEF"", ""vol_SPY"", ""vol_TLT"", ""vol_VNQ""], ""fx"": false, ""max_dias_fx"": 10, ""min_historia"": 12, ""motor"": ""R02.backtest_cartera"", ""periodos_por_anio"": 12, ""peso_max"": 0.125, ""peso_min"": 0.0, ""rebalanceo_con_deriva"": true, ""segmentos"": [""dentro_muestra"", ""fuera_muestra""], ""senal"": ""cartera_lo_L12_obj0.0_tope1.0"", ""spread_por_lado"": 0.0005, ""usuario"": {""L"": 12, ""escenario_costos"": ""defecto"", ""parte"": ""b"", ""tipo"": ""solo largos binaria""}, ""variante"": ""B_lo_L12""}",
2026-09-25T05:28:15.918045Z,R02,27bb4571fd,B_ref_1N,0,completo,2007-02-28,2026-07-31,233,12,USD,2.196881795036982,0.06167259743373221,0.10975238577553457,0.4682389997663356,0.6764575869275338,-0.34569416369368267,0.1784021945142814,0.1351689562800875,-0.8855797355769502,6.963728124425007,0.972724014489782,1.0,1.0,0.3907319851161981,0.0013284887493950743,1,0.06308435048820926,0.014823262699370066,0.0029,0.0005,2011-12-31,0e6d3baabe3fe595,"Yahoo chart v8 adjclose 1mo/1d SPY,EFA,EEM,TLT,IEF,GLD,DBC,VNQ (descarga 2026-09-25); RF French CRSP 202607 sha256 b840dba55d319f48","{""activos"": [""SPY"", ""EFA"", ""EEM"", ""TLT"", ""IEF"", ""GLD"", ""DBC"", ""VNQ""], ""bruto_max"": 1.0, ""comision_por_lado"": 0.0029, ""cortes"": [""2011-12-31""], ""efectivo_en_mxn"": false, ""extras"": [""vol_DBC"", ""vol_EEM"", ""vol_EFA"", ""vol_GLD"", ""vol_IEF"", ""vol_SPY"", ""vol_TLT"", ""vol_VNQ""], ""fx"": false, ""max_dias_fx"": 10, ""min_historia"": 12, ""motor"": ""R02.backtest_cartera"", ""periodos_por_anio"": 12, ""peso_max"": 0.125, ""peso_min"": 0.0, ""rebalanceo_con_deriva"": true, ""segmentos"": [""dentro_muestra"", ""fuera_muestra""], ""senal"": ""cartera_ref_1n_L12_obj0.0_tope1.0"", ""spread_por_lado"": 0.0005, ""usuario"": {""escenario_costos"": ""defecto"", ""parte"": ""b"", ""tipo"": ""referencia""}, ""variante"": ""B_ref_1N""}",referencia
2026-09-25T05:28:15.918045Z,R02,27bb4571fd,B_ref_1N,0,dentro_muestra,2007-02-28,2011-12-31,58,12,USD,0.3054123261310375,0.05663691334631382,0.15071845442576226,0.3663198863962501,0.5088314588377439,-0.34569416369368267,0.16383531830898776,0.10574744251019408,-1.1489864326979273,6.402722368797484,0.7730300461912054,1.0,1.0,0.6665025969601525,0.0022661088296645174,1,0.05903549563161037,0.011541522760558198,0.0029,0.0005,2011-12-31,0e6d3baabe3fe595,"Yahoo chart v8 adjclose 1mo/1d SPY,EFA,EEM,TLT,IEF,GLD,DBC,VNQ (descarga 2026-09-25); RF French CRSP 202607 sha256 b840dba55d319f48","{""activos"": [""SPY"", ""EFA"", ""EEM"", ""TLT"", ""IEF"", ""GLD"", ""DBC"", ""VNQ""], ""bruto_max"": 1.0, ""comision_por_lado"": 0.0029, ""cortes"": [""2011-12-31""], ""efectivo_en_mxn"": false, ""extras"": [""vol_DBC"", ""vol_EEM"", ""vol_EFA"", ""vol_GLD"", ""vol_IEF"", ""vol_SPY"", ""vol_TLT"", ""vol_VNQ""], ""fx"": false, ""max_dias_fx"": 10, ""min_historia"": 12, ""motor"": ""R02.backtest_cartera"", ""periodos_por_anio"": 12, ""peso_max"": 0.125, ""peso_min"": 0.0, ""rebalanceo_con_deriva"": true, ""segmentos"": [""dentro_muestra"", ""fuera_muestra""], ""senal"": ""cartera_ref_1n_L12_obj0.0_tope1.0"", ""spread_por_lado"": 0.0005, ""usuario"": {""escenario_costos"": ""defecto"", ""parte"": ""b"", ""tipo"": ""referencia""}, ""variante"": ""B_ref_1N""}",referencia
2026-09-25T05:28:15.918045Z,R02,27bb4571fd,B_ref_1N,0,fuera_muestra,2011-12-31,2026-07-31,175,12,USD,1.4489440853617919,0.06334857591381193,0.09284017073904013,0.5405545272900992,0.816331472754554,-0.19218857250569776,0.3296167669486897,0.15604465092130484,-0.3618242255751132,3.727099711875936,0.9765421613242787,1.0,1.0,0.29923993270758625,0.0010174157712057933,0,0.06443105052045439,0.01591439165222197,0.0029,0.0005,2011-12-31,0e6d3baabe3fe595,"Yahoo chart v8 adjclose 1mo/1d SPY,EFA,EEM,TLT,IEF,GLD,DBC,VNQ (descarga 2026-09-25); RF French CRSP 202607 sha256 b840dba55d319f48","{""activos"": [""SPY"", ""EFA"", ""EEM"", ""TLT"", ""IEF"", ""GLD"", ""DBC"", ""VNQ""], ""bruto_max"": 1.0, ""comision_por_lado"": 0.0029, ""cortes"": [""2011-12-31""], ""efectivo_en_mxn"": false, ""extras"": [""vol_DBC"", ""vol_EEM"", ""vol_EFA"", ""vol_GLD"", ""vol_IEF"", ""vol_SPY"", ""vol_TLT"", ""vol_VNQ""], ""fx"": false, ""max_dias_fx"": 10, ""min_historia"": 12, ""motor"": ""R02.backtest_cartera"", ""periodos_por_anio"": 12, ""peso_max"": 0.125, ""peso_min"": 0.0, ""rebalanceo_con_deriva"": true, ""segmentos"": [""dentro_muestra"", ""fuera_muestra""], ""senal"": ""cartera_ref_1n_L12_obj0.0_tope1.0"", ""spread_por_lado"": 0.0005, ""usuario"": {""escenario_costos"": ""defecto"", ""parte"": ""b"", ""tipo"": ""referencia""}, ""variante"": ""B_ref_1N""}",referencia
2026-09-25T05:28:15.943521Z,R02,43d1a76239,B_ref_1N_sin_rebalanceo,0,completo,2007-02-28,2026-07-31,233,12,USD,2.235780793343689,0.06233400483852991,0.10576855060090815,0.4885911422126352,0.7022152891400033,-0.30106682910347016,0.20704374847322374,0.14104411374006584,-0.9232138860666399,6.734975930705149,0.9770195725810467,0.9999999999999994,1.0,0.05149443112928239,0.00017508106583956012,233,0.06308435048820926,0.014823262699370066,0.0029,0.0005,2011-12-31,0e6d3baabe3fe595,"Yahoo chart v8 adjclose 1mo/1d SPY,EFA,EEM,TLT,IEF,GLD,DBC,VNQ (descarga 2026-09-25); RF French CRSP 202607 sha256 b840dba55d319f48","{""activos"": [""SPY"", ""EFA"", ""EEM"", ""TLT"", ""IEF"", ""GLD"", ""DBC"", ""VNQ""], ""bruto_max"": 1.0, ""comision_por_lado"": 0.0029, ""cortes"": [""2011-12-31""], ""efectivo_en_mxn"": false, ""extras"": [""vol_DBC"", ""vol_EEM"", ""vol_EFA"", ""vol_GLD"", ""vol_IEF"", ""vol_SPY"", ""vol_TLT"", ""vol_VNQ""], ""fx"": false, ""max_dias_fx"": 10, ""min_historia"": 12, ""motor"": ""R02.backtest_cartera"", ""periodos_por_anio"": 12, ""peso_max"": 1.0, ""peso_min"": 0.0, ""rebalanceo_con_deriva"": true, ""segmentos"": [""dentro_muestra"", ""fuera_muestra""], ""senal"": ""cartera_ref_1n_sin_rebalanceo_L12_obj0.0_tope1.0"", ""spread_por_lado"": 0.0005, ""usuario"": {""escenario_costos"": ""defecto"", ""parte"": ""b"", ""tipo"": ""referencia""}, ""variante"": ""B_ref_1N_sin_rebalanceo""}",referencia
2026-09-25T05:28:15.943521Z,R02,43d1a76239,B_ref_1N_sin_rebalanceo,0,dentro_muestra,2007-02-28,2011-12-31,58,12,USD,0.28863769437243403,0.05381586999983079,0.13626356119423946,0.37032676007147053,0.5022492777014192,-0.30106682910347016,0.178750578933209,0.10690412730769273,-1.399411219479154,7.592065681451055,0.7723688755208058,0.9999999999999998,1.0,0.20670628183361628,0.0007028013582342953,58,0.05903549563161037,0.011541522760558198,0.0029,0.0005,2011-12-31,0e6d3baabe3fe595,"Yahoo chart v8 adjclose 1mo/1d SPY,EFA,EEM,TLT,IEF,GLD,DBC,VNQ (descarga 2026-09-25); RF French CRSP 202607 sha256 b840dba55d319f48","{""activos"": [""SPY"", ""EFA"", ""EEM"", ""TLT"", ""IEF"", ""GLD"", ""DBC"", ""VNQ""], ""bruto_max"": 1.0, ""comision_por_lado"": 0.0029, ""cortes"": [""2011-12-31""], ""efectivo_en_mxn"": false, ""extras"": [""vol_DBC"", ""vol_EEM"", ""vol_EFA"", ""vol_GLD"", ""vol_IEF"", ""vol_SPY"", ""vol_TLT"", ""vol_VNQ""], ""fx"": false, ""max_dias_fx"": 10, ""min_historia"": 12, ""motor"": ""R02.backtest_cartera"", ""periodos_por_anio"": 12, ""peso_max"": 1.0, ""peso_min"": 0.0, ""rebalanceo_con_deriva"": true, ""segmentos"": [""dentro_muestra"", ""fuera_muestra""], ""senal"": ""cartera_ref_1n_sin_rebalanceo_L12_obj0.0_tope1.0"", ""spread_por_lado"": 0.0005, ""usuario"": {""escenario_costos"": ""defecto"", ""parte"": ""b"", ""tipo"": ""referencia""}, ""variante"": ""B_ref_1N_sin_rebalanceo""}",referencia
2026-09-25T05:28:15.943521Z,R02,43d1a76239,B_ref_1N_sin_rebalanceo,0,fuera_muestra,2011-12-31,2026-07-31,175,12,USD,1.5110089573466268,0.06517523893635424,0.09398284717701058,0.5549842615517363,0.8396266078401974,-0.2150166185186897,0.30311721663825286,0.1602101564014503,-0.34886212577465925,3.4029456160962055,0.9794128622193836,0.9999999999999993,1.0,0.0,0.0,175,0.06443105052045439,0.01591439165222197,0.0029,0.0005,2011-12-31,0e6d3baabe3fe595,"Yahoo chart v8 adjclose 1mo/1d SPY,EFA,EEM,TLT,IEF,GLD,DBC,VNQ (descarga 2026-09-25); RF French CRSP 202607 sha256 b840dba55d319f48","{""activos"": [""SPY"", ""EFA"", ""EEM"", ""TLT"", ""IEF"", ""GLD"", ""DBC"", ""VNQ""], ""bruto_max"": 1.0, ""comision_por_lado"": 0.0029, ""cortes"": [""2011-12-31""], ""efectivo_en_mxn"": false, ""extras"": [""vol_DBC"", ""vol_EEM"", ""vol_EFA"", ""vol_GLD"", ""vol_IEF"", ""vol_SPY"", ""vol_TLT"", ""vol_VNQ""], ""fx"": false, ""max_dias_fx"": 10, ""min_historia"": 12, ""motor"": ""R02.backtest_cartera"", ""periodos_por_anio"": 12, ""peso_max"": 1.0, ""peso_min"": 0.0, ""rebalanceo_con_deriva"": true, ""segmentos"": [""dentro_muestra"", ""fuera_muestra""], ""senal"": ""cartera_ref_1n_sin_rebalanceo_L12_obj0.0_tope1.0"", ""spread_por_lado"": 0.0005, ""usuario"": {""escenario_costos"": ""defecto"", ""parte"": ""b"", ""tipo"": ""referencia""}, ""variante"": ""B_ref_1N_sin_rebalanceo""}",referencia
2026-09-25T05:28:15.967551Z,R02,0d17cff4bb,B_ref_efectivo,0,completo,2007-02-28,2026-07-31,233,12,USD,0.33075812710378827,0.014823262699370066,0.0053483789707093376,0.0,0.0,0.0,inf,,0.0,3.0,,0.0,0.0,0.0,0.0,0,0.06308435048820926,0.014823262699370066,0.0029,0.0005,2011-12-31,0e6d3baabe3fe595,"Yahoo chart v8 adjclose 1mo/1d SPY,EFA,EEM,TLT,IEF,GLD,DBC,VNQ (descarga 2026-09-25); RF French CRSP 202607 sha256 b840dba55d319f48","{""activos"": [""SPY"", ""EFA"", ""EEM"", ""TLT"", ""IEF"", ""GLD"", ""DBC"", ""VNQ""], ""bruto_max"": 1.0, ""comision_por_lado"": 0.0029, ""cortes"": [""2011-12-31""], ""efectivo_en_mxn"": false, ""extras"": [""vol_DBC"", ""vol_EEM"", ""vol_EFA"", ""vol_GLD"", ""vol_IEF"", ""vol_SPY"", ""vol_TLT"", ""vol_VNQ""], ""fx"": false, ""max_dias_fx"": 10, ""min_historia"": 12, ""motor"": ""R02.backtest_cartera"", ""periodos_por_anio"": 12, ""peso_max"": 1.0, ""peso_min"": 0.0, ""rebalanceo_con_deriva"": true, ""segmentos"": [""dentro_muestra"", ""fuera_muestra""], ""senal"": ""cartera_ref_1n_L12_obj0.0_tope1.0"", ""spread_por_lado"": 0.0005, ""usuario"": {""escenario_costos"": ""defecto"", ""parte"": ""b"", ""tipo"": ""referencia""}, ""variante"": ""B_ref_efectivo""}",referencia
2026-09-25T05:28:15.967551Z,R02,0d17cff4bb,B_ref_efectivo,0,dentro_muestra,2007-02-28,2011-12-31,58,12,USD,0.05708552896197294,0.011541522760558198,0.004938797843395803,0.0,0.0,0.0,inf,,0.0,3.0,,0.0,0.0,0.0,0.0,0,0.05903549563161037,0.011541522760558198,0.0029,0.0005,2011-12-31,0e6d3baabe3fe595,"Yahoo chart v8 adjclose 1mo/1d SPY,EFA,EEM,TLT,IEF,GLD,DBC,VNQ (descarga 2026-09-25); RF French CRSP 202607 sha256 b840dba55d319f48","{""activos"": [""SPY"", ""EFA"", ""EEM"", ""TLT"", ""IEF"", ""GLD"", ""DBC"", ""VNQ""], ""bruto_max"": 1.0, ""comision_por_lado"": 0.0029, ""cortes"": [""2011-12-31""], ""efectivo_en_mxn"": false, ""extras"": [""vol_DBC"", ""vol_EEM"", ""vol_EFA"", ""vol_GLD"", ""vol_IEF"", ""vol_SPY"", ""vol_TLT"", ""vol_VNQ""], ""fx"": false, ""max_dias_fx"": 10, ""min_historia"": 12, ""motor"": ""R02.backtest_cartera"", ""periodos_por_anio"": 12, ""peso_max"": 1.0, ""peso_min"": 0.0, ""rebalanceo_con_deriva"": true, ""segmentos"": [""dentro_muestra"", ""fuera_muestra""], ""senal"": ""cartera_ref_1n_L12_obj0.0_tope1.0"", ""spread_por_lado"": 0.0005, ""usuario"": {""escenario_costos"": ""defecto"", ""parte"": ""b"", ""tipo"": ""referencia""}, ""variante"": ""B_ref_efectivo""}",referencia
2026-09-25T05:28:15.967551Z,R02,0d17cff4bb,B_ref_efectivo,0,fuera_muestra,2011-12-31,2026-07-31,175,12,USD,0.25889352435895274,0.01591439165222197,0.005455494450957997,0.0,0.0,0.0,inf,,0.0,3.0,,0.0,0.0,0.0,0.0,0,0.06443105052045439,0.01591439165222197,0.0029,0.0005,2011-12-31,0e6d3baabe3fe595,"Yahoo chart v8 adjclose 1mo/1d SPY,EFA,EEM,TLT,IEF,GLD,DBC,VNQ (descarga 2026-09-25); RF French CRSP 202607 sha256 b840dba55d319f48","{""activos"": [""SPY"", ""EFA"", ""EEM"", ""TLT"", ""IEF"", ""GLD"", ""DBC"", ""VNQ""], ""bruto_max"": 1.0, ""comision_por_lado"": 0.0029, ""cortes"": [""2011-12-31""], ""efectivo_en_mxn"": false, ""extras"": [""vol_DBC"", ""vol_EEM"", ""vol_EFA"", ""vol_GLD"", ""vol_IEF"", ""vol_SPY"", ""vol_TLT"", ""vol_VNQ""], ""fx"": false, ""max_dias_fx"": 10, ""min_historia"": 12, ""motor"": ""R02.backtest_cartera"", ""periodos_por_anio"": 12, ""peso_max"": 1.0, ""peso_min"": 0.0, ""rebalanceo_con_deriva"": true, ""segmentos"": [""dentro_muestra"", ""fuera_muestra""], ""senal"": ""cartera_ref_1n_L12_obj0.0_tope1.0"", ""spread_por_lado"": 0.0005, ""usuario"": {""escenario_costos"": ""defecto"", ""parte"": ""b"", ""tipo"": ""referencia""}, ""variante"": ""B_ref_efectivo""}",referencia
2026-09-25T05:28:15.996304Z,R02,14b63ddf1c,B_ref_1N_sma10,0,completo,2007-02-28,2026-07-31,233,12,USD,1.5330659679007446,0.04902429620448001,0.06110463592718323,0.5749248345200965,0.9193109930527469,-0.08431207749749647,0.5814623202225768,0.1659665039869894,-0.04551642564366378,3.4368521281802598,0.9937502258128732,0.653969957081545,0.9871244635193133,2.074437675100149,0.007053088095340512,164,0.06308435048820926,0.014823262699370066,0.0029,0.0005,2011-12-31,0e6d3baabe3fe595,"Yahoo chart v8 adjclose 1mo/1d SPY,EFA,EEM,TLT,IEF,GLD,DBC,VNQ (descarga 2026-09-25); RF French CRSP 202607 sha256 b840dba55d319f48","{""activos"": [""SPY"", ""EFA"", ""EEM"", ""TLT"", ""IEF"", ""GLD"", ""DBC"", ""VNQ""], ""bruto_max"": 1.0, ""comision_por_lado"": 0.0029, ""cortes"": [""2011-12-31""], ""efectivo_en_mxn"": false, ""extras"": [""vol_DBC"", ""vol_EEM"", ""vol_EFA"", ""vol_GLD"", ""vol_IEF"", ""vol_SPY"", ""vol_TLT"", ""vol_VNQ""], ""fx"": false, ""max_dias_fx"": 10, ""min_historia"": 12, ""motor"": ""R02.backtest_cartera"", ""periodos_por_anio"": 12, ""peso_max"": 0.125, ""peso_min"": 0.0, ""rebalanceo_con_deriva"": true, ""segmentos"": [""dentro_muestra"", ""fuera_muestra""], ""senal"": ""cartera_ref_sma10_L12_obj0.0_tope1.0"", ""spread_por_lado"": 0.0005, ""usuario"": {""escenario_costos"": ""defecto"", ""parte"": ""b"", ""tipo"": ""referencia"", ""ventana"": 10}, ""variante"": ""B_ref_1N_sma10""}",referencia
2026-09-25T05:28:15.996304Z,R02,14b63ddf1c,B_ref_1N_sma10,0,dentro_muestra,2007-02-28,2011-12-31,58,12,USD,0.38836615908249406,0.07017912660241499,0.07638545561445963,0.7781113401816824,1.3948378619532158,-0.08431207749749647,0.8323733524950664,0.2246213958566974,0.06110853559032304,2.8993085766983686,0.954221893468131,0.6853448275862069,1.0,1.9497752620397586,0.006629235890935181,37,0.05903549563161037,0.011541522760558198,0.0029,0.0005,2011-12-31,0e6d3baabe3fe595,"Yahoo chart v8 adjclose 1mo/1d SPY,EFA,EEM,TLT,IEF,GLD,DBC,VNQ (descarga 2026-09-25); RF French CRSP 202607 sha256 b840dba55d319f48","{""activos"": [""SPY"", ""EFA"", ""EEM"", ""TLT"", ""IEF"", ""GLD"", ""DBC"", ""VNQ""], ""bruto_max"": 1.0, ""comision_por_lado"": 0.0029, ""cortes"": [""2011-12-31""], ""efectivo_en_mxn"": false, ""extras"": [""vol_DBC"", ""vol_EEM"", ""vol_EFA"", ""vol_GLD"", ""vol_IEF"", ""vol_SPY"", ""vol_TLT"", ""vol_VNQ""], ""fx"": false, ""max_dias_fx"": 10, ""min_historia"": 12, ""motor"": ""R02.backtest_cartera"", ""periodos_por_anio"": 12, ""peso_max"": 0.125, ""peso_min"": 0.0, ""rebalanceo_con_deriva"": true, ""segmentos"": [""dentro_muestra"", ""fuera_muestra""], ""senal"": ""cartera_ref_sma10_L12_obj0.0_tope1.0"", ""spread_por_lado"": 0.0005, ""usuario"": {""escenario_costos"": ""defecto"", ""parte"": ""b"", ""tipo"": ""referencia"", ""ventana"": 10}, ""variante"": ""B_ref_1N_sma10""}",referencia
2026-09-25T05:28:15.996304Z,R02,14b63ddf1c,B_ref_1N_sma10,0,fuera_muestra,2011-12-31,2026-07-31,175,12,USD,0.824494173478507,0.04209858018222801,0.05523132432925542,0.49058434020343566,0.738648714786862,-0.06960885638407477,0.60478770043203,0.14161950043833427,-0.25140553949077404,3.302888855228757,0.9660407621033691,0.6435714285714286,0.9828571428571429,2.1157967595683655,0.007193708982532438,127,0.06443105052045439,0.01591439165222197,0.0029,0.0005,2011-12-31,0e6d3baabe3fe595,"Yahoo chart v8 adjclose 1mo/1d SPY,EFA,EEM,TLT,IEF,GLD,DBC,VNQ (descarga 2026-09-25); RF French CRSP 202607 sha256 b840dba55d319f48","{""activos"": [""SPY"", ""EFA"", ""EEM"", ""TLT"", ""IEF"", ""GLD"", ""DBC"", ""VNQ""], ""bruto_max"": 1.0, ""comision_por_lado"": 0.0029, ""cortes"": [""2011-12-31""], ""efectivo_en_mxn"": false, ""extras"": [""vol_DBC"", ""vol_EEM"", ""vol_EFA"", ""vol_GLD"", ""vol_IEF"", ""vol_SPY"", ""vol_TLT"", ""vol_VNQ""], ""fx"": false, ""max_dias_fx"": 10, ""min_historia"": 12, ""motor"": ""R02.backtest_cartera"", ""periodos_por_anio"": 12, ""peso_max"": 0.125, ""peso_min"": 0.0, ""rebalanceo_con_deriva"": true, ""segmentos"": [""dentro_muestra"", ""fuera_muestra""], ""senal"": ""cartera_ref_sma10_L12_obj0.0_tope1.0"", ""spread_por_lado"": 0.0005, ""usuario"": {""escenario_costos"": ""defecto"", ""parte"": ""b"", ""tipo"": ""referencia"", ""ventana"": 10}, ""variante"": ""B_ref_1N_sma10""}",referencia
2026-09-25T05:28:16.023065Z,R02,1cf76e439a,B_ref_1N_vt10,0,completo,2007-02-28,2026-07-31,233,12,USD,1.1819285796870003,0.0409944171120078,0.054280900617453644,0.5001148824518706,0.7305686529523228,-0.11081523432281504,0.36993485022634404,0.14437073100466277,-0.553751846405771,3.518400700641539,0.9822798604311838,0.6553756378026497,1.0,0.5177964994942567,0.0017605080982804723,233,0.06308435048820926,0.014823262699370066,0.0029,0.0005,2011-12-31,0e6d3baabe3fe595,"Yahoo chart v8 adjclose 1mo/1d SPY,EFA,EEM,TLT,IEF,GLD,DBC,VNQ (descarga 2026-09-25); RF French CRSP 202607 sha256 b840dba55d319f48","{""activos"": [""SPY"", ""EFA"", ""EEM"", ""TLT"", ""IEF"", ""GLD"", ""DBC"", ""VNQ""], ""bruto_max"": 1.0, ""comision_por_lado"": 0.0029, ""cortes"": [""2011-12-31""], ""efectivo_en_mxn"": false, ""extras"": [""vol_DBC"", ""vol_EEM"", ""vol_EFA"", ""vol_GLD"", ""vol_IEF"", ""vol_SPY"", ""vol_TLT"", ""vol_VNQ""], ""fx"": false, ""max_dias_fx"": 10, ""min_historia"": 12, ""motor"": ""R02.backtest_cartera"", ""periodos_por_anio"": 12, ""peso_max"": 0.125, ""peso_min"": 0.0, ""rebalanceo_con_deriva"": true, ""segmentos"": [""dentro_muestra"", ""fuera_muestra""], ""senal"": ""cartera_ref_vt_L12_obj0.1_tope1.0"", ""spread_por_lado"": 0.0005, ""usuario"": {""escenario_costos"": ""defecto"", ""parte"": ""b"", ""sigma_obj"": 0.1, ""tipo"": ""referencia"", ""tope_por_activo"": 1.0}, ""variante"": ""B_ref_1N_vt10""}",referencia
2026-09-25T05:28:16.023065Z,R02,1cf76e439a,B_ref_1N_vt10,0,dentro_muestra,2007-02-28,2011-12-31,58,12,USD,0.24301288734579352,0.04599282737986221,0.048148218658934906,0.7200531143769421,1.1258945453614897,-0.08216352531347959,0.5597718355485012,0.20786142970817797,-0.6004162129206734,3.9650865707245297,0.9277271920746146,0.5216279943714481,1.0,0.5588519269334199,0.0019000965515736273,58,0.05903549563161037,0.011541522760558198,0.0029,0.0005,2011-12-31,0e6d3baabe3fe595,"Yahoo chart v8 adjclose 1mo/1d SPY,EFA,EEM,TLT,IEF,GLD,DBC,VNQ (descarga 2026-09-25); RF French CRSP 202607 sha256 b840dba55d319f48","{""activos"": [""SPY"", ""EFA"", ""EEM"", ""TLT"", ""IEF"", ""GLD"", ""DBC"", ""VNQ""], ""bruto_max"": 1.0, ""comision_por_lado"": 0.0029, ""cortes"": [""2011-12-31""], ""efectivo_en_mxn"": false, ""extras"": [""vol_DBC"", ""vol_EEM"", ""vol_EFA"", ""vol_GLD"", ""vol_IEF"", ""vol_SPY"", ""vol_TLT"", ""vol_VNQ""], ""fx"": false, ""max_dias_fx"": 10, ""min_historia"": 12, ""motor"": ""R02.backtest_cartera"", ""periodos_por_anio"": 12, ""peso_max"": 0.125, ""peso_min"": 0.0, ""rebalanceo_con_deriva"": true, ""segmentos"": [""dentro_muestra"", ""fuera_muestra""], ""senal"": ""cartera_ref_vt_L12_obj0.1_tope1.0"", ""spread_por_lado"": 0.0005, ""usuario"": {""escenario_costos"": ""defecto"", ""parte"": ""b"", ""sigma_obj"": 0.1, ""tipo"": ""referencia"", ""tope_por_activo"": 1.0}, ""variante"": ""B_ref_1N_vt10""}",referencia
2026-09-25T05:28:16.023065Z,R02,1cf76e439a,B_ref_1N_vt10,0,fuera_muestra,2011-12-31,2026-07-31,175,12,USD,0.7553547528747486,0.03934138353712502,0.05628831218095537,0.437301760655349,0.6301922987542143,-0.11081523432281504,0.3550178256404704,0.12623814461573152,-0.5302996147520451,3.3709168791284028,0.9457552938736076,0.6997034281969908,1.0,0.5041755944463777,0.001714197021117685,175,0.06443105052045439,0.01591439165222197,0.0029,0.0005,2011-12-31,0e6d3baabe3fe595,"Yahoo chart v8 adjclose 1mo/1d SPY,EFA,EEM,TLT,IEF,GLD,DBC,VNQ (descarga 2026-09-25); RF French CRSP 202607 sha256 b840dba55d319f48","{""activos"": [""SPY"", ""EFA"", ""EEM"", ""TLT"", ""IEF"", ""GLD"", ""DBC"", ""VNQ""], ""bruto_max"": 1.0, ""comision_por_lado"": 0.0029, ""cortes"": [""2011-12-31""], ""efectivo_en_mxn"": false, ""extras"": [""vol_DBC"", ""vol_EEM"", ""vol_EFA"", ""vol_GLD"", ""vol_IEF"", ""vol_SPY"", ""vol_TLT"", ""vol_VNQ""], ""fx"": false, ""max_dias_fx"": 10, ""min_historia"": 12, ""motor"": ""R02.backtest_cartera"", ""periodos_por_anio"": 12, ""peso_max"": 0.125, ""peso_min"": 0.0, ""rebalanceo_con_deriva"": true, ""segmentos"": [""dentro_muestra"", ""fuera_muestra""], ""senal"": ""cartera_ref_vt_L12_obj0.1_tope1.0"", ""spread_por_lado"": 0.0005, ""usuario"": {""escenario_costos"": ""defecto"", ""parte"": ""b"", ""sigma_obj"": 0.1, ""tipo"": ""referencia"", ""tope_por_activo"": 1.0}, ""variante"": ""B_ref_1N_vt10""}",referencia
2026-09-25T05:28:16.058337Z,R02,0a0d243156,B_ref_largo_vt40,0,completo,2007-02-28,2026-07-31,233,12,USD,5.78791292703867,0.10364597993818458,0.2243507729404801,0.4899153268464697,0.7129564860445221,-0.43947293697588874,0.23584155295521878,0.1414263729174664,-0.5631685204923836,3.4313206002865972,0.9803765358567764,2.9677380113888607,1.0,3.36925303114718,0.011455460305900413,233,0.06308435048820926,0.014823262699370066,0.0029,0.0005,2011-12-31,0e6d3baabe3fe595,"Yahoo chart v8 adjclose 1mo/1d SPY,EFA,EEM,TLT,IEF,GLD,DBC,VNQ (descarga 2026-09-25); RF French CRSP 202607 sha256 b840dba55d319f48","{""activos"": [""SPY"", ""EFA"", ""EEM"", ""TLT"", ""IEF"", ""GLD"", ""DBC"", ""VNQ""], ""bruto_max"": 10.0, ""comision_por_lado"": 0.0029, ""cortes"": [""2011-12-31""], ""efectivo_en_mxn"": false, ""extras"": [""vol_DBC"", ""vol_EEM"", ""vol_EFA"", ""vol_GLD"", ""vol_IEF"", ""vol_SPY"", ""vol_TLT"", ""vol_VNQ""], ""fx"": false, ""max_dias_fx"": 10, ""min_historia"": 12, ""motor"": ""R02.backtest_cartera"", ""periodos_por_anio"": 12, ""peso_max"": 1.25, ""peso_min"": 0.0, ""rebalanceo_con_deriva"": true, ""segmentos"": [""dentro_muestra"", ""fuera_muestra""], ""senal"": ""cartera_ref_largo_vt_L12_obj0.4_tope10.0"", ""spread_por_lado"": 0.0005, ""usuario"": {""escenario_costos"": ""defecto"", ""parte"": ""b"", ""sigma_obj"": 0.4, ""tipo"": ""referencia"", ""tope_por_activo"": 10.0}, ""variante"": ""B_ref_largo_vt40""}",referencia
2026-09-25T05:28:16.058337Z,R02,0a0d243156,B_ref_largo_vt40,0,dentro_muestra,2007-02-28,2011-12-31,58,12,USD,0.9454792185237761,0.1474760057907465,0.1944847002365502,0.748731017510997,1.1727444522158885,-0.31628457279121225,0.46627631720785595,0.21614002725529827,-0.614720614279853,3.9110186332221923,0.9345605885817718,2.2771851552042155,1.0,3.221888163394473,0.010954419755541206,58,0.05903549563161037,0.011541522760558198,0.0029,0.0005,2011-12-31,0e6d3baabe3fe595,"Yahoo chart v8 adjclose 1mo/1d SPY,EFA,EEM,TLT,IEF,GLD,DBC,VNQ (descarga 2026-09-25); RF French CRSP 202607 sha256 b840dba55d319f48","{""activos"": [""SPY"", ""EFA"", ""EEM"", ""TLT"", ""IEF"", ""GLD"", ""DBC"", ""VNQ""], ""bruto_max"": 10.0, ""comision_por_lado"": 0.0029, ""cortes"": [""2011-12-31""], ""efectivo_en_mxn"": false, ""extras"": [""vol_DBC"", ""vol_EEM"", ""vol_EFA"", ""vol_GLD"", ""vol_IEF"", ""vol_SPY"", ""vol_TLT"", ""vol_VNQ""], ""fx"": false, ""max_dias_fx"": 10, ""min_historia"": 12, ""motor"": ""R02.backtest_cartera"", ""periodos_por_anio"": 12, ""peso_max"": 1.25, ""peso_min"": 0.0, ""rebalanceo_con_deriva"": true, ""segmentos"": [""dentro_muestra"", ""fuera_muestra""], ""senal"": ""cartera_ref_largo_vt_L12_obj0.4_tope10.0"", ""spread_por_lado"": 0.0005, ""usuario"": {""escenario_costos"": ""defecto"", ""parte"": ""b"", ""sigma_obj"": 0.4, ""tipo"": ""referencia"", ""tope_por_activo"": 10.0}, ""variante"": ""B_ref_largo_vt40""}",referencia
2026-09-25T05:28:16.058337Z,R02,0a0d243156,B_ref_largo_vt40,0,fuera_muestra,2011-12-31,2026-07-31,175,12,USD,2.489069871529813,0.08947760515672387,0.23383882477068585,0.4192184915117299,0.6017137945851238,-0.4394729369758885,0.20360208246823858,0.12101795446178305,-0.5347867880862406,3.263392301523807,0.9383505662457221,3.196606958010057,1.0,3.418144079085411,0.011621689868890402,175,0.06443105052045439,0.01591439165222197,0.0029,0.0005,2011-12-31,0e6d3baabe3fe595,"Yahoo chart v8 adjclose 1mo/1d SPY,EFA,EEM,TLT,IEF,GLD,DBC,VNQ (descarga 2026-09-25); RF French CRSP 202607 sha256 b840dba55d319f48","{""activos"": [""SPY"", ""EFA"", ""EEM"", ""TLT"", ""IEF"", ""GLD"", ""DBC"", ""VNQ""], ""bruto_max"": 10.0, ""comision_por_lado"": 0.0029, ""cortes"": [""2011-12-31""], ""efectivo_en_mxn"": false, ""extras"": [""vol_DBC"", ""vol_EEM"", ""vol_EFA"", ""vol_GLD"", ""vol_IEF"", ""vol_SPY"", ""vol_TLT"", ""vol_VNQ""], ""fx"": false, ""max_dias_fx"": 10, ""min_historia"": 12, ""motor"": ""R02.backtest_cartera"", ""periodos_por_anio"": 12, ""peso_max"": 1.25, ""peso_min"": 0.0, ""rebalanceo_con_deriva"": true, ""segmentos"": [""dentro_muestra"", ""fuera_muestra""], ""senal"": ""cartera_ref_largo_vt_L12_obj0.4_tope10.0"", ""spread_por_lado"": 0.0005, ""usuario"": {""escenario_costos"": ""defecto"", ""parte"": ""b"", ""sigma_obj"": 0.4, ""tipo"": ""referencia"", ""tope_por_activo"": 10.0}, ""variante"": ""B_ref_largo_vt40""}",referencia
2026-09-25T05:28:16.083426Z,R02,6572cb8dd5,A_ls_vt40_L3,0,completo,1927-06-30,2026-07-31,1189,12,USD,-0.9999116401565801,-0.08990141991308054,0.4870153058515518,0.013560733124977258,0.01850377921723346,-0.9999899565898851,-0.08990232283897909,0.003914646460057148,-0.4191168570285812,4.868791750420399,0.5536213390465085,1.2256935588435192,1.0,22.64463519961807,0.09963639487831949,1189,0.10260130985470983,0.03287249298954742,0.0029,0.0015,2011-12-31,e85ac74d630dff95,French F-F_Research_Data_Factors CRSP 202607 sha256 b840dba55d319f48; daily CRSP 202607 sha256 1916d331c2c51d2a,"{""comision_por_lado"": 0.0029, ""cortes"": [""2011-12-31""], ""efectivo_en_mxn"": false, ""exposicion_inicial"": 0.0, ""exposicion_max"": 10.0, ""exposicion_min"": -10.0, ""extras"": [""vol""], ""fx"": false, ""max_dias_fx"": 10, ""min_historia"": 12, ""periodos_por_anio"": 12, ""permitir_capturas"": false, ""rebalanceo_con_deriva"": true, ""segmentos"": [""dentro_muestra"", ""fuera_muestra""], ""senal"": ""a_ls_vt40_L3"", ""spread_por_lado"": 0.0015, ""usuario"": {""L"": 3, ""escenario_costos"": ""medio"", ""parte"": ""a"", ""sigma_obj"": 0.4, ""tipo"": ""largo/corto"", ""tope"": 10.0}, ""variante"": ""A_ls_vt40_L3""}",sensibilidad: spread medio 0.15% por lado
2026-09-25T05:28:16.083426Z,R02,6572cb8dd5,A_ls_vt40_L3,0,dentro_muestra,1927-06-30,2011-12-31,1014,12,USD,-0.99992294244191,-0.10602489322265829,0.5038619493166734,-0.007215133153724828,-0.009823933234974297,-0.9999899565898851,-0.10602595808483817,-0.0020828295342710116,-0.4142916074861865,4.807645435326344,0.4735615003875294,1.125632391304433,1.0,23.928910781124898,0.10528720743694941,1014,0.09471675589938688,0.03582725431534661,0.0029,0.0015,2011-12-31,e85ac74d630dff95,French F-F_Research_Data_Factors CRSP 202607 sha256 b840dba55d319f48; daily CRSP 202607 sha256 1916d331c2c51d2a,"{""comision_por_lado"": 0.0029, ""cortes"": [""2011-12-31""], ""efectivo_en_mxn"": false, ""exposicion_inicial"": 0.0, ""exposicion_max"": 10.0, ""exposicion_min"": -10.0, ""extras"": [""vol""], ""fx"": false, ""max_dias_fx"": 10, ""min_historia"": 12, ""periodos_por_anio"": 12, ""permitir_capturas"": false, ""rebalanceo_con_deriva"": true, ""segmentos"": [""dentro_muestra"", ""fuera_muestra""], ""senal"": ""a_ls_vt40_L3"", ""spread_por_lado"": 0.0015, ""usuario"": {""L"": 3, ""escenario_costos"": ""medio"", ""parte"": ""a"", ""sigma_obj"": 0.4, ""tipo"": ""largo/corto"", ""tope"": 10.0}, ""variante"": ""A_ls_vt40_L3""}",sensibilidad: spread medio 0.15% por lado
2026-09-25T05:28:16.083426Z,R02,6572cb8dd5,A_ls_vt40_L3,0,fuera_muestra,2011-12-31,2026-07-31,175,12,USD,0.14667328695789306,0.009430203551598959,0.3757440182310583,0.17554295464410036,0.2456239334982424,-0.7814821241081119,0.012067075190442058,0.05067488605905681,-0.3064603677449512,3.2120138526099384,0.7462878399105393,1.8054765524699965,1.0,15.202058064205337,0.06688905548250348,175,0.1494246054539059,0.01591439165222197,0.0029,0.0015,2011-12-31,e85ac74d630dff95,French F-F_Research_Data_Factors CRSP 202607 sha256 b840dba55d319f48; daily CRSP 202607 sha256 1916d331c2c51d2a,"{""comision_por_lado"": 0.0029, ""cortes"": [""2011-12-31""], ""efectivo_en_mxn"": false, ""exposicion_inicial"": 0.0, ""exposicion_max"": 10.0, ""exposicion_min"": -10.0, ""extras"": [""vol""], ""fx"": false, ""max_dias_fx"": 10, ""min_historia"": 12, ""periodos_por_anio"": 12, ""permitir_capturas"": false, ""rebalanceo_con_deriva"": true, ""segmentos"": [""dentro_muestra"", ""fuera_muestra""], ""senal"": ""a_ls_vt40_L3"", ""spread_por_lado"": 0.0015, ""usuario"": {""L"": 3, ""escenario_costos"": ""medio"", ""parte"": ""a"", ""sigma_obj"": 0.4, ""tipo"": ""largo/corto"", ""tope"": 10.0}, ""variante"": ""A_ls_vt40_L3""}",sensibilidad: spread medio 0.15% por lado
2026-09-25T05:28:16.109443Z,R02,4e263b883c,A_ls_vt40_L6,0,completo,1927-06-30,2026-07-31,1189,12,USD,-0.8280631879127568,-0.01761183384568188,0.4866811414501701,0.17156082589063923,0.23746260892832236,-0.9975667000410393,-0.01765479325338079,0.049525344505177545,-0.5500577886793278,5.014652437400601,0.95373571605796,1.5891999258395482,1.0,16.116345974461524,0.0709119222876308,1189,0.10260130985470983,0.03287249298954742,0.0029,0.0015,2011-12-31,e85ac74d630dff95,French F-F_Research_Data_Factors CRSP 202607 sha256 b840dba55d319f48; daily CRSP 202607 sha256 1916d331c2c51d2a,"{""comision_por_lado"": 0.0029, ""cortes"": [""2011-12-31""], ""efectivo_en_mxn"": false, ""exposicion_inicial"": 0.0, ""exposicion_max"": 10.0, ""exposicion_min"": -10.0, ""extras"": [""vol""], ""fx"": false, ""max_dias_fx"": 10, ""min_historia"": 12, ""periodos_por_anio"": 12, ""permitir_capturas"": false, ""rebalanceo_con_deriva"": true, ""segmentos"": [""dentro_muestra"", ""fuera_muestra""], ""senal"": ""a_ls_vt40_L6"", ""spread_por_lado"": 0.0015, ""usuario"": {""L"": 6, ""escenario_costos"": ""medio"", ""parte"": ""a"", ""sigma_obj"": 0.4, ""tipo"": ""largo/corto"", ""tope"": 10.0}, ""variante"": ""A_ls_vt40_L6""}",sensibilidad: spread medio 0.15% por lado
2026-09-25T05:28:16.109443Z,R02,4e263b883c,A_ls_vt40_L6,0,dentro_muestra,1927-06-30,2011-12-31,1014,12,USD,-0.8549364144090099,-0.022587123112971286,0.5031147645391943,0.17026434034308058,0.2362749223341096,-0.9975667000410393,-0.02264221842212863,0.04915108136523582,-0.5432736372771889,4.961759915908252,0.9384742663773805,1.4991892446637056,1.0,17.05497215914309,0.07504187750022973,1014,0.09471675589938688,0.03582725431534661,0.0029,0.0015,2011-12-31,e85ac74d630dff95,French F-F_Research_Data_Factors CRSP 202607 sha256 b840dba55d319f48; daily CRSP 202607 sha256 1916d331c2c51d2a,"{""comision_por_lado"": 0.0029, ""cortes"": [""2011-12-31""], ""efectivo_en_mxn"": false, ""exposicion_inicial"": 0.0, ""exposicion_max"": 10.0, ""exposicion_min"": -10.0, ""extras"": [""vol""], ""fx"": false, ""max_dias_fx"": 10, ""min_historia"": 12, ""periodos_por_anio"": 12, ""permitir_capturas"": false, ""rebalanceo_con_deriva"": true, ""segmentos"": [""dentro_muestra"", ""fuera_muestra""], ""senal"": ""a_ls_vt40_L6"", ""spread_por_lado"": 0.0015, ""usuario"": {""L"": 6, ""escenario_costos"": ""medio"", ""parte"": ""a"", ""sigma_obj"": 0.4, ""tipo"": ""largo/corto"", ""tope"": 10.0}, ""variante"": ""A_ls_vt40_L6""}",sensibilidad: spread medio 0.15% por lado
2026-09-25T05:28:16.109443Z,R02,4e263b883c,A_ls_vt40_L6,0,fuera_muestra,2011-12-31,2026-07-31,175,12,USD,0.18525135985555097,0.011723466488770873,0.3787329699632554,0.1872222140025731,0.253365544984681,-0.9037083573733284,0.01297262152454326,0.05404639782633165,-0.5785429444178923,3.468660024815002,0.7584786042804295,2.1107475299098595,1.0,10.676860959404,0.04697818822137755,175,0.1494246054539059,0.01591439165222197,0.0029,0.0015,2011-12-31,e85ac74d630dff95,French F-F_Research_Data_Factors CRSP 202607 sha256 b840dba55d319f48; daily CRSP 202607 sha256 1916d331c2c51d2a,"{""comision_por_lado"": 0.0029, ""cortes"": [""2011-12-31""], ""efectivo_en_mxn"": false, ""exposicion_inicial"": 0.0, ""exposicion_max"": 10.0, ""exposicion_min"": -10.0, ""extras"": [""vol""], ""fx"": false, ""max_dias_fx"": 10, ""min_historia"": 12, ""periodos_por_anio"": 12, ""permitir_capturas"": false, ""rebalanceo_con_deriva"": true, ""segmentos"": [""dentro_muestra"", ""fuera_muestra""], ""senal"": ""a_ls_vt40_L6"", ""spread_por_lado"": 0.0015, ""usuario"": {""L"": 6, ""escenario_costos"": ""medio"", ""parte"": ""a"", ""sigma_obj"": 0.4, ""tipo"": ""largo/corto"", ""tope"": 10.0}, ""variante"": ""A_ls_vt40_L6""}",sensibilidad: spread medio 0.15% por lado
2026-09-25T05:28:16.135716Z,R02,6e9bf54efb,A_ls_vt40_L12,0,completo,1927-06-30,2026-07-31,1189,12,USD,207.97953961903926,0.05539529985190117,0.4829859993635337,0.3144070294017305,0.4516114550234443,-0.9862787784660391,0.05616596550729558,0.09076149153009984,-0.5050403000900135,5.110466745049114,0.9988430861558232,1.788005425107295,1.0,11.405537161719648,0.050184363511566445,1189,0.10260130985470983,0.03287249298954742,0.0029,0.0015,2011-12-31,e85ac74d630dff95,French F-F_Research_Data_Factors CRSP 202607 sha256 b840dba55d319f48; daily CRSP 202607 sha256 1916d331c2c51d2a,"{""comision_por_lado"": 0.0029, ""cortes"": [""2011-12-31""], ""efectivo_en_mxn"": false, ""exposicion_inicial"": 0.0, ""exposicion_max"": 10.0, ""exposicion_min"": -10.0, ""extras"": [""vol""], ""fx"": false, ""max_dias_fx"": 10, ""min_historia"": 12, ""periodos_por_anio"": 12, ""permitir_capturas"": false, ""rebalanceo_con_deriva"": true, ""segmentos"": [""dentro_muestra"", ""fuera_muestra""], ""senal"": ""a_ls_vt40_L12"", ""spread_por_lado"": 0.0015, ""usuario"": {""L"": 12, ""escenario_costos"": ""medio"", ""parte"": ""a"", ""sigma_obj"": 0.4, ""tipo"": ""largo/corto"", ""tope"": 10.0}, ""variante"": ""A_ls_vt40_L12""}",sensibilidad: spread medio 0.15% por lado
2026-09-25T05:28:16.135716Z,R02,6e9bf54efb,A_ls_vt40_L12,0,dentro_muestra,1927-06-30,2011-12-31,1014,12,USD,67.08827445384092,0.05121656835921451,0.4992714335250273,0.310384464637962,0.4457546879968034,-0.9862787784660391,0.05192909903107894,0.08960027710550263,-0.5115443753449934,5.064330099915473,0.9972632878800225,1.713516903966823,1.0,11.894230573149027,0.05233461452185573,1014,0.09471675589938688,0.03582725431534661,0.0029,0.0015,2011-12-31,e85ac74d630dff95,French F-F_Research_Data_Factors CRSP 202607 sha256 b840dba55d319f48; daily CRSP 202607 sha256 1916d331c2c51d2a,"{""comision_por_lado"": 0.0029, ""cortes"": [""2011-12-31""], ""efectivo_en_mxn"": false, ""exposicion_inicial"": 0.0, ""exposicion_max"": 10.0, ""exposicion_min"": -10.0, ""extras"": [""vol""], ""fx"": false, ""max_dias_fx"": 10, ""min_historia"": 12, ""periodos_por_anio"": 12, ""permitir_capturas"": false, ""rebalanceo_con_deriva"": true, ""segmentos"": [""dentro_muestra"", ""fuera_muestra""], ""senal"": ""a_ls_vt40_L12"", ""spread_por_lado"": 0.0015, ""usuario"": {""L"": 12, ""escenario_costos"": ""medio"", ""parte"": ""a"", ""sigma_obj"": 0.4, ""tipo"": ""largo/corto"", ""tope"": 10.0}, ""variante"": ""A_ls_vt40_L12""}",sensibilidad: spread medio 0.15% por lado
2026-09-25T05:28:16.135716Z,R02,6e9bf54efb,A_ls_vt40_L12,0,fuera_muestra,2011-12-31,2026-07-31,175,12,USD,2.069244173028833,0.07994084890826003,0.37599018843257576,0.3559154795641675,0.5137452380774417,-0.8292526319748538,0.09640107950924677,0.10274394896756345,-0.36862148231592057,3.391052551753724,0.907630145967268,2.219613199029801,1.0,8.573482684857508,0.037723323813373025,175,0.1494246054539059,0.01591439165222197,0.0029,0.0015,2011-12-31,e85ac74d630dff95,French F-F_Research_Data_Factors CRSP 202607 sha256 b840dba55d319f48; daily CRSP 202607 sha256 1916d331c2c51d2a,"{""comision_por_lado"": 0.0029, ""cortes"": [""2011-12-31""], ""efectivo_en_mxn"": false, ""exposicion_inicial"": 0.0, ""exposicion_max"": 10.0, ""exposicion_min"": -10.0, ""extras"": [""vol""], ""fx"": false, ""max_dias_fx"": 10, ""min_historia"": 12, ""periodos_por_anio"": 12, ""permitir_capturas"": false, ""rebalanceo_con_deriva"": true, ""segmentos"": [""dentro_muestra"", ""fuera_muestra""], ""senal"": ""a_ls_vt40_L12"", ""spread_por_lado"": 0.0015, ""usuario"": {""L"": 12, ""escenario_costos"": ""medio"", ""parte"": ""a"", ""sigma_obj"": 0.4, ""tipo"": ""largo/corto"", ""tope"": 10.0}, ""variante"": ""A_ls_vt40_L12""}",sensibilidad: spread medio 0.15% por lado
2026-09-25T05:28:16.159708Z,R02,8da01e97ce,A_lo_L3,0,completo,1927-06-30,2026-07-31,1189,12,USD,810.956515652033,0.06995088690851858,0.12826937295651286,0.34004796534463483,0.5001934599537851,-0.5997357627006272,0.11663617756181113,0.09816339216455473,-0.28003401536467964,19.70397275251655,0.9994565379038894,0.6383515559293524,0.6383515559293524,2.735010085380343,0.01203404437567345,271,0.10260130985470983,0.03287249298954742,0.0029,0.0015,2011-12-31,e85ac74d630dff95,French F-F_Research_Data_Factors CRSP 202607 sha256 b840dba55d319f48; daily CRSP 202607 sha256 1916d331c2c51d2a,"{""comision_por_lado"": 0.0029, ""cortes"": [""2011-12-31""], ""efectivo_en_mxn"": false, ""exposicion_inicial"": 0.0, ""exposicion_max"": 1.0, ""exposicion_min"": 0.0, ""extras"": [""vol""], ""fx"": false, ""max_dias_fx"": 10, ""min_historia"": 12, ""periodos_por_anio"": 12, ""permitir_capturas"": false, ""rebalanceo_con_deriva"": true, ""segmentos"": [""dentro_muestra"", ""fuera_muestra""], ""senal"": ""a_lo_L3"", ""spread_por_lado"": 0.0015, ""usuario"": {""L"": 3, ""escenario_costos"": ""medio"", ""parte"": ""a"", ""tipo"": ""solo largos""}, ""variante"": ""A_lo_L3""}",sensibilidad: spread medio 0.15% por lado
2026-09-25T05:28:16.159708Z,R02,8da01e97ce,A_lo_L3,0,dentro_muestra,1927-06-30,2011-12-31,1014,12,USD,234.68178779055003,0.06677692599755614,0.13210960603122407,0.28997696799620304,0.422367591938974,-0.5997357627006272,0.11134391202028329,0.08370914026569966,-0.28246443536530524,20.253155949605343,0.9952148067853445,0.6153846153846154,0.6153846153846154,2.828276364814515,0.012444416005183812,239,0.09471675589938688,0.03582725431534661,0.0029,0.0015,2011-12-31,e85ac74d630dff95,French F-F_Research_Data_Factors CRSP 202607 sha256 b840dba55d319f48; daily CRSP 202607 sha256 1916d331c2c51d2a,"{""comision_por_lado"": 0.0029, ""cortes"": [""2011-12-31""], ""efectivo_en_mxn"": false, ""exposicion_inicial"": 0.0, ""exposicion_max"": 1.0, ""exposicion_min"": 0.0, ""extras"": [""vol""], ""fx"": false, ""max_dias_fx"": 10, ""min_historia"": 12, ""periodos_por_anio"": 12, ""permitir_capturas"": false, ""rebalanceo_con_deriva"": true, ""segmentos"": [""dentro_muestra"", ""fuera_muestra""], ""senal"": ""a_lo_L3"", ""spread_por_lado"": 0.0015, ""usuario"": {""L"": 3, ""escenario_costos"": ""medio"", ""parte"": ""a"", ""tipo"": ""solo largos""}, ""variante"": ""A_lo_L3""}",sensibilidad: spread medio 0.15% por lado
2026-09-25T05:28:16.159708Z,R02,8da01e97ce,A_lo_L3,0,fuera_muestra,2011-12-31,2026-07-31,175,12,USD,2.445138987037973,0.0885313080172927,0.10347087015207908,0.7202577813942995,1.1739755883212168,-0.18872463317380006,0.46910308701335535,0.20792051198696074,-0.058194694759407806,4.507420097449945,0.9962808091071234,0.7714285714285715,0.7714285714285715,2.1945174615095757,0.009655876830642132,32,0.1494246054539059,0.01591439165222197,0.0029,0.0015,2011-12-31,e85ac74d630dff95,French F-F_Research_Data_Factors CRSP 202607 sha256 b840dba55d319f48; daily CRSP 202607 sha256 1916d331c2c51d2a,"{""comision_por_lado"": 0.0029, ""cortes"": [""2011-12-31""], ""efectivo_en_mxn"": false, ""exposicion_inicial"": 0.0, ""exposicion_max"": 1.0, ""exposicion_min"": 0.0, ""extras"": [""vol""], ""fx"": false, ""max_dias_fx"": 10, ""min_historia"": 12, ""periodos_por_anio"": 12, ""permitir_capturas"": false, ""rebalanceo_con_deriva"": true, ""segmentos"": [""dentro_muestra"", ""fuera_muestra""], ""senal"": ""a_lo_L3"", ""spread_por_lado"": 0.0015, ""usuario"": {""L"": 3, ""escenario_costos"": ""medio"", ""parte"": ""a"", ""tipo"": ""solo largos""}, ""variante"": ""A_lo_L3""}",sensibilidad: spread medio 0.15% por lado
2026-09-25T05:28:16.185987Z,R02,26cc76dd4b,A_lo_L6,0,completo,1927-06-30,2026-07-31,1189,12,USD,1595.4395944112844,0.07727638031877637,0.12325457588990427,0.40488643845358124,0.5764361534573957,-0.5722323467896819,0.13504371214299513,0.116880647116202,-0.8917434499974839,9.516174730260408,0.9999229032056427,0.68040370058873,0.68040370058873,1.7257812715868586,0.00759343759498216,171,0.10260130985470983,0.03287249298954742,0.0029,0.0015,2011-12-31,e85ac74d630dff95,French F-F_Research_Data_Factors CRSP 202607 sha256 b840dba55d319f48; daily CRSP 202607 sha256 1916d331c2c51d2a,"{""comision_por_lado"": 0.0029, ""cortes"": [""2011-12-31""], ""efectivo_en_mxn"": false, ""exposicion_inicial"": 0.0, ""exposicion_max"": 1.0, ""exposicion_min"": 0.0, ""extras"": [""vol""], ""fx"": false, ""max_dias_fx"": 10, ""min_historia"": 12, ""periodos_por_anio"": 12, ""permitir_capturas"": false, ""rebalanceo_con_deriva"": true, ""segmentos"": [""dentro_muestra"", ""fuera_muestra""], ""senal"": ""a_lo_L6"", ""spread_por_lado"": 0.0015, ""usuario"": {""L"": 6, ""escenario_costos"": ""medio"", ""parte"": ""a"", ""tipo"": ""solo largos""}, ""variante"": ""A_lo_L6""}",sensibilidad: spread medio 0.15% por lado
2026-09-25T05:28:16.185987Z,R02,26cc76dd4b,A_lo_L6,0,dentro_muestra,1927-06-30,2011-12-31,1014,12,USD,511.8365502025623,0.07663706819551219,0.12445568477309804,0.37457057590994686,0.5314386620492416,-0.5722323467896819,0.13392648742326227,0.1081292114160605,-0.9163784692304957,10.012498832834085,0.9994107978414577,0.6577909270216963,0.6577909270216963,1.7750688482099466,0.007810302932123753,150,0.09471675589938688,0.03582725431534661,0.0029,0.0015,2011-12-31,e85ac74d630dff95,French F-F_Research_Data_Factors CRSP 202607 sha256 b840dba55d319f48; daily CRSP 202607 sha256 1916d331c2c51d2a,"{""comision_por_lado"": 0.0029, ""cortes"": [""2011-12-31""], ""efectivo_en_mxn"": false, ""exposicion_inicial"": 0.0, ""exposicion_max"": 1.0, ""exposicion_min"": 0.0, ""extras"": [""vol""], ""fx"": false, ""max_dias_fx"": 10, ""min_historia"": 12, ""periodos_por_anio"": 12, ""permitir_capturas"": false, ""rebalanceo_con_deriva"": true, ""segmentos"": [""dentro_muestra"", ""fuera_muestra""], ""senal"": ""a_lo_L6"", ""spread_por_lado"": 0.0015, ""usuario"": {""L"": 6, ""escenario_costos"": ""medio"", ""parte"": ""a"", ""tipo"": ""solo largos""}, ""variante"": ""A_lo_L6""}",sensibilidad: spread medio 0.15% por lado
2026-09-25T05:28:16.185987Z,R02,26cc76dd4b,A_lo_L6,0,fuera_muestra,2011-12-31,2026-07-31,175,12,USD,2.1129598578352384,0.08098877545548122,0.11638824227148645,0.5928600895168736,0.8655584966444089,-0.3086380481168999,0.26240697136863006,0.1711439661371763,-0.6927156279478471,5.501329071662797,0.9823013954413891,0.8114285714285714,0.8114285714285714,1.440152084115659,0.0063366691701089006,21,0.1494246054539059,0.01591439165222197,0.0029,0.0015,2011-12-31,e85ac74d630dff95,French F-F_Research_Data_Factors CRSP 202607 sha256 b840dba55d319f48; daily CRSP 202607 sha256 1916d331c2c51d2a,"{""comision_por_lado"": 0.0029, ""cortes"": [""2011-12-31""], ""efectivo_en_mxn"": false, ""exposicion_inicial"": 0.0, ""exposicion_max"": 1.0, ""exposicion_min"": 0.0, ""extras"": [""vol""], ""fx"": false, ""max_dias_fx"": 10, ""min_historia"": 12, ""periodos_por_anio"": 12, ""permitir_capturas"": false, ""rebalanceo_con_deriva"": true, ""segmentos"": [""dentro_muestra"", ""fuera_muestra""], ""senal"": ""a_lo_L6"", ""spread_por_lado"": 0.0015, ""usuario"": {""L"": 6, ""escenario_costos"": ""medio"", ""parte"": ""a"", ""tipo"": ""solo largos""}, ""variante"": ""A_lo_L6""}",sensibilidad: spread medio 0.15% por lado
2026-09-25T05:28:16.211031Z,R02,8d8b41191d,A_lo_L12,0,completo,1927-06-30,2026-07-31,1189,12,USD,8103.455348529514,0.09508534534358293,0.1257939946873402,0.5292715591070523,0.7965424032351461,-0.45441310081530206,0.20924868841365277,0.15278753856243477,-0.5788143379922595,8.65551270291662,0.9999996235575566,0.7064760302775441,0.7064760302775441,0.8780290680003315,0.0038633278992014604,87,0.10260130985470983,0.03287249298954742,0.0029,0.0015,2011-12-31,e85ac74d630dff95,French F-F_Research_Data_Factors CRSP 202607 sha256 b840dba55d319f48; daily CRSP 202607 sha256 1916d331c2c51d2a,"{""comision_por_lado"": 0.0029, ""cortes"": [""2011-12-31""], ""efectivo_en_mxn"": false, ""exposicion_inicial"": 0.0, ""exposicion_max"": 1.0, ""exposicion_min"": 0.0, ""extras"": [""vol""], ""fx"": false, ""max_dias_fx"": 10, ""min_historia"": 12, ""periodos_por_anio"": 12, ""permitir_capturas"": false, ""rebalanceo_con_deriva"": true, ""segmentos"": [""dentro_muestra"", ""fuera_muestra""], ""senal"": ""a_lo_L12"", ""spread_por_lado"": 0.0015, ""usuario"": {""L"": 12, ""escenario_costos"": ""medio"", ""parte"": ""a"", ""tipo"": ""solo largos""}, ""variante"": ""A_lo_L12""}",sensibilidad: spread medio 0.15% por lado
2026-09-25T05:28:16.211031Z,R02,8d8b41191d,A_lo_L12,0,dentro_muestra,1927-06-30,2011-12-31,1014,12,USD,2038.0537867031485,0.0943672596667573,0.12603033743485478,0.5005039786199844,0.7510836051369626,-0.45441310081530206,0.20766843979067678,0.14448305339336334,-0.595687335975337,9.282473267991282,0.9999924531233335,0.6824457593688363,0.6824457593688363,0.863866839462174,0.0038010140936335646,73,0.09471675589938688,0.03582725431534661,0.0029,0.0015,2011-12-31,e85ac74d630dff95,French F-F_Research_Data_Factors CRSP 202607 sha256 b840dba55d319f48; daily CRSP 202607 sha256 1916d331c2c51d2a,"{""comision_por_lado"": 0.0029, ""cortes"": [""2011-12-31""], ""efectivo_en_mxn"": false, ""exposicion_inicial"": 0.0, ""exposicion_max"": 1.0, ""exposicion_min"": 0.0, ""extras"": [""vol""], ""fx"": false, ""max_dias_fx"": 10, ""min_historia"": 12, ""periodos_por_anio"": 12, ""permitir_capturas"": false, ""rebalanceo_con_deriva"": true, ""segmentos"": [""dentro_muestra"", ""fuera_muestra""], ""senal"": ""a_lo_L12"", ""spread_por_lado"": 0.0015, ""usuario"": {""L"": 12, ""escenario_costos"": ""medio"", ""parte"": ""a"", ""tipo"": ""solo largos""}, ""variante"": ""A_lo_L12""}",sensibilidad: spread medio 0.15% por lado
2026-09-25T05:28:16.211031Z,R02,8d8b41191d,A_lo_L12,0,fuera_muestra,2011-12-31,2026-07-31,175,12,USD,2.9746157758953644,0.09925605083379185,0.12476898586043375,0.6974530276394596,1.0699230261400983,-0.24896823147654745,0.39866954207425326,0.20133734662738076,-0.4738611530783225,4.777357867707003,0.9936900981027246,0.8457142857142858,0.8457142857142858,0.9601013894104394,0.004224446113405934,14,0.1494246054539059,0.01591439165222197,0.0029,0.0015,2011-12-31,e85ac74d630dff95,French F-F_Research_Data_Factors CRSP 202607 sha256 b840dba55d319f48; daily CRSP 202607 sha256 1916d331c2c51d2a,"{""comision_por_lado"": 0.0029, ""cortes"": [""2011-12-31""], ""efectivo_en_mxn"": false, ""exposicion_inicial"": 0.0, ""exposicion_max"": 1.0, ""exposicion_min"": 0.0, ""extras"": [""vol""], ""fx"": false, ""max_dias_fx"": 10, ""min_historia"": 12, ""periodos_por_anio"": 12, ""permitir_capturas"": false, ""rebalanceo_con_deriva"": true, ""segmentos"": [""dentro_muestra"", ""fuera_muestra""], ""senal"": ""a_lo_L12"", ""spread_por_lado"": 0.0015, ""usuario"": {""L"": 12, ""escenario_costos"": ""medio"", ""parte"": ""a"", ""tipo"": ""solo largos""}, ""variante"": ""A_lo_L12""}",sensibilidad: spread medio 0.15% por lado
2026-09-25T05:28:16.233360Z,R02,6af8fee507,A_ref_comprar_mantener,0,completo,1927-06-30,2026-07-31,1189,12,USD,15889.809687523319,0.10255224072424562,0.18406897125689994,0.44739632654897044,0.6754434102486467,-0.8365224657023862,0.12259352848119581,0.1291521947837489,0.15626739309087426,10.311463756664937,0.9999948458770487,1.0,1.0,0.010092288137934845,4.440606780691331e-05,1,0.10260130985470983,0.03287249298954742,0.0029,0.0015,2011-12-31,e85ac74d630dff95,French F-F_Research_Data_Factors CRSP 202607 sha256 b840dba55d319f48; daily CRSP 202607 sha256 1916d331c2c51d2a,"{""comision_por_lado"": 0.0029, ""cortes"": [""2011-12-31""], ""efectivo_en_mxn"": false, ""exposicion_inicial"": 0.0, ""exposicion_max"": 1.0, ""exposicion_min"": 0.0, ""extras"": [""vol""], ""fx"": false, ""max_dias_fx"": 10, ""min_historia"": 12, ""periodos_por_anio"": 12, ""permitir_capturas"": false, ""rebalanceo_con_deriva"": true, ""segmentos"": [""dentro_muestra"", ""fuera_muestra""], ""senal"": ""senal_comprar_y_mantener"", ""spread_por_lado"": 0.0015, ""usuario"": {""escenario_costos"": ""medio"", ""parte"": ""a"", ""tipo"": ""referencia""}, ""variante"": ""A_ref_comprar_mantener""}",referencia; sensibilidad: spread medio 0.15% por lado
2026-09-25T05:28:16.233360Z,R02,6af8fee507,A_ref_comprar_mantener,0,dentro_muestra,1927-06-30,2011-12-31,1014,12,USD,2084.604844478169,0.09465963115654996,0.1899836806063806,0.3861763173838528,0.579252892257423,-0.8365224657023862,0.11315850444861512,0.11147950039811289,0.2128783481500248,10.451009077335529,0.999798554092823,1.0,1.0,0.011833792321399644,5.206868621415842e-05,1,0.09471675589938688,0.03582725431534661,0.0029,0.0015,2011-12-31,e85ac74d630dff95,French F-F_Research_Data_Factors CRSP 202607 sha256 b840dba55d319f48; daily CRSP 202607 sha256 1916d331c2c51d2a,"{""comision_por_lado"": 0.0029, ""cortes"": [""2011-12-31""], ""efectivo_en_mxn"": false, ""exposicion_inicial"": 0.0, ""exposicion_max"": 1.0, ""exposicion_min"": 0.0, ""extras"": [""vol""], ""fx"": false, ""max_dias_fx"": 10, ""min_historia"": 12, ""periodos_por_anio"": 12, ""permitir_capturas"": false, ""rebalanceo_con_deriva"": true, ""segmentos"": [""dentro_muestra"", ""fuera_muestra""], ""senal"": ""senal_comprar_y_mantener"", ""spread_por_lado"": 0.0015, ""usuario"": {""escenario_costos"": ""medio"", ""parte"": ""a"", ""tipo"": ""referencia""}, ""variante"": ""A_ref_comprar_mantener""}",referencia; sensibilidad: spread medio 0.15% por lado
2026-09-25T05:28:16.233360Z,R02,6af8fee507,A_ref_comprar_mantener,0,fuera_muestra,2011-12-31,2026-07-31,175,12,USD,6.619281154623179,0.1494246054539059,0.14515916908842977,0.9281555946250296,1.4967910440498882,-0.2484493224703468,0.6014289110075565,0.26793544120330903,-0.38044433568792047,3.9502762688913693,0.9994968969733392,1.0,1.0,0.0,0.0,0,0.1494246054539059,0.01591439165222197,0.0029,0.0015,2011-12-31,e85ac74d630dff95,French F-F_Research_Data_Factors CRSP 202607 sha256 b840dba55d319f48; daily CRSP 202607 sha256 1916d331c2c51d2a,"{""comision_por_lado"": 0.0029, ""cortes"": [""2011-12-31""], ""efectivo_en_mxn"": false, ""exposicion_inicial"": 0.0, ""exposicion_max"": 1.0, ""exposicion_min"": 0.0, ""extras"": [""vol""], ""fx"": false, ""max_dias_fx"": 10, ""min_historia"": 12, ""periodos_por_anio"": 12, ""permitir_capturas"": false, ""rebalanceo_con_deriva"": true, ""segmentos"": [""dentro_muestra"", ""fuera_muestra""], ""senal"": ""senal_comprar_y_mantener"", ""spread_por_lado"": 0.0015, ""usuario"": {""escenario_costos"": ""medio"", ""parte"": ""a"", ""tipo"": ""referencia""}, ""variante"": ""A_ref_comprar_mantener""}",referencia; sensibilidad: spread medio 0.15% por lado
2026-09-25T05:28:16.253094Z,R02,824dbc77d8,A_ref_efectivo,0,completo,1927-06-30,2026-07-31,1189,12,USD,23.65052983122982,0.03287249298954742,0.008640101911741083,0.0,0.0,-0.0008998599580103406,36.5306764646257,,0.0,3.0,,0.0,0.0,0.0,0.0,0,0.10260130985470983,0.03287249298954742,0.0029,0.0015,2011-12-31,e85ac74d630dff95,French F-F_Research_Data_Factors CRSP 202607 sha256 b840dba55d319f48; daily CRSP 202607 sha256 1916d331c2c51d2a,"{""comision_por_lado"": 0.0029, ""cortes"": [""2011-12-31""], ""efectivo_en_mxn"": false, ""exposicion_inicial"": 0.0, ""exposicion_max"": 1.0, ""exposicion_min"": 0.0, ""extras"": [""vol""], ""fx"": false, ""max_dias_fx"": 10, ""min_historia"": 12, ""periodos_por_anio"": 12, ""permitir_capturas"": false, ""rebalanceo_con_deriva"": true, ""segmentos"": [""dentro_muestra"", ""fuera_muestra""], ""senal"": ""senal_efectivo"", ""spread_por_lado"": 0.0015, ""usuario"": {""escenario_costos"": ""medio"", ""parte"": ""a"", ""tipo"": ""referencia""}, ""variante"": ""A_ref_efectivo""}",referencia; sensibilidad: spread medio 0.15% por lado
2026-09-25T05:28:16.253094Z,R02,824dbc77d8,A_ref_efectivo,0,dentro_muestra,1927-06-30,2011-12-31,1014,12,USD,18.581107817503632,0.03582725431534661,0.008819112333418656,0.0,0.0,-0.0008998599580103406,39.81425553656529,,0.0,3.0,,0.0,0.0,0.0,0.0,0,0.09471675589938688,0.03582725431534661,0.0029,0.0015,2011-12-31,e85ac74d630dff95,French F-F_Research_Data_Factors CRSP 202607 sha256 b840dba55d319f48; daily CRSP 202607 sha256 1916d331c2c51d2a,"{""comision_por_lado"": 0.0029, ""cortes"": [""2011-12-31""], ""efectivo_en_mxn"": false, ""exposicion_inicial"": 0.0, ""exposicion_max"": 1.0, ""exposicion_min"": 0.0, ""extras"": [""vol""], ""fx"": false, ""max_dias_fx"": 10, ""min_historia"": 12, ""periodos_por_anio"": 12, ""permitir_capturas"": false, ""rebalanceo_con_deriva"": true, ""segmentos"": [""dentro_muestra"", ""fuera_muestra""], ""senal"": ""senal_efectivo"", ""spread_por_lado"": 0.0015, ""usuario"": {""escenario_costos"": ""medio"", ""parte"": ""a"", ""tipo"": ""referencia""}, ""variante"": ""A_ref_efectivo""}",referencia; sensibilidad: spread medio 0.15% por lado
2026-09-25T05:28:16.253094Z,R02,824dbc77d8,A_ref_efectivo,0,fuera_muestra,2011-12-31,2026-07-31,175,12,USD,0.25889352435895274,0.01591439165222197,0.005455494450957997,0.0,0.0,0.0,inf,,0.0,3.0,,0.0,0.0,0.0,0.0,0,0.1494246054539059,0.01591439165222197,0.0029,0.0015,2011-12-31,e85ac74d630dff95,French F-F_Research_Data_Factors CRSP 202607 sha256 b840dba55d319f48; daily CRSP 202607 sha256 1916d331c2c51d2a,"{""comision_por_lado"": 0.0029, ""cortes"": [""2011-12-31""], ""efectivo_en_mxn"": false, ""exposicion_inicial"": 0.0, ""exposicion_max"": 1.0, ""exposicion_min"": 0.0, ""extras"": [""vol""], ""fx"": false, ""max_dias_fx"": 10, ""min_historia"": 12, ""periodos_por_anio"": 12, ""permitir_capturas"": false, ""rebalanceo_con_deriva"": true, ""segmentos"": [""dentro_muestra"", ""fuera_muestra""], ""senal"": ""senal_efectivo"", ""spread_por_lado"": 0.0015, ""usuario"": {""escenario_costos"": ""medio"", ""parte"": ""a"", ""tipo"": ""referencia""}, ""variante"": ""A_ref_efectivo""}",referencia; sensibilidad: spread medio 0.15% por lado
2026-09-25T05:28:16.276437Z,R02,4b944074ec,A_ref_sma10,0,completo,1927-06-30,2026-07-31,1189,12,USD,5378.308532341711,0.09056502705807112,0.1252935515548255,0.49799928134454874,0.7368924784944245,-0.436680795208474,0.20739411499613772,0.1437600095702577,-0.6751034016509131,8.62821254971622,0.9999983243296044,0.7300252312867956,0.7300252312867956,1.4835663562764223,0.00652769196761625,147,0.10260130985470983,0.03287249298954742,0.0029,0.0015,2011-12-31,e85ac74d630dff95,French F-F_Research_Data_Factors CRSP 202607 sha256 b840dba55d319f48; daily CRSP 202607 sha256 1916d331c2c51d2a,"{""comision_por_lado"": 0.0029, ""cortes"": [""2011-12-31""], ""efectivo_en_mxn"": false, ""exposicion_inicial"": 0.0, ""exposicion_max"": 1.0, ""exposicion_min"": 0.0, ""extras"": [""vol""], ""fx"": false, ""max_dias_fx"": 10, ""min_historia"": 12, ""periodos_por_anio"": 12, ""permitir_capturas"": false, ""rebalanceo_con_deriva"": true, ""segmentos"": [""dentro_muestra"", ""fuera_muestra""], ""senal"": ""media_movil_10"", ""spread_por_lado"": 0.0015, ""usuario"": {""escenario_costos"": ""medio"", ""parte"": ""a"", ""tipo"": ""referencia"", ""ventana"": 10}, ""variante"": ""A_ref_sma10""}",referencia; sensibilidad: spread medio 0.15% por lado
2026-09-25T05:28:16.276437Z,R02,4b944074ec,A_ref_sma10,0,dentro_muestra,1927-06-30,2011-12-31,1014,12,USD,1317.7014191661342,0.08873745876846462,0.12780397783739075,0.4555070484587132,0.6688111124576562,-0.436680795208474,0.20320897951580588,0.131493558522705,-0.7027539871606925,8.9306283059399,0.9999597358321912,0.7110453648915187,0.7110453648915187,1.4673902478535559,0.0064565170905556465,124,0.09471675589938688,0.03582725431534661,0.0029,0.0015,2011-12-31,e85ac74d630dff95,French F-F_Research_Data_Factors CRSP 202607 sha256 b840dba55d319f48; daily CRSP 202607 sha256 1916d331c2c51d2a,"{""comision_por_lado"": 0.0029, ""cortes"": [""2011-12-31""], ""efectivo_en_mxn"": false, ""exposicion_inicial"": 0.0, ""exposicion_max"": 1.0, ""exposicion_min"": 0.0, ""extras"": [""vol""], ""fx"": false, ""max_dias_fx"": 10, ""min_historia"": 12, ""periodos_por_anio"": 12, ""permitir_capturas"": false, ""rebalanceo_con_deriva"": true, ""segmentos"": [""dentro_muestra"", ""fuera_muestra""], ""senal"": ""media_movil_10"", ""spread_por_lado"": 0.0015, ""usuario"": {""escenario_costos"": ""medio"", ""parte"": ""a"", ""tipo"": ""referencia"", ""ventana"": 10}, ""variante"": ""A_ref_sma10""}",referencia; sensibilidad: spread medio 0.15% por lado
2026-09-25T05:28:16.276437Z,R02,4b944074ec,A_ref_sma10,0,fuera_muestra,2011-12-31,2026-07-31,175,12,USD,3.0792467909401813,0.10121663544077353,0.10992525055047737,0.7880890416621588,1.2452521743319573,-0.19792163843492638,0.5113975219745971,0.22750171017452078,-0.3372060842205094,4.3968777869315945,0.9977072046819528,0.84,0.84,1.5773094254600075,0.006940161472024034,23,0.1494246054539059,0.01591439165222197,0.0029,0.0015,2011-12-31,e85ac74d630dff95,French F-F_Research_Data_Factors CRSP 202607 sha256 b840dba55d319f48; daily CRSP 202607 sha256 1916d331c2c51d2a,"{""comision_por_lado"": 0.0029, ""cortes"": [""2011-12-31""], ""efectivo_en_mxn"": false, ""exposicion_inicial"": 0.0, ""exposicion_max"": 1.0, ""exposicion_min"": 0.0, ""extras"": [""vol""], ""fx"": false, ""max_dias_fx"": 10, ""min_historia"": 12, ""periodos_por_anio"": 12, ""permitir_capturas"": false, ""rebalanceo_con_deriva"": true, ""segmentos"": [""dentro_muestra"", ""fuera_muestra""], ""senal"": ""media_movil_10"", ""spread_por_lado"": 0.0015, ""usuario"": {""escenario_costos"": ""medio"", ""parte"": ""a"", ""tipo"": ""referencia"", ""ventana"": 10}, ""variante"": ""A_ref_sma10""}",referencia; sensibilidad: spread medio 0.15% por lado
2026-09-25T05:28:16.299178Z,R02,455281c89f,A_ref_largo_vt40,0,completo,1927-06-30,2026-07-31,1189,12,USD,322656.30769171944,0.1365690002486175,0.48264824795007377,0.4692794089508099,0.6875134838966934,-0.9867621241992056,0.13840113731508327,0.1354692965414493,-0.5842733303795702,5.256473325827598,0.9999957984826083,3.2358959681985846,1.0,5.884901518893339,0.02589356668313065,1189,0.10260130985470983,0.03287249298954742,0.0029,0.0015,2011-12-31,e85ac74d630dff95,French F-F_Research_Data_Factors CRSP 202607 sha256 b840dba55d319f48; daily CRSP 202607 sha256 1916d331c2c51d2a,"{""comision_por_lado"": 0.0029, ""cortes"": [""2011-12-31""], ""efectivo_en_mxn"": false, ""exposicion_inicial"": 0.0, ""exposicion_max"": 10.0, ""exposicion_min"": 0.0, ""extras"": [""vol""], ""fx"": false, ""max_dias_fx"": 10, ""min_historia"": 12, ""periodos_por_anio"": 12, ""permitir_capturas"": false, ""rebalanceo_con_deriva"": true, ""segmentos"": [""dentro_muestra"", ""fuera_muestra""], ""senal"": ""a_largo_vt40"", ""spread_por_lado"": 0.0015, ""usuario"": {""escenario_costos"": ""medio"", ""parte"": ""a"", ""sigma_obj"": 0.4, ""tipo"": ""referencia"", ""tope"": 10.0}, ""variante"": ""A_ref_largo_vt40""}",referencia; sensibilidad: spread medio 0.15% por lado
2026-09-25T05:28:16.299178Z,R02,455281c89f,A_ref_largo_vt40,0,dentro_muestra,1927-06-30,2011-12-31,1014,12,USD,8972.257988683486,0.11372608404355278,0.5000647022838894,0.42718190036061027,0.6236477828749828,-0.9867621241992056,0.11525177269632815,0.12331679258306712,-0.5650128831545166,5.149349380183467,0.9999174650166642,3.3111996517714526,1.0,6.113708197366008,0.026900316068410392,1014,0.09471675589938688,0.03582725431534661,0.0029,0.0015,2011-12-31,e85ac74d630dff95,French F-F_Research_Data_Factors CRSP 202607 sha256 b840dba55d319f48; daily CRSP 202607 sha256 1916d331c2c51d2a,"{""comision_por_lado"": 0.0029, ""cortes"": [""2011-12-31""], ""efectivo_en_mxn"": false, ""exposicion_inicial"": 0.0, ""exposicion_max"": 10.0, ""exposicion_min"": 0.0, ""extras"": [""vol""], ""fx"": false, ""max_dias_fx"": 10, ""min_historia"": 12, ""periodos_por_anio"": 12, ""permitir_capturas"": false, ""rebalanceo_con_deriva"": true, ""segmentos"": [""dentro_muestra"", ""fuera_muestra""], ""senal"": ""a_largo_vt40"", ""spread_por_lado"": 0.0015, ""usuario"": {""escenario_costos"": ""medio"", ""parte"": ""a"", ""sigma_obj"": 0.4, ""tipo"": ""referencia"", ""tope"": 10.0}, ""variante"": ""A_ref_largo_vt40""}",referencia; sensibilidad: spread medio 0.15% por lado
2026-09-25T05:28:16.299178Z,R02,455281c89f,A_ref_largo_vt40,0,fuera_muestra,2011-12-31,2026-07-31,175,12,USD,34.95765418743499,0.2784804834487764,0.36648843257889185,0.8224135204667884,1.2551319819798163,-0.5575690381165325,0.4994547121724749,0.23741033371334405,-0.6049523542158648,3.856205103499981,0.9980003074090376,2.799564910239222,1.0,4.558931160076413,0.02005929710433622,175,0.1494246054539059,0.01591439165222197,0.0029,0.0015,2011-12-31,e85ac74d630dff95,French F-F_Research_Data_Factors CRSP 202607 sha256 b840dba55d319f48; daily CRSP 202607 sha256 1916d331c2c51d2a,"{""comision_por_lado"": 0.0029, ""cortes"": [""2011-12-31""], ""efectivo_en_mxn"": false, ""exposicion_inicial"": 0.0, ""exposicion_max"": 10.0, ""exposicion_min"": 0.0, ""extras"": [""vol""], ""fx"": false, ""max_dias_fx"": 10, ""min_historia"": 12, ""periodos_por_anio"": 12, ""permitir_capturas"": false, ""rebalanceo_con_deriva"": true, ""segmentos"": [""dentro_muestra"", ""fuera_muestra""], ""senal"": ""a_largo_vt40"", ""spread_por_lado"": 0.0015, ""usuario"": {""escenario_costos"": ""medio"", ""parte"": ""a"", ""sigma_obj"": 0.4, ""tipo"": ""referencia"", ""tope"": 10.0}, ""variante"": ""A_ref_largo_vt40""}",referencia; sensibilidad: spread medio 0.15% por lado
2026-09-25T05:28:16.329480Z,R02,58d1e23d57,B_ls_vt40_L3,0,completo,2007-02-28,2026-07-31,233,12,USD,-0.10293312986021708,-0.005577961023340405,0.2056526819809352,0.002119120213546729,0.0031659212148452067,-0.6532065679836015,-0.008539352322434758,0.0006117373128681906,0.49896399838000244,5.0113212227546935,0.503717739474572,0.6214645696512738,1.0,19.954994731120788,0.08780197681693157,233,0.06308435048820926,0.014823262699370066,0.0029,0.0015,2011-12-31,0e6d3baabe3fe595,"Yahoo chart v8 adjclose 1mo/1d SPY,EFA,EEM,TLT,IEF,GLD,DBC,VNQ (descarga 2026-09-25); RF French CRSP 202607 sha256 b840dba55d319f48","{""activos"": [""SPY"", ""EFA"", ""EEM"", ""TLT"", ""IEF"", ""GLD"", ""DBC"", ""VNQ""], ""bruto_max"": 10.0, ""comision_por_lado"": 0.0029, ""cortes"": [""2011-12-31""], ""efectivo_en_mxn"": false, ""extras"": [""vol_DBC"", ""vol_EEM"", ""vol_EFA"", ""vol_GLD"", ""vol_IEF"", ""vol_SPY"", ""vol_TLT"", ""vol_VNQ""], ""fx"": false, ""max_dias_fx"": 10, ""min_historia"": 12, ""motor"": ""R02.backtest_cartera"", ""periodos_por_anio"": 12, ""peso_max"": 1.25, ""peso_min"": -1.25, ""rebalanceo_con_deriva"": true, ""segmentos"": [""dentro_muestra"", ""fuera_muestra""], ""senal"": ""cartera_ls_vt_L3_obj0.4_tope10.0"", ""spread_por_lado"": 0.0015, ""usuario"": {""L"": 3, ""escenario_costos"": ""medio"", ""parte"": ""b"", ""sigma_obj"": 0.4, ""tipo"": ""largo/corto"", ""tope_por_activo"": 10.0}, ""variante"": ""B_ls_vt40_L3""}",sensibilidad: spread medio 0.15% por lado
2026-09-25T05:28:16.329480Z,R02,58d1e23d57,B_ls_vt40_L3,0,dentro_muestra,2007-02-28,2011-12-31,58,12,USD,1.0139823981912452,0.15571358194997909,0.20183812071399543,0.7590943298840984,1.4021869201288775,-0.1814410546494719,0.8582047886064373,0.2191316578494514,0.3785163348000312,3.001601883088838,0.9559408725399925,0.6258967778251698,1.0,14.356021608812746,0.06316649507877609,58,0.05903549563161037,0.011541522760558198,0.0029,0.0015,2011-12-31,0e6d3baabe3fe595,"Yahoo chart v8 adjclose 1mo/1d SPY,EFA,EEM,TLT,IEF,GLD,DBC,VNQ (descarga 2026-09-25); RF French CRSP 202607 sha256 b840dba55d319f48","{""activos"": [""SPY"", ""EFA"", ""EEM"", ""TLT"", ""IEF"", ""GLD"", ""DBC"", ""VNQ""], ""bruto_max"": 10.0, ""comision_por_lado"": 0.0029, ""cortes"": [""2011-12-31""], ""efectivo_en_mxn"": false, ""extras"": [""vol_DBC"", ""vol_EEM"", ""vol_EFA"", ""vol_GLD"", ""vol_IEF"", ""vol_SPY"", ""vol_TLT"", ""vol_VNQ""], ""fx"": false, ""max_dias_fx"": 10, ""min_historia"": 12, ""motor"": ""R02.backtest_cartera"", ""periodos_por_anio"": 12, ""peso_max"": 1.25, ""peso_min"": -1.25, ""rebalanceo_con_deriva"": true, ""segmentos"": [""dentro_muestra"", ""fuera_muestra""], ""senal"": ""cartera_ls_vt_L3_obj0.4_tope10.0"", ""spread_por_lado"": 0.0015, ""usuario"": {""L"": 3, ""escenario_costos"": ""medio"", ""parte"": ""b"", ""sigma_obj"": 0.4, ""tipo"": ""largo/corto"", ""tope_por_activo"": 10.0}, ""variante"": ""B_ls_vt40_L3""}",sensibilidad: spread medio 0.15% por lado
2026-09-25T05:28:16.329480Z,R02,58d1e23d57,B_ls_vt40_L3,0,fuera_muestra,2011-12-31,2026-07-31,175,12,USD,-0.5545805807709953,-0.053952254654854204,0.20545569753509713,-0.24501984119646264,-0.34493998864360104,-0.6532065679836013,-0.08259600760200664,-0.07073113563578853,0.5575429590996981,5.765194098217593,0.18074612326966566,0.6199956092279256,1.0,21.812558664113343,0.09597525812209871,175,0.06443105052045439,0.01591439165222197,0.0029,0.0015,2011-12-31,0e6d3baabe3fe595,"Yahoo chart v8 adjclose 1mo/1d SPY,EFA,EEM,TLT,IEF,GLD,DBC,VNQ (descarga 2026-09-25); RF French CRSP 202607 sha256 b840dba55d319f48","{""activos"": [""SPY"", ""EFA"", ""EEM"", ""TLT"", ""IEF"", ""GLD"", ""DBC"", ""VNQ""], ""bruto_max"": 10.0, ""comision_por_lado"": 0.0029, ""cortes"": [""2011-12-31""], ""efectivo_en_mxn"": false, ""extras"": [""vol_DBC"", ""vol_EEM"", ""vol_EFA"", ""vol_GLD"", ""vol_IEF"", ""vol_SPY"", ""vol_TLT"", ""vol_VNQ""], ""fx"": false, ""max_dias_fx"": 10, ""min_historia"": 12, ""motor"": ""R02.backtest_cartera"", ""periodos_por_anio"": 12, ""peso_max"": 1.25, ""peso_min"": -1.25, ""rebalanceo_con_deriva"": true, ""segmentos"": [""dentro_muestra"", ""fuera_muestra""], ""senal"": ""cartera_ls_vt_L3_obj0.4_tope10.0"", ""spread_por_lado"": 0.0015, ""usuario"": {""L"": 3, ""escenario_costos"": ""medio"", ""parte"": ""b"", ""sigma_obj"": 0.4, ""tipo"": ""largo/corto"", ""tope_por_activo"": 10.0}, ""variante"": ""B_ls_vt40_L3""}",sensibilidad: spread medio 0.15% por lado
2026-09-25T05:28:16.359110Z,R02,356b3f4fb5,B_ls_vt40_L6,0,completo,2007-02-28,2026-07-31,233,12,USD,0.195543480623954,0.009239372486891329,0.19193690078126754,0.06712141100492226,0.09567693608883442,-0.4384231248503171,0.021074099341921712,0.01937628235603969,-0.08725432492480352,3.5501591573405413,0.615944370283787,0.7606358445559881,1.0,14.988265637733237,0.06594836880602621,233,0.06308435048820926,0.014823262699370066,0.0029,0.0015,2011-12-31,0e6d3baabe3fe595,"Yahoo chart v8 adjclose 1mo/1d SPY,EFA,EEM,TLT,IEF,GLD,DBC,VNQ (descarga 2026-09-25); RF French CRSP 202607 sha256 b840dba55d319f48","{""activos"": [""SPY"", ""EFA"", ""EEM"", ""TLT"", ""IEF"", ""GLD"", ""DBC"", ""VNQ""], ""bruto_max"": 10.0, ""comision_por_lado"": 0.0029, ""cortes"": [""2011-12-31""], ""efectivo_en_mxn"": false, ""extras"": [""vol_DBC"", ""vol_EEM"", ""vol_EFA"", ""vol_GLD"", ""vol_IEF"", ""vol_SPY"", ""vol_TLT"", ""vol_VNQ""], ""fx"": false, ""max_dias_fx"": 10, ""min_historia"": 12, ""motor"": ""R02.backtest_cartera"", ""periodos_por_anio"": 12, ""peso_max"": 1.25, ""peso_min"": -1.25, ""rebalanceo_con_deriva"": true, ""segmentos"": [""dentro_muestra"", ""fuera_muestra""], ""senal"": ""cartera_ls_vt_L6_obj0.4_tope10.0"", ""spread_por_lado"": 0.0015, ""usuario"": {""L"": 6, ""escenario_costos"": ""medio"", ""parte"": ""b"", ""sigma_obj"": 0.4, ""tipo"": ""largo/corto"", ""tope_por_activo"": 10.0}, ""variante"": ""B_ls_vt40_L6""}",sensibilidad: spread medio 0.15% por lado
2026-09-25T05:28:16.359110Z,R02,356b3f4fb5,B_ls_vt40_L6,0,dentro_muestra,2007-02-28,2011-12-31,58,12,USD,0.46043012747932366,0.08143198709504018,0.176121634844637,0.46814834697779856,0.7404370667680131,-0.2163603122342651,0.3763721093490997,0.13514278707415517,0.09193315347564131,3.2075674605897353,0.8464921121571439,0.7708343429765301,1.0,11.632403557086961,0.05118257565118261,58,0.05903549563161037,0.011541522760558198,0.0029,0.0015,2011-12-31,0e6d3baabe3fe595,"Yahoo chart v8 adjclose 1mo/1d SPY,EFA,EEM,TLT,IEF,GLD,DBC,VNQ (descarga 2026-09-25); RF French CRSP 202607 sha256 b840dba55d319f48","{""activos"": [""SPY"", ""EFA"", ""EEM"", ""TLT"", ""IEF"", ""GLD"", ""DBC"", ""VNQ""], ""bruto_max"": 10.0, ""comision_por_lado"": 0.0029, ""cortes"": [""2011-12-31""], ""efectivo_en_mxn"": false, ""extras"": [""vol_DBC"", ""vol_EEM"", ""vol_EFA"", ""vol_GLD"", ""vol_IEF"", ""vol_SPY"", ""vol_TLT"", ""vol_VNQ""], ""fx"": false, ""max_dias_fx"": 10, ""min_historia"": 12, ""motor"": ""R02.backtest_cartera"", ""periodos_por_anio"": 12, ""peso_max"": 1.25, ""peso_min"": -1.25, ""rebalanceo_con_deriva"": true, ""segmentos"": [""dentro_muestra"", ""fuera_muestra""], ""senal"": ""cartera_ls_vt_L6_obj0.4_tope10.0"", ""spread_por_lado"": 0.0015, ""usuario"": {""L"": 6, ""escenario_costos"": ""medio"", ""parte"": ""b"", ""sigma_obj"": 0.4, ""tipo"": ""largo/corto"", ""tope_por_activo"": 10.0}, ""variante"": ""B_ls_vt40_L6""}",sensibilidad: spread medio 0.15% por lado
2026-09-25T05:28:16.359110Z,R02,356b3f4fb5,B_ls_vt40_L6,0,fuera_muestra,2011-12-31,2026-07-31,175,12,USD,-0.1813757754453893,-0.013630904063191784,0.19696890072223994,-0.05105374026491737,-0.07105398719215147,-0.4384231248503171,-0.03109075067115937,-0.014737945342543642,-0.10688310068706214,3.562715196658303,0.4228739582393666,0.7572557707937512,1.0,16.101635576993846,0.0708471965387729,175,0.06443105052045439,0.01591439165222197,0.0029,0.0015,2011-12-31,0e6d3baabe3fe595,"Yahoo chart v8 adjclose 1mo/1d SPY,EFA,EEM,TLT,IEF,GLD,DBC,VNQ (descarga 2026-09-25); RF French CRSP 202607 sha256 b840dba55d319f48","{""activos"": [""SPY"", ""EFA"", ""EEM"", ""TLT"", ""IEF"", ""GLD"", ""DBC"", ""VNQ""], ""bruto_max"": 10.0, ""comision_por_lado"": 0.0029, ""cortes"": [""2011-12-31""], ""efectivo_en_mxn"": false, ""extras"": [""vol_DBC"", ""vol_EEM"", ""vol_EFA"", ""vol_GLD"", ""vol_IEF"", ""vol_SPY"", ""vol_TLT"", ""vol_VNQ""], ""fx"": false, ""max_dias_fx"": 10, ""min_historia"": 12, ""motor"": ""R02.backtest_cartera"", ""periodos_por_anio"": 12, ""peso_max"": 1.25, ""peso_min"": -1.25, ""rebalanceo_con_deriva"": true, ""segmentos"": [""dentro_muestra"", ""fuera_muestra""], ""senal"": ""cartera_ls_vt_L6_obj0.4_tope10.0"", ""spread_por_lado"": 0.0015, ""usuario"": {""L"": 6, ""escenario_costos"": ""medio"", ""parte"": ""b"", ""sigma_obj"": 0.4, ""tipo"": ""largo/corto"", ""tope_por_activo"": 10.0}, ""variante"": ""B_ls_vt40_L6""}",sensibilidad: spread medio 0.15% por lado
2026-09-25T05:28:16.388890Z,R02,a9c2e35923,B_ls_vt40_L12,0,completo,2007-02-28,2026-07-31,233,12,USD,1.613380939999388,0.050711817124084346,0.18641228248890165,0.2793115825192482,0.4209161877286454,-0.4651850851818534,0.10901427999192993,0.08063030867763417,0.01614344631246835,3.316805389667697,0.8900161640930055,0.8416283491801826,1.0,10.686039250617414,0.047018572702716616,233,0.06308435048820926,0.014823262699370066,0.0029,0.0015,2011-12-31,0e6d3baabe3fe595,"Yahoo chart v8 adjclose 1mo/1d SPY,EFA,EEM,TLT,IEF,GLD,DBC,VNQ (descarga 2026-09-25); RF French CRSP 202607 sha256 b840dba55d319f48","{""activos"": [""SPY"", ""EFA"", ""EEM"", ""TLT"", ""IEF"", ""GLD"", ""DBC"", ""VNQ""], ""bruto_max"": 10.0, ""comision_por_lado"": 0.0029, ""cortes"": [""2011-12-31""], ""efectivo_en_mxn"": false, ""extras"": [""vol_DBC"", ""vol_EEM"", ""vol_EFA"", ""vol_GLD"", ""vol_IEF"", ""vol_SPY"", ""vol_TLT"", ""vol_VNQ""], ""fx"": false, ""max_dias_fx"": 10, ""min_historia"": 12, ""motor"": ""R02.backtest_cartera"", ""periodos_por_anio"": 12, ""peso_max"": 1.25, ""peso_min"": -1.25, ""rebalanceo_con_deriva"": true, ""segmentos"": [""dentro_muestra"", ""fuera_muestra""], ""senal"": ""cartera_ls_vt_L12_obj0.4_tope10.0"", ""spread_por_lado"": 0.0015, ""usuario"": {""L"": 12, ""escenario_costos"": ""medio"", ""parte"": ""b"", ""sigma_obj"": 0.4, ""tipo"": ""largo/corto"", ""tope_por_activo"": 10.0}, ""variante"": ""B_ls_vt40_L12""}",sensibilidad: spread medio 0.15% por lado
2026-09-25T05:28:16.388890Z,R02,a9c2e35923,B_ls_vt40_L12,0,dentro_muestra,2007-02-28,2011-12-31,58,12,USD,0.8030048862999692,0.12957785118466525,0.16841715202302027,0.744164783843837,1.2147510387988205,-0.26537921303039724,0.48827430643493186,0.21482186913683948,-0.23376669022985894,2.947563095689319,0.9413204416371208,1.4612420670912312,1.0,7.43786657249998,0.0327266129189999,58,0.05903549563161037,0.011541522760558198,0.0029,0.0015,2011-12-31,0e6d3baabe3fe595,"Yahoo chart v8 adjclose 1mo/1d SPY,EFA,EEM,TLT,IEF,GLD,DBC,VNQ (descarga 2026-09-25); RF French CRSP 202607 sha256 b840dba55d319f48","{""activos"": [""SPY"", ""EFA"", ""EEM"", ""TLT"", ""IEF"", ""GLD"", ""DBC"", ""VNQ""], ""bruto_max"": 10.0, ""comision_por_lado"": 0.0029, ""cortes"": [""2011-12-31""], ""efectivo_en_mxn"": false, ""extras"": [""vol_DBC"", ""vol_EEM"", ""vol_EFA"", ""vol_GLD"", ""vol_IEF"", ""vol_SPY"", ""vol_TLT"", ""vol_VNQ""], ""fx"": false, ""max_dias_fx"": 10, ""min_historia"": 12, ""motor"": ""R02.backtest_cartera"", ""periodos_por_anio"": 12, ""peso_max"": 1.25, ""peso_min"": -1.25, ""rebalanceo_con_deriva"": true, ""segmentos"": [""dentro_muestra"", ""fuera_muestra""], ""senal"": ""cartera_ls_vt_L12_obj0.4_tope10.0"", ""spread_por_lado"": 0.0015, ""usuario"": {""L"": 12, ""escenario_costos"": ""medio"", ""parte"": ""b"", ""sigma_obj"": 0.4, ""tipo"": ""largo/corto"", ""tope_por_activo"": 10.0}, ""variante"": ""B_ls_vt40_L12""}",sensibilidad: spread medio 0.15% por lado
2026-09-25T05:28:16.388890Z,R02,a9c2e35923,B_ls_vt40_L12,0,fuera_muestra,2011-12-31,2026-07-31,175,12,USD,0.449458600948347,0.025782487901047313,0.19199336783798945,0.1453408093028266,0.21498105723046712,-0.4651850851818534,0.05542414991866784,0.04195627768761251,0.0968644781223465,3.380364880287234,0.710305677053752,0.636270659815378,1.0,11.763681218742374,0.05176019736246643,175,0.06443105052045439,0.01591439165222197,0.0029,0.0015,2011-12-31,0e6d3baabe3fe595,"Yahoo chart v8 adjclose 1mo/1d SPY,EFA,EEM,TLT,IEF,GLD,DBC,VNQ (descarga 2026-09-25); RF French CRSP 202607 sha256 b840dba55d319f48","{""activos"": [""SPY"", ""EFA"", ""EEM"", ""TLT"", ""IEF"", ""GLD"", ""DBC"", ""VNQ""], ""bruto_max"": 10.0, ""comision_por_lado"": 0.0029, ""cortes"": [""2011-12-31""], ""efectivo_en_mxn"": false, ""extras"": [""vol_DBC"", ""vol_EEM"", ""vol_EFA"", ""vol_GLD"", ""vol_IEF"", ""vol_SPY"", ""vol_TLT"", ""vol_VNQ""], ""fx"": false, ""max_dias_fx"": 10, ""min_historia"": 12, ""motor"": ""R02.backtest_cartera"", ""periodos_por_anio"": 12, ""peso_max"": 1.25, ""peso_min"": -1.25, ""rebalanceo_con_deriva"": true, ""segmentos"": [""dentro_muestra"", ""fuera_muestra""], ""senal"": ""cartera_ls_vt_L12_obj0.4_tope10.0"", ""spread_por_lado"": 0.0015, ""usuario"": {""L"": 12, ""escenario_costos"": ""medio"", ""parte"": ""b"", ""sigma_obj"": 0.4, ""tipo"": ""largo/corto"", ""tope_por_activo"": 10.0}, ""variante"": ""B_ls_vt40_L12""}",sensibilidad: spread medio 0.15% por lado
2026-09-25T05:28:16.417562Z,R02,2e69a426f9,B_lo_vt10_L3,0,completo,2007-02-28,2026-07-31,233,12,USD,0.7704849661482462,0.029853309436681297,0.03572161139684896,0.4320271971956127,0.6526142346570931,-0.07452833170843032,0.40056323216080286,0.12471550929906328,-0.21750160144942485,3.4007585254781367,0.968972194603607,0.3994806676777994,0.9742489270386266,2.129485802869138,0.009369737532624201,231,0.06308435048820926,0.014823262699370066,0.0029,0.0015,2011-12-31,0e6d3baabe3fe595,"Yahoo chart v8 adjclose 1mo/1d SPY,EFA,EEM,TLT,IEF,GLD,DBC,VNQ (descarga 2026-09-25); RF French CRSP 202607 sha256 b840dba55d319f48","{""activos"": [""SPY"", ""EFA"", ""EEM"", ""TLT"", ""IEF"", ""GLD"", ""DBC"", ""VNQ""], ""bruto_max"": 1.0, ""comision_por_lado"": 0.0029, ""cortes"": [""2011-12-31""], ""efectivo_en_mxn"": false, ""extras"": [""vol_DBC"", ""vol_EEM"", ""vol_EFA"", ""vol_GLD"", ""vol_IEF"", ""vol_SPY"", ""vol_TLT"", ""vol_VNQ""], ""fx"": false, ""max_dias_fx"": 10, ""min_historia"": 12, ""motor"": ""R02.backtest_cartera"", ""periodos_por_anio"": 12, ""peso_max"": 0.125, ""peso_min"": 0.0, ""rebalanceo_con_deriva"": true, ""segmentos"": [""dentro_muestra"", ""fuera_muestra""], ""senal"": ""cartera_lo_vt_L3_obj0.1_tope1.0"", ""spread_por_lado"": 0.0015, ""usuario"": {""L"": 3, ""escenario_costos"": ""medio"", ""parte"": ""b"", ""sigma_obj"": 0.1, ""tipo"": ""solo largos"", ""tope_por_activo"": 1.0}, ""variante"": ""B_lo_vt10_L3""}",sensibilidad: spread medio 0.15% por lado
2026-09-25T05:28:16.417562Z,R02,2e69a426f9,B_lo_vt10_L3,0,dentro_muestra,2007-02-28,2011-12-31,58,12,USD,0.26519214964125526,0.0498237364265699,0.03578355070630602,1.0498112731393099,2.1102766384473948,-0.03475574675054893,1.4335395174837664,0.30305441057264215,0.2616980412936626,2.4384907282941013,0.9904319014094023,0.33510307138439566,1.0,1.562812966770855,0.00687637705379176,58,0.05903549563161037,0.011541522760558198,0.0029,0.0015,2011-12-31,0e6d3baabe3fe595,"Yahoo chart v8 adjclose 1mo/1d SPY,EFA,EEM,TLT,IEF,GLD,DBC,VNQ (descarga 2026-09-25); RF French CRSP 202607 sha256 b840dba55d319f48","{""activos"": [""SPY"", ""EFA"", ""EEM"", ""TLT"", ""IEF"", ""GLD"", ""DBC"", ""VNQ""], ""bruto_max"": 1.0, ""comision_por_lado"": 0.0029, ""cortes"": [""2011-12-31""], ""efectivo_en_mxn"": false, ""extras"": [""vol_DBC"", ""vol_EEM"", ""vol_EFA"", ""vol_GLD"", ""vol_IEF"", ""vol_SPY"", ""vol_TLT"", ""vol_VNQ""], ""fx"": false, ""max_dias_fx"": 10, ""min_historia"": 12, ""motor"": ""R02.backtest_cartera"", ""periodos_por_anio"": 12, ""peso_max"": 0.125, ""peso_min"": 0.0, ""rebalanceo_con_deriva"": true, ""segmentos"": [""dentro_muestra"", ""fuera_muestra""], ""senal"": ""cartera_lo_vt_L3_obj0.1_tope1.0"", ""spread_por_lado"": 0.0015, ""usuario"": {""L"": 3, ""escenario_costos"": ""medio"", ""parte"": ""b"", ""sigma_obj"": 0.1, ""tipo"": ""solo largos"", ""tope_por_activo"": 1.0}, ""variante"": ""B_lo_vt10_L3""}",sensibilidad: spread medio 0.15% por lado
2026-09-25T05:28:16.417562Z,R02,2e69a426f9,B_lo_vt10_L3,0,fuera_muestra,2011-12-31,2026-07-31,175,12,USD,0.39938029701675304,0.023312030875480838,0.035610948756781856,0.22401783607265763,0.31406481532474,-0.07452833170842998,0.31279421316825196,0.06466837897991318,-0.4000983655108141,3.588341504559412,0.7998540237200313,0.42081724244932744,0.9657142857142857,2.3174901027913424,0.01019695645228191,173,0.06443105052045439,0.01591439165222197,0.0029,0.0015,2011-12-31,0e6d3baabe3fe595,"Yahoo chart v8 adjclose 1mo/1d SPY,EFA,EEM,TLT,IEF,GLD,DBC,VNQ (descarga 2026-09-25); RF French CRSP 202607 sha256 b840dba55d319f48","{""activos"": [""SPY"", ""EFA"", ""EEM"", ""TLT"", ""IEF"", ""GLD"", ""DBC"", ""VNQ""], ""bruto_max"": 1.0, ""comision_por_lado"": 0.0029, ""cortes"": [""2011-12-31""], ""efectivo_en_mxn"": false, ""extras"": [""vol_DBC"", ""vol_EEM"", ""vol_EFA"", ""vol_GLD"", ""vol_IEF"", ""vol_SPY"", ""vol_TLT"", ""vol_VNQ""], ""fx"": false, ""max_dias_fx"": 10, ""min_historia"": 12, ""motor"": ""R02.backtest_cartera"", ""periodos_por_anio"": 12, ""peso_max"": 0.125, ""peso_min"": 0.0, ""rebalanceo_con_deriva"": true, ""segmentos"": [""dentro_muestra"", ""fuera_muestra""], ""senal"": ""cartera_lo_vt_L3_obj0.1_tope1.0"", ""spread_por_lado"": 0.0015, ""usuario"": {""L"": 3, ""escenario_costos"": ""medio"", ""parte"": ""b"", ""sigma_obj"": 0.1, ""tipo"": ""solo largos"", ""tope_por_activo"": 1.0}, ""variante"": ""B_lo_vt10_L3""}",sensibilidad: spread medio 0.15% por lado
2026-09-25T05:28:16.447864Z,R02,9d0838dfc1,B_lo_vt10_L6,0,completo,2007-02-28,2026-07-31,233,12,USD,0.8024615702186138,0.030803002388927858,0.036677870741543016,0.4473536591190663,0.6762837508514543,-0.053536320686279004,0.5753664427077907,0.12913987775767852,-0.23022747843138036,3.182830250944443,0.9731895096202948,0.4135127839866263,0.9828326180257511,1.6628413707761298,0.0073165020314149625,231,0.06308435048820926,0.014823262699370066,0.0029,0.0015,2011-12-31,0e6d3baabe3fe595,"Yahoo chart v8 adjclose 1mo/1d SPY,EFA,EEM,TLT,IEF,GLD,DBC,VNQ (descarga 2026-09-25); RF French CRSP 202607 sha256 b840dba55d319f48","{""activos"": [""SPY"", ""EFA"", ""EEM"", ""TLT"", ""IEF"", ""GLD"", ""DBC"", ""VNQ""], ""bruto_max"": 1.0, ""comision_por_lado"": 0.0029, ""cortes"": [""2011-12-31""], ""efectivo_en_mxn"": false, ""extras"": [""vol_DBC"", ""vol_EEM"", ""vol_EFA"", ""vol_GLD"", ""vol_IEF"", ""vol_SPY"", ""vol_TLT"", ""vol_VNQ""], ""fx"": false, ""max_dias_fx"": 10, ""min_historia"": 12, ""motor"": ""R02.backtest_cartera"", ""periodos_por_anio"": 12, ""peso_max"": 0.125, ""peso_min"": 0.0, ""rebalanceo_con_deriva"": true, ""segmentos"": [""dentro_muestra"", ""fuera_muestra""], ""senal"": ""cartera_lo_vt_L6_obj0.1_tope1.0"", ""spread_por_lado"": 0.0015, ""usuario"": {""L"": 6, ""escenario_costos"": ""medio"", ""parte"": ""b"", ""sigma_obj"": 0.1, ""tipo"": ""solo largos"", ""tope_por_activo"": 1.0}, ""variante"": ""B_lo_vt10_L6""}",sensibilidad: spread medio 0.15% por lado
2026-09-25T05:28:16.447864Z,R02,9d0838dfc1,B_lo_vt10_L6,0,dentro_muestra,2007-02-28,2011-12-31,58,12,USD,0.20570496290425933,0.03942470542362719,0.032276422358500714,0.8702644556212773,1.5658631066159765,-0.024464501333913757,1.611506602383714,0.2512237088595538,0.037442586585397696,2.8369740848134506,0.9698366955737427,0.3541343224680615,1.0,1.3682880499086714,0.006020467419598153,58,0.05903549563161037,0.011541522760558198,0.0029,0.0015,2011-12-31,0e6d3baabe3fe595,"Yahoo chart v8 adjclose 1mo/1d SPY,EFA,EEM,TLT,IEF,GLD,DBC,VNQ (descarga 2026-09-25); RF French CRSP 202607 sha256 b840dba55d319f48","{""activos"": [""SPY"", ""EFA"", ""EEM"", ""TLT"", ""IEF"", ""GLD"", ""DBC"", ""VNQ""], ""bruto_max"": 1.0, ""comision_por_lado"": 0.0029, ""cortes"": [""2011-12-31""], ""efectivo_en_mxn"": false, ""extras"": [""vol_DBC"", ""vol_EEM"", ""vol_EFA"", ""vol_GLD"", ""vol_IEF"", ""vol_SPY"", ""vol_TLT"", ""vol_VNQ""], ""fx"": false, ""max_dias_fx"": 10, ""min_historia"": 12, ""motor"": ""R02.backtest_cartera"", ""periodos_por_anio"": 12, ""peso_max"": 0.125, ""peso_min"": 0.0, ""rebalanceo_con_deriva"": true, ""segmentos"": [""dentro_muestra"", ""fuera_muestra""], ""senal"": ""cartera_lo_vt_L6_obj0.1_tope1.0"", ""spread_por_lado"": 0.0015, ""usuario"": {""L"": 6, ""escenario_costos"": ""medio"", ""parte"": ""b"", ""sigma_obj"": 0.1, ""tipo"": ""solo largos"", ""tope_por_activo"": 1.0}, ""variante"": ""B_lo_vt10_L6""}",sensibilidad: spread medio 0.15% por lado
2026-09-25T05:28:16.447864Z,R02,9d0838dfc1,B_lo_vt10_L6,0,fuera_muestra,2011-12-31,2026-07-31,175,12,USD,0.49494414112463136,0.0279584195438225,0.03807777766132604,0.33040264380559914,0.4832939272176291,-0.053536320686279226,0.5222327419110058,0.09537902767106335,-0.2557251118228286,3.1408946753880627,0.892535175999357,0.4331925026613506,0.9771428571428571,1.7605649378006885,0.007746485726323023,173,0.06443105052045439,0.01591439165222197,0.0029,0.0015,2011-12-31,0e6d3baabe3fe595,"Yahoo chart v8 adjclose 1mo/1d SPY,EFA,EEM,TLT,IEF,GLD,DBC,VNQ (descarga 2026-09-25); RF French CRSP 202607 sha256 b840dba55d319f48","{""activos"": [""SPY"", ""EFA"", ""EEM"", ""TLT"", ""IEF"", ""GLD"", ""DBC"", ""VNQ""], ""bruto_max"": 1.0, ""comision_por_lado"": 0.0029, ""cortes"": [""2011-12-31""], ""efectivo_en_mxn"": false, ""extras"": [""vol_DBC"", ""vol_EEM"", ""vol_EFA"", ""vol_GLD"", ""vol_IEF"", ""vol_SPY"", ""vol_TLT"", ""vol_VNQ""], ""fx"": false, ""max_dias_fx"": 10, ""min_historia"": 12, ""motor"": ""R02.backtest_cartera"", ""periodos_por_anio"": 12, ""peso_max"": 0.125, ""peso_min"": 0.0, ""rebalanceo_con_deriva"": true, ""segmentos"": [""dentro_muestra"", ""fuera_muestra""], ""senal"": ""cartera_lo_vt_L6_obj0.1_tope1.0"", ""spread_por_lado"": 0.0015, ""usuario"": {""L"": 6, ""escenario_costos"": ""medio"", ""parte"": ""b"", ""sigma_obj"": 0.1, ""tipo"": ""solo largos"", ""tope_por_activo"": 1.0}, ""variante"": ""B_lo_vt10_L6""}",sensibilidad: spread medio 0.15% por lado
2026-09-25T05:28:16.478567Z,R02,23bca52b63,B_lo_vt10_L12,0,completo,2007-02-28,2026-07-31,233,12,USD,0.9668565780236986,0.03544648387080529,0.03773021775903271,0.5576759143675608,0.874391785254647,-0.06887395715272493,0.5146572860944274,0.16098716964034096,-0.1746165930247146,3.1749967066733267,0.9918454237300152,0.42290315590021926,0.9871244635193133,1.1856182849230983,0.005216720453661633,232,0.06308435048820926,0.014823262699370066,0.0029,0.0015,2011-12-31,0e6d3baabe3fe595,"Yahoo chart v8 adjclose 1mo/1d SPY,EFA,EEM,TLT,IEF,GLD,DBC,VNQ (descarga 2026-09-25); RF French CRSP 202607 sha256 b840dba55d319f48","{""activos"": [""SPY"", ""EFA"", ""EEM"", ""TLT"", ""IEF"", ""GLD"", ""DBC"", ""VNQ""], ""bruto_max"": 1.0, ""comision_por_lado"": 0.0029, ""cortes"": [""2011-12-31""], ""efectivo_en_mxn"": false, ""extras"": [""vol_DBC"", ""vol_EEM"", ""vol_EFA"", ""vol_GLD"", ""vol_IEF"", ""vol_SPY"", ""vol_TLT"", ""vol_VNQ""], ""fx"": false, ""max_dias_fx"": 10, ""min_historia"": 12, ""motor"": ""R02.backtest_cartera"", ""periodos_por_anio"": 12, ""peso_max"": 0.125, ""peso_min"": 0.0, ""rebalanceo_con_deriva"": true, ""segmentos"": [""dentro_muestra"", ""fuera_muestra""], ""senal"": ""cartera_lo_vt_L12_obj0.1_tope1.0"", ""spread_por_lado"": 0.0015, ""usuario"": {""L"": 12, ""escenario_costos"": ""medio"", ""parte"": ""b"", ""sigma_obj"": 0.1, ""tipo"": ""solo largos"", ""tope_por_activo"": 1.0}, ""variante"": ""B_lo_vt10_L12""}",sensibilidad: spread medio 0.15% por lado
2026-09-25T05:28:16.478567Z,R02,23bca52b63,B_lo_vt10_L12,0,dentro_muestra,2007-02-28,2011-12-31,58,12,USD,0.23514229527371588,0.0446203422112581,0.038581678887185174,0.8623257880740346,1.53610895126754,-0.026215715957224273,1.7020455319268921,0.24893201293685005,-0.005913656104547317,2.8354457171554026,0.9679804475438598,0.4230485745408925,1.0,0.9280729446000096,0.0040835209562400405,58,0.05903549563161037,0.011541522760558198,0.0029,0.0015,2011-12-31,0e6d3baabe3fe595,"Yahoo chart v8 adjclose 1mo/1d SPY,EFA,EEM,TLT,IEF,GLD,DBC,VNQ (descarga 2026-09-25); RF French CRSP 202607 sha256 b840dba55d319f48","{""activos"": [""SPY"", ""EFA"", ""EEM"", ""TLT"", ""IEF"", ""GLD"", ""DBC"", ""VNQ""], ""bruto_max"": 1.0, ""comision_por_lado"": 0.0029, ""cortes"": [""2011-12-31""], ""efectivo_en_mxn"": false, ""extras"": [""vol_DBC"", ""vol_EEM"", ""vol_EFA"", ""vol_GLD"", ""vol_IEF"", ""vol_SPY"", ""vol_TLT"", ""vol_VNQ""], ""fx"": false, ""max_dias_fx"": 10, ""min_historia"": 12, ""motor"": ""R02.backtest_cartera"", ""periodos_por_anio"": 12, ""peso_max"": 0.125, ""peso_min"": 0.0, ""rebalanceo_con_deriva"": true, ""segmentos"": [""dentro_muestra"", ""fuera_muestra""], ""senal"": ""cartera_lo_vt_L12_obj0.1_tope1.0"", ""spread_por_lado"": 0.0015, ""usuario"": {""L"": 12, ""escenario_costos"": ""medio"", ""parte"": ""b"", ""sigma_obj"": 0.1, ""tipo"": ""solo largos"", ""tope_por_activo"": 1.0}, ""variante"": ""B_lo_vt10_L12""}",sensibilidad: spread medio 0.15% por lado
2026-09-25T05:28:16.478567Z,R02,23bca52b63,B_lo_vt10_L12,0,fuera_muestra,2011-12-31,2026-07-31,175,12,USD,0.592412943472099,0.032420718276144456,0.03751708442664739,0.45314638822148345,0.6845678318870524,-0.06887395715272482,0.4707253600116661,0.13081209461099008,-0.2405702516139326,3.2683883027291425,0.9545880505369628,0.4228549600078818,0.9828571428571429,1.2710637630212762,0.005592680557293614,174,0.06443105052045439,0.01591439165222197,0.0029,0.0015,2011-12-31,0e6d3baabe3fe595,"Yahoo chart v8 adjclose 1mo/1d SPY,EFA,EEM,TLT,IEF,GLD,DBC,VNQ (descarga 2026-09-25); RF French CRSP 202607 sha256 b840dba55d319f48","{""activos"": [""SPY"", ""EFA"", ""EEM"", ""TLT"", ""IEF"", ""GLD"", ""DBC"", ""VNQ""], ""bruto_max"": 1.0, ""comision_por_lado"": 0.0029, ""cortes"": [""2011-12-31""], ""efectivo_en_mxn"": false, ""extras"": [""vol_DBC"", ""vol_EEM"", ""vol_EFA"", ""vol_GLD"", ""vol_IEF"", ""vol_SPY"", ""vol_TLT"", ""vol_VNQ""], ""fx"": false, ""max_dias_fx"": 10, ""min_historia"": 12, ""motor"": ""R02.backtest_cartera"", ""periodos_por_anio"": 12, ""peso_max"": 0.125, ""peso_min"": 0.0, ""rebalanceo_con_deriva"": true, ""segmentos"": [""dentro_muestra"", ""fuera_muestra""], ""senal"": ""cartera_lo_vt_L12_obj0.1_tope1.0"", ""spread_por_lado"": 0.0015, ""usuario"": {""L"": 12, ""escenario_costos"": ""medio"", ""parte"": ""b"", ""sigma_obj"": 0.1, ""tipo"": ""solo largos"", ""tope_por_activo"": 1.0}, ""variante"": ""B_lo_vt10_L12""}",sensibilidad: spread medio 0.15% por lado
2026-09-25T05:28:16.507132Z,R02,e09f2b2989,B_lo_L3,0,completo,2007-02-28,2026-07-31,233,12,USD,1.391585277774369,0.04592420468874958,0.06199590383920507,0.5181521513613031,0.8274571883192468,-0.1217272080818328,0.3772714860746367,0.14957764203481605,0.05663591202219299,3.902043507296819,0.9883813126979075,0.5933476394849786,0.9742489270386266,2.9515334077163353,0.012986746993951885,185,0.06308435048820926,0.014823262699370066,0.0029,0.0015,2011-12-31,0e6d3baabe3fe595,"Yahoo chart v8 adjclose 1mo/1d SPY,EFA,EEM,TLT,IEF,GLD,DBC,VNQ (descarga 2026-09-25); RF French CRSP 202607 sha256 b840dba55d319f48","{""activos"": [""SPY"", ""EFA"", ""EEM"", ""TLT"", ""IEF"", ""GLD"", ""DBC"", ""VNQ""], ""bruto_max"": 1.0, ""comision_por_lado"": 0.0029, ""cortes"": [""2011-12-31""], ""efectivo_en_mxn"": false, ""extras"": [""vol_DBC"", ""vol_EEM"", ""vol_EFA"", ""vol_GLD"", ""vol_IEF"", ""vol_SPY"", ""vol_TLT"", ""vol_VNQ""], ""fx"": false, ""max_dias_fx"": 10, ""min_historia"": 12, ""motor"": ""R02.backtest_cartera"", ""periodos_por_anio"": 12, ""peso_max"": 0.125, ""peso_min"": 0.0, ""rebalanceo_con_deriva"": true, ""segmentos"": [""dentro_muestra"", ""fuera_muestra""], ""senal"": ""cartera_lo_L3_obj0.0_tope1.0"", ""spread_por_lado"": 0.0015, ""usuario"": {""L"": 3, ""escenario_costos"": ""medio"", ""parte"": ""b"", ""tipo"": ""solo largos binaria""}, ""variante"": ""B_lo_L3""}",sensibilidad: spread medio 0.15% por lado
2026-09-25T05:28:16.507132Z,R02,e09f2b2989,B_lo_L3,0,dentro_muestra,2007-02-28,2011-12-31,58,12,USD,0.4808973946105064,0.08454751179174336,0.08011607760291688,0.907234927390711,1.624442267991541,-0.11179670157080135,0.7562612367252985,0.2618961647736288,0.02334609167155684,2.7666990260453055,0.974637112198758,0.6056034482758621,1.0,2.6471306608558254,0.011647374907765632,42,0.05903549563161037,0.011541522760558198,0.0029,0.0015,2011-12-31,0e6d3baabe3fe595,"Yahoo chart v8 adjclose 1mo/1d SPY,EFA,EEM,TLT,IEF,GLD,DBC,VNQ (descarga 2026-09-25); RF French CRSP 202607 sha256 b840dba55d319f48","{""activos"": [""SPY"", ""EFA"", ""EEM"", ""TLT"", ""IEF"", ""GLD"", ""DBC"", ""VNQ""], ""bruto_max"": 1.0, ""comision_por_lado"": 0.0029, ""cortes"": [""2011-12-31""], ""efectivo_en_mxn"": false, ""extras"": [""vol_DBC"", ""vol_EEM"", ""vol_EFA"", ""vol_GLD"", ""vol_IEF"", ""vol_SPY"", ""vol_TLT"", ""vol_VNQ""], ""fx"": false, ""max_dias_fx"": 10, ""min_historia"": 12, ""motor"": ""R02.backtest_cartera"", ""periodos_por_anio"": 12, ""peso_max"": 0.125, ""peso_min"": 0.0, ""rebalanceo_con_deriva"": true, ""segmentos"": [""dentro_muestra"", ""fuera_muestra""], ""senal"": ""cartera_lo_L3_obj0.0_tope1.0"", ""spread_por_lado"": 0.0015, ""usuario"": {""L"": 3, ""escenario_costos"": ""medio"", ""parte"": ""b"", ""tipo"": ""solo largos binaria""}, ""variante"": ""B_lo_L3""}",sensibilidad: spread medio 0.15% por lado
2026-09-25T05:28:16.507132Z,R02,e09f2b2989,B_lo_L3,0,fuera_muestra,2011-12-31,2026-07-31,175,12,USD,0.6149567731553629,0.03341651559352976,0.05449138764766861,0.3423081756460669,0.5075900067710736,-0.12172720808183313,0.27451969136649346,0.09881585867753322,-0.17198053780674769,4.239394773744306,0.9010465821916482,0.5892857142857143,0.9657142857142857,3.0525247058204514,0.013431108705609988,143,0.06443105052045439,0.01591439165222197,0.0029,0.0015,2011-12-31,0e6d3baabe3fe595,"Yahoo chart v8 adjclose 1mo/1d SPY,EFA,EEM,TLT,IEF,GLD,DBC,VNQ (descarga 2026-09-25); RF French CRSP 202607 sha256 b840dba55d319f48","{""activos"": [""SPY"", ""EFA"", ""EEM"", ""TLT"", ""IEF"", ""GLD"", ""DBC"", ""VNQ""], ""bruto_max"": 1.0, ""comision_por_lado"": 0.0029, ""cortes"": [""2011-12-31""], ""efectivo_en_mxn"": false, ""extras"": [""vol_DBC"", ""vol_EEM"", ""vol_EFA"", ""vol_GLD"", ""vol_IEF"", ""vol_SPY"", ""vol_TLT"", ""vol_VNQ""], ""fx"": false, ""max_dias_fx"": 10, ""min_historia"": 12, ""motor"": ""R02.backtest_cartera"", ""periodos_por_anio"": 12, ""peso_max"": 0.125, ""peso_min"": 0.0, ""rebalanceo_con_deriva"": true, ""segmentos"": [""dentro_muestra"", ""fuera_muestra""], ""senal"": ""cartera_lo_L3_obj0.0_tope1.0"", ""spread_por_lado"": 0.0015, ""usuario"": {""L"": 3, ""escenario_costos"": ""medio"", ""parte"": ""b"", ""tipo"": ""solo largos binaria""}, ""variante"": ""B_lo_L3""}",sensibilidad: spread medio 0.15% por lado
2026-09-25T05:28:16.535578Z,R02,cef7dee6f9,B_lo_L6,0,completo,2007-02-28,2026-07-31,233,12,USD,1.3520331903842258,0.04502641681121711,0.059845299916869286,0.520943662234023,0.8398747004084058,-0.07808888830102034,0.576604659009197,0.15038348181172134,0.10250266277322911,3.5199450649919,0.9890446156759726,0.6078326180257511,0.9828326180257511,2.2672276430918656,0.009975801629604214,166,0.06308435048820926,0.014823262699370066,0.0029,0.0015,2011-12-31,0e6d3baabe3fe595,"Yahoo chart v8 adjclose 1mo/1d SPY,EFA,EEM,TLT,IEF,GLD,DBC,VNQ (descarga 2026-09-25); RF French CRSP 202607 sha256 b840dba55d319f48","{""activos"": [""SPY"", ""EFA"", ""EEM"", ""TLT"", ""IEF"", ""GLD"", ""DBC"", ""VNQ""], ""bruto_max"": 1.0, ""comision_por_lado"": 0.0029, ""cortes"": [""2011-12-31""], ""efectivo_en_mxn"": false, ""extras"": [""vol_DBC"", ""vol_EEM"", ""vol_EFA"", ""vol_GLD"", ""vol_IEF"", ""vol_SPY"", ""vol_TLT"", ""vol_VNQ""], ""fx"": false, ""max_dias_fx"": 10, ""min_historia"": 12, ""motor"": ""R02.backtest_cartera"", ""periodos_por_anio"": 12, ""peso_max"": 0.125, ""peso_min"": 0.0, ""rebalanceo_con_deriva"": true, ""segmentos"": [""dentro_muestra"", ""fuera_muestra""], ""senal"": ""cartera_lo_L6_obj0.0_tope1.0"", ""spread_por_lado"": 0.0015, ""usuario"": {""L"": 6, ""escenario_costos"": ""medio"", ""parte"": ""b"", ""tipo"": ""solo largos binaria""}, ""variante"": ""B_lo_L6""}",sensibilidad: spread medio 0.15% por lado
2026-09-25T05:28:16.535578Z,R02,cef7dee6f9,B_lo_L6,0,dentro_muestra,2007-02-28,2011-12-31,58,12,USD,0.3960386803656333,0.07139894269926139,0.0698207191605992,0.8609917948263041,1.581635933681167,-0.049248315966077705,1.4497742978346928,0.24854692225651284,0.08279584901657522,2.960772043485609,0.9690805975844126,0.6379310344827587,1.0,2.1585582600287645,0.009497656344126557,37,0.05903549563161037,0.011541522760558198,0.0029,0.0015,2011-12-31,0e6d3baabe3fe595,"Yahoo chart v8 adjclose 1mo/1d SPY,EFA,EEM,TLT,IEF,GLD,DBC,VNQ (descarga 2026-09-25); RF French CRSP 202607 sha256 b840dba55d319f48","{""activos"": [""SPY"", ""EFA"", ""EEM"", ""TLT"", ""IEF"", ""GLD"", ""DBC"", ""VNQ""], ""bruto_max"": 1.0, ""comision_por_lado"": 0.0029, ""cortes"": [""2011-12-31""], ""efectivo_en_mxn"": false, ""extras"": [""vol_DBC"", ""vol_EEM"", ""vol_EFA"", ""vol_GLD"", ""vol_IEF"", ""vol_SPY"", ""vol_TLT"", ""vol_VNQ""], ""fx"": false, ""max_dias_fx"": 10, ""min_historia"": 12, ""motor"": ""R02.backtest_cartera"", ""periodos_por_anio"": 12, ""peso_max"": 0.125, ""peso_min"": 0.0, ""rebalanceo_con_deriva"": true, ""segmentos"": [""dentro_muestra"", ""fuera_muestra""], ""senal"": ""cartera_lo_L6_obj0.0_tope1.0"", ""spread_por_lado"": 0.0015, ""usuario"": {""L"": 6, ""escenario_costos"": ""medio"", ""parte"": ""b"", ""tipo"": ""solo largos binaria""}, ""variante"": ""B_lo_L6""}",sensibilidad: spread medio 0.15% por lado
2026-09-25T05:28:16.535578Z,R02,cef7dee6f9,B_lo_L6,0,fuera_muestra,2011-12-31,2026-07-31,175,12,USD,0.684790846746602,0.03642104545527469,0.05615944135820452,0.3847171447003762,0.5861466592868062,-0.07808888830102034,0.46640496807788207,0.11105827352731322,0.03404286233430269,3.6785116123460173,0.9280868935761968,0.5978571428571429,0.9771428571428571,2.3032807410776908,0.010134435260741839,129,0.06443105052045439,0.01591439165222197,0.0029,0.0015,2011-12-31,0e6d3baabe3fe595,"Yahoo chart v8 adjclose 1mo/1d SPY,EFA,EEM,TLT,IEF,GLD,DBC,VNQ (descarga 2026-09-25); RF French CRSP 202607 sha256 b840dba55d319f48","{""activos"": [""SPY"", ""EFA"", ""EEM"", ""TLT"", ""IEF"", ""GLD"", ""DBC"", ""VNQ""], ""bruto_max"": 1.0, ""comision_por_lado"": 0.0029, ""cortes"": [""2011-12-31""], ""efectivo_en_mxn"": false, ""extras"": [""vol_DBC"", ""vol_EEM"", ""vol_EFA"", ""vol_GLD"", ""vol_IEF"", ""vol_SPY"", ""vol_TLT"", ""vol_VNQ""], ""fx"": false, ""max_dias_fx"": 10, ""min_historia"": 12, ""motor"": ""R02.backtest_cartera"", ""periodos_por_anio"": 12, ""peso_max"": 0.125, ""peso_min"": 0.0, ""rebalanceo_con_deriva"": true, ""segmentos"": [""dentro_muestra"", ""fuera_muestra""], ""senal"": ""cartera_lo_L6_obj0.0_tope1.0"", ""spread_por_lado"": 0.0015, ""usuario"": {""L"": 6, ""escenario_costos"": ""medio"", ""parte"": ""b"", ""tipo"": ""solo largos binaria""}, ""variante"": ""B_lo_L6""}",sensibilidad: spread medio 0.15% por lado
2026-09-25T05:28:16.565790Z,R02,04bc92cf32,B_lo_L12,0,completo,2007-02-28,2026-07-31,233,12,USD,1.4637404413179453,0.04752635740052247,0.06347615316190175,0.5335083454971841,0.8354121228284777,-0.09179329241568013,0.5177541424846421,0.15401059344385556,-0.2239189727771233,4.197408893687981,0.9888593516557764,0.621244635193133,0.9871244635193133,1.5053305659359661,0.006623454490118252,136,0.06308435048820926,0.014823262699370066,0.0029,0.0015,2011-12-31,0e6d3baabe3fe595,"Yahoo chart v8 adjclose 1mo/1d SPY,EFA,EEM,TLT,IEF,GLD,DBC,VNQ (descarga 2026-09-25); RF French CRSP 202607 sha256 b840dba55d319f48","{""activos"": [""SPY"", ""EFA"", ""EEM"", ""TLT"", ""IEF"", ""GLD"", ""DBC"", ""VNQ""], ""bruto_max"": 1.0, ""comision_por_lado"": 0.0029, ""cortes"": [""2011-12-31""], ""efectivo_en_mxn"": false, ""extras"": [""vol_DBC"", ""vol_EEM"", ""vol_EFA"", ""vol_GLD"", ""vol_IEF"", ""vol_SPY"", ""vol_TLT"", ""vol_VNQ""], ""fx"": false, ""max_dias_fx"": 10, ""min_historia"": 12, ""motor"": ""R02.backtest_cartera"", ""periodos_por_anio"": 12, ""peso_max"": 0.125, ""peso_min"": 0.0, ""rebalanceo_con_deriva"": true, ""segmentos"": [""dentro_muestra"", ""fuera_muestra""], ""senal"": ""cartera_lo_L12_obj0.0_tope1.0"", ""spread_por_lado"": 0.0015, ""usuario"": {""L"": 12, ""escenario_costos"": ""medio"", ""parte"": ""b"", ""tipo"": ""solo largos binaria""}, ""variante"": ""B_lo_L12""}",sensibilidad: spread medio 0.15% por lado
2026-09-25T05:28:16.565790Z,R02,04bc92cf32,B_lo_L12,0,dentro_muestra,2007-02-28,2011-12-31,58,12,USD,0.31978864126020046,0.059031830691843146,0.08653050111863375,0.5753041248529482,0.9016393533748788,-0.09179329241568013,0.643095253894165,0.16607599567487588,-0.40981148498895675,3.6714607649455506,0.8854945373395844,0.7176724137931034,1.0,1.3706700095093036,0.0060309480418409365,28,0.05903549563161037,0.011541522760558198,0.0029,0.0015,2011-12-31,0e6d3baabe3fe595,"Yahoo chart v8 adjclose 1mo/1d SPY,EFA,EEM,TLT,IEF,GLD,DBC,VNQ (descarga 2026-09-25); RF French CRSP 202607 sha256 b840dba55d319f48","{""activos"": [""SPY"", ""EFA"", ""EEM"", ""TLT"", ""IEF"", ""GLD"", ""DBC"", ""VNQ""], ""bruto_max"": 1.0, ""comision_por_lado"": 0.0029, ""cortes"": [""2011-12-31""], ""efectivo_en_mxn"": false, ""extras"": [""vol_DBC"", ""vol_EEM"", ""vol_EFA"", ""vol_GLD"", ""vol_IEF"", ""vol_SPY"", ""vol_TLT"", ""vol_VNQ""], ""fx"": false, ""max_dias_fx"": 10, ""min_historia"": 12, ""motor"": ""R02.backtest_cartera"", ""periodos_por_anio"": 12, ""peso_max"": 0.125, ""peso_min"": 0.0, ""rebalanceo_con_deriva"": true, ""segmentos"": [""dentro_muestra"", ""fuera_muestra""], ""senal"": ""cartera_lo_L12_obj0.0_tope1.0"", ""spread_por_lado"": 0.0015, ""usuario"": {""L"": 12, ""escenario_costos"": ""medio"", ""parte"": ""b"", ""tipo"": ""solo largos binaria""}, ""variante"": ""B_lo_L12""}",sensibilidad: spread medio 0.15% por lado
2026-09-25T05:28:16.565790Z,R02,04bc92cf32,B_lo_L12,0,fuera_muestra,2011-12-31,2026-07-31,175,12,USD,0.8667689388245117,0.04373688312782997,0.05397700400509591,0.5301468037656913,0.8334221363206623,-0.08717613402585644,0.5017070740353962,0.15304019993207083,-0.0665885946128178,2.989647350572107,0.9770900237421216,0.5892857142857143,0.9828571428571429,1.5500067212506319,0.006820029573502786,108,0.06443105052045439,0.01591439165222197,0.0029,0.0015,2011-12-31,0e6d3baabe3fe595,"Yahoo chart v8 adjclose 1mo/1d SPY,EFA,EEM,TLT,IEF,GLD,DBC,VNQ (descarga 2026-09-25); RF French CRSP 202607 sha256 b840dba55d319f48","{""activos"": [""SPY"", ""EFA"", ""EEM"", ""TLT"", ""IEF"", ""GLD"", ""DBC"", ""VNQ""], ""bruto_max"": 1.0, ""comision_por_lado"": 0.0029, ""cortes"": [""2011-12-31""], ""efectivo_en_mxn"": false, ""extras"": [""vol_DBC"", ""vol_EEM"", ""vol_EFA"", ""vol_GLD"", ""vol_IEF"", ""vol_SPY"", ""vol_TLT"", ""vol_VNQ""], ""fx"": false, ""max_dias_fx"": 10, ""min_historia"": 12, ""motor"": ""R02.backtest_cartera"", ""periodos_por_anio"": 12, ""peso_max"": 0.125, ""peso_min"": 0.0, ""rebalanceo_con_deriva"": true, ""segmentos"": [""dentro_muestra"", ""fuera_muestra""], ""senal"": ""cartera_lo_L12_obj0.0_tope1.0"", ""spread_por_lado"": 0.0015, ""usuario"": {""L"": 12, ""escenario_costos"": ""medio"", ""parte"": ""b"", ""tipo"": ""solo largos binaria""}, ""variante"": ""B_lo_L12""}",sensibilidad: spread medio 0.15% por lado
2026-09-25T05:28:16.589904Z,R02,7f58522608,B_ref_1N,0,completo,2007-02-28,2026-07-31,233,12,USD,2.172700642313265,0.0612575821470176,0.10974825133003625,0.46466855413897384,0.670828013400291,-0.3460558456831305,0.17701646399323856,0.13413825740804539,-0.8863973027748332,6.9655726119633306,0.9718544135883991,1.0,1.0,0.3907319851161981,0.0017192207345112735,1,0.06308435048820926,0.014823262699370066,0.0029,0.0015,2011-12-31,0e6d3baabe3fe595,"Yahoo chart v8 adjclose 1mo/1d SPY,EFA,EEM,TLT,IEF,GLD,DBC,VNQ (descarga 2026-09-25); RF French CRSP 202607 sha256 b840dba55d319f48","{""activos"": [""SPY"", ""EFA"", ""EEM"", ""TLT"", ""IEF"", ""GLD"", ""DBC"", ""VNQ""], ""bruto_max"": 1.0, ""comision_por_lado"": 0.0029, ""cortes"": [""2011-12-31""], ""efectivo_en_mxn"": false, ""extras"": [""vol_DBC"", ""vol_EEM"", ""vol_EFA"", ""vol_GLD"", ""vol_IEF"", ""vol_SPY"", ""vol_TLT"", ""vol_VNQ""], ""fx"": false, ""max_dias_fx"": 10, ""min_historia"": 12, ""motor"": ""R02.backtest_cartera"", ""periodos_por_anio"": 12, ""peso_max"": 0.125, ""peso_min"": 0.0, ""rebalanceo_con_deriva"": true, ""segmentos"": [""dentro_muestra"", ""fuera_muestra""], ""senal"": ""cartera_ref_1n_L12_obj0.0_tope1.0"", ""spread_por_lado"": 0.0015, ""usuario"": {""escenario_costos"": ""medio"", ""parte"": ""b"", ""tipo"": ""referencia""}, ""variante"": ""B_ref_1N""}",referencia; sensibilidad: spread medio 0.15% por lado
2026-09-25T05:28:16.589904Z,R02,7f58522608,B_ref_1N,0,dentro_muestra,2007-02-28,2011-12-31,58,12,USD,0.3012042651189195,0.05593194473180674,0.15071968229188756,0.36186840676344834,0.502324645549275,-0.3460558456831305,0.1616269322698319,0.10446241102804894,-1.1487287021075414,6.401200033277444,0.7704630847578955,1.0,1.0,0.6665025969601525,0.0029326114266246704,1,0.05903549563161037,0.011541522760558198,0.0029,0.0015,2011-12-31,0e6d3baabe3fe595,"Yahoo chart v8 adjclose 1mo/1d SPY,EFA,EEM,TLT,IEF,GLD,DBC,VNQ (descarga 2026-09-25); RF French CRSP 202607 sha256 b840dba55d319f48","{""activos"": [""SPY"", ""EFA"", ""EEM"", ""TLT"", ""IEF"", ""GLD"", ""DBC"", ""VNQ""], ""bruto_max"": 1.0, ""comision_por_lado"": 0.0029, ""cortes"": [""2011-12-31""], ""efectivo_en_mxn"": false, ""extras"": [""vol_DBC"", ""vol_EEM"", ""vol_EFA"", ""vol_GLD"", ""vol_IEF"", ""vol_SPY"", ""vol_TLT"", ""vol_VNQ""], ""fx"": false, ""max_dias_fx"": 10, ""min_historia"": 12, ""motor"": ""R02.backtest_cartera"", ""periodos_por_anio"": 12, ""peso_max"": 0.125, ""peso_min"": 0.0, ""rebalanceo_con_deriva"": true, ""segmentos"": [""dentro_muestra"", ""fuera_muestra""], ""senal"": ""cartera_ref_1n_L12_obj0.0_tope1.0"", ""spread_por_lado"": 0.0015, ""usuario"": {""escenario_costos"": ""medio"", ""parte"": ""b"", ""tipo"": ""referencia""}, ""variante"": ""B_ref_1N""}",referencia; sensibilidad: spread medio 0.15% por lado
2026-09-25T05:28:16.589904Z,R02,7f58522608,B_ref_1N,0,fuera_muestra,2011-12-31,2026-07-31,175,12,USD,1.4382802357501552,0.06303038911723435,0.0928330642160277,0.5373435956695349,0.8108755059321986,-0.19240899767121533,0.3275854553586908,0.15511773480356372,-0.36235164801550257,3.7273891806187023,0.9759039317833527,1.0,1.0,0.29923993270758625,0.0013166557039133808,0,0.06443105052045439,0.01591439165222197,0.0029,0.0015,2011-12-31,0e6d3baabe3fe595,"Yahoo chart v8 adjclose 1mo/1d SPY,EFA,EEM,TLT,IEF,GLD,DBC,VNQ (descarga 2026-09-25); RF French CRSP 202607 sha256 b840dba55d319f48","{""activos"": [""SPY"", ""EFA"", ""EEM"", ""TLT"", ""IEF"", ""GLD"", ""DBC"", ""VNQ""], ""bruto_max"": 1.0, ""comision_por_lado"": 0.0029, ""cortes"": [""2011-12-31""], ""efectivo_en_mxn"": false, ""extras"": [""vol_DBC"", ""vol_EEM"", ""vol_EFA"", ""vol_GLD"", ""vol_IEF"", ""vol_SPY"", ""vol_TLT"", ""vol_VNQ""], ""fx"": false, ""max_dias_fx"": 10, ""min_historia"": 12, ""motor"": ""R02.backtest_cartera"", ""periodos_por_anio"": 12, ""peso_max"": 0.125, ""peso_min"": 0.0, ""rebalanceo_con_deriva"": true, ""segmentos"": [""dentro_muestra"", ""fuera_muestra""], ""senal"": ""cartera_ref_1n_L12_obj0.0_tope1.0"", ""spread_por_lado"": 0.0015, ""usuario"": {""escenario_costos"": ""medio"", ""parte"": ""b"", ""tipo"": ""referencia""}, ""variante"": ""B_ref_1N""}",referencia; sensibilidad: spread medio 0.15% por lado
2026-09-25T05:28:16.616654Z,R02,4bdbc6e2bd,B_ref_1N_sin_rebalanceo,0,completo,2007-02-28,2026-07-31,233,12,USD,2.23253397336241,0.062279087786156095,0.1057700985399281,0.48808573018440876,0.7014963139644925,-0.3010668291034704,0.20686134029316153,0.14089821385479173,-0.9227249508431562,6.733673104091398,0.9769195822680264,0.9999999999999994,1.0,0.05149443112928239,0.00022657549696884248,233,0.06308435048820926,0.014823262699370066,0.0029,0.0015,2011-12-31,0e6d3baabe3fe595,"Yahoo chart v8 adjclose 1mo/1d SPY,EFA,EEM,TLT,IEF,GLD,DBC,VNQ (descarga 2026-09-25); RF French CRSP 202607 sha256 b840dba55d319f48","{""activos"": [""SPY"", ""EFA"", ""EEM"", ""TLT"", ""IEF"", ""GLD"", ""DBC"", ""VNQ""], ""bruto_max"": 1.0, ""comision_por_lado"": 0.0029, ""cortes"": [""2011-12-31""], ""efectivo_en_mxn"": false, ""extras"": [""vol_DBC"", ""vol_EEM"", ""vol_EFA"", ""vol_GLD"", ""vol_IEF"", ""vol_SPY"", ""vol_TLT"", ""vol_VNQ""], ""fx"": false, ""max_dias_fx"": 10, ""min_historia"": 12, ""motor"": ""R02.backtest_cartera"", ""periodos_por_anio"": 12, ""peso_max"": 1.0, ""peso_min"": 0.0, ""rebalanceo_con_deriva"": true, ""segmentos"": [""dentro_muestra"", ""fuera_muestra""], ""senal"": ""cartera_ref_1n_sin_rebalanceo_L12_obj0.0_tope1.0"", ""spread_por_lado"": 0.0015, ""usuario"": {""escenario_costos"": ""medio"", ""parte"": ""b"", ""tipo"": ""referencia""}, ""variante"": ""B_ref_1N_sin_rebalanceo""}",referencia; sensibilidad: spread medio 0.15% por lado
2026-09-25T05:28:16.616654Z,R02,4bdbc6e2bd,B_ref_1N_sin_rebalanceo,0,dentro_muestra,2007-02-28,2011-12-31,58,12,USD,0.2873446603624279,0.053597209445186644,0.136267892157768,0.3687756812950992,0.5001607238898459,-0.3010668291034704,0.17802429316039464,0.10645636943315659,-1.3978192347226694,7.587472524850128,0.7715167625687974,0.9999999999999998,1.0,0.20670628183361628,0.0009095076400679115,58,0.05903549563161037,0.011541522760558198,0.0029,0.0015,2011-12-31,0e6d3baabe3fe595,"Yahoo chart v8 adjclose 1mo/1d SPY,EFA,EEM,TLT,IEF,GLD,DBC,VNQ (descarga 2026-09-25); RF French CRSP 202607 sha256 b840dba55d319f48","{""activos"": [""SPY"", ""EFA"", ""EEM"", ""TLT"", ""IEF"", ""GLD"", ""DBC"", ""VNQ""], ""bruto_max"": 1.0, ""comision_por_lado"": 0.0029, ""cortes"": [""2011-12-31""], ""efectivo_en_mxn"": false, ""extras"": [""vol_DBC"", ""vol_EEM"", ""vol_EFA"", ""vol_GLD"", ""vol_IEF"", ""vol_SPY"", ""vol_TLT"", ""vol_VNQ""], ""fx"": false, ""max_dias_fx"": 10, ""min_historia"": 12, ""motor"": ""R02.backtest_cartera"", ""periodos_por_anio"": 12, ""peso_max"": 1.0, ""peso_min"": 0.0, ""rebalanceo_con_deriva"": true, ""segmentos"": [""dentro_muestra"", ""fuera_muestra""], ""senal"": ""cartera_ref_1n_sin_rebalanceo_L12_obj0.0_tope1.0"", ""spread_por_lado"": 0.0015, ""usuario"": {""escenario_costos"": ""medio"", ""parte"": ""b"", ""tipo"": ""referencia""}, ""variante"": ""B_ref_1N_sin_rebalanceo""}",referencia; sensibilidad: spread medio 0.15% por lado
2026-09-25T05:28:16.616654Z,R02,4bdbc6e2bd,B_ref_1N_sin_rebalanceo,0,fuera_muestra,2011-12-31,2026-07-31,175,12,USD,1.5110089573466268,0.06517523893635424,0.09398284717701058,0.5549842615517363,0.8396266078401974,-0.2150166185186897,0.30311721663825286,0.1602101564014503,-0.34886212577465925,3.4029456160962055,0.9794128622193836,0.9999999999999993,1.0,0.0,0.0,175,0.06443105052045439,0.01591439165222197,0.0029,0.0015,2011-12-31,0e6d3baabe3fe595,"Yahoo chart v8 adjclose 1mo/1d SPY,EFA,EEM,TLT,IEF,GLD,DBC,VNQ (descarga 2026-09-25); RF French CRSP 202607 sha256 b840dba55d319f48","{""activos"": [""SPY"", ""EFA"", ""EEM"", ""TLT"", ""IEF"", ""GLD"", ""DBC"", ""VNQ""], ""bruto_max"": 1.0, ""comision_por_lado"": 0.0029, ""cortes"": [""2011-12-31""], ""efectivo_en_mxn"": false, ""extras"": [""vol_DBC"", ""vol_EEM"", ""vol_EFA"", ""vol_GLD"", ""vol_IEF"", ""vol_SPY"", ""vol_TLT"", ""vol_VNQ""], ""fx"": false, ""max_dias_fx"": 10, ""min_historia"": 12, ""motor"": ""R02.backtest_cartera"", ""periodos_por_anio"": 12, ""peso_max"": 1.0, ""peso_min"": 0.0, ""rebalanceo_con_deriva"": true, ""segmentos"": [""dentro_muestra"", ""fuera_muestra""], ""senal"": ""cartera_ref_1n_sin_rebalanceo_L12_obj0.0_tope1.0"", ""spread_por_lado"": 0.0015, ""usuario"": {""escenario_costos"": ""medio"", ""parte"": ""b"", ""tipo"": ""referencia""}, ""variante"": ""B_ref_1N_sin_rebalanceo""}",referencia; sensibilidad: spread medio 0.15% por lado
2026-09-25T05:28:16.638625Z,R02,0ccf781e65,B_ref_efectivo,0,completo,2007-02-28,2026-07-31,233,12,USD,0.33075812710378827,0.014823262699370066,0.0053483789707093376,0.0,0.0,0.0,inf,,0.0,3.0,,0.0,0.0,0.0,0.0,0,0.06308435048820926,0.014823262699370066,0.0029,0.0015,2011-12-31,0e6d3baabe3fe595,"Yahoo chart v8 adjclose 1mo/1d SPY,EFA,EEM,TLT,IEF,GLD,DBC,VNQ (descarga 2026-09-25); RF French CRSP 202607 sha256 b840dba55d319f48","{""activos"": [""SPY"", ""EFA"", ""EEM"", ""TLT"", ""IEF"", ""GLD"", ""DBC"", ""VNQ""], ""bruto_max"": 1.0, ""comision_por_lado"": 0.0029, ""cortes"": [""2011-12-31""], ""efectivo_en_mxn"": false, ""extras"": [""vol_DBC"", ""vol_EEM"", ""vol_EFA"", ""vol_GLD"", ""vol_IEF"", ""vol_SPY"", ""vol_TLT"", ""vol_VNQ""], ""fx"": false, ""max_dias_fx"": 10, ""min_historia"": 12, ""motor"": ""R02.backtest_cartera"", ""periodos_por_anio"": 12, ""peso_max"": 1.0, ""peso_min"": 0.0, ""rebalanceo_con_deriva"": true, ""segmentos"": [""dentro_muestra"", ""fuera_muestra""], ""senal"": ""cartera_ref_1n_L12_obj0.0_tope1.0"", ""spread_por_lado"": 0.0015, ""usuario"": {""escenario_costos"": ""medio"", ""parte"": ""b"", ""tipo"": ""referencia""}, ""variante"": ""B_ref_efectivo""}",referencia; sensibilidad: spread medio 0.15% por lado
2026-09-25T05:28:16.638625Z,R02,0ccf781e65,B_ref_efectivo,0,dentro_muestra,2007-02-28,2011-12-31,58,12,USD,0.05708552896197294,0.011541522760558198,0.004938797843395803,0.0,0.0,0.0,inf,,0.0,3.0,,0.0,0.0,0.0,0.0,0,0.05903549563161037,0.011541522760558198,0.0029,0.0015,2011-12-31,0e6d3baabe3fe595,"Yahoo chart v8 adjclose 1mo/1d SPY,EFA,EEM,TLT,IEF,GLD,DBC,VNQ (descarga 2026-09-25); RF French CRSP 202607 sha256 b840dba55d319f48","{""activos"": [""SPY"", ""EFA"", ""EEM"", ""TLT"", ""IEF"", ""GLD"", ""DBC"", ""VNQ""], ""bruto_max"": 1.0, ""comision_por_lado"": 0.0029, ""cortes"": [""2011-12-31""], ""efectivo_en_mxn"": false, ""extras"": [""vol_DBC"", ""vol_EEM"", ""vol_EFA"", ""vol_GLD"", ""vol_IEF"", ""vol_SPY"", ""vol_TLT"", ""vol_VNQ""], ""fx"": false, ""max_dias_fx"": 10, ""min_historia"": 12, ""motor"": ""R02.backtest_cartera"", ""periodos_por_anio"": 12, ""peso_max"": 1.0, ""peso_min"": 0.0, ""rebalanceo_con_deriva"": true, ""segmentos"": [""dentro_muestra"", ""fuera_muestra""], ""senal"": ""cartera_ref_1n_L12_obj0.0_tope1.0"", ""spread_por_lado"": 0.0015, ""usuario"": {""escenario_costos"": ""medio"", ""parte"": ""b"", ""tipo"": ""referencia""}, ""variante"": ""B_ref_efectivo""}",referencia; sensibilidad: spread medio 0.15% por lado
2026-09-25T05:28:16.638625Z,R02,0ccf781e65,B_ref_efectivo,0,fuera_muestra,2011-12-31,2026-07-31,175,12,USD,0.25889352435895274,0.01591439165222197,0.005455494450957997,0.0,0.0,0.0,inf,,0.0,3.0,,0.0,0.0,0.0,0.0,0,0.06443105052045439,0.01591439165222197,0.0029,0.0015,2011-12-31,0e6d3baabe3fe595,"Yahoo chart v8 adjclose 1mo/1d SPY,EFA,EEM,TLT,IEF,GLD,DBC,VNQ (descarga 2026-09-25); RF French CRSP 202607 sha256 b840dba55d319f48","{""activos"": [""SPY"", ""EFA"", ""EEM"", ""TLT"", ""IEF"", ""GLD"", ""DBC"", ""VNQ""], ""bruto_max"": 1.0, ""comision_por_lado"": 0.0029, ""cortes"": [""2011-12-31""], ""efectivo_en_mxn"": false, ""extras"": [""vol_DBC"", ""vol_EEM"", ""vol_EFA"", ""vol_GLD"", ""vol_IEF"", ""vol_SPY"", ""vol_TLT"", ""vol_VNQ""], ""fx"": false, ""max_dias_fx"": 10, ""min_historia"": 12, ""motor"": ""R02.backtest_cartera"", ""periodos_por_anio"": 12, ""peso_max"": 1.0, ""peso_min"": 0.0, ""rebalanceo_con_deriva"": true, ""segmentos"": [""dentro_muestra"", ""fuera_muestra""], ""senal"": ""cartera_ref_1n_L12_obj0.0_tope1.0"", ""spread_por_lado"": 0.0015, ""usuario"": {""escenario_costos"": ""medio"", ""parte"": ""b"", ""tipo"": ""referencia""}, ""variante"": ""B_ref_efectivo""}",referencia; sensibilidad: spread medio 0.15% por lado
2026-09-25T05:28:16.664037Z,R02,05fc3f62bb,B_ref_1N_sma10,0,completo,2007-02-28,2026-07-31,233,12,USD,1.4329344564911586,0.046847850785059375,0.06112601764745562,0.5405376472419922,0.8584249415097075,-0.0851343791602116,0.5502812288898934,0.15603977807114558,-0.04026549900811532,3.4420676488387922,0.9906632895933405,0.653969957081545,0.9871244635193133,2.074437675100149,0.009127525770440667,164,0.06308435048820926,0.014823262699370066,0.0029,0.0015,2011-12-31,0e6d3baabe3fe595,"Yahoo chart v8 adjclose 1mo/1d SPY,EFA,EEM,TLT,IEF,GLD,DBC,VNQ (descarga 2026-09-25); RF French CRSP 202607 sha256 b840dba55d319f48","{""activos"": [""SPY"", ""EFA"", ""EEM"", ""TLT"", ""IEF"", ""GLD"", ""DBC"", ""VNQ""], ""bruto_max"": 1.0, ""comision_por_lado"": 0.0029, ""cortes"": [""2011-12-31""], ""efectivo_en_mxn"": false, ""extras"": [""vol_DBC"", ""vol_EEM"", ""vol_EFA"", ""vol_GLD"", ""vol_IEF"", ""vol_SPY"", ""vol_TLT"", ""vol_VNQ""], ""fx"": false, ""max_dias_fx"": 10, ""min_historia"": 12, ""motor"": ""R02.backtest_cartera"", ""periodos_por_anio"": 12, ""peso_max"": 0.125, ""peso_min"": 0.0, ""rebalanceo_con_deriva"": true, ""segmentos"": [""dentro_muestra"", ""fuera_muestra""], ""senal"": ""cartera_ref_sma10_L12_obj0.0_tope1.0"", ""spread_por_lado"": 0.0015, ""usuario"": {""escenario_costos"": ""medio"", ""parte"": ""b"", ""tipo"": ""referencia"", ""ventana"": 10}, ""variante"": ""B_ref_1N_sma10""}",referencia; sensibilidad: spread medio 0.15% por lado
2026-09-25T05:28:16.664037Z,R02,05fc3f62bb,B_ref_1N_sma10,0,dentro_muestra,2007-02-28,2011-12-31,58,12,USD,0.3753146860643355,0.06809179649471009,0.0764860819684024,0.7514569671057952,1.3397632395928076,-0.0851343791602116,0.799815505397301,0.21692694112147534,0.06692716097652249,2.8995155288570507,0.9485959211134585,0.6853448275862069,1.0,1.9497752620397586,0.008579011152974938,37,0.05903549563161037,0.011541522760558198,0.0029,0.0015,2011-12-31,0e6d3baabe3fe595,"Yahoo chart v8 adjclose 1mo/1d SPY,EFA,EEM,TLT,IEF,GLD,DBC,VNQ (descarga 2026-09-25); RF French CRSP 202607 sha256 b840dba55d319f48","{""activos"": [""SPY"", ""EFA"", ""EEM"", ""TLT"", ""IEF"", ""GLD"", ""DBC"", ""VNQ""], ""bruto_max"": 1.0, ""comision_por_lado"": 0.0029, ""cortes"": [""2011-12-31""], ""efectivo_en_mxn"": false, ""extras"": [""vol_DBC"", ""vol_EEM"", ""vol_EFA"", ""vol_GLD"", ""vol_IEF"", ""vol_SPY"", ""vol_TLT"", ""vol_VNQ""], ""fx"": false, ""max_dias_fx"": 10, ""min_historia"": 12, ""motor"": ""R02.backtest_cartera"", ""periodos_por_anio"": 12, ""peso_max"": 0.125, ""peso_min"": 0.0, ""rebalanceo_con_deriva"": true, ""segmentos"": [""dentro_muestra"", ""fuera_muestra""], ""senal"": ""cartera_ref_sma10_L12_obj0.0_tope1.0"", ""spread_por_lado"": 0.0015, ""usuario"": {""escenario_costos"": ""medio"", ""parte"": ""b"", ""tipo"": ""referencia"", ""ventana"": 10}, ""variante"": ""B_ref_1N_sma10""}",referencia; sensibilidad: spread medio 0.15% por lado
2026-09-25T05:28:16.664037Z,R02,05fc3f62bb,B_ref_1N_sma10,0,fuera_muestra,2011-12-31,2026-07-31,175,12,USD,0.7690020190603495,0.03989353799181017,0.05521545529352279,0.45205666799630917,0.6754228200573644,-0.0715344014427095,0.5576832571075627,0.1304975194783172,-0.2487307907215066,3.3050739298474574,0.9541128286375331,0.6435714285714286,0.9828571428571429,2.1157967595683655,0.009309505742100805,127,0.06443105052045439,0.01591439165222197,0.0029,0.0015,2011-12-31,0e6d3baabe3fe595,"Yahoo chart v8 adjclose 1mo/1d SPY,EFA,EEM,TLT,IEF,GLD,DBC,VNQ (descarga 2026-09-25); RF French CRSP 202607 sha256 b840dba55d319f48","{""activos"": [""SPY"", ""EFA"", ""EEM"", ""TLT"", ""IEF"", ""GLD"", ""DBC"", ""VNQ""], ""bruto_max"": 1.0, ""comision_por_lado"": 0.0029, ""cortes"": [""2011-12-31""], ""efectivo_en_mxn"": false, ""extras"": [""vol_DBC"", ""vol_EEM"", ""vol_EFA"", ""vol_GLD"", ""vol_IEF"", ""vol_SPY"", ""vol_TLT"", ""vol_VNQ""], ""fx"": false, ""max_dias_fx"": 10, ""min_historia"": 12, ""motor"": ""R02.backtest_cartera"", ""periodos_por_anio"": 12, ""peso_max"": 0.125, ""peso_min"": 0.0, ""rebalanceo_con_deriva"": true, ""segmentos"": [""dentro_muestra"", ""fuera_muestra""], ""senal"": ""cartera_ref_sma10_L12_obj0.0_tope1.0"", ""spread_por_lado"": 0.0015, ""usuario"": {""escenario_costos"": ""medio"", ""parte"": ""b"", ""tipo"": ""referencia"", ""ventana"": 10}, ""variante"": ""B_ref_1N_sma10""}",referencia; sensibilidad: spread medio 0.15% por lado
2026-09-25T05:28:16.689370Z,R02,9e4dd51e80,B_ref_1N_vt10,0,completo,2007-02-28,2026-07-31,233,12,USD,1.1600891813815615,0.040455305215120196,0.054291393773263946,0.4903748376542437,0.7149007816155918,-0.11113022302573172,0.36403513026112566,0.14155902226174832,-0.5547399474684083,3.521709252176663,0.9804972979777655,0.6553756378026497,1.0,0.5177964994942567,0.0022783045977747282,233,0.06308435048820926,0.014823262699370066,0.0029,0.0015,2011-12-31,0e6d3baabe3fe595,"Yahoo chart v8 adjclose 1mo/1d SPY,EFA,EEM,TLT,IEF,GLD,DBC,VNQ (descarga 2026-09-25); RF French CRSP 202607 sha256 b840dba55d319f48","{""activos"": [""SPY"", ""EFA"", ""EEM"", ""TLT"", ""IEF"", ""GLD"", ""DBC"", ""VNQ""], ""bruto_max"": 1.0, ""comision_por_lado"": 0.0029, ""cortes"": [""2011-12-31""], ""efectivo_en_mxn"": false, ""extras"": [""vol_DBC"", ""vol_EEM"", ""vol_EFA"", ""vol_GLD"", ""vol_IEF"", ""vol_SPY"", ""vol_TLT"", ""vol_VNQ""], ""fx"": false, ""max_dias_fx"": 10, ""min_historia"": 12, ""motor"": ""R02.backtest_cartera"", ""periodos_por_anio"": 12, ""peso_max"": 0.125, ""peso_min"": 0.0, ""rebalanceo_con_deriva"": true, ""segmentos"": [""dentro_muestra"", ""fuera_muestra""], ""senal"": ""cartera_ref_vt_L12_obj0.1_tope1.0"", ""spread_por_lado"": 0.0015, ""usuario"": {""escenario_costos"": ""medio"", ""parte"": ""b"", ""sigma_obj"": 0.1, ""tipo"": ""referencia"", ""tope_por_activo"": 1.0}, ""variante"": ""B_ref_1N_vt10""}",referencia; sensibilidad: spread medio 0.15% por lado
2026-09-25T05:28:16.689370Z,R02,9e4dd51e80,B_ref_1N_vt10,0,dentro_muestra,2007-02-28,2011-12-31,58,12,USD,0.2396539172783927,0.0454079310633575,0.04818544955579998,0.707743882903101,1.1037163769241103,-0.08238442837374582,0.5511712827254143,0.20430806065570817,-0.6021759796939707,3.969285897602836,0.9244812903363515,0.5216279943714481,1.0,0.5588519269334199,0.0024589484785070477,58,0.05903549563161037,0.011541522760558198,0.0029,0.0015,2011-12-31,0e6d3baabe3fe595,"Yahoo chart v8 adjclose 1mo/1d SPY,EFA,EEM,TLT,IEF,GLD,DBC,VNQ (descarga 2026-09-25); RF French CRSP 202607 sha256 b840dba55d319f48","{""activos"": [""SPY"", ""EFA"", ""EEM"", ""TLT"", ""IEF"", ""GLD"", ""DBC"", ""VNQ""], ""bruto_max"": 1.0, ""comision_por_lado"": 0.0029, ""cortes"": [""2011-12-31""], ""efectivo_en_mxn"": false, ""extras"": [""vol_DBC"", ""vol_EEM"", ""vol_EFA"", ""vol_GLD"", ""vol_IEF"", ""vol_SPY"", ""vol_TLT"", ""vol_VNQ""], ""fx"": false, ""max_dias_fx"": 10, ""min_historia"": 12, ""motor"": ""R02.backtest_cartera"", ""periodos_por_anio"": 12, ""peso_max"": 0.125, ""peso_min"": 0.0, ""rebalanceo_con_deriva"": true, ""segmentos"": [""dentro_muestra"", ""fuera_muestra""], ""senal"": ""cartera_ref_vt_L12_obj0.1_tope1.0"", ""spread_por_lado"": 0.0015, ""usuario"": {""escenario_costos"": ""medio"", ""parte"": ""b"", ""sigma_obj"": 0.1, ""tipo"": ""referencia"", ""tope_por_activo"": 1.0}, ""variante"": ""B_ref_1N_vt10""}",referencia; sensibilidad: spread medio 0.15% por lado
2026-09-25T05:28:16.689370Z,R02,9e4dd51e80,B_ref_1N_vt10,0,fuera_muestra,2011-12-31,2026-07-31,175,12,USD,0.7424937325442789,0.03881736800226432,0.05629148955932692,0.4282192651210875,0.6159331152619785,-0.11113022302573161,0.3492962305427603,0.12361625399492181,-0.5312367021831874,3.3744319276349612,0.9421278813441631,0.6997034281969908,1.0,0.5041755944463777,0.002218372615564063,175,0.06443105052045439,0.01591439165222197,0.0029,0.0015,2011-12-31,0e6d3baabe3fe595,"Yahoo chart v8 adjclose 1mo/1d SPY,EFA,EEM,TLT,IEF,GLD,DBC,VNQ (descarga 2026-09-25); RF French CRSP 202607 sha256 b840dba55d319f48","{""activos"": [""SPY"", ""EFA"", ""EEM"", ""TLT"", ""IEF"", ""GLD"", ""DBC"", ""VNQ""], ""bruto_max"": 1.0, ""comision_por_lado"": 0.0029, ""cortes"": [""2011-12-31""], ""efectivo_en_mxn"": false, ""extras"": [""vol_DBC"", ""vol_EEM"", ""vol_EFA"", ""vol_GLD"", ""vol_IEF"", ""vol_SPY"", ""vol_TLT"", ""vol_VNQ""], ""fx"": false, ""max_dias_fx"": 10, ""min_historia"": 12, ""motor"": ""R02.backtest_cartera"", ""periodos_por_anio"": 12, ""peso_max"": 0.125, ""peso_min"": 0.0, ""rebalanceo_con_deriva"": true, ""segmentos"": [""dentro_muestra"", ""fuera_muestra""], ""senal"": ""cartera_ref_vt_L12_obj0.1_tope1.0"", ""spread_por_lado"": 0.0015, ""usuario"": {""escenario_costos"": ""medio"", ""parte"": ""b"", ""sigma_obj"": 0.1, ""tipo"": ""referencia"", ""tope_por_activo"": 1.0}, ""variante"": ""B_ref_1N_vt10""}",referencia; sensibilidad: spread medio 0.15% por lado
2026-09-25T05:28:16.714689Z,R02,172a9dbd5e,B_ref_largo_vt40,0,completo,2007-02-28,2026-07-31,233,12,USD,5.356941699972595,0.09992433497360231,0.2243519138168593,0.4747576597439286,0.6888290308096852,-0.4418676334917486,0.22614087885092468,0.13705073132649698,-0.5636844666433324,3.43545582891458,0.9772854843621219,2.9677380113888607,1.0,3.36925303114718,0.014824713337047584,233,0.06308435048820926,0.014823262699370066,0.0029,0.0015,2011-12-31,0e6d3baabe3fe595,"Yahoo chart v8 adjclose 1mo/1d SPY,EFA,EEM,TLT,IEF,GLD,DBC,VNQ (descarga 2026-09-25); RF French CRSP 202607 sha256 b840dba55d319f48","{""activos"": [""SPY"", ""EFA"", ""EEM"", ""TLT"", ""IEF"", ""GLD"", ""DBC"", ""VNQ""], ""bruto_max"": 10.0, ""comision_por_lado"": 0.0029, ""cortes"": [""2011-12-31""], ""efectivo_en_mxn"": false, ""extras"": [""vol_DBC"", ""vol_EEM"", ""vol_EFA"", ""vol_GLD"", ""vol_IEF"", ""vol_SPY"", ""vol_TLT"", ""vol_VNQ""], ""fx"": false, ""max_dias_fx"": 10, ""min_historia"": 12, ""motor"": ""R02.backtest_cartera"", ""periodos_por_anio"": 12, ""peso_max"": 1.25, ""peso_min"": 0.0, ""rebalanceo_con_deriva"": true, ""segmentos"": [""dentro_muestra"", ""fuera_muestra""], ""senal"": ""cartera_ref_largo_vt_L12_obj0.4_tope10.0"", ""spread_por_lado"": 0.0015, ""usuario"": {""escenario_costos"": ""medio"", ""parte"": ""b"", ""sigma_obj"": 0.4, ""tipo"": ""referencia"", ""tope_por_activo"": 10.0}, ""variante"": ""B_ref_largo_vt40""}",referencia; sensibilidad: spread medio 0.15% por lado
2026-09-25T05:28:16.714689Z,R02,172a9dbd5e,B_ref_largo_vt40,0,dentro_muestra,2007-02-28,2011-12-31,58,12,USD,0.9152638238554354,0.1437692743593637,0.19472498675544214,0.7312353362758358,1.1411850738985403,-0.31716772297952656,0.4532910001332139,0.21108945911991017,-0.6158073433742776,3.9152285641313944,0.9303141295653821,2.2771851552042155,1.0,3.221888163394473,0.01417630791893568,58,0.05903549563161037,0.011541522760558198,0.0029,0.0015,2011-12-31,0e6d3baabe3fe595,"Yahoo chart v8 adjclose 1mo/1d SPY,EFA,EEM,TLT,IEF,GLD,DBC,VNQ (descarga 2026-09-25); RF French CRSP 202607 sha256 b840dba55d319f48","{""activos"": [""SPY"", ""EFA"", ""EEM"", ""TLT"", ""IEF"", ""GLD"", ""DBC"", ""VNQ""], ""bruto_max"": 10.0, ""comision_por_lado"": 0.0029, ""cortes"": [""2011-12-31""], ""efectivo_en_mxn"": false, ""extras"": [""vol_DBC"", ""vol_EEM"", ""vol_EFA"", ""vol_GLD"", ""vol_IEF"", ""vol_SPY"", ""vol_TLT"", ""vol_VNQ""], ""fx"": false, ""max_dias_fx"": 10, ""min_historia"": 12, ""motor"": ""R02.backtest_cartera"", ""periodos_por_anio"": 12, ""peso_max"": 1.25, ""peso_min"": 0.0, ""rebalanceo_con_deriva"": true, ""segmentos"": [""dentro_muestra"", ""fuera_muestra""], ""senal"": ""cartera_ref_largo_vt_L12_obj0.4_tope10.0"", ""spread_por_lado"": 0.0015, ""usuario"": {""escenario_costos"": ""medio"", ""parte"": ""b"", ""sigma_obj"": 0.4, ""tipo"": ""referencia"", ""tope_por_activo"": 10.0}, ""variante"": ""B_ref_largo_vt40""}",referencia; sensibilidad: spread medio 0.15% por lado
2026-09-25T05:28:16.714689Z,R02,172a9dbd5e,B_ref_largo_vt40,0,fuera_muestra,2011-12-31,2026-07-31,175,12,USD,2.3190945397673954,0.08575248777272915,0.23377385671100473,0.4045405241343607,0.5789506583353996,-0.4418676334917485,0.19406827129448598,0.11678079025354274,-0.5352579536378594,3.2681727352306846,0.9317610714847013,3.196606958010057,1.0,3.418144079085411,0.01503983394797581,175,0.06443105052045439,0.01591439165222197,0.0029,0.0015,2011-12-31,0e6d3baabe3fe595,"Yahoo chart v8 adjclose 1mo/1d SPY,EFA,EEM,TLT,IEF,GLD,DBC,VNQ (descarga 2026-09-25); RF French CRSP 202607 sha256 b840dba55d319f48","{""activos"": [""SPY"", ""EFA"", ""EEM"", ""TLT"", ""IEF"", ""GLD"", ""DBC"", ""VNQ""], ""bruto_max"": 10.0, ""comision_por_lado"": 0.0029, ""cortes"": [""2011-12-31""], ""efectivo_en_mxn"": false, ""extras"": [""vol_DBC"", ""vol_EEM"", ""vol_EFA"", ""vol_GLD"", ""vol_IEF"", ""vol_SPY"", ""vol_TLT"", ""vol_VNQ""], ""fx"": false, ""max_dias_fx"": 10, ""min_historia"": 12, ""motor"": ""R02.backtest_cartera"", ""periodos_por_anio"": 12, ""peso_max"": 1.25, ""peso_min"": 0.0, ""rebalanceo_con_deriva"": true, ""segmentos"": [""dentro_muestra"", ""fuera_muestra""], ""senal"": ""cartera_ref_largo_vt_L12_obj0.4_tope10.0"", ""spread_por_lado"": 0.0015, ""usuario"": {""escenario_costos"": ""medio"", ""parte"": ""b"", ""sigma_obj"": 0.4, ""tipo"": ""referencia"", ""tope_por_activo"": 10.0}, ""variante"": ""B_ref_largo_vt40""}",referencia; sensibilidad: spread medio 0.15% por lado
2026-09-25T05:28:16.740251Z,R02,6128171d05,A_ls_vt40_L3,0,completo,1927-06-30,2026-07-31,1189,12,USD,0.9934563590717569,0.006986660400439826,0.4885073160076573,0.21920401012579202,0.312470914634882,-0.9949254526819462,0.00702229537057918,0.06327874712678574,-0.41525407549544296,4.937235889987254,0.9841759509436235,1.2256935588435192,1.0,22.64463519961807,0.0,1189,0.10260130985470983,0.03287249298954742,0.0,0.0,2011-12-31,e85ac74d630dff95,French F-F_Research_Data_Factors CRSP 202607 sha256 b840dba55d319f48; daily CRSP 202607 sha256 1916d331c2c51d2a,"{""comision_por_lado"": 0.0, ""cortes"": [""2011-12-31""], ""efectivo_en_mxn"": false, ""exposicion_inicial"": 0.0, ""exposicion_max"": 10.0, ""exposicion_min"": -10.0, ""extras"": [""vol""], ""fx"": false, ""max_dias_fx"": 10, ""min_historia"": 12, ""periodos_por_anio"": 12, ""permitir_capturas"": false, ""rebalanceo_con_deriva"": true, ""segmentos"": [""dentro_muestra"", ""fuera_muestra""], ""senal"": ""a_ls_vt40_L3"", ""spread_por_lado"": 0.0, ""usuario"": {""L"": 3, ""escenario_costos"": ""bruto"", ""parte"": ""a"", ""sigma_obj"": 0.4, ""tipo"": ""largo/corto"", ""tope"": 10.0}, ""variante"": ""A_ls_vt40_L3""}",sensibilidad: bruto (sin comision ni spread)
2026-09-25T05:28:16.740251Z,R02,6128171d05,A_ls_vt40_L3,0,dentro_muestra,1927-06-30,2011-12-31,1014,12,USD,-0.351085411174881,-0.005104500431099002,0.5054869762838599,0.20281139638880788,0.2886550841639376,-0.9949254526819462,-0.005130535576649668,0.058546607149901064,-0.41563298546457955,4.872949061039137,0.9669805692891128,1.125632391304433,1.0,23.928910781124898,0.0,1014,0.09471675589938688,0.03582725431534661,0.0,0.0,2011-12-31,e85ac74d630dff95,French F-F_Research_Data_Factors CRSP 202607 sha256 b840dba55d319f48; daily CRSP 202607 sha256 1916d331c2c51d2a,"{""comision_por_lado"": 0.0, ""cortes"": [""2011-12-31""], ""efectivo_en_mxn"": false, ""exposicion_inicial"": 0.0, ""exposicion_max"": 10.0, ""exposicion_min"": -10.0, ""extras"": [""vol""], ""fx"": false, ""max_dias_fx"": 10, ""min_historia"": 12, ""periodos_por_anio"": 12, ""permitir_capturas"": false, ""rebalanceo_con_deriva"": true, ""segmentos"": [""dentro_muestra"", ""fuera_muestra""], ""senal"": ""a_ls_vt40_L3"", ""spread_por_lado"": 0.0, ""usuario"": {""L"": 3, ""escenario_costos"": ""bruto"", ""parte"": ""a"", ""sigma_obj"": 0.4, ""tipo"": ""largo/corto"", ""tope"": 10.0}, ""variante"": ""A_ls_vt40_L3""}",sensibilidad: bruto (sin comision ni spread)
2026-09-25T05:28:16.740251Z,R02,6128171d05,A_ls_vt40_L3,0,fuera_muestra,2011-12-31,2026-07-31,175,12,USD,2.071985733409034,0.08000697529773682,0.3764866454228669,0.35477846966471055,0.5157342567502268,-0.646063692067,0.12383759725262458,0.10241572248180206,-0.28874214613116017,3.3263386866587266,0.9078261156571266,1.8054765524699965,1.0,15.202058064205337,0.0,175,0.1494246054539059,0.01591439165222197,0.0,0.0,2011-12-31,e85ac74d630dff95,French F-F_Research_Data_Factors CRSP 202607 sha256 b840dba55d319f48; daily CRSP 202607 sha256 1916d331c2c51d2a,"{""comision_por_lado"": 0.0, ""cortes"": [""2011-12-31""], ""efectivo_en_mxn"": false, ""exposicion_inicial"": 0.0, ""exposicion_max"": 10.0, ""exposicion_min"": -10.0, ""extras"": [""vol""], ""fx"": false, ""max_dias_fx"": 10, ""min_historia"": 12, ""periodos_por_anio"": 12, ""permitir_capturas"": false, ""rebalanceo_con_deriva"": true, ""segmentos"": [""dentro_muestra"", ""fuera_muestra""], ""senal"": ""a_ls_vt40_L3"", ""spread_por_lado"": 0.0, ""usuario"": {""L"": 3, ""escenario_costos"": ""bruto"", ""parte"": ""a"", ""sigma_obj"": 0.4, ""tipo"": ""largo/corto"", ""tope"": 10.0}, ""variante"": ""A_ls_vt40_L3""}",sensibilidad: bruto (sin comision ni spread)
2026-09-25T05:28:16.765887Z,R02,3660bdf239,A_ls_vt40_L6,0,completo,1927-06-30,2026-07-31,1189,12,USD,211.8995872221848,0.055593266177679235,0.48754929779558387,0.31808418077816086,0.4527171697422919,-0.994718751650338,0.055888426839691564,0.09182299369861639,-0.5569757323742706,5.053060213961793,0.9989456331432862,1.5891999258395482,1.0,16.116345974461524,0.0,1189,0.10260130985470983,0.03287249298954742,0.0,0.0,2011-12-31,e85ac74d630dff95,French F-F_Research_Data_Factors CRSP 202607 sha256 b840dba55d319f48; daily CRSP 202607 sha256 1916d331c2c51d2a,"{""comision_por_lado"": 0.0, ""cortes"": [""2011-12-31""], ""efectivo_en_mxn"": false, ""exposicion_inicial"": 0.0, ""exposicion_max"": 10.0, ""exposicion_min"": -10.0, ""extras"": [""vol""], ""fx"": false, ""max_dias_fx"": 10, ""min_historia"": 12, ""periodos_por_anio"": 12, ""permitir_capturas"": false, ""rebalanceo_con_deriva"": true, ""segmentos"": [""dentro_muestra"", ""fuera_muestra""], ""senal"": ""a_ls_vt40_L6"", ""spread_por_lado"": 0.0, ""usuario"": {""L"": 6, ""escenario_costos"": ""bruto"", ""parte"": ""a"", ""sigma_obj"": 0.4, ""tipo"": ""largo/corto"", ""tope"": 10.0}, ""variante"": ""A_ls_vt40_L6""}",sensibilidad: bruto (sin comision ni spread)
2026-09-25T05:28:16.765887Z,R02,3660bdf239,A_ls_vt40_L6,0,dentro_muestra,1927-06-30,2011-12-31,1014,12,USD,89.04933860053714,0.05469992871329077,0.50434065780063,0.32049521710287476,0.45737701981333895,-0.994718751650338,0.05499034638940717,0.09251899993416615,-0.5552397953941332,4.999497553932449,0.9978831690834484,1.4991892446637056,1.0,17.05497215914309,0.0,1014,0.09471675589938688,0.03582725431534661,0.0,0.0,2011-12-31,e85ac74d630dff95,French F-F_Research_Data_Factors CRSP 202607 sha256 b840dba55d319f48; daily CRSP 202607 sha256 1916d331c2c51d2a,"{""comision_por_lado"": 0.0, ""cortes"": [""2011-12-31""], ""efectivo_en_mxn"": false, ""exposicion_inicial"": 0.0, ""exposicion_max"": 10.0, ""exposicion_min"": -10.0, ""extras"": [""vol""], ""fx"": false, ""max_dias_fx"": 10, ""min_historia"": 12, ""periodos_por_anio"": 12, ""permitir_capturas"": false, ""rebalanceo_con_deriva"": true, ""segmentos"": [""dentro_muestra"", ""fuera_muestra""], ""senal"": ""a_ls_vt40_L6"", ""spread_por_lado"": 0.0, ""usuario"": {""L"": 6, ""escenario_costos"": ""bruto"", ""parte"": ""a"", ""sigma_obj"": 0.4, ""tipo"": ""largo/corto"", ""tope"": 10.0}, ""variante"": ""A_ls_vt40_L6""}",sensibilidad: bruto (sin comision ni spread)
2026-09-25T05:28:16.765887Z,R02,3660bdf239,A_ls_vt40_L6,0,fuera_muestra,2011-12-31,2026-07-31,175,12,USD,1.3642548688404785,0.060785214487324435,0.3765815718468794,0.310736433808575,0.43154815106599226,-0.868749340620776,0.06996864532166387,0.08970188185320256,-0.5586279903108651,3.4076282485460196,0.8753433359812318,2.1107475299098595,1.0,10.676860959404,0.0,175,0.1494246054539059,0.01591439165222197,0.0,0.0,2011-12-31,e85ac74d630dff95,French F-F_Research_Data_Factors CRSP 202607 sha256 b840dba55d319f48; daily CRSP 202607 sha256 1916d331c2c51d2a,"{""comision_por_lado"": 0.0, ""cortes"": [""2011-12-31""], ""efectivo_en_mxn"": false, ""exposicion_inicial"": 0.0, ""exposicion_max"": 10.0, ""exposicion_min"": -10.0, ""extras"": [""vol""], ""fx"": false, ""max_dias_fx"": 10, ""min_historia"": 12, ""periodos_por_anio"": 12, ""permitir_capturas"": false, ""rebalanceo_con_deriva"": true, ""segmentos"": [""dentro_muestra"", ""fuera_muestra""], ""senal"": ""a_ls_vt40_L6"", ""spread_por_lado"": 0.0, ""usuario"": {""L"": 6, ""escenario_costos"": ""bruto"", ""parte"": ""a"", ""sigma_obj"": 0.4, ""tipo"": ""largo/corto"", ""tope"": 10.0}, ""variante"": ""A_ls_vt40_L6""}",sensibilidad: bruto (sin comision ni spread)
2026-09-25T05:28:16.792175Z,R02,54df26a6a9,A_ls_vt40_L12,0,completo,1927-06-30,2026-07-31,1189,12,USD,32029.411246320626,0.11037949987170692,0.4859768428811438,0.41964385832795437,0.6163150120093186,-0.9792323104353945,0.11272044304035378,0.12114074728470882,-0.4961440045892652,5.1121813755433045,0.9999717247985185,1.788005425107295,1.0,11.405537161719648,0.0,1189,0.10260130985470983,0.03287249298954742,0.0,0.0,2011-12-31,e85ac74d630dff95,French F-F_Research_Data_Factors CRSP 202607 sha256 b840dba55d319f48; daily CRSP 202607 sha256 1916d331c2c51d2a,"{""comision_por_lado"": 0.0, ""cortes"": [""2011-12-31""], ""efectivo_en_mxn"": false, ""exposicion_inicial"": 0.0, ""exposicion_max"": 10.0, ""exposicion_min"": -10.0, ""extras"": [""vol""], ""fx"": false, ""max_dias_fx"": 10, ""min_historia"": 12, ""periodos_por_anio"": 12, ""permitir_capturas"": false, ""rebalanceo_con_deriva"": true, ""segmentos"": [""dentro_muestra"", ""fuera_muestra""], ""senal"": ""a_ls_vt40_L12"", ""spread_por_lado"": 0.0, ""usuario"": {""L"": 12, ""escenario_costos"": ""bruto"", ""parte"": ""a"", ""sigma_obj"": 0.4, ""tipo"": ""largo/corto"", ""tope"": 10.0}, ""variante"": ""A_ls_vt40_L12""}",sensibilidad: bruto (sin comision ni spread)
2026-09-25T05:28:16.792175Z,R02,54df26a6a9,A_ls_vt40_L12,0,dentro_muestra,1927-06-30,2011-12-31,1014,12,USD,5998.601186477842,0.10843317514682238,0.5027357095471003,0.41673856329616243,0.6121478952125035,-0.9792323104353945,0.11073284040087475,0.12030206085036864,-0.5026117941940519,5.057283220804997,0.9998890579858553,1.713516903966823,1.0,11.894230573149027,0.0,1014,0.09471675589938688,0.03582725431534661,0.0,0.0,2011-12-31,e85ac74d630dff95,French F-F_Research_Data_Factors CRSP 202607 sha256 b840dba55d319f48; daily CRSP 202607 sha256 1916d331c2c51d2a,"{""comision_por_lado"": 0.0, ""cortes"": [""2011-12-31""], ""efectivo_en_mxn"": false, ""exposicion_inicial"": 0.0, ""exposicion_max"": 10.0, ""exposicion_min"": -10.0, ""extras"": [""vol""], ""fx"": false, ""max_dias_fx"": 10, ""min_historia"": 12, ""periodos_por_anio"": 12, ""permitir_capturas"": false, ""rebalanceo_con_deriva"": true, ""segmentos"": [""dentro_muestra"", ""fuera_muestra""], ""senal"": ""a_ls_vt40_L12"", ""spread_por_lado"": 0.0, ""usuario"": {""L"": 12, ""escenario_costos"": ""bruto"", ""parte"": ""a"", ""sigma_obj"": 0.4, ""tipo"": ""largo/corto"", ""tope"": 10.0}, ""variante"": ""A_ls_vt40_L12""}",sensibilidad: bruto (sin comision ni spread)
2026-09-25T05:28:16.792175Z,R02,54df26a6a9,A_ls_vt40_L12,0,fuera_muestra,2011-12-31,2026-07-31,175,12,USD,4.338756735783055,0.12172623493270218,0.37527110999906194,0.45732830604746216,0.6724232042862951,-0.7816140904321779,0.15573700170297095,0.13201931030226893,-0.3817783615644066,3.41316749165174,0.9545547419980315,2.219613199029801,1.0,8.573482684857508,0.0,175,0.1494246054539059,0.01591439165222197,0.0,0.0,2011-12-31,e85ac74d630dff95,French F-F_Research_Data_Factors CRSP 202607 sha256 b840dba55d319f48; daily CRSP 202607 sha256 1916d331c2c51d2a,"{""comision_por_lado"": 0.0, ""cortes"": [""2011-12-31""], ""efectivo_en_mxn"": false, ""exposicion_inicial"": 0.0, ""exposicion_max"": 10.0, ""exposicion_min"": -10.0, ""extras"": [""vol""], ""fx"": false, ""max_dias_fx"": 10, ""min_historia"": 12, ""periodos_por_anio"": 12, ""permitir_capturas"": false, ""rebalanceo_con_deriva"": true, ""segmentos"": [""dentro_muestra"", ""fuera_muestra""], ""senal"": ""a_ls_vt40_L12"", ""spread_por_lado"": 0.0, ""usuario"": {""L"": 12, ""escenario_costos"": ""bruto"", ""parte"": ""a"", ""sigma_obj"": 0.4, ""tipo"": ""largo/corto"", ""tope"": 10.0}, ""variante"": ""A_ls_vt40_L12""}",sensibilidad: bruto (sin comision ni spread)
2026-09-25T05:28:16.815267Z,R02,0b79879c16,A_lo_L3,0,completo,1927-06-30,2026-07-31,1189,12,USD,2681.428411757748,0.08293326381250021,0.12835447935026378,0.43412356576710676,0.6475340836045325,-0.5876001529155208,0.14113894184847756,0.12532067877859965,-0.23405655708036555,20.08808405980892,0.9999802574834284,0.6383515559293524,0.6383515559293524,2.735010085380343,0.0,271,0.10260130985470983,0.03287249298954742,0.0,0.0,2011-12-31,e85ac74d630dff95,French F-F_Research_Data_Factors CRSP 202607 sha256 b840dba55d319f48; daily CRSP 202607 sha256 1916d331c2c51d2a,"{""comision_por_lado"": 0.0, ""cortes"": [""2011-12-31""], ""efectivo_en_mxn"": false, ""exposicion_inicial"": 0.0, ""exposicion_max"": 1.0, ""exposicion_min"": 0.0, ""extras"": [""vol""], ""fx"": false, ""max_dias_fx"": 10, ""min_historia"": 12, ""periodos_por_anio"": 12, ""permitir_capturas"": false, ""rebalanceo_con_deriva"": true, ""segmentos"": [""dentro_muestra"", ""fuera_muestra""], ""senal"": ""a_lo_L3"", ""spread_por_lado"": 0.0, ""usuario"": {""L"": 3, ""escenario_costos"": ""bruto"", ""parte"": ""a"", ""tipo"": ""solo largos""}, ""variante"": ""A_lo_L3""}",sensibilidad: bruto (sin comision ni spread)
2026-09-25T05:28:16.815267Z,R02,0b79879c16,A_lo_L3,0,dentro_muestra,1927-06-30,2011-12-31,1014,12,USD,675.1418336684064,0.08016494703724963,0.13229942524638688,0.3842356452589663,0.5679310478737944,-0.5876001529155208,0.1364277164318147,0.11091927661125688,-0.22962362127160474,20.59437590606099,0.9996480380354575,0.6153846153846154,0.6153846153846154,2.828276364814515,0.0,239,0.09471675589938688,0.03582725431534661,0.0,0.0,2011-12-31,e85ac74d630dff95,French F-F_Research_Data_Factors CRSP 202607 sha256 b840dba55d319f48; daily CRSP 202607 sha256 1916d331c2c51d2a,"{""comision_por_lado"": 0.0, ""cortes"": [""2011-12-31""], ""efectivo_en_mxn"": false, ""exposicion_inicial"": 0.0, ""exposicion_max"": 1.0, ""exposicion_min"": 0.0, ""extras"": [""vol""], ""fx"": false, ""max_dias_fx"": 10, ""min_historia"": 12, ""periodos_por_anio"": 12, ""permitir_capturas"": false, ""rebalanceo_con_deriva"": true, ""segmentos"": [""dentro_muestra"", ""fuera_muestra""], ""senal"": ""a_lo_L3"", ""spread_por_lado"": 0.0, ""usuario"": {""L"": 3, ""escenario_costos"": ""bruto"", ""parte"": ""a"", ""tipo"": ""solo largos""}, ""variante"": ""A_lo_L3""}",sensibilidad: bruto (sin comision ni spread)
2026-09-25T05:28:16.815267Z,R02,0b79879c16,A_lo_L3,0,fuera_muestra,2011-12-31,2026-07-31,175,12,USD,2.9672569839440945,0.09911635802465968,0.10280767631533942,0.8191202047974112,1.3455098097971747,-0.16697322269312875,0.5936063066041457,0.2364596353692234,-0.10462678962858621,4.580217840714433,0.9986879170864318,0.7714285714285715,0.7714285714285715,2.1945174615095757,0.0,32,0.1494246054539059,0.01591439165222197,0.0,0.0,2011-12-31,e85ac74d630dff95,French F-F_Research_Data_Factors CRSP 202607 sha256 b840dba55d319f48; daily CRSP 202607 sha256 1916d331c2c51d2a,"{""comision_por_lado"": 0.0, ""cortes"": [""2011-12-31""], ""efectivo_en_mxn"": false, ""exposicion_inicial"": 0.0, ""exposicion_max"": 1.0, ""exposicion_min"": 0.0, ""extras"": [""vol""], ""fx"": false, ""max_dias_fx"": 10, ""min_historia"": 12, ""periodos_por_anio"": 12, ""permitir_capturas"": false, ""rebalanceo_con_deriva"": true, ""segmentos"": [""dentro_muestra"", ""fuera_muestra""], ""senal"": ""a_lo_L3"", ""spread_por_lado"": 0.0, ""usuario"": {""L"": 3, ""escenario_costos"": ""bruto"", ""parte"": ""a"", ""tipo"": ""solo largos""}, ""variante"": ""A_lo_L3""}",sensibilidad: bruto (sin comision ni spread)
2026-09-25T05:28:16.840237Z,R02,7abb6f9e20,A_lo_L6,0,completo,1927-06-30,2026-07-31,1189,12,USD,3392.412484810343,0.0855059352881351,0.12323908360737522,0.4669829329461315,0.6699015785501111,-0.5510161221876528,0.15517864513411714,0.134806361021705,-0.8892952278697659,9.577268848716871,0.99999206426381,0.68040370058873,0.68040370058873,1.7257812715868586,0.0,171,0.10260130985470983,0.03287249298954742,0.0,0.0,2011-12-31,e85ac74d630dff95,French F-F_Research_Data_Factors CRSP 202607 sha256 b840dba55d319f48; daily CRSP 202607 sha256 1916d331c2c51d2a,"{""comision_por_lado"": 0.0, ""cortes"": [""2011-12-31""], ""efectivo_en_mxn"": false, ""exposicion_inicial"": 0.0, ""exposicion_max"": 1.0, ""exposicion_min"": 0.0, ""extras"": [""vol""], ""fx"": false, ""max_dias_fx"": 10, ""min_historia"": 12, ""periodos_por_anio"": 12, ""permitir_capturas"": false, ""rebalanceo_con_deriva"": true, ""segmentos"": [""dentro_muestra"", ""fuera_muestra""], ""senal"": ""a_lo_L6"", ""spread_por_lado"": 0.0, ""usuario"": {""L"": 6, ""escenario_costos"": ""bruto"", ""parte"": ""a"", ""tipo"": ""solo largos""}, ""variante"": ""A_lo_L6""}",sensibilidad: bruto (sin comision ni spread)
2026-09-25T05:28:16.840237Z,R02,7abb6f9e20,A_lo_L6,0,dentro_muestra,1927-06-30,2011-12-31,1014,12,USD,992.6782400765977,0.08509755296385202,0.12442200346753009,0.4378512832275466,0.625838466454823,-0.5510161221876528,0.15443750107709442,0.12639677811822356,-0.9154873098496815,10.0866577477437,0.9999109164636977,0.6577909270216963,0.6577909270216963,1.7750688482099466,0.0,150,0.09471675589938688,0.03582725431534661,0.0,0.0,2011-12-31,e85ac74d630dff95,French F-F_Research_Data_Factors CRSP 202607 sha256 b840dba55d319f48; daily CRSP 202607 sha256 1916d331c2c51d2a,"{""comision_por_lado"": 0.0, ""cortes"": [""2011-12-31""], ""efectivo_en_mxn"": false, ""exposicion_inicial"": 0.0, ""exposicion_max"": 1.0, ""exposicion_min"": 0.0, ""extras"": [""vol""], ""fx"": false, ""max_dias_fx"": 10, ""min_historia"": 12, ""periodos_por_anio"": 12, ""permitir_capturas"": false, ""rebalanceo_con_deriva"": true, ""segmentos"": [""dentro_muestra"", ""fuera_muestra""], ""senal"": ""a_lo_L6"", ""spread_por_lado"": 0.0, ""usuario"": {""L"": 6, ""escenario_costos"": ""bruto"", ""parte"": ""a"", ""tipo"": ""solo largos""}, ""variante"": ""A_lo_L6""}",sensibilidad: bruto (sin comision ni spread)
2026-09-25T05:28:16.840237Z,R02,7abb6f9e20,A_lo_L6,0,fuera_muestra,2011-12-31,2026-07-31,175,12,USD,2.4150013031871955,0.08787560253444893,0.1164878414171606,0.6473845109835549,0.9536480249754599,-0.2932252341267081,0.29968635815455175,0.18688381084277483,-0.6810101732529399,5.479624559630712,0.988772390992322,0.8114285714285714,0.8114285714285714,1.440152084115659,0.0,21,0.1494246054539059,0.01591439165222197,0.0,0.0,2011-12-31,e85ac74d630dff95,French F-F_Research_Data_Factors CRSP 202607 sha256 b840dba55d319f48; daily CRSP 202607 sha256 1916d331c2c51d2a,"{""comision_por_lado"": 0.0, ""cortes"": [""2011-12-31""], ""efectivo_en_mxn"": false, ""exposicion_inicial"": 0.0, ""exposicion_max"": 1.0, ""exposicion_min"": 0.0, ""extras"": [""vol""], ""fx"": false, ""max_dias_fx"": 10, ""min_historia"": 12, ""periodos_por_anio"": 12, ""permitir_capturas"": false, ""rebalanceo_con_deriva"": true, ""segmentos"": [""dentro_muestra"", ""fuera_muestra""], ""senal"": ""a_lo_L6"", ""spread_por_lado"": 0.0, ""usuario"": {""L"": 6, ""escenario_costos"": ""bruto"", ""parte"": ""a"", ""tipo"": ""solo largos""}, ""variante"": ""A_lo_L6""}",sensibilidad: bruto (sin comision ni spread)
2026-09-25T05:28:16.865596Z,R02,1ef00d420d,A_lo_L12,0,completo,1927-06-30,2026-07-31,1189,12,USD,11893.291653031543,0.09933357293246448,0.12601162340550853,0.5594277813036803,0.84466594630103,-0.44225010953451926,0.22460949311468995,0.16149289006391745,-0.5807395973656498,8.7165394191573,0.9999999024333404,0.7064760302775441,0.7064760302775441,0.8780290680003315,0.0,87,0.10260130985470983,0.03287249298954742,0.0,0.0,2011-12-31,e85ac74d630dff95,French F-F_Research_Data_Factors CRSP 202607 sha256 b840dba55d319f48; daily CRSP 202607 sha256 1916d331c2c51d2a,"{""comision_por_lado"": 0.0, ""cortes"": [""2011-12-31""], ""efectivo_en_mxn"": false, ""exposicion_inicial"": 0.0, ""exposicion_max"": 1.0, ""exposicion_min"": 0.0, ""extras"": [""vol""], ""fx"": false, ""max_dias_fx"": 10, ""min_historia"": 12, ""periodos_por_anio"": 12, ""permitir_capturas"": false, ""rebalanceo_con_deriva"": true, ""segmentos"": [""dentro_muestra"", ""fuera_muestra""], ""senal"": ""a_lo_L12"", ""spread_por_lado"": 0.0, ""usuario"": {""L"": 12, ""escenario_costos"": ""bruto"", ""parte"": ""a"", ""tipo"": ""solo largos""}, ""variante"": ""A_lo_L12""}",sensibilidad: bruto (sin comision ni spread)
2026-09-25T05:28:16.865596Z,R02,1ef00d420d,A_lo_L12,0,dentro_muestra,1927-06-30,2011-12-31,1014,12,USD,2812.4024576181373,0.09854409389614349,0.12627599505537143,0.530063380148197,0.7982878626366657,-0.44225010953451926,0.2228243515866258,0.15301611760806225,-0.5938964812835468,9.348330442897977,0.9999974644420584,0.6824457593688363,0.6824457593688363,0.863866839462174,0.0,73,0.09471675589938688,0.03582725431534661,0.0,0.0,2011-12-31,e85ac74d630dff95,French F-F_Research_Data_Factors CRSP 202607 sha256 b840dba55d319f48; daily CRSP 202607 sha256 1916d331c2c51d2a,"{""comision_por_lado"": 0.0, ""cortes"": [""2011-12-31""], ""efectivo_en_mxn"": false, ""exposicion_inicial"": 0.0, ""exposicion_max"": 1.0, ""exposicion_min"": 0.0, ""extras"": [""vol""], ""fx"": false, ""max_dias_fx"": 10, ""min_historia"": 12, ""periodos_por_anio"": 12, ""permitir_capturas"": false, ""rebalanceo_con_deriva"": true, ""segmentos"": [""dentro_muestra"", ""fuera_muestra""], ""senal"": ""a_lo_L12"", ""spread_por_lado"": 0.0, ""usuario"": {""L"": 12, ""escenario_costos"": ""bruto"", ""parte"": ""a"", ""tipo"": ""solo largos""}, ""variante"": ""A_lo_L12""}",sensibilidad: bruto (sin comision ni spread)
2026-09-25T05:28:16.865596Z,R02,1ef00d420d,A_lo_L12,0,fuera_muestra,2011-12-31,2026-07-31,175,12,USD,3.2277249103924532,0.10391991098037501,0.1248212768587561,0.7313500841265541,1.1233185719607164,-0.23222517392550945,0.4474963210220665,0.21112258397116074,-0.49758876198770996,4.790044706715182,0.9953388311207649,0.8457142857142858,0.8457142857142858,0.9601013894104394,0.0,14,0.1494246054539059,0.01591439165222197,0.0,0.0,2011-12-31,e85ac74d630dff95,French F-F_Research_Data_Factors CRSP 202607 sha256 b840dba55d319f48; daily CRSP 202607 sha256 1916d331c2c51d2a,"{""comision_por_lado"": 0.0, ""cortes"": [""2011-12-31""], ""efectivo_en_mxn"": false, ""exposicion_inicial"": 0.0, ""exposicion_max"": 1.0, ""exposicion_min"": 0.0, ""extras"": [""vol""], ""fx"": false, ""max_dias_fx"": 10, ""min_historia"": 12, ""periodos_por_anio"": 12, ""permitir_capturas"": false, ""rebalanceo_con_deriva"": true, ""segmentos"": [""dentro_muestra"", ""fuera_muestra""], ""senal"": ""a_lo_L12"", ""spread_por_lado"": 0.0, ""usuario"": {""L"": 12, ""escenario_costos"": ""bruto"", ""parte"": ""a"", ""tipo"": ""solo largos""}, ""variante"": ""A_lo_L12""}",sensibilidad: bruto (sin comision ni spread)
2026-09-25T05:28:16.889315Z,R02,328e0584b6,A_ref_comprar_mantener,0,completo,1927-06-30,2026-07-31,1189,12,USD,15960.038255849035,0.10260130985470983,0.18408550203700255,0.4476154664719452,0.6758344273814236,-0.8365224657023863,0.1226521869541909,0.12921545503050874,0.15631943600725307,10.308250362094258,0.99999489664844,1.0,1.0,0.010092288137934845,0.0,1,0.10260130985470983,0.03287249298954742,0.0,0.0,2011-12-31,e85ac74d630dff95,French F-F_Research_Data_Factors CRSP 202607 sha256 b840dba55d319f48; daily CRSP 202607 sha256 1916d331c2c51d2a,"{""comision_por_lado"": 0.0, ""cortes"": [""2011-12-31""], ""efectivo_en_mxn"": false, ""exposicion_inicial"": 0.0, ""exposicion_max"": 1.0, ""exposicion_min"": 0.0, ""extras"": [""vol""], ""fx"": false, ""max_dias_fx"": 10, ""min_historia"": 12, ""periodos_por_anio"": 12, ""permitir_capturas"": false, ""rebalanceo_con_deriva"": true, ""segmentos"": [""dentro_muestra"", ""fuera_muestra""], ""senal"": ""senal_comprar_y_mantener"", ""spread_por_lado"": 0.0, ""usuario"": {""escenario_costos"": ""bruto"", ""parte"": ""a"", ""tipo"": ""referencia""}, ""variante"": ""A_ref_comprar_mantener""}",referencia; sensibilidad: bruto (sin comision ni spread)
2026-09-25T05:28:16.889315Z,R02,328e0584b6,A_ref_comprar_mantener,0,dentro_muestra,1927-06-30,2011-12-31,1014,12,USD,2093.8220615489836,0.09471675589938688,0.1900026145141155,0.38643226235164063,0.5796943146804618,-0.8365224657023863,0.1132267928032966,0.1115533853461379,0.21290763604059104,10.447331340215078,0.9998003245034193,1.0,1.0,0.011833792321399644,0.0,1,0.09471675589938688,0.03582725431534661,0.0,0.0,2011-12-31,e85ac74d630dff95,French F-F_Research_Data_Factors CRSP 202607 sha256 b840dba55d319f48; daily CRSP 202607 sha256 1916d331c2c51d2a,"{""comision_por_lado"": 0.0, ""cortes"": [""2011-12-31""], ""efectivo_en_mxn"": false, ""exposicion_inicial"": 0.0, ""exposicion_max"": 1.0, ""exposicion_min"": 0.0, ""extras"": [""vol""], ""fx"": false, ""max_dias_fx"": 10, ""min_historia"": 12, ""periodos_por_anio"": 12, ""permitir_capturas"": false, ""rebalanceo_con_deriva"": true, ""segmentos"": [""dentro_muestra"", ""fuera_muestra""], ""senal"": ""senal_comprar_y_mantener"", ""spread_por_lado"": 0.0, ""usuario"": {""escenario_costos"": ""bruto"", ""parte"": ""a"", ""tipo"": ""referencia""}, ""variante"": ""A_ref_comprar_mantener""}",referencia; sensibilidad: bruto (sin comision ni spread)
2026-09-25T05:28:16.889315Z,R02,328e0584b6,A_ref_comprar_mantener,0,fuera_muestra,2011-12-31,2026-07-31,175,12,USD,6.619281154623179,0.1494246054539059,0.14515916908842977,0.9281555946250296,1.4967910440498882,-0.2484493224703468,0.6014289110075565,0.26793544120330903,-0.38044433568792047,3.9502762688913693,0.9994968969733392,1.0,1.0,0.0,0.0,0,0.1494246054539059,0.01591439165222197,0.0,0.0,2011-12-31,e85ac74d630dff95,French F-F_Research_Data_Factors CRSP 202607 sha256 b840dba55d319f48; daily CRSP 202607 sha256 1916d331c2c51d2a,"{""comision_por_lado"": 0.0, ""cortes"": [""2011-12-31""], ""efectivo_en_mxn"": false, ""exposicion_inicial"": 0.0, ""exposicion_max"": 1.0, ""exposicion_min"": 0.0, ""extras"": [""vol""], ""fx"": false, ""max_dias_fx"": 10, ""min_historia"": 12, ""periodos_por_anio"": 12, ""permitir_capturas"": false, ""rebalanceo_con_deriva"": true, ""segmentos"": [""dentro_muestra"", ""fuera_muestra""], ""senal"": ""senal_comprar_y_mantener"", ""spread_por_lado"": 0.0, ""usuario"": {""escenario_costos"": ""bruto"", ""parte"": ""a"", ""tipo"": ""referencia""}, ""variante"": ""A_ref_comprar_mantener""}",referencia; sensibilidad: bruto (sin comision ni spread)
2026-09-25T05:28:16.919420Z,R02,09d13cf0b2,A_ref_efectivo,0,completo,1927-06-30,2026-07-31,1189,12,USD,23.65052983122982,0.03287249298954742,0.008640101911741083,0.0,0.0,-0.0008998599580103406,36.5306764646257,,0.0,3.0,,0.0,0.0,0.0,0.0,0,0.10260130985470983,0.03287249298954742,0.0,0.0,2011-12-31,e85ac74d630dff95,French F-F_Research_Data_Factors CRSP 202607 sha256 b840dba55d319f48; daily CRSP 202607 sha256 1916d331c2c51d2a,"{""comision_por_lado"": 0.0, ""cortes"": [""2011-12-31""], ""efectivo_en_mxn"": false, ""exposicion_inicial"": 0.0, ""exposicion_max"": 1.0, ""exposicion_min"": 0.0, ""extras"": [""vol""], ""fx"": false, ""max_dias_fx"": 10, ""min_historia"": 12, ""periodos_por_anio"": 12, ""permitir_capturas"": false, ""rebalanceo_con_deriva"": true, ""segmentos"": [""dentro_muestra"", ""fuera_muestra""], ""senal"": ""senal_efectivo"", ""spread_por_lado"": 0.0, ""usuario"": {""escenario_costos"": ""bruto"", ""parte"": ""a"", ""tipo"": ""referencia""}, ""variante"": ""A_ref_efectivo""}",referencia; sensibilidad: bruto (sin comision ni spread)
2026-09-25T05:28:16.919420Z,R02,09d13cf0b2,A_ref_efectivo,0,dentro_muestra,1927-06-30,2011-12-31,1014,12,USD,18.581107817503632,0.03582725431534661,0.008819112333418656,0.0,0.0,-0.0008998599580103406,39.81425553656529,,0.0,3.0,,0.0,0.0,0.0,0.0,0,0.09471675589938688,0.03582725431534661,0.0,0.0,2011-12-31,e85ac74d630dff95,French F-F_Research_Data_Factors CRSP 202607 sha256 b840dba55d319f48; daily CRSP 202607 sha256 1916d331c2c51d2a,"{""comision_por_lado"": 0.0, ""cortes"": [""2011-12-31""], ""efectivo_en_mxn"": false, ""exposicion_inicial"": 0.0, ""exposicion_max"": 1.0, ""exposicion_min"": 0.0, ""extras"": [""vol""], ""fx"": false, ""max_dias_fx"": 10, ""min_historia"": 12, ""periodos_por_anio"": 12, ""permitir_capturas"": false, ""rebalanceo_con_deriva"": true, ""segmentos"": [""dentro_muestra"", ""fuera_muestra""], ""senal"": ""senal_efectivo"", ""spread_por_lado"": 0.0, ""usuario"": {""escenario_costos"": ""bruto"", ""parte"": ""a"", ""tipo"": ""referencia""}, ""variante"": ""A_ref_efectivo""}",referencia; sensibilidad: bruto (sin comision ni spread)
2026-09-25T05:28:16.919420Z,R02,09d13cf0b2,A_ref_efectivo,0,fuera_muestra,2011-12-31,2026-07-31,175,12,USD,0.25889352435895274,0.01591439165222197,0.005455494450957997,0.0,0.0,0.0,inf,,0.0,3.0,,0.0,0.0,0.0,0.0,0,0.1494246054539059,0.01591439165222197,0.0,0.0,2011-12-31,e85ac74d630dff95,French F-F_Research_Data_Factors CRSP 202607 sha256 b840dba55d319f48; daily CRSP 202607 sha256 1916d331c2c51d2a,"{""comision_por_lado"": 0.0, ""cortes"": [""2011-12-31""], ""efectivo_en_mxn"": false, ""exposicion_inicial"": 0.0, ""exposicion_max"": 1.0, ""exposicion_min"": 0.0, ""extras"": [""vol""], ""fx"": false, ""max_dias_fx"": 10, ""min_historia"": 12, ""periodos_por_anio"": 12, ""permitir_capturas"": false, ""rebalanceo_con_deriva"": true, ""segmentos"": [""dentro_muestra"", ""fuera_muestra""], ""senal"": ""senal_efectivo"", ""spread_por_lado"": 0.0, ""usuario"": {""escenario_costos"": ""bruto"", ""parte"": ""a"", ""tipo"": ""referencia""}, ""variante"": ""A_ref_efectivo""}",referencia; sensibilidad: bruto (sin comision ni spread)
2026-09-25T05:28:16.941857Z,R02,b577b5c29e,A_ref_sma10,0,completo,1927-06-30,2026-07-31,1189,12,USD,10285.033335053668,0.09772299576432286,0.1251446010023785,0.5509722372470663,0.8204533777850712,-0.4294073005816472,0.2275764655886233,0.15905198474530208,-0.6823778214557398,8.77247226487388,0.9999998257054933,0.7300252312867956,0.7300252312867956,1.4835663562764223,0.0,147,0.10260130985470983,0.03287249298954742,0.0,0.0,2011-12-31,e85ac74d630dff95,French F-F_Research_Data_Factors CRSP 202607 sha256 b840dba55d319f48; daily CRSP 202607 sha256 1916d331c2c51d2a,"{""comision_por_lado"": 0.0, ""cortes"": [""2011-12-31""], ""efectivo_en_mxn"": false, ""exposicion_inicial"": 0.0, ""exposicion_max"": 1.0, ""exposicion_min"": 0.0, ""extras"": [""vol""], ""fx"": false, ""max_dias_fx"": 10, ""min_historia"": 12, ""periodos_por_anio"": 12, ""permitir_capturas"": false, ""rebalanceo_con_deriva"": true, ""segmentos"": [""dentro_muestra"", ""fuera_muestra""], ""senal"": ""media_movil_10"", ""spread_por_lado"": 0.0, ""usuario"": {""escenario_costos"": ""bruto"", ""parte"": ""a"", ""tipo"": ""referencia"", ""ventana"": 10}, ""variante"": ""A_ref_sma10""}",referencia; sensibilidad: bruto (sin comision ni spread)
2026-09-25T05:28:16.941857Z,R02,b577b5c29e,A_ref_sma10,0,dentro_muestra,1927-06-30,2011-12-31,1014,12,USD,2277.3496237202507,0.09580526347038743,0.1276808007682318,0.5067496346145658,0.7485479540426475,-0.4294073005816472,0.2231104672431415,0.14628601897823204,-0.7099731334993464,9.08435965514151,0.9999931042463659,0.7110453648915187,0.7110453648915187,1.4673902478535559,0.0,124,0.09471675589938688,0.03582725431534661,0.0,0.0,2011-12-31,e85ac74d630dff95,French F-F_Research_Data_Factors CRSP 202607 sha256 b840dba55d319f48; daily CRSP 202607 sha256 1916d331c2c51d2a,"{""comision_por_lado"": 0.0, ""cortes"": [""2011-12-31""], ""efectivo_en_mxn"": false, ""exposicion_inicial"": 0.0, ""exposicion_max"": 1.0, ""exposicion_min"": 0.0, ""extras"": [""vol""], ""fx"": false, ""max_dias_fx"": 10, ""min_historia"": 12, ""periodos_por_anio"": 12, ""permitir_capturas"": false, ""rebalanceo_con_deriva"": true, ""segmentos"": [""dentro_muestra"", ""fuera_muestra""], ""senal"": ""media_movil_10"", ""spread_por_lado"": 0.0, ""usuario"": {""escenario_costos"": ""bruto"", ""parte"": ""a"", ""tipo"": ""referencia"", ""ventana"": 10}, ""variante"": ""A_ref_sma10""}",referencia; sensibilidad: bruto (sin comision ni spread)
2026-09-25T05:28:16.941857Z,R02,b577b5c29e,A_ref_sma10,0,fuera_muestra,2011-12-31,2026-07-31,175,12,USD,3.514686081523303,0.10890281949930225,0.10959674573572917,0.8541056780513425,1.362176940483464,-0.17641681233830953,0.6173040882887193,0.24655907156966525,-0.33972287996106243,4.3563434686379585,0.9988675604298936,0.84,0.84,1.5773094254600075,0.0,23,0.1494246054539059,0.01591439165222197,0.0,0.0,2011-12-31,e85ac74d630dff95,French F-F_Research_Data_Factors CRSP 202607 sha256 b840dba55d319f48; daily CRSP 202607 sha256 1916d331c2c51d2a,"{""comision_por_lado"": 0.0, ""cortes"": [""2011-12-31""], ""efectivo_en_mxn"": false, ""exposicion_inicial"": 0.0, ""exposicion_max"": 1.0, ""exposicion_min"": 0.0, ""extras"": [""vol""], ""fx"": false, ""max_dias_fx"": 10, ""min_historia"": 12, ""periodos_por_anio"": 12, ""permitir_capturas"": false, ""rebalanceo_con_deriva"": true, ""segmentos"": [""dentro_muestra"", ""fuera_muestra""], ""senal"": ""media_movil_10"", ""spread_por_lado"": 0.0, ""usuario"": {""escenario_costos"": ""bruto"", ""parte"": ""a"", ""tipo"": ""referencia"", ""ventana"": 10}, ""variante"": ""A_ref_sma10""}",referencia; sensibilidad: bruto (sin comision ni spread)
2026-09-25T05:28:16.964763Z,R02,b296fa1d09,A_ref_largo_vt40,0,completo,1927-06-30,2026-07-31,1189,12,USD,4244913.571365618,0.16651509549166166,0.4837885135203985,0.5231054935278922,0.7749289418816602,-0.9824833059238038,0.1694838929961174,0.15100754875145028,-0.5805905567697313,5.253244022856264,0.999999601174894,3.2358959681985846,1.0,5.884901518893339,0.0,1189,0.10260130985470983,0.03287249298954742,0.0,0.0,2011-12-31,e85ac74d630dff95,French F-F_Research_Data_Factors CRSP 202607 sha256 b840dba55d319f48; daily CRSP 202607 sha256 1916d331c2c51d2a,"{""comision_por_lado"": 0.0, ""cortes"": [""2011-12-31""], ""efectivo_en_mxn"": false, ""exposicion_inicial"": 0.0, ""exposicion_max"": 10.0, ""exposicion_min"": 0.0, ""extras"": [""vol""], ""fx"": false, ""max_dias_fx"": 10, ""min_historia"": 12, ""periodos_por_anio"": 12, ""permitir_capturas"": false, ""rebalanceo_con_deriva"": true, ""segmentos"": [""dentro_muestra"", ""fuera_muestra""], ""senal"": ""a_largo_vt40"", ""spread_por_lado"": 0.0, ""usuario"": {""escenario_costos"": ""bruto"", ""parte"": ""a"", ""sigma_obj"": 0.4, ""tipo"": ""referencia"", ""tope"": 10.0}, ""variante"": ""A_ref_largo_vt40""}",referencia; sensibilidad: bruto (sin comision ni spread)
2026-09-25T05:28:16.964763Z,R02,b296fa1d09,A_ref_largo_vt40,0,dentro_muestra,1927-06-30,2011-12-31,1014,12,USD,88063.97001761477,0.1442364389514308,0.5013132625147776,0.48121370623496573,0.71039285847253,-0.9824833059238038,0.14680803030623402,0.13891443141624749,-0.562279252228078,5.145538801422473,0.999987741168,3.3111996517714526,1.0,6.113708197366008,0.0,1014,0.09471675589938688,0.03582725431534661,0.0,0.0,2011-12-31,e85ac74d630dff95,French F-F_Research_Data_Factors CRSP 202607 sha256 b840dba55d319f48; daily CRSP 202607 sha256 1916d331c2c51d2a,"{""comision_por_lado"": 0.0, ""cortes"": [""2011-12-31""], ""efectivo_en_mxn"": false, ""exposicion_inicial"": 0.0, ""exposicion_max"": 10.0, ""exposicion_min"": 0.0, ""extras"": [""vol""], ""fx"": false, ""max_dias_fx"": 10, ""min_historia"": 12, ""periodos_por_anio"": 12, ""permitir_capturas"": false, ""rebalanceo_con_deriva"": true, ""segmentos"": [""dentro_muestra"", ""fuera_muestra""], ""senal"": ""a_largo_vt40"", ""spread_por_lado"": 0.0, ""usuario"": {""escenario_costos"": ""bruto"", ""parte"": ""a"", ""sigma_obj"": 0.4, ""tipo"": ""referencia"", ""tope"": 10.0}, ""variante"": ""A_ref_largo_vt40""}",referencia; sensibilidad: bruto (sin comision ni spread)
2026-09-25T05:28:16.964763Z,R02,b296fa1d09,A_ref_largo_vt40,0,fuera_muestra,2011-12-31,2026-07-31,175,12,USD,47.20207819881795,0.3044349086810052,0.36691210766192056,0.8774191497292746,1.3542447017097377,-0.5281453907600606,0.5764225419877075,0.25328909114416465,-0.5988829604216036,3.847076160142328,0.9988685750983888,2.799564910239222,1.0,4.558931160076413,0.0,175,0.1494246054539059,0.01591439165222197,0.0,0.0,2011-12-31,e85ac74d630dff95,French F-F_Research_Data_Factors CRSP 202607 sha256 b840dba55d319f48; daily CRSP 202607 sha256 1916d331c2c51d2a,"{""comision_por_lado"": 0.0, ""cortes"": [""2011-12-31""], ""efectivo_en_mxn"": false, ""exposicion_inicial"": 0.0, ""exposicion_max"": 10.0, ""exposicion_min"": 0.0, ""extras"": [""vol""], ""fx"": false, ""max_dias_fx"": 10, ""min_historia"": 12, ""periodos_por_anio"": 12, ""permitir_capturas"": false, ""rebalanceo_con_deriva"": true, ""segmentos"": [""dentro_muestra"", ""fuera_muestra""], ""senal"": ""a_largo_vt40"", ""spread_por_lado"": 0.0, ""usuario"": {""escenario_costos"": ""bruto"", ""parte"": ""a"", ""sigma_obj"": 0.4, ""tipo"": ""referencia"", ""tope"": 10.0}, ""variante"": ""A_ref_largo_vt40""}",referencia; sensibilidad: bruto (sin comision ni spread)
2026-09-25T05:28:17.002180Z,R02,c8c189f1b6,B_ls_vt40_L3,0,completo,2007-02-28,2026-07-31,233,12,USD,3.985663607569971,0.0862476441283353,0.20733895052266355,0.4297177377502604,0.7165264866927443,-0.4103723105339623,0.2101692582916056,0.12404882578283494,0.5333337561724085,5.247140583129094,0.9737101772458272,0.6214645696512738,1.0,19.954994731120788,0.0,233,0.06308435048820926,0.014823262699370066,0.0,0.0,2011-12-31,0e6d3baabe3fe595,"Yahoo chart v8 adjclose 1mo/1d SPY,EFA,EEM,TLT,IEF,GLD,DBC,VNQ (descarga 2026-09-25); RF French CRSP 202607 sha256 b840dba55d319f48","{""activos"": [""SPY"", ""EFA"", ""EEM"", ""TLT"", ""IEF"", ""GLD"", ""DBC"", ""VNQ""], ""bruto_max"": 10.0, ""comision_por_lado"": 0.0, ""cortes"": [""2011-12-31""], ""efectivo_en_mxn"": false, ""extras"": [""vol_DBC"", ""vol_EEM"", ""vol_EFA"", ""vol_GLD"", ""vol_IEF"", ""vol_SPY"", ""vol_TLT"", ""vol_VNQ""], ""fx"": false, ""max_dias_fx"": 10, ""min_historia"": 12, ""motor"": ""R02.backtest_cartera"", ""periodos_por_anio"": 12, ""peso_max"": 1.25, ""peso_min"": -1.25, ""rebalanceo_con_deriva"": true, ""segmentos"": [""dentro_muestra"", ""fuera_muestra""], ""senal"": ""cartera_ls_vt_L3_obj0.4_tope10.0"", ""spread_por_lado"": 0.0, ""usuario"": {""L"": 3, ""escenario_costos"": ""bruto"", ""parte"": ""b"", ""sigma_obj"": 0.4, ""tipo"": ""largo/corto"", ""tope_por_activo"": 10.0}, ""variante"": ""B_ls_vt40_L3""}",sensibilidad: bruto (sin comision ni spread)
2026-09-25T05:28:17.002180Z,R02,c8c189f1b6,B_ls_vt40_L3,0,dentro_muestra,2007-02-28,2011-12-31,58,12,USD,1.738311552041321,0.23148876778066318,0.20513993064774685,1.0642799568194161,2.128445100039467,-0.14152060308795988,1.6357248536934585,0.3072311597814066,0.3473990321970183,3.034444762144413,0.9915942508023309,0.6258967778251698,1.0,14.356021608812746,0.0,58,0.05903549563161037,0.011541522760558198,0.0,0.0,2011-12-31,0e6d3baabe3fe595,"Yahoo chart v8 adjclose 1mo/1d SPY,EFA,EEM,TLT,IEF,GLD,DBC,VNQ (descarga 2026-09-25); RF French CRSP 202607 sha256 b840dba55d319f48","{""activos"": [""SPY"", ""EFA"", ""EEM"", ""TLT"", ""IEF"", ""GLD"", ""DBC"", ""VNQ""], ""bruto_max"": 10.0, ""comision_por_lado"": 0.0, ""cortes"": [""2011-12-31""], ""efectivo_en_mxn"": false, ""extras"": [""vol_DBC"", ""vol_EEM"", ""vol_EFA"", ""vol_GLD"", ""vol_IEF"", ""vol_SPY"", ""vol_TLT"", ""vol_VNQ""], ""fx"": false, ""max_dias_fx"": 10, ""min_historia"": 12, ""motor"": ""R02.backtest_cartera"", ""periodos_por_anio"": 12, ""peso_max"": 1.25, ""peso_min"": -1.25, ""rebalanceo_con_deriva"": true, ""segmentos"": [""dentro_muestra"", ""fuera_muestra""], ""senal"": ""cartera_ls_vt_L3_obj0.4_tope10.0"", ""spread_por_lado"": 0.0, ""usuario"": {""L"": 3, ""escenario_costos"": ""bruto"", ""parte"": ""b"", ""sigma_obj"": 0.4, ""tipo"": ""largo/corto"", ""tope_por_activo"": 10.0}, ""variante"": ""B_ls_vt40_L3""}",sensibilidad: bruto (sin comision ni spread)
2026-09-25T05:28:17.002180Z,R02,c8c189f1b6,B_ls_vt40_L3,0,fuera_muestra,2011-12-31,2026-07-31,175,12,USD,0.8207072178669077,0.04195010093240459,0.20722670459052167,0.22307654336800706,0.3533587372828808,-0.4103723105339623,0.10222449189571432,0.06439665118170505,0.6072121436276122,6.070541523717721,0.8062611944754348,0.6199956092279256,1.0,21.812558664113343,0.0,175,0.06443105052045439,0.01591439165222197,0.0,0.0,2011-12-31,0e6d3baabe3fe595,"Yahoo chart v8 adjclose 1mo/1d SPY,EFA,EEM,TLT,IEF,GLD,DBC,VNQ (descarga 2026-09-25); RF French CRSP 202607 sha256 b840dba55d319f48","{""activos"": [""SPY"", ""EFA"", ""EEM"", ""TLT"", ""IEF"", ""GLD"", ""DBC"", ""VNQ""], ""bruto_max"": 10.0, ""comision_por_lado"": 0.0, ""cortes"": [""2011-12-31""], ""efectivo_en_mxn"": false, ""extras"": [""vol_DBC"", ""vol_EEM"", ""vol_EFA"", ""vol_GLD"", ""vol_IEF"", ""vol_SPY"", ""vol_TLT"", ""vol_VNQ""], ""fx"": false, ""max_dias_fx"": 10, ""min_historia"": 12, ""motor"": ""R02.backtest_cartera"", ""periodos_por_anio"": 12, ""peso_max"": 1.25, ""peso_min"": -1.25, ""rebalanceo_con_deriva"": true, ""segmentos"": [""dentro_muestra"", ""fuera_muestra""], ""senal"": ""cartera_ls_vt_L3_obj0.4_tope10.0"", ""spread_por_lado"": 0.0, ""usuario"": {""L"": 3, ""escenario_costos"": ""bruto"", ""parte"": ""b"", ""sigma_obj"": 0.4, ""tipo"": ""largo/corto"", ""tope_por_activo"": 10.0}, ""variante"": ""B_ls_vt40_L3""}",sensibilidad: bruto (sin comision ni spread)
2026-09-25T05:28:17.034884Z,R02,94497d5679,B_ls_vt40_L6,0,completo,2007-02-28,2026-07-31,233,12,USD,3.3301770639961266,0.07839160077233687,0.19134298080273174,0.4136666609191282,0.6332322213234173,-0.3108435143598056,0.2521899192067347,0.11941527901821615,-0.11500251422458553,3.6503167771349765,0.9639239193866567,0.7606358445559881,1.0,14.988265637733237,0.0,233,0.06308435048820926,0.014823262699370066,0.0,0.0,2011-12-31,0e6d3baabe3fe595,"Yahoo chart v8 adjclose 1mo/1d SPY,EFA,EEM,TLT,IEF,GLD,DBC,VNQ (descarga 2026-09-25); RF French CRSP 202607 sha256 b840dba55d319f48","{""activos"": [""SPY"", ""EFA"", ""EEM"", ""TLT"", ""IEF"", ""GLD"", ""DBC"", ""VNQ""], ""bruto_max"": 10.0, ""comision_por_lado"": 0.0, ""cortes"": [""2011-12-31""], ""efectivo_en_mxn"": false, ""extras"": [""vol_DBC"", ""vol_EEM"", ""vol_EFA"", ""vol_GLD"", ""vol_IEF"", ""vol_SPY"", ""vol_TLT"", ""vol_VNQ""], ""fx"": false, ""max_dias_fx"": 10, ""min_historia"": 12, ""motor"": ""R02.backtest_cartera"", ""periodos_por_anio"": 12, ""peso_max"": 1.25, ""peso_min"": -1.25, ""rebalanceo_con_deriva"": true, ""segmentos"": [""dentro_muestra"", ""fuera_muestra""], ""senal"": ""cartera_ls_vt_L6_obj0.4_tope10.0"", ""spread_por_lado"": 0.0, ""usuario"": {""L"": 6, ""escenario_costos"": ""bruto"", ""parte"": ""b"", ""sigma_obj"": 0.4, ""tipo"": ""largo/corto"", ""tope_por_activo"": 10.0}, ""variante"": ""B_ls_vt40_L6""}",sensibilidad: bruto (sin comision ni spread)
2026-09-25T05:28:17.034884Z,R02,94497d5679,B_ls_vt40_L6,0,dentro_muestra,2007-02-28,2011-12-31,58,12,USD,0.8727454156277785,0.13847387138975398,0.17572919191040692,0.765396503010561,1.2989946834365633,-0.15011827651579002,0.9224317958059475,0.2209509385249728,0.0874904787272295,3.3140983724590165,0.9516190724293607,0.7708343429765301,1.0,11.632403557086961,0.0,58,0.05903549563161037,0.011541522760558198,0.0,0.0,2011-12-31,0e6d3baabe3fe595,"Yahoo chart v8 adjclose 1mo/1d SPY,EFA,EEM,TLT,IEF,GLD,DBC,VNQ (descarga 2026-09-25); RF French CRSP 202607 sha256 b840dba55d319f48","{""activos"": [""SPY"", ""EFA"", ""EEM"", ""TLT"", ""IEF"", ""GLD"", ""DBC"", ""VNQ""], ""bruto_max"": 10.0, ""comision_por_lado"": 0.0, ""cortes"": [""2011-12-31""], ""efectivo_en_mxn"": false, ""extras"": [""vol_DBC"", ""vol_EEM"", ""vol_EFA"", ""vol_GLD"", ""vol_IEF"", ""vol_SPY"", ""vol_TLT"", ""vol_VNQ""], ""fx"": false, ""max_dias_fx"": 10, ""min_historia"": 12, ""motor"": ""R02.backtest_cartera"", ""periodos_por_anio"": 12, ""peso_max"": 1.25, ""peso_min"": -1.25, ""rebalanceo_con_deriva"": true, ""segmentos"": [""dentro_muestra"", ""fuera_muestra""], ""senal"": ""cartera_ls_vt_L6_obj0.4_tope10.0"", ""spread_por_lado"": 0.0, ""usuario"": {""L"": 6, ""escenario_costos"": ""bruto"", ""parte"": ""b"", ""sigma_obj"": 0.4, ""tipo"": ""largo/corto"", ""tope_por_activo"": 10.0}, ""variante"": ""B_ls_vt40_L6""}",sensibilidad: bruto (sin comision ni spread)
2026-09-25T05:28:17.034884Z,R02,94497d5679,B_ls_vt40_L6,0,fuera_muestra,2011-12-31,2026-07-31,175,12,USD,1.3122080704945023,0.059167098962490616,0.19647337052551653,0.3102083284594901,0.46409993410647793,-0.31084351435980584,0.1903436817214846,0.08954943097047523,-0.1440347870250818,3.6588035767931726,0.8791236172373571,0.7572557707937512,1.0,16.101635576993846,0.0,175,0.06443105052045439,0.01591439165222197,0.0,0.0,2011-12-31,0e6d3baabe3fe595,"Yahoo chart v8 adjclose 1mo/1d SPY,EFA,EEM,TLT,IEF,GLD,DBC,VNQ (descarga 2026-09-25); RF French CRSP 202607 sha256 b840dba55d319f48","{""activos"": [""SPY"", ""EFA"", ""EEM"", ""TLT"", ""IEF"", ""GLD"", ""DBC"", ""VNQ""], ""bruto_max"": 10.0, ""comision_por_lado"": 0.0, ""cortes"": [""2011-12-31""], ""efectivo_en_mxn"": false, ""extras"": [""vol_DBC"", ""vol_EEM"", ""vol_EFA"", ""vol_GLD"", ""vol_IEF"", ""vol_SPY"", ""vol_TLT"", ""vol_VNQ""], ""fx"": false, ""max_dias_fx"": 10, ""min_historia"": 12, ""motor"": ""R02.backtest_cartera"", ""periodos_por_anio"": 12, ""peso_max"": 1.25, ""peso_min"": -1.25, ""rebalanceo_con_deriva"": true, ""segmentos"": [""dentro_muestra"", ""fuera_muestra""], ""senal"": ""cartera_ls_vt_L6_obj0.4_tope10.0"", ""spread_por_lado"": 0.0, ""usuario"": {""L"": 6, ""escenario_costos"": ""bruto"", ""parte"": ""b"", ""sigma_obj"": 0.4, ""tipo"": ""largo/corto"", ""tope_por_activo"": 10.0}, ""variante"": ""B_ls_vt40_L6""}",sensibilidad: bruto (sin comision ni spread)
2026-09-25T05:28:17.065683Z,R02,0d63c27de0,B_ls_vt40_L12,0,completo,2007-02-28,2026-07-31,233,12,USD,5.535102755327705,0.10149101682843709,0.18691962912942645,0.5328917755565722,0.8484497607348116,-0.41045481996402744,0.24726477042548028,0.1538326050332623,-0.008745953684516949,3.255463380509767,0.9899930388710318,0.8416283491801826,1.0,10.686039250617414,0.0,233,0.06308435048820926,0.014823262699370066,0.0,0.0,2011-12-31,0e6d3baabe3fe595,"Yahoo chart v8 adjclose 1mo/1d SPY,EFA,EEM,TLT,IEF,GLD,DBC,VNQ (descarga 2026-09-25); RF French CRSP 202607 sha256 b840dba55d319f48","{""activos"": [""SPY"", ""EFA"", ""EEM"", ""TLT"", ""IEF"", ""GLD"", ""DBC"", ""VNQ""], ""bruto_max"": 10.0, ""comision_por_lado"": 0.0, ""cortes"": [""2011-12-31""], ""efectivo_en_mxn"": false, ""extras"": [""vol_DBC"", ""vol_EEM"", ""vol_EFA"", ""vol_GLD"", ""vol_IEF"", ""vol_SPY"", ""vol_TLT"", ""vol_VNQ""], ""fx"": false, ""max_dias_fx"": 10, ""min_historia"": 12, ""motor"": ""R02.backtest_cartera"", ""periodos_por_anio"": 12, ""peso_max"": 1.25, ""peso_min"": -1.25, ""rebalanceo_con_deriva"": true, ""segmentos"": [""dentro_muestra"", ""fuera_muestra""], ""senal"": ""cartera_ls_vt_L12_obj0.4_tope10.0"", ""spread_por_lado"": 0.0, ""usuario"": {""L"": 12, ""escenario_costos"": ""bruto"", ""parte"": ""b"", ""sigma_obj"": 0.4, ""tipo"": ""largo/corto"", ""tope_por_activo"": 10.0}, ""variante"": ""B_ls_vt40_L12""}",sensibilidad: bruto (sin comision ni spread)
2026-09-25T05:28:17.065683Z,R02,0d63c27de0,B_ls_vt40_L12,0,dentro_muestra,2007-02-28,2011-12-31,58,12,USD,1.113240673774461,0.16726373126758975,0.16921652948420776,0.9386324606206169,1.6025455398881325,-0.23015378146092036,0.7267476997591317,0.270959851904717,-0.22339071464603052,2.8635214063220977,0.9747194114982412,1.4612420670912312,1.0,7.43786657249998,0.0,58,0.05903549563161037,0.011541522760558198,0.0,0.0,2011-12-31,0e6d3baabe3fe595,"Yahoo chart v8 adjclose 1mo/1d SPY,EFA,EEM,TLT,IEF,GLD,DBC,VNQ (descarga 2026-09-25); RF French CRSP 202607 sha256 b840dba55d319f48","{""activos"": [""SPY"", ""EFA"", ""EEM"", ""TLT"", ""IEF"", ""GLD"", ""DBC"", ""VNQ""], ""bruto_max"": 10.0, ""comision_por_lado"": 0.0, ""cortes"": [""2011-12-31""], ""efectivo_en_mxn"": false, ""extras"": [""vol_DBC"", ""vol_EEM"", ""vol_EFA"", ""vol_GLD"", ""vol_IEF"", ""vol_SPY"", ""vol_TLT"", ""vol_VNQ""], ""fx"": false, ""max_dias_fx"": 10, ""min_historia"": 12, ""motor"": ""R02.backtest_cartera"", ""periodos_por_anio"": 12, ""peso_max"": 1.25, ""peso_min"": -1.25, ""rebalanceo_con_deriva"": true, ""segmentos"": [""dentro_muestra"", ""fuera_muestra""], ""senal"": ""cartera_ls_vt_L12_obj0.4_tope10.0"", ""spread_por_lado"": 0.0, ""usuario"": {""L"": 12, ""escenario_costos"": ""bruto"", ""parte"": ""b"", ""sigma_obj"": 0.4, ""tipo"": ""largo/corto"", ""tope_por_activo"": 10.0}, ""variante"": ""B_ls_vt40_L12""}",sensibilidad: bruto (sin comision ni spread)
2026-09-25T05:28:17.065683Z,R02,0d63c27de0,B_ls_vt40_L12,0,fuera_muestra,2011-12-31,2026-07-31,175,12,USD,2.0924555051533,0.08049897563555031,0.19259117626849645,0.4159404926732745,0.6519691748840446,-0.41045481996402744,0.19612140415991533,0.1200716777058903,0.0592076713897334,3.310146486543972,0.9432768532677398,0.636270659815378,1.0,11.763681218742374,0.0,175,0.06443105052045439,0.01591439165222197,0.0,0.0,2011-12-31,0e6d3baabe3fe595,"Yahoo chart v8 adjclose 1mo/1d SPY,EFA,EEM,TLT,IEF,GLD,DBC,VNQ (descarga 2026-09-25); RF French CRSP 202607 sha256 b840dba55d319f48","{""activos"": [""SPY"", ""EFA"", ""EEM"", ""TLT"", ""IEF"", ""GLD"", ""DBC"", ""VNQ""], ""bruto_max"": 10.0, ""comision_por_lado"": 0.0, ""cortes"": [""2011-12-31""], ""efectivo_en_mxn"": false, ""extras"": [""vol_DBC"", ""vol_EEM"", ""vol_EFA"", ""vol_GLD"", ""vol_IEF"", ""vol_SPY"", ""vol_TLT"", ""vol_VNQ""], ""fx"": false, ""max_dias_fx"": 10, ""min_historia"": 12, ""motor"": ""R02.backtest_cartera"", ""periodos_por_anio"": 12, ""peso_max"": 1.25, ""peso_min"": -1.25, ""rebalanceo_con_deriva"": true, ""segmentos"": [""dentro_muestra"", ""fuera_muestra""], ""senal"": ""cartera_ls_vt_L12_obj0.4_tope10.0"", ""spread_por_lado"": 0.0, ""usuario"": {""L"": 12, ""escenario_costos"": ""bruto"", ""parte"": ""b"", ""sigma_obj"": 0.4, ""tipo"": ""largo/corto"", ""tope_por_activo"": 10.0}, ""variante"": ""B_ls_vt40_L12""}",sensibilidad: bruto (sin comision ni spread)
2026-09-25T05:28:17.096455Z,R02,2da91d6453,B_lo_vt10_L3,0,completo,2007-02-28,2026-07-31,233,12,USD,1.1240339988891224,0.0395538555376056,0.03580155956058631,0.6960522458140852,1.1170993684507824,-0.0630300409412341,0.6275397405260063,0.20093297574540284,-0.19313382289606348,3.3557633635049715,0.9985062531504492,0.3994806676777994,0.9742489270386266,2.129485802869138,0.0,231,0.06308435048820926,0.014823262699370066,0.0,0.0,2011-12-31,0e6d3baabe3fe595,"Yahoo chart v8 adjclose 1mo/1d SPY,EFA,EEM,TLT,IEF,GLD,DBC,VNQ (descarga 2026-09-25); RF French CRSP 202607 sha256 b840dba55d319f48","{""activos"": [""SPY"", ""EFA"", ""EEM"", ""TLT"", ""IEF"", ""GLD"", ""DBC"", ""VNQ""], ""bruto_max"": 1.0, ""comision_por_lado"": 0.0, ""cortes"": [""2011-12-31""], ""efectivo_en_mxn"": false, ""extras"": [""vol_DBC"", ""vol_EEM"", ""vol_EFA"", ""vol_GLD"", ""vol_IEF"", ""vol_SPY"", ""vol_TLT"", ""vol_VNQ""], ""fx"": false, ""max_dias_fx"": 10, ""min_historia"": 12, ""motor"": ""R02.backtest_cartera"", ""periodos_por_anio"": 12, ""peso_max"": 0.125, ""peso_min"": 0.0, ""rebalanceo_con_deriva"": true, ""segmentos"": [""dentro_muestra"", ""fuera_muestra""], ""senal"": ""cartera_lo_vt_L3_obj0.1_tope1.0"", ""spread_por_lado"": 0.0, ""usuario"": {""L"": 3, ""escenario_costos"": ""bruto"", ""parte"": ""b"", ""sigma_obj"": 0.1, ""tipo"": ""solo largos"", ""tope_por_activo"": 1.0}, ""variante"": ""B_lo_vt10_L3""}",sensibilidad: bruto (sin comision ni spread)
2026-09-25T05:28:17.096455Z,R02,2da91d6453,B_lo_vt10_L3,0,dentro_muestra,2007-02-28,2011-12-31,58,12,USD,0.3080109897241752,0.05707136270519375,0.036253884451149215,1.2295923396213262,2.5953174538616,-0.03193389567728255,1.7871719530227481,0.35495273413693723,0.24548201693804086,2.429703241129156,0.9969101764517656,0.33510307138439566,1.0,1.562812966770855,0.0,58,0.05903549563161037,0.011541522760558198,0.0,0.0,2011-12-31,0e6d3baabe3fe595,"Yahoo chart v8 adjclose 1mo/1d SPY,EFA,EEM,TLT,IEF,GLD,DBC,VNQ (descarga 2026-09-25); RF French CRSP 202607 sha256 b840dba55d319f48","{""activos"": [""SPY"", ""EFA"", ""EEM"", ""TLT"", ""IEF"", ""GLD"", ""DBC"", ""VNQ""], ""bruto_max"": 1.0, ""comision_por_lado"": 0.0, ""cortes"": [""2011-12-31""], ""efectivo_en_mxn"": false, ""extras"": [""vol_DBC"", ""vol_EEM"", ""vol_EFA"", ""vol_GLD"", ""vol_IEF"", ""vol_SPY"", ""vol_TLT"", ""vol_VNQ""], ""fx"": false, ""max_dias_fx"": 10, ""min_historia"": 12, ""motor"": ""R02.backtest_cartera"", ""periodos_por_anio"": 12, ""peso_max"": 0.125, ""peso_min"": 0.0, ""rebalanceo_con_deriva"": true, ""segmentos"": [""dentro_muestra"", ""fuera_muestra""], ""senal"": ""cartera_lo_vt_L3_obj0.1_tope1.0"", ""spread_por_lado"": 0.0, ""usuario"": {""L"": 3, ""escenario_costos"": ""bruto"", ""parte"": ""b"", ""sigma_obj"": 0.1, ""tipo"": ""solo largos"", ""tope_por_activo"": 1.0}, ""variante"": ""B_lo_vt10_L3""}",sensibilidad: bruto (sin comision ni spread)
2026-09-25T05:28:17.096455Z,R02,2da91d6453,B_lo_vt10_L3,0,fuera_muestra,2011-12-31,2026-07-31,175,12,USD,0.6238655604392325,0.03380646560821776,0.03560855399597418,0.514923200077966,0.7685606331272927,-0.06303004094123366,0.5363548096016211,0.1486455240884986,-0.36720606096948977,3.5660447776336173,0.9710628018106362,0.42081724244932744,0.9657142857142857,2.3174901027913424,0.0,173,0.06443105052045439,0.01591439165222197,0.0,0.0,2011-12-31,0e6d3baabe3fe595,"Yahoo chart v8 adjclose 1mo/1d SPY,EFA,EEM,TLT,IEF,GLD,DBC,VNQ (descarga 2026-09-25); RF French CRSP 202607 sha256 b840dba55d319f48","{""activos"": [""SPY"", ""EFA"", ""EEM"", ""TLT"", ""IEF"", ""GLD"", ""DBC"", ""VNQ""], ""bruto_max"": 1.0, ""comision_por_lado"": 0.0, ""cortes"": [""2011-12-31""], ""efectivo_en_mxn"": false, ""extras"": [""vol_DBC"", ""vol_EEM"", ""vol_EFA"", ""vol_GLD"", ""vol_IEF"", ""vol_SPY"", ""vol_TLT"", ""vol_VNQ""], ""fx"": false, ""max_dias_fx"": 10, ""min_historia"": 12, ""motor"": ""R02.backtest_cartera"", ""periodos_por_anio"": 12, ""peso_max"": 0.125, ""peso_min"": 0.0, ""rebalanceo_con_deriva"": true, ""segmentos"": [""dentro_muestra"", ""fuera_muestra""], ""senal"": ""cartera_lo_vt_L3_obj0.1_tope1.0"", ""spread_por_lado"": 0.0, ""usuario"": {""L"": 3, ""escenario_costos"": ""bruto"", ""parte"": ""b"", ""sigma_obj"": 0.1, ""tipo"": ""solo largos"", ""tope_por_activo"": 1.0}, ""variante"": ""B_lo_vt10_L3""}",sensibilidad: bruto (sin comision ni spread)
2026-09-25T05:28:17.128278Z,R02,66bdd7c1b7,B_lo_vt10_L6,0,completo,2007-02-28,2026-07-31,233,12,USD,1.0778007455885272,0.03837645505231335,0.036636295098940994,0.6506254899578527,1.028645999039008,-0.04767429760658792,0.804971588024199,0.18781940088439922,-0.223468800919345,3.1996245955990257,0.997255496546547,0.4135127839866263,0.9828326180257511,1.6628413707761298,0.0,231,0.06308435048820926,0.014823262699370066,0.0,0.0,2011-12-31,0e6d3baabe3fe595,"Yahoo chart v8 adjclose 1mo/1d SPY,EFA,EEM,TLT,IEF,GLD,DBC,VNQ (descarga 2026-09-25); RF French CRSP 202607 sha256 b840dba55d319f48","{""activos"": [""SPY"", ""EFA"", ""EEM"", ""TLT"", ""IEF"", ""GLD"", ""DBC"", ""VNQ""], ""bruto_max"": 1.0, ""comision_por_lado"": 0.0, ""cortes"": [""2011-12-31""], ""efectivo_en_mxn"": false, ""extras"": [""vol_DBC"", ""vol_EEM"", ""vol_EFA"", ""vol_GLD"", ""vol_IEF"", ""vol_SPY"", ""vol_TLT"", ""vol_VNQ""], ""fx"": false, ""max_dias_fx"": 10, ""min_historia"": 12, ""motor"": ""R02.backtest_cartera"", ""periodos_por_anio"": 12, ""peso_max"": 0.125, ""peso_min"": 0.0, ""rebalanceo_con_deriva"": true, ""segmentos"": [""dentro_muestra"", ""fuera_muestra""], ""senal"": ""cartera_lo_vt_L6_obj0.1_tope1.0"", ""spread_por_lado"": 0.0, ""usuario"": {""L"": 6, ""escenario_costos"": ""bruto"", ""parte"": ""b"", ""sigma_obj"": 0.1, ""tipo"": ""solo largos"", ""tope_por_activo"": 1.0}, ""variante"": ""B_lo_vt10_L6""}",sensibilidad: bruto (sin comision ni spread)
2026-09-25T05:28:17.128278Z,R02,66bdd7c1b7,B_lo_vt10_L6,0,dentro_muestra,2007-02-28,2011-12-31,58,12,USD,0.2413578475639515,0.045704792772480074,0.03206553318676884,1.0707704067282398,2.0311648990144957,-0.023073263886119744,1.980855114302873,0.30910479128241714,0.042827044184933175,2.9052531744015164,0.9891883767917178,0.3541343224680615,1.0,1.3682880499086714,0.0,58,0.05903549563161037,0.011541522760558198,0.0,0.0,2011-12-31,0e6d3baabe3fe595,"Yahoo chart v8 adjclose 1mo/1d SPY,EFA,EEM,TLT,IEF,GLD,DBC,VNQ (descarga 2026-09-25); RF French CRSP 202607 sha256 b840dba55d319f48","{""activos"": [""SPY"", ""EFA"", ""EEM"", ""TLT"", ""IEF"", ""GLD"", ""DBC"", ""VNQ""], ""bruto_max"": 1.0, ""comision_por_lado"": 0.0, ""cortes"": [""2011-12-31""], ""efectivo_en_mxn"": false, ""extras"": [""vol_DBC"", ""vol_EEM"", ""vol_EFA"", ""vol_GLD"", ""vol_IEF"", ""vol_SPY"", ""vol_TLT"", ""vol_VNQ""], ""fx"": false, ""max_dias_fx"": 10, ""min_historia"": 12, ""motor"": ""R02.backtest_cartera"", ""periodos_por_anio"": 12, ""peso_max"": 0.125, ""peso_min"": 0.0, ""rebalanceo_con_deriva"": true, ""segmentos"": [""dentro_muestra"", ""fuera_muestra""], ""senal"": ""cartera_lo_vt_L6_obj0.1_tope1.0"", ""spread_por_lado"": 0.0, ""usuario"": {""L"": 6, ""escenario_costos"": ""bruto"", ""parte"": ""b"", ""sigma_obj"": 0.1, ""tipo"": ""solo largos"", ""tope_por_activo"": 1.0}, ""variante"": ""B_lo_vt10_L6""}",sensibilidad: bruto (sin comision ni spread)
2026-09-25T05:28:17.128278Z,R02,66bdd7c1b7,B_lo_vt10_L6,0,fuera_muestra,2011-12-31,2026-07-31,175,12,USD,0.6738128732710069,0.03595650569282505,0.03809232106374657,0.5360905865179562,0.8198498942807281,-0.04767429760658792,0.754211545800653,0.15475602221808318,-0.24867338542296455,3.144074805677132,0.9767553334208694,0.4331925026613506,0.9771428571428571,1.7605649378006885,0.0,173,0.06443105052045439,0.01591439165222197,0.0,0.0,2011-12-31,0e6d3baabe3fe595,"Yahoo chart v8 adjclose 1mo/1d SPY,EFA,EEM,TLT,IEF,GLD,DBC,VNQ (descarga 2026-09-25); RF French CRSP 202607 sha256 b840dba55d319f48","{""activos"": [""SPY"", ""EFA"", ""EEM"", ""TLT"", ""IEF"", ""GLD"", ""DBC"", ""VNQ""], ""bruto_max"": 1.0, ""comision_por_lado"": 0.0, ""cortes"": [""2011-12-31""], ""efectivo_en_mxn"": false, ""extras"": [""vol_DBC"", ""vol_EEM"", ""vol_EFA"", ""vol_GLD"", ""vol_IEF"", ""vol_SPY"", ""vol_TLT"", ""vol_VNQ""], ""fx"": false, ""max_dias_fx"": 10, ""min_historia"": 12, ""motor"": ""R02.backtest_cartera"", ""periodos_por_anio"": 12, ""peso_max"": 0.125, ""peso_min"": 0.0, ""rebalanceo_con_deriva"": true, ""segmentos"": [""dentro_muestra"", ""fuera_muestra""], ""senal"": ""cartera_lo_vt_L6_obj0.1_tope1.0"", ""spread_por_lado"": 0.0, ""usuario"": {""L"": 6, ""escenario_costos"": ""bruto"", ""parte"": ""b"", ""sigma_obj"": 0.1, ""tipo"": ""solo largos"", ""tope_por_activo"": 1.0}, ""variante"": ""B_lo_vt10_L6""}",sensibilidad: bruto (sin comision ni spread)
2026-09-25T05:28:17.164674Z,R02,362bd90751,B_lo_vt10_L12,0,completo,2007-02-28,2026-07-31,233,12,USD,1.1766426358504658,0.040864403103037183,0.03781467749494631,0.6969502638519891,1.1269185385524771,-0.06163443395856216,0.6630125479940481,0.2011922112233633,-0.1769835273279256,3.1532043974218884,0.9985593974910689,0.42290315590021926,0.9871244635193133,1.1856182849230983,0.0,232,0.06308435048820926,0.014823262699370066,0.0,0.0,2011-12-31,0e6d3baabe3fe595,"Yahoo chart v8 adjclose 1mo/1d SPY,EFA,EEM,TLT,IEF,GLD,DBC,VNQ (descarga 2026-09-25); RF French CRSP 202607 sha256 b840dba55d319f48","{""activos"": [""SPY"", ""EFA"", ""EEM"", ""TLT"", ""IEF"", ""GLD"", ""DBC"", ""VNQ""], ""bruto_max"": 1.0, ""comision_por_lado"": 0.0, ""cortes"": [""2011-12-31""], ""efectivo_en_mxn"": false, ""extras"": [""vol_DBC"", ""vol_EEM"", ""vol_EFA"", ""vol_GLD"", ""vol_IEF"", ""vol_SPY"", ""vol_TLT"", ""vol_VNQ""], ""fx"": false, ""max_dias_fx"": 10, ""min_historia"": 12, ""motor"": ""R02.backtest_cartera"", ""periodos_por_anio"": 12, ""peso_max"": 0.125, ""peso_min"": 0.0, ""rebalanceo_con_deriva"": true, ""segmentos"": [""dentro_muestra"", ""fuera_muestra""], ""senal"": ""cartera_lo_vt_L12_obj0.1_tope1.0"", ""spread_por_lado"": 0.0, ""usuario"": {""L"": 12, ""escenario_costos"": ""bruto"", ""parte"": ""b"", ""sigma_obj"": 0.1, ""tipo"": ""solo largos"", ""tope_por_activo"": 1.0}, ""variante"": ""B_lo_vt10_L12""}",sensibilidad: bruto (sin comision ni spread)
2026-09-25T05:28:17.164674Z,R02,362bd90751,B_lo_vt10_L12,0,dentro_muestra,2007-02-28,2011-12-31,58,12,USD,0.2597949915608089,0.04889644805123594,0.03873592412382816,0.9674052096878789,1.776519784730055,-0.02567935714017011,1.9041149583432302,0.27926582911437164,0.018863425227137815,2.7951357166157607,0.9811337448160711,0.4230485745408925,1.0,0.9280729446000096,0.0,58,0.05903549563161037,0.011541522760558198,0.0,0.0,2011-12-31,0e6d3baabe3fe595,"Yahoo chart v8 adjclose 1mo/1d SPY,EFA,EEM,TLT,IEF,GLD,DBC,VNQ (descarga 2026-09-25); RF French CRSP 202607 sha256 b840dba55d319f48","{""activos"": [""SPY"", ""EFA"", ""EEM"", ""TLT"", ""IEF"", ""GLD"", ""DBC"", ""VNQ""], ""bruto_max"": 1.0, ""comision_por_lado"": 0.0, ""cortes"": [""2011-12-31""], ""efectivo_en_mxn"": false, ""extras"": [""vol_DBC"", ""vol_EEM"", ""vol_EFA"", ""vol_GLD"", ""vol_IEF"", ""vol_SPY"", ""vol_TLT"", ""vol_VNQ""], ""fx"": false, ""max_dias_fx"": 10, ""min_historia"": 12, ""motor"": ""R02.backtest_cartera"", ""periodos_por_anio"": 12, ""peso_max"": 0.125, ""peso_min"": 0.0, ""rebalanceo_con_deriva"": true, ""segmentos"": [""dentro_muestra"", ""fuera_muestra""], ""senal"": ""cartera_lo_vt_L12_obj0.1_tope1.0"", ""spread_por_lado"": 0.0, ""usuario"": {""L"": 12, ""escenario_costos"": ""bruto"", ""parte"": ""b"", ""sigma_obj"": 0.1, ""tipo"": ""solo largos"", ""tope_por_activo"": 1.0}, ""variante"": ""B_lo_vt10_L12""}",sensibilidad: bruto (sin comision ni spread)
2026-09-25T05:28:17.164674Z,R02,362bd90751,B_lo_vt10_L12,0,fuera_muestra,2011-12-31,2026-07-31,175,12,USD,0.7277752733035878,0.03821323333511639,0.037587614368573524,0.6036070465488348,0.9406781435377805,-0.06163443395856183,0.6199981224912032,0.17424634540486236,-0.25243879636635075,3.2518916604095307,0.9871704555374006,0.4228549600078818,0.9828571428571429,1.2710637630212762,0.0,174,0.06443105052045439,0.01591439165222197,0.0,0.0,2011-12-31,0e6d3baabe3fe595,"Yahoo chart v8 adjclose 1mo/1d SPY,EFA,EEM,TLT,IEF,GLD,DBC,VNQ (descarga 2026-09-25); RF French CRSP 202607 sha256 b840dba55d319f48","{""activos"": [""SPY"", ""EFA"", ""EEM"", ""TLT"", ""IEF"", ""GLD"", ""DBC"", ""VNQ""], ""bruto_max"": 1.0, ""comision_por_lado"": 0.0, ""cortes"": [""2011-12-31""], ""efectivo_en_mxn"": false, ""extras"": [""vol_DBC"", ""vol_EEM"", ""vol_EFA"", ""vol_GLD"", ""vol_IEF"", ""vol_SPY"", ""vol_TLT"", ""vol_VNQ""], ""fx"": false, ""max_dias_fx"": 10, ""min_historia"": 12, ""motor"": ""R02.backtest_cartera"", ""periodos_por_anio"": 12, ""peso_max"": 0.125, ""peso_min"": 0.0, ""rebalanceo_con_deriva"": true, ""segmentos"": [""dentro_muestra"", ""fuera_muestra""], ""senal"": ""cartera_lo_vt_L12_obj0.1_tope1.0"", ""spread_por_lado"": 0.0, ""usuario"": {""L"": 12, ""escenario_costos"": ""bruto"", ""parte"": ""b"", ""sigma_obj"": 0.1, ""tipo"": ""solo largos"", ""tope_por_activo"": 1.0}, ""variante"": ""B_lo_vt10_L12""}",sensibilidad: bruto (sin comision ni spread)
2026-09-25T05:28:17.195638Z,R02,1da717021a,B_lo_L3,0,completo,2007-02-28,2026-07-31,233,12,USD,2.0782678284149156,0.05960758990827286,0.06235674093335165,0.7249616738121801,1.2157919638460397,-0.1068685707452437,0.5577653887630547,0.20927840876381196,0.07076137409011041,3.912007961926098,0.9992132141345995,0.5933476394849786,0.9742489270386266,2.9515334077163353,0.0,185,0.06308435048820926,0.014823262699370066,0.0,0.0,2011-12-31,0e6d3baabe3fe595,"Yahoo chart v8 adjclose 1mo/1d SPY,EFA,EEM,TLT,IEF,GLD,DBC,VNQ (descarga 2026-09-25); RF French CRSP 202607 sha256 b840dba55d319f48","{""activos"": [""SPY"", ""EFA"", ""EEM"", ""TLT"", ""IEF"", ""GLD"", ""DBC"", ""VNQ""], ""bruto_max"": 1.0, ""comision_por_lado"": 0.0, ""cortes"": [""2011-12-31""], ""efectivo_en_mxn"": false, ""extras"": [""vol_DBC"", ""vol_EEM"", ""vol_EFA"", ""vol_GLD"", ""vol_IEF"", ""vol_SPY"", ""vol_TLT"", ""vol_VNQ""], ""fx"": false, ""max_dias_fx"": 10, ""min_historia"": 12, ""motor"": ""R02.backtest_cartera"", ""periodos_por_anio"": 12, ""peso_max"": 0.125, ""peso_min"": 0.0, ""rebalanceo_con_deriva"": true, ""segmentos"": [""dentro_muestra"", ""fuera_muestra""], ""senal"": ""cartera_lo_L3_obj0.0_tope1.0"", ""spread_por_lado"": 0.0, ""usuario"": {""L"": 3, ""escenario_costos"": ""bruto"", ""parte"": ""b"", ""tipo"": ""solo largos binaria""}, ""variante"": ""B_lo_L3""}",sensibilidad: bruto (sin comision ni spread)
2026-09-25T05:28:17.195638Z,R02,1da717021a,B_lo_L3,0,dentro_muestra,2007-02-28,2011-12-31,58,12,USD,0.566814041974893,0.09726451115965773,0.08099258504108348,1.0432352247854322,1.932370631303221,-0.1068685707452437,0.9101320480042687,0.30115606892898455,0.021178870050055282,2.734103046850772,0.98736110796994,0.6056034482758621,1.0,2.6471306608558254,0.0,42,0.05903549563161037,0.011541522760558198,0.0,0.0,2011-12-31,0e6d3baabe3fe595,"Yahoo chart v8 adjclose 1mo/1d SPY,EFA,EEM,TLT,IEF,GLD,DBC,VNQ (descarga 2026-09-25); RF French CRSP 202607 sha256 b840dba55d319f48","{""activos"": [""SPY"", ""EFA"", ""EEM"", ""TLT"", ""IEF"", ""GLD"", ""DBC"", ""VNQ""], ""bruto_max"": 1.0, ""comision_por_lado"": 0.0, ""cortes"": [""2011-12-31""], ""efectivo_en_mxn"": false, ""extras"": [""vol_DBC"", ""vol_EEM"", ""vol_EFA"", ""vol_GLD"", ""vol_IEF"", ""vol_SPY"", ""vol_TLT"", ""vol_VNQ""], ""fx"": false, ""max_dias_fx"": 10, ""min_historia"": 12, ""motor"": ""R02.backtest_cartera"", ""periodos_por_anio"": 12, ""peso_max"": 0.125, ""peso_min"": 0.0, ""rebalanceo_con_deriva"": true, ""segmentos"": [""dentro_muestra"", ""fuera_muestra""], ""senal"": ""cartera_lo_L3_obj0.0_tope1.0"", ""spread_por_lado"": 0.0, ""usuario"": {""L"": 3, ""escenario_costos"": ""bruto"", ""parte"": ""b"", ""tipo"": ""solo largos binaria""}, ""variante"": ""B_lo_L3""}",sensibilidad: bruto (sin comision ni spread)
2026-09-25T05:28:17.195638Z,R02,1da717021a,B_lo_L3,0,fuera_muestra,2011-12-31,2026-07-31,175,12,USD,0.9646669904329621,0.047401921271167824,0.054647321652819776,0.5894288548954065,0.9247949488435933,-0.09299052414945685,0.5097500170553098,0.1701534540209979,-0.13894778568069105,4.306246279648855,0.9858435031003479,0.5892857142857143,0.9657142857142857,3.0525247058204514,0.0,143,0.06443105052045439,0.01591439165222197,0.0,0.0,2011-12-31,0e6d3baabe3fe595,"Yahoo chart v8 adjclose 1mo/1d SPY,EFA,EEM,TLT,IEF,GLD,DBC,VNQ (descarga 2026-09-25); RF French CRSP 202607 sha256 b840dba55d319f48","{""activos"": [""SPY"", ""EFA"", ""EEM"", ""TLT"", ""IEF"", ""GLD"", ""DBC"", ""VNQ""], ""bruto_max"": 1.0, ""comision_por_lado"": 0.0, ""cortes"": [""2011-12-31""], ""efectivo_en_mxn"": false, ""extras"": [""vol_DBC"", ""vol_EEM"", ""vol_EFA"", ""vol_GLD"", ""vol_IEF"", ""vol_SPY"", ""vol_TLT"", ""vol_VNQ""], ""fx"": false, ""max_dias_fx"": 10, ""min_historia"": 12, ""motor"": ""R02.backtest_cartera"", ""periodos_por_anio"": 12, ""peso_max"": 0.125, ""peso_min"": 0.0, ""rebalanceo_con_deriva"": true, ""segmentos"": [""dentro_muestra"", ""fuera_muestra""], ""senal"": ""cartera_lo_L3_obj0.0_tope1.0"", ""spread_por_lado"": 0.0, ""usuario"": {""L"": 3, ""escenario_costos"": ""bruto"", ""parte"": ""b"", ""tipo"": ""solo largos binaria""}, ""variante"": ""B_lo_L3""}",sensibilidad: bruto (sin comision ni spread)
2026-09-25T05:28:17.223891Z,R02,b88f15ed9a,B_lo_L6,0,completo,2007-02-28,2026-07-31,233,12,USD,1.8552166312133491,0.05551126921776195,0.059769883213351464,0.6898728243168677,1.1531244897114314,-0.07020805585863221,0.7906680870003999,0.1991491304129755,0.08725117703852855,3.522742990152143,0.9987437498658984,0.6078326180257511,0.9828326180257511,2.2672276430918656,0.0,166,0.06308435048820926,0.014823262699370066,0.0,0.0,2011-12-31,0e6d3baabe3fe595,"Yahoo chart v8 adjclose 1mo/1d SPY,EFA,EEM,TLT,IEF,GLD,DBC,VNQ (descarga 2026-09-25); RF French CRSP 202607 sha256 b840dba55d319f48","{""activos"": [""SPY"", ""EFA"", ""EEM"", ""TLT"", ""IEF"", ""GLD"", ""DBC"", ""VNQ""], ""bruto_max"": 1.0, ""comision_por_lado"": 0.0, ""cortes"": [""2011-12-31""], ""efectivo_en_mxn"": false, ""extras"": [""vol_DBC"", ""vol_EEM"", ""vol_EFA"", ""vol_GLD"", ""vol_IEF"", ""vol_SPY"", ""vol_TLT"", ""vol_VNQ""], ""fx"": false, ""max_dias_fx"": 10, ""min_historia"": 12, ""motor"": ""R02.backtest_cartera"", ""periodos_por_anio"": 12, ""peso_max"": 0.125, ""peso_min"": 0.0, ""rebalanceo_con_deriva"": true, ""segmentos"": [""dentro_muestra"", ""fuera_muestra""], ""senal"": ""cartera_lo_L6_obj0.0_tope1.0"", ""spread_por_lado"": 0.0, ""usuario"": {""L"": 6, ""escenario_costos"": ""bruto"", ""parte"": ""b"", ""tipo"": ""solo largos binaria""}, ""variante"": ""B_lo_L6""}",sensibilidad: bruto (sin comision ni spread)
2026-09-25T05:28:17.223891Z,R02,b88f15ed9a,B_lo_L6,0,dentro_muestra,2007-02-28,2011-12-31,58,12,USD,0.4617369476309403,0.08163194281762265,0.06933399851351613,1.0054520729164789,1.9068149008186999,-0.0475240433802715,1.7176977590991396,0.29024901247779816,0.06617922090312141,3.0025526599258936,0.9848670327412483,0.6379310344827587,1.0,2.1585582600287645,0.0,37,0.05903549563161037,0.011541522760558198,0.0,0.0,2011-12-31,0e6d3baabe3fe595,"Yahoo chart v8 adjclose 1mo/1d SPY,EFA,EEM,TLT,IEF,GLD,DBC,VNQ (descarga 2026-09-25); RF French CRSP 202607 sha256 b840dba55d319f48","{""activos"": [""SPY"", ""EFA"", ""EEM"", ""TLT"", ""IEF"", ""GLD"", ""DBC"", ""VNQ""], ""bruto_max"": 1.0, ""comision_por_lado"": 0.0, ""cortes"": [""2011-12-31""], ""efectivo_en_mxn"": false, ""extras"": [""vol_DBC"", ""vol_EEM"", ""vol_EFA"", ""vol_GLD"", ""vol_IEF"", ""vol_SPY"", ""vol_TLT"", ""vol_VNQ""], ""fx"": false, ""max_dias_fx"": 10, ""min_historia"": 12, ""motor"": ""R02.backtest_cartera"", ""periodos_por_anio"": 12, ""peso_max"": 0.125, ""peso_min"": 0.0, ""rebalanceo_con_deriva"": true, ""segmentos"": [""dentro_muestra"", ""fuera_muestra""], ""senal"": ""cartera_lo_L6_obj0.0_tope1.0"", ""spread_por_lado"": 0.0, ""usuario"": {""L"": 6, ""escenario_costos"": ""bruto"", ""parte"": ""b"", ""tipo"": ""solo largos binaria""}, ""variante"": ""B_lo_L6""}",sensibilidad: bruto (sin comision ni spread)
2026-09-25T05:28:17.223891Z,R02,b88f15ed9a,B_lo_L6,0,fuera_muestra,2011-12-31,2026-07-31,175,12,USD,0.9533040030498254,0.04698536030265088,0.05625787246388783,0.5657193517840383,0.8958495850928468,-0.07020805585863199,0.6692303287425967,0.16330911001914755,0.02488446903209625,3.6673352332303693,0.9838051178644633,0.5978571428571429,0.9771428571428571,2.3032807410776908,0.0,129,0.06443105052045439,0.01591439165222197,0.0,0.0,2011-12-31,0e6d3baabe3fe595,"Yahoo chart v8 adjclose 1mo/1d SPY,EFA,EEM,TLT,IEF,GLD,DBC,VNQ (descarga 2026-09-25); RF French CRSP 202607 sha256 b840dba55d319f48","{""activos"": [""SPY"", ""EFA"", ""EEM"", ""TLT"", ""IEF"", ""GLD"", ""DBC"", ""VNQ""], ""bruto_max"": 1.0, ""comision_por_lado"": 0.0, ""cortes"": [""2011-12-31""], ""efectivo_en_mxn"": false, ""extras"": [""vol_DBC"", ""vol_EEM"", ""vol_EFA"", ""vol_GLD"", ""vol_IEF"", ""vol_SPY"", ""vol_TLT"", ""vol_VNQ""], ""fx"": false, ""max_dias_fx"": 10, ""min_historia"": 12, ""motor"": ""R02.backtest_cartera"", ""periodos_por_anio"": 12, ""peso_max"": 0.125, ""peso_min"": 0.0, ""rebalanceo_con_deriva"": true, ""segmentos"": [""dentro_muestra"", ""fuera_muestra""], ""senal"": ""cartera_lo_L6_obj0.0_tope1.0"", ""spread_por_lado"": 0.0, ""usuario"": {""L"": 6, ""escenario_costos"": ""bruto"", ""parte"": ""b"", ""tipo"": ""solo largos binaria""}, ""variante"": ""B_lo_L6""}",sensibilidad: bruto (sin comision ni spread)
2026-09-25T05:28:17.255150Z,R02,9cf79bf0c3,B_lo_L12,0,completo,2007-02-28,2026-07-31,233,12,USD,1.802113186280628,0.054491346706562194,0.06366337492978191,0.6371485652672398,1.018701718880198,-0.09093989765059562,0.5992017597812339,0.1839289478354124,-0.23080582550604584,4.213153618178972,0.9966237092318317,0.621244635193133,0.9871244635193133,1.5053305659359661,0.0,136,0.06308435048820926,0.014823262699370066,0.0,0.0,2011-12-31,0e6d3baabe3fe595,"Yahoo chart v8 adjclose 1mo/1d SPY,EFA,EEM,TLT,IEF,GLD,DBC,VNQ (descarga 2026-09-25); RF French CRSP 202607 sha256 b840dba55d319f48","{""activos"": [""SPY"", ""EFA"", ""EEM"", ""TLT"", ""IEF"", ""GLD"", ""DBC"", ""VNQ""], ""bruto_max"": 1.0, ""comision_por_lado"": 0.0, ""cortes"": [""2011-12-31""], ""efectivo_en_mxn"": false, ""extras"": [""vol_DBC"", ""vol_EEM"", ""vol_EFA"", ""vol_GLD"", ""vol_IEF"", ""vol_SPY"", ""vol_TLT"", ""vol_VNQ""], ""fx"": false, ""max_dias_fx"": 10, ""min_historia"": 12, ""motor"": ""R02.backtest_cartera"", ""periodos_por_anio"": 12, ""peso_max"": 0.125, ""peso_min"": 0.0, ""rebalanceo_con_deriva"": true, ""segmentos"": [""dentro_muestra"", ""fuera_muestra""], ""senal"": ""cartera_lo_L12_obj0.0_tope1.0"", ""spread_por_lado"": 0.0, ""usuario"": {""L"": 12, ""escenario_costos"": ""bruto"", ""parte"": ""b"", ""tipo"": ""solo largos binaria""}, ""variante"": ""B_lo_L12""}",sensibilidad: bruto (sin comision ni spread)
2026-09-25T05:28:17.255150Z,R02,9cf79bf0c3,B_lo_L12,0,dentro_muestra,2007-02-28,2011-12-31,58,12,USD,0.35888673034491303,0.0654420079037028,0.08701653803558777,0.6425925053984476,1.0215930341221673,-0.09093989765059562,0.7196182269210436,0.1855004779855149,-0.40192234024061346,3.659156804897128,0.9093696639714012,0.7176724137931034,1.0,1.3706700095093036,0.0,28,0.05903549563161037,0.011541522760558198,0.0,0.0,2011-12-31,0e6d3baabe3fe595,"Yahoo chart v8 adjclose 1mo/1d SPY,EFA,EEM,TLT,IEF,GLD,DBC,VNQ (descarga 2026-09-25); RF French CRSP 202607 sha256 b840dba55d319f48","{""activos"": [""SPY"", ""EFA"", ""EEM"", ""TLT"", ""IEF"", ""GLD"", ""DBC"", ""VNQ""], ""bruto_max"": 1.0, ""comision_por_lado"": 0.0, ""cortes"": [""2011-12-31""], ""efectivo_en_mxn"": false, ""extras"": [""vol_DBC"", ""vol_EEM"", ""vol_EFA"", ""vol_GLD"", ""vol_IEF"", ""vol_SPY"", ""vol_TLT"", ""vol_VNQ""], ""fx"": false, ""max_dias_fx"": 10, ""min_historia"": 12, ""motor"": ""R02.backtest_cartera"", ""periodos_por_anio"": 12, ""peso_max"": 0.125, ""peso_min"": 0.0, ""rebalanceo_con_deriva"": true, ""segmentos"": [""dentro_muestra"", ""fuera_muestra""], ""senal"": ""cartera_lo_L12_obj0.0_tope1.0"", ""spread_por_lado"": 0.0, ""usuario"": {""L"": 12, ""escenario_costos"": ""bruto"", ""parte"": ""b"", ""tipo"": ""solo largos binaria""}, ""variante"": ""B_lo_L12""}",sensibilidad: bruto (sin comision ni spread)
2026-09-25T05:28:17.255150Z,R02,9cf79bf0c3,B_lo_L12,0,fuera_muestra,2011-12-31,2026-07-31,175,12,USD,1.0620653095710142,0.05088318224999955,0.054019756558876406,0.6573408074555992,1.0614004908226704,-0.07992211506881919,0.6366596054944886,0.18975794606690807,-0.08488740348532559,2.9877924135218357,0.9930836626878419,0.5892857142857143,0.9828571428571429,1.5500067212506319,0.0,108,0.06443105052045439,0.01591439165222197,0.0,0.0,2011-12-31,0e6d3baabe3fe595,"Yahoo chart v8 adjclose 1mo/1d SPY,EFA,EEM,TLT,IEF,GLD,DBC,VNQ (descarga 2026-09-25); RF French CRSP 202607 sha256 b840dba55d319f48","{""activos"": [""SPY"", ""EFA"", ""EEM"", ""TLT"", ""IEF"", ""GLD"", ""DBC"", ""VNQ""], ""bruto_max"": 1.0, ""comision_por_lado"": 0.0, ""cortes"": [""2011-12-31""], ""efectivo_en_mxn"": false, ""extras"": [""vol_DBC"", ""vol_EEM"", ""vol_EFA"", ""vol_GLD"", ""vol_IEF"", ""vol_SPY"", ""vol_TLT"", ""vol_VNQ""], ""fx"": false, ""max_dias_fx"": 10, ""min_historia"": 12, ""motor"": ""R02.backtest_cartera"", ""periodos_por_anio"": 12, ""peso_max"": 0.125, ""peso_min"": 0.0, ""rebalanceo_con_deriva"": true, ""segmentos"": [""dentro_muestra"", ""fuera_muestra""], ""senal"": ""cartera_lo_L12_obj0.0_tope1.0"", ""spread_por_lado"": 0.0, ""usuario"": {""L"": 12, ""escenario_costos"": ""bruto"", ""parte"": ""b"", ""tipo"": ""solo largos binaria""}, ""variante"": ""B_lo_L12""}",sensibilidad: bruto (sin comision ni spread)
2026-09-25T05:28:17.278728Z,R02,0bf5da42fd,B_ref_1N,0,completo,2007-02-28,2026-07-31,233,12,USD,2.2804539470022793,0.06308435048820926,0.10977002081518034,0.4803612704369323,0.6956179787119555,-0.34446315157244256,0.1831381679004997,0.13866835439751674,-0.8827370973506472,6.956616889234193,0.97550521646553,1.0,1.0,0.3907319851161981,0.0,1,0.06308435048820926,0.014823262699370066,0.0,0.0,2011-12-31,0e6d3baabe3fe595,"Yahoo chart v8 adjclose 1mo/1d SPY,EFA,EEM,TLT,IEF,GLD,DBC,VNQ (descarga 2026-09-25); RF French CRSP 202607 sha256 b840dba55d319f48","{""activos"": [""SPY"", ""EFA"", ""EEM"", ""TLT"", ""IEF"", ""GLD"", ""DBC"", ""VNQ""], ""bruto_max"": 1.0, ""comision_por_lado"": 0.0, ""cortes"": [""2011-12-31""], ""efectivo_en_mxn"": false, ""extras"": [""vol_DBC"", ""vol_EEM"", ""vol_EFA"", ""vol_GLD"", ""vol_IEF"", ""vol_SPY"", ""vol_TLT"", ""vol_VNQ""], ""fx"": false, ""max_dias_fx"": 10, ""min_historia"": 12, ""motor"": ""R02.backtest_cartera"", ""periodos_por_anio"": 12, ""peso_max"": 0.125, ""peso_min"": 0.0, ""rebalanceo_con_deriva"": true, ""segmentos"": [""dentro_muestra"", ""fuera_muestra""], ""senal"": ""cartera_ref_1n_L12_obj0.0_tope1.0"", ""spread_por_lado"": 0.0, ""usuario"": {""escenario_costos"": ""bruto"", ""parte"": ""b"", ""tipo"": ""referencia""}, ""variante"": ""B_ref_1N""}",referencia; sensibilidad: bruto (sin comision ni spread)
2026-09-25T05:28:17.278728Z,R02,0bf5da42fd,B_ref_1N,0,dentro_muestra,2007-02-28,2011-12-31,58,12,USD,0.31981073714632346,0.05903549563161037,0.1507241835496157,0.3814321962534295,0.5309668672353247,-0.34446315157244256,0.1713840663714501,0.11010999059225385,-1.149677194617747,6.406263644283778,0.781591782896907,1.0,1.0,0.6665025969601525,0.0,1,0.05903549563161037,0.011541522760558198,0.0,0.0,2011-12-31,0e6d3baabe3fe595,"Yahoo chart v8 adjclose 1mo/1d SPY,EFA,EEM,TLT,IEF,GLD,DBC,VNQ (descarga 2026-09-25); RF French CRSP 202607 sha256 b840dba55d319f48","{""activos"": [""SPY"", ""EFA"", ""EEM"", ""TLT"", ""IEF"", ""GLD"", ""DBC"", ""VNQ""], ""bruto_max"": 1.0, ""comision_por_lado"": 0.0, ""cortes"": [""2011-12-31""], ""efectivo_en_mxn"": false, ""extras"": [""vol_DBC"", ""vol_EEM"", ""vol_EFA"", ""vol_GLD"", ""vol_IEF"", ""vol_SPY"", ""vol_TLT"", ""vol_VNQ""], ""fx"": false, ""max_dias_fx"": 10, ""min_historia"": 12, ""motor"": ""R02.backtest_cartera"", ""periodos_por_anio"": 12, ""peso_max"": 0.125, ""peso_min"": 0.0, ""rebalanceo_con_deriva"": true, ""segmentos"": [""dentro_muestra"", ""fuera_muestra""], ""senal"": ""cartera_ref_1n_L12_obj0.0_tope1.0"", ""spread_por_lado"": 0.0, ""usuario"": {""escenario_costos"": ""bruto"", ""parte"": ""b"", ""tipo"": ""referencia""}, ""variante"": ""B_ref_1N""}",referencia; sensibilidad: bruto (sin comision ni spread)
2026-09-25T05:28:17.278728Z,R02,0bf5da42fd,B_ref_1N,0,fuera_muestra,2011-12-31,2026-07-31,175,12,USD,1.4855487644351397,0.06443105052045439,0.092864475148215,0.5514670148472868,0.8349340839220166,-0.1914387296391583,0.3365622548890712,0.15919481473564018,-0.3600255071790851,3.726125862711814,0.9786040912796974,1.0,1.0,0.29923993270758625,0.0,0,0.06443105052045439,0.01591439165222197,0.0,0.0,2011-12-31,0e6d3baabe3fe595,"Yahoo chart v8 adjclose 1mo/1d SPY,EFA,EEM,TLT,IEF,GLD,DBC,VNQ (descarga 2026-09-25); RF French CRSP 202607 sha256 b840dba55d319f48","{""activos"": [""SPY"", ""EFA"", ""EEM"", ""TLT"", ""IEF"", ""GLD"", ""DBC"", ""VNQ""], ""bruto_max"": 1.0, ""comision_por_lado"": 0.0, ""cortes"": [""2011-12-31""], ""efectivo_en_mxn"": false, ""extras"": [""vol_DBC"", ""vol_EEM"", ""vol_EFA"", ""vol_GLD"", ""vol_IEF"", ""vol_SPY"", ""vol_TLT"", ""vol_VNQ""], ""fx"": false, ""max_dias_fx"": 10, ""min_historia"": 12, ""motor"": ""R02.backtest_cartera"", ""periodos_por_anio"": 12, ""peso_max"": 0.125, ""peso_min"": 0.0, ""rebalanceo_con_deriva"": true, ""segmentos"": [""dentro_muestra"", ""fuera_muestra""], ""senal"": ""cartera_ref_1n_L12_obj0.0_tope1.0"", ""spread_por_lado"": 0.0, ""usuario"": {""escenario_costos"": ""bruto"", ""parte"": ""b"", ""tipo"": ""referencia""}, ""variante"": ""B_ref_1N""}",referencia; sensibilidad: bruto (sin comision ni spread)
2026-09-25T05:28:17.304382Z,R02,d886cdbdd6,B_ref_1N_sin_rebalanceo,0,completo,2007-02-28,2026-07-31,233,12,USD,2.2468199812800433,0.06252033265622603,0.10576697585727664,0.4902925803429319,0.7046224750364415,-0.3010668291034704,0.20766264035929077,0.14153527662133397,-0.9248135005846267,6.738475803622333,0.9773537804782622,0.9999999999999994,1.0,0.05149443112928239,0.0,233,0.06308435048820926,0.014823262699370066,0.0,0.0,2011-12-31,0e6d3baabe3fe595,"Yahoo chart v8 adjclose 1mo/1d SPY,EFA,EEM,TLT,IEF,GLD,DBC,VNQ (descarga 2026-09-25); RF French CRSP 202607 sha256 b840dba55d319f48","{""activos"": [""SPY"", ""EFA"", ""EEM"", ""TLT"", ""IEF"", ""GLD"", ""DBC"", ""VNQ""], ""bruto_max"": 1.0, ""comision_por_lado"": 0.0, ""cortes"": [""2011-12-31""], ""efectivo_en_mxn"": false, ""extras"": [""vol_DBC"", ""vol_EEM"", ""vol_EFA"", ""vol_GLD"", ""vol_IEF"", ""vol_SPY"", ""vol_TLT"", ""vol_VNQ""], ""fx"": false, ""max_dias_fx"": 10, ""min_historia"": 12, ""motor"": ""R02.backtest_cartera"", ""periodos_por_anio"": 12, ""peso_max"": 1.0, ""peso_min"": 0.0, ""rebalanceo_con_deriva"": true, ""segmentos"": [""dentro_muestra"", ""fuera_muestra""], ""senal"": ""cartera_ref_1n_sin_rebalanceo_L12_obj0.0_tope1.0"", ""spread_por_lado"": 0.0, ""usuario"": {""escenario_costos"": ""bruto"", ""parte"": ""b"", ""tipo"": ""referencia""}, ""variante"": ""B_ref_1N_sin_rebalanceo""}",referencia; sensibilidad: bruto (sin comision ni spread)
2026-09-25T05:28:17.304382Z,R02,d886cdbdd6,B_ref_1N_sin_rebalanceo,0,dentro_muestra,2007-02-28,2011-12-31,58,12,USD,0.2930340100064561,0.05455801634967461,0.13626033652147707,0.37557045145797086,0.5092936142948243,-0.3010668291034704,0.18121563412395778,0.10841785062446438,-1.4045356651159802,7.605172448980167,0.7752331558943816,0.9999999999999998,1.0,0.20670628183361628,0.0,58,0.05903549563161037,0.011541522760558198,0.0,0.0,2011-12-31,0e6d3baabe3fe595,"Yahoo chart v8 adjclose 1mo/1d SPY,EFA,EEM,TLT,IEF,GLD,DBC,VNQ (descarga 2026-09-25); RF French CRSP 202607 sha256 b840dba55d319f48","{""activos"": [""SPY"", ""EFA"", ""EEM"", ""TLT"", ""IEF"", ""GLD"", ""DBC"", ""VNQ""], ""bruto_max"": 1.0, ""comision_por_lado"": 0.0, ""cortes"": [""2011-12-31""], ""efectivo_en_mxn"": false, ""extras"": [""vol_DBC"", ""vol_EEM"", ""vol_EFA"", ""vol_GLD"", ""vol_IEF"", ""vol_SPY"", ""vol_TLT"", ""vol_VNQ""], ""fx"": false, ""max_dias_fx"": 10, ""min_historia"": 12, ""motor"": ""R02.backtest_cartera"", ""periodos_por_anio"": 12, ""peso_max"": 1.0, ""peso_min"": 0.0, ""rebalanceo_con_deriva"": true, ""segmentos"": [""dentro_muestra"", ""fuera_muestra""], ""senal"": ""cartera_ref_1n_sin_rebalanceo_L12_obj0.0_tope1.0"", ""spread_por_lado"": 0.0, ""usuario"": {""escenario_costos"": ""bruto"", ""parte"": ""b"", ""tipo"": ""referencia""}, ""variante"": ""B_ref_1N_sin_rebalanceo""}",referencia; sensibilidad: bruto (sin comision ni spread)
2026-09-25T05:28:17.304382Z,R02,d886cdbdd6,B_ref_1N_sin_rebalanceo,0,fuera_muestra,2011-12-31,2026-07-31,175,12,USD,1.5110089573466268,0.06517523893635424,0.09398284717701058,0.5549842615517363,0.8396266078401974,-0.2150166185186897,0.30311721663825286,0.1602101564014503,-0.34886212577465925,3.4029456160962055,0.9794128622193836,0.9999999999999993,1.0,0.0,0.0,175,0.06443105052045439,0.01591439165222197,0.0,0.0,2011-12-31,0e6d3baabe3fe595,"Yahoo chart v8 adjclose 1mo/1d SPY,EFA,EEM,TLT,IEF,GLD,DBC,VNQ (descarga 2026-09-25); RF French CRSP 202607 sha256 b840dba55d319f48","{""activos"": [""SPY"", ""EFA"", ""EEM"", ""TLT"", ""IEF"", ""GLD"", ""DBC"", ""VNQ""], ""bruto_max"": 1.0, ""comision_por_lado"": 0.0, ""cortes"": [""2011-12-31""], ""efectivo_en_mxn"": false, ""extras"": [""vol_DBC"", ""vol_EEM"", ""vol_EFA"", ""vol_GLD"", ""vol_IEF"", ""vol_SPY"", ""vol_TLT"", ""vol_VNQ""], ""fx"": false, ""max_dias_fx"": 10, ""min_historia"": 12, ""motor"": ""R02.backtest_cartera"", ""periodos_por_anio"": 12, ""peso_max"": 1.0, ""peso_min"": 0.0, ""rebalanceo_con_deriva"": true, ""segmentos"": [""dentro_muestra"", ""fuera_muestra""], ""senal"": ""cartera_ref_1n_sin_rebalanceo_L12_obj0.0_tope1.0"", ""spread_por_lado"": 0.0, ""usuario"": {""escenario_costos"": ""bruto"", ""parte"": ""b"", ""tipo"": ""referencia""}, ""variante"": ""B_ref_1N_sin_rebalanceo""}",referencia; sensibilidad: bruto (sin comision ni spread)
2026-09-25T05:28:17.328381Z,R02,e7e997197c,B_ref_efectivo,0,completo,2007-02-28,2026-07-31,233,12,USD,0.33075812710378827,0.014823262699370066,0.0053483789707093376,0.0,0.0,0.0,inf,,0.0,3.0,,0.0,0.0,0.0,0.0,0,0.06308435048820926,0.014823262699370066,0.0,0.0,2011-12-31,0e6d3baabe3fe595,"Yahoo chart v8 adjclose 1mo/1d SPY,EFA,EEM,TLT,IEF,GLD,DBC,VNQ (descarga 2026-09-25); RF French CRSP 202607 sha256 b840dba55d319f48","{""activos"": [""SPY"", ""EFA"", ""EEM"", ""TLT"", ""IEF"", ""GLD"", ""DBC"", ""VNQ""], ""bruto_max"": 1.0, ""comision_por_lado"": 0.0, ""cortes"": [""2011-12-31""], ""efectivo_en_mxn"": false, ""extras"": [""vol_DBC"", ""vol_EEM"", ""vol_EFA"", ""vol_GLD"", ""vol_IEF"", ""vol_SPY"", ""vol_TLT"", ""vol_VNQ""], ""fx"": false, ""max_dias_fx"": 10, ""min_historia"": 12, ""motor"": ""R02.backtest_cartera"", ""periodos_por_anio"": 12, ""peso_max"": 1.0, ""peso_min"": 0.0, ""rebalanceo_con_deriva"": true, ""segmentos"": [""dentro_muestra"", ""fuera_muestra""], ""senal"": ""cartera_ref_1n_L12_obj0.0_tope1.0"", ""spread_por_lado"": 0.0, ""usuario"": {""escenario_costos"": ""bruto"", ""parte"": ""b"", ""tipo"": ""referencia""}, ""variante"": ""B_ref_efectivo""}",referencia; sensibilidad: bruto (sin comision ni spread)
2026-09-25T05:28:17.328381Z,R02,e7e997197c,B_ref_efectivo,0,dentro_muestra,2007-02-28,2011-12-31,58,12,USD,0.05708552896197294,0.011541522760558198,0.004938797843395803,0.0,0.0,0.0,inf,,0.0,3.0,,0.0,0.0,0.0,0.0,0,0.05903549563161037,0.011541522760558198,0.0,0.0,2011-12-31,0e6d3baabe3fe595,"Yahoo chart v8 adjclose 1mo/1d SPY,EFA,EEM,TLT,IEF,GLD,DBC,VNQ (descarga 2026-09-25); RF French CRSP 202607 sha256 b840dba55d319f48","{""activos"": [""SPY"", ""EFA"", ""EEM"", ""TLT"", ""IEF"", ""GLD"", ""DBC"", ""VNQ""], ""bruto_max"": 1.0, ""comision_por_lado"": 0.0, ""cortes"": [""2011-12-31""], ""efectivo_en_mxn"": false, ""extras"": [""vol_DBC"", ""vol_EEM"", ""vol_EFA"", ""vol_GLD"", ""vol_IEF"", ""vol_SPY"", ""vol_TLT"", ""vol_VNQ""], ""fx"": false, ""max_dias_fx"": 10, ""min_historia"": 12, ""motor"": ""R02.backtest_cartera"", ""periodos_por_anio"": 12, ""peso_max"": 1.0, ""peso_min"": 0.0, ""rebalanceo_con_deriva"": true, ""segmentos"": [""dentro_muestra"", ""fuera_muestra""], ""senal"": ""cartera_ref_1n_L12_obj0.0_tope1.0"", ""spread_por_lado"": 0.0, ""usuario"": {""escenario_costos"": ""bruto"", ""parte"": ""b"", ""tipo"": ""referencia""}, ""variante"": ""B_ref_efectivo""}",referencia; sensibilidad: bruto (sin comision ni spread)
2026-09-25T05:28:17.328381Z,R02,e7e997197c,B_ref_efectivo,0,fuera_muestra,2011-12-31,2026-07-31,175,12,USD,0.25889352435895274,0.01591439165222197,0.005455494450957997,0.0,0.0,0.0,inf,,0.0,3.0,,0.0,0.0,0.0,0.0,0,0.06443105052045439,0.01591439165222197,0.0,0.0,2011-12-31,0e6d3baabe3fe595,"Yahoo chart v8 adjclose 1mo/1d SPY,EFA,EEM,TLT,IEF,GLD,DBC,VNQ (descarga 2026-09-25); RF French CRSP 202607 sha256 b840dba55d319f48","{""activos"": [""SPY"", ""EFA"", ""EEM"", ""TLT"", ""IEF"", ""GLD"", ""DBC"", ""VNQ""], ""bruto_max"": 1.0, ""comision_por_lado"": 0.0, ""cortes"": [""2011-12-31""], ""efectivo_en_mxn"": false, ""extras"": [""vol_DBC"", ""vol_EEM"", ""vol_EFA"", ""vol_GLD"", ""vol_IEF"", ""vol_SPY"", ""vol_TLT"", ""vol_VNQ""], ""fx"": false, ""max_dias_fx"": 10, ""min_historia"": 12, ""motor"": ""R02.backtest_cartera"", ""periodos_por_anio"": 12, ""peso_max"": 1.0, ""peso_min"": 0.0, ""rebalanceo_con_deriva"": true, ""segmentos"": [""dentro_muestra"", ""fuera_muestra""], ""senal"": ""cartera_ref_1n_L12_obj0.0_tope1.0"", ""spread_por_lado"": 0.0, ""usuario"": {""escenario_costos"": ""bruto"", ""parte"": ""b"", ""tipo"": ""referencia""}, ""variante"": ""B_ref_efectivo""}",referencia; sensibilidad: bruto (sin comision ni spread)
2026-09-25T05:28:17.356900Z,R02,ef8694bbd8,B_ref_1N_sma10,0,completo,2007-02-28,2026-07-31,233,12,USD,1.9051030906641708,0.05645314533153978,0.06106533334378633,0.6916826771221571,1.1320030703708583,-0.08151235019414738,0.6925716802064816,0.19967158991513922,-0.06324952630110975,3.417211769461436,0.9985911581467208,0.653969957081545,0.9871244635193133,2.074437675100149,0.0,164,0.06308435048820926,0.014823262699370066,0.0,0.0,2011-12-31,0e6d3baabe3fe595,"Yahoo chart v8 adjclose 1mo/1d SPY,EFA,EEM,TLT,IEF,GLD,DBC,VNQ (descarga 2026-09-25); RF French CRSP 202607 sha256 b840dba55d319f48","{""activos"": [""SPY"", ""EFA"", ""EEM"", ""TLT"", ""IEF"", ""GLD"", ""DBC"", ""VNQ""], ""bruto_max"": 1.0, ""comision_por_lado"": 0.0, ""cortes"": [""2011-12-31""], ""efectivo_en_mxn"": false, ""extras"": [""vol_DBC"", ""vol_EEM"", ""vol_EFA"", ""vol_GLD"", ""vol_IEF"", ""vol_SPY"", ""vol_TLT"", ""vol_VNQ""], ""fx"": false, ""max_dias_fx"": 10, ""min_historia"": 12, ""motor"": ""R02.backtest_cartera"", ""periodos_por_anio"": 12, ""peso_max"": 0.125, ""peso_min"": 0.0, ""rebalanceo_con_deriva"": true, ""segmentos"": [""dentro_muestra"", ""fuera_muestra""], ""senal"": ""cartera_ref_sma10_L12_obj0.0_tope1.0"", ""spread_por_lado"": 0.0, ""usuario"": {""escenario_costos"": ""bruto"", ""parte"": ""b"", ""tipo"": ""referencia"", ""ventana"": 10}, ""variante"": ""B_ref_1N_sma10""}",referencia; sensibilidad: bruto (sin comision ni spread)
2026-09-25T05:28:17.356900Z,R02,ef8694bbd8,B_ref_1N_sma10,0,dentro_muestra,2007-02-28,2011-12-31,58,12,USD,0.4336403415658572,0.07730127738889836,0.0760768738559322,0.868900561065847,1.5858416921112921,-0.08151235019414738,0.9483382236529923,0.25082998641519183,0.040601123748466625,2.895745537007043,0.9696313814997048,0.6853448275862069,1.0,1.9497752620397586,0.0,37,0.05903549563161037,0.011541522760558198,0.0,0.0,2011-12-31,0e6d3baabe3fe595,"Yahoo chart v8 adjclose 1mo/1d SPY,EFA,EEM,TLT,IEF,GLD,DBC,VNQ (descarga 2026-09-25); RF French CRSP 202607 sha256 b840dba55d319f48","{""activos"": [""SPY"", ""EFA"", ""EEM"", ""TLT"", ""IEF"", ""GLD"", ""DBC"", ""VNQ""], ""bruto_max"": 1.0, ""comision_por_lado"": 0.0, ""cortes"": [""2011-12-31""], ""efectivo_en_mxn"": false, ""extras"": [""vol_DBC"", ""vol_EEM"", ""vol_EFA"", ""vol_GLD"", ""vol_IEF"", ""vol_SPY"", ""vol_TLT"", ""vol_VNQ""], ""fx"": false, ""max_dias_fx"": 10, ""min_historia"": 12, ""motor"": ""R02.backtest_cartera"", ""periodos_por_anio"": 12, ""peso_max"": 0.125, ""peso_min"": 0.0, ""rebalanceo_con_deriva"": true, ""segmentos"": [""dentro_muestra"", ""fuera_muestra""], ""senal"": ""cartera_ref_sma10_L12_obj0.0_tope1.0"", ""spread_por_lado"": 0.0, ""usuario"": {""escenario_costos"": ""bruto"", ""parte"": ""b"", ""tipo"": ""referencia"", ""ventana"": 10}, ""variante"": ""B_ref_1N_sma10""}",referencia; sensibilidad: bruto (sin comision ni spread)
2026-09-25T05:28:17.356900Z,R02,ef8694bbd8,B_ref_1N_sma10,0,fuera_muestra,2011-12-31,2026-07-31,175,12,USD,1.0263820753614872,0.04962590689985791,0.05531883779009447,0.6210850462663197,0.9600608551208794,-0.06303548726833275,0.7872693470046128,0.17929180932575542,-0.2596437779106757,3.295626852482801,0.9890388843674802,0.6435714285714286,0.9828571428571429,2.1157967595683655,0.0,127,0.06443105052045439,0.01591439165222197,0.0,0.0,2011-12-31,0e6d3baabe3fe595,"Yahoo chart v8 adjclose 1mo/1d SPY,EFA,EEM,TLT,IEF,GLD,DBC,VNQ (descarga 2026-09-25); RF French CRSP 202607 sha256 b840dba55d319f48","{""activos"": [""SPY"", ""EFA"", ""EEM"", ""TLT"", ""IEF"", ""GLD"", ""DBC"", ""VNQ""], ""bruto_max"": 1.0, ""comision_por_lado"": 0.0, ""cortes"": [""2011-12-31""], ""efectivo_en_mxn"": false, ""extras"": [""vol_DBC"", ""vol_EEM"", ""vol_EFA"", ""vol_GLD"", ""vol_IEF"", ""vol_SPY"", ""vol_TLT"", ""vol_VNQ""], ""fx"": false, ""max_dias_fx"": 10, ""min_historia"": 12, ""motor"": ""R02.backtest_cartera"", ""periodos_por_anio"": 12, ""peso_max"": 0.125, ""peso_min"": 0.0, ""rebalanceo_con_deriva"": true, ""segmentos"": [""dentro_muestra"", ""fuera_muestra""], ""senal"": ""cartera_ref_sma10_L12_obj0.0_tope1.0"", ""spread_por_lado"": 0.0, ""usuario"": {""escenario_costos"": ""bruto"", ""parte"": ""b"", ""tipo"": ""referencia"", ""ventana"": 10}, ""variante"": ""B_ref_1N_sma10""}",referencia; sensibilidad: bruto (sin comision ni spread)
2026-09-25T05:28:17.383092Z,R02,07c57c68db,B_ref_1N_vt10,0,completo,2007-02-28,2026-07-31,233,12,USD,1.2578291144514147,0.04282904908814622,0.05424990470068444,0.5332191264985816,0.784243545788308,-0.10974358319474564,0.39026472292365255,0.1539271031105066,-0.550377618813179,3.5064629770790874,0.9873202149877716,0.6553756378026497,1.0,0.5177964994942567,0.0,233,0.06308435048820926,0.014823262699370066,0.0,0.0,2011-12-31,0e6d3baabe3fe595,"Yahoo chart v8 adjclose 1mo/1d SPY,EFA,EEM,TLT,IEF,GLD,DBC,VNQ (descarga 2026-09-25); RF French CRSP 202607 sha256 b840dba55d319f48","{""activos"": [""SPY"", ""EFA"", ""EEM"", ""TLT"", ""IEF"", ""GLD"", ""DBC"", ""VNQ""], ""bruto_max"": 1.0, ""comision_por_lado"": 0.0, ""cortes"": [""2011-12-31""], ""efectivo_en_mxn"": false, ""extras"": [""vol_DBC"", ""vol_EEM"", ""vol_EFA"", ""vol_GLD"", ""vol_IEF"", ""vol_SPY"", ""vol_TLT"", ""vol_VNQ""], ""fx"": false, ""max_dias_fx"": 10, ""min_historia"": 12, ""motor"": ""R02.backtest_cartera"", ""periodos_por_anio"": 12, ""peso_max"": 0.125, ""peso_min"": 0.0, ""rebalanceo_con_deriva"": true, ""segmentos"": [""dentro_muestra"", ""fuera_muestra""], ""senal"": ""cartera_ref_vt_L12_obj0.1_tope1.0"", ""spread_por_lado"": 0.0, ""usuario"": {""escenario_costos"": ""bruto"", ""parte"": ""b"", ""sigma_obj"": 0.1, ""tipo"": ""referencia"", ""tope_por_activo"": 1.0}, ""variante"": ""B_ref_1N_vt10""}",referencia; sensibilidad: bruto (sin comision ni spread)
2026-09-25T05:28:17.383092Z,R02,07c57c68db,B_ref_1N_vt10,0,dentro_muestra,2007-02-28,2011-12-31,58,12,USD,0.2544959906700117,0.0479829530003173,0.04803689637921593,0.7618470100174711,1.2015382591707833,-0.08141219297050784,0.589382882950954,0.21992628815744925,-0.5947106204950564,3.9471860420208076,0.9379016299112277,0.5216279943714481,1.0,0.5588519269334199,0.0,58,0.05903549563161037,0.011541522760558198,0.0,0.0,2011-12-31,0e6d3baabe3fe595,"Yahoo chart v8 adjclose 1mo/1d SPY,EFA,EEM,TLT,IEF,GLD,DBC,VNQ (descarga 2026-09-25); RF French CRSP 202607 sha256 b840dba55d319f48","{""activos"": [""SPY"", ""EFA"", ""EEM"", ""TLT"", ""IEF"", ""GLD"", ""DBC"", ""VNQ""], ""bruto_max"": 1.0, ""comision_por_lado"": 0.0, ""cortes"": [""2011-12-31""], ""efectivo_en_mxn"": false, ""extras"": [""vol_DBC"", ""vol_EEM"", ""vol_EFA"", ""vol_GLD"", ""vol_IEF"", ""vol_SPY"", ""vol_TLT"", ""vol_VNQ""], ""fx"": false, ""max_dias_fx"": 10, ""min_historia"": 12, ""motor"": ""R02.backtest_cartera"", ""periodos_por_anio"": 12, ""peso_max"": 0.125, ""peso_min"": 0.0, ""rebalanceo_con_deriva"": true, ""segmentos"": [""dentro_muestra"", ""fuera_muestra""], ""senal"": ""cartera_ref_vt_L12_obj0.1_tope1.0"", ""spread_por_lado"": 0.0, ""usuario"": {""escenario_costos"": ""bruto"", ""parte"": ""b"", ""sigma_obj"": 0.1, ""tipo"": ""referencia"", ""tope_por_activo"": 1.0}, ""variante"": ""B_ref_1N_vt10""}",referencia; sensibilidad: bruto (sin comision ni spread)
2026-09-25T05:28:17.383092Z,R02,07c57c68db,B_ref_1N_vt10,0,fuera_muestra,2011-12-31,2026-07-31,175,12,USD,0.7997898209666932,0.04112475087022127,0.056279207547286006,0.46817580827160016,0.6790789836969979,-0.10974358319474564,0.3747349017868615,0.1351507144668395,-0.5270485187801546,3.358916812213059,0.9567240239062964,0.6997034281969908,1.0,0.5041755944463777,0.0,175,0.06443105052045439,0.01591439165222197,0.0,0.0,2011-12-31,0e6d3baabe3fe595,"Yahoo chart v8 adjclose 1mo/1d SPY,EFA,EEM,TLT,IEF,GLD,DBC,VNQ (descarga 2026-09-25); RF French CRSP 202607 sha256 b840dba55d319f48","{""activos"": [""SPY"", ""EFA"", ""EEM"", ""TLT"", ""IEF"", ""GLD"", ""DBC"", ""VNQ""], ""bruto_max"": 1.0, ""comision_por_lado"": 0.0, ""cortes"": [""2011-12-31""], ""efectivo_en_mxn"": false, ""extras"": [""vol_DBC"", ""vol_EEM"", ""vol_EFA"", ""vol_GLD"", ""vol_IEF"", ""vol_SPY"", ""vol_TLT"", ""vol_VNQ""], ""fx"": false, ""max_dias_fx"": 10, ""min_historia"": 12, ""motor"": ""R02.backtest_cartera"", ""periodos_por_anio"": 12, ""peso_max"": 0.125, ""peso_min"": 0.0, ""rebalanceo_con_deriva"": true, ""segmentos"": [""dentro_muestra"", ""fuera_muestra""], ""senal"": ""cartera_ref_vt_L12_obj0.1_tope1.0"", ""spread_por_lado"": 0.0, ""usuario"": {""escenario_costos"": ""bruto"", ""parte"": ""b"", ""sigma_obj"": 0.1, ""tipo"": ""referencia"", ""tope_por_activo"": 1.0}, ""variante"": ""B_ref_1N_vt10""}",referencia; sensibilidad: bruto (sin comision ni spread)
2026-09-25T05:28:17.408754Z,R02,f7b0d201c2,B_ref_largo_vt40,0,completo,2007-02-28,2026-07-31,233,12,USD,7.481183205421345,0.11637560169514138,0.22438915537633328,0.5413523448667595,0.7958871871698193,-0.4312586968153612,0.2698510257405113,0.1562749610176294,-0.5611655309345301,3.415942104712029,0.9883053806885806,2.9677380113888607,1.0,3.36925303114718,0.0,233,0.06308435048820926,0.014823262699370066,0.0,0.0,2011-12-31,0e6d3baabe3fe595,"Yahoo chart v8 adjclose 1mo/1d SPY,EFA,EEM,TLT,IEF,GLD,DBC,VNQ (descarga 2026-09-25); RF French CRSP 202607 sha256 b840dba55d319f48","{""activos"": [""SPY"", ""EFA"", ""EEM"", ""TLT"", ""IEF"", ""GLD"", ""DBC"", ""VNQ""], ""bruto_max"": 10.0, ""comision_por_lado"": 0.0, ""cortes"": [""2011-12-31""], ""efectivo_en_mxn"": false, ""extras"": [""vol_DBC"", ""vol_EEM"", ""vol_EFA"", ""vol_GLD"", ""vol_IEF"", ""vol_SPY"", ""vol_TLT"", ""vol_VNQ""], ""fx"": false, ""max_dias_fx"": 10, ""min_historia"": 12, ""motor"": ""R02.backtest_cartera"", ""periodos_por_anio"": 12, ""peso_max"": 1.25, ""peso_min"": 0.0, ""rebalanceo_con_deriva"": true, ""segmentos"": [""dentro_muestra"", ""fuera_muestra""], ""senal"": ""cartera_ref_largo_vt_L12_obj0.4_tope10.0"", ""spread_por_lado"": 0.0, ""usuario"": {""escenario_costos"": ""bruto"", ""parte"": ""b"", ""sigma_obj"": 0.4, ""tipo"": ""referencia"", ""tope_por_activo"": 10.0}, ""variante"": ""B_ref_largo_vt40""}",referencia; sensibilidad: bruto (sin comision ni spread)
2026-09-25T05:28:17.408754Z,R02,f7b0d201c2,B_ref_largo_vt40,0,dentro_muestra,2007-02-28,2011-12-31,58,12,USD,1.0515610995731914,0.1601384413651834,0.19376482633577638,0.8081571204721884,1.2807697334394659,-0.31327704626686903,0.5111719587293588,0.2332948655260654,-0.611835338755923,3.891638138398896,0.9473852722064335,2.2771851552042155,1.0,3.221888163394473,0.0,58,0.05903549563161037,0.011541522760558198,0.0,0.0,2011-12-31,0e6d3baabe3fe595,"Yahoo chart v8 adjclose 1mo/1d SPY,EFA,EEM,TLT,IEF,GLD,DBC,VNQ (descarga 2026-09-25); RF French CRSP 202607 sha256 b840dba55d319f48","{""activos"": [""SPY"", ""EFA"", ""EEM"", ""TLT"", ""IEF"", ""GLD"", ""DBC"", ""VNQ""], ""bruto_max"": 10.0, ""comision_por_lado"": 0.0, ""cortes"": [""2011-12-31""], ""efectivo_en_mxn"": false, ""extras"": [""vol_DBC"", ""vol_EEM"", ""vol_EFA"", ""vol_GLD"", ""vol_IEF"", ""vol_SPY"", ""vol_TLT"", ""vol_VNQ""], ""fx"": false, ""max_dias_fx"": 10, ""min_historia"": 12, ""motor"": ""R02.backtest_cartera"", ""periodos_por_anio"": 12, ""peso_max"": 1.25, ""peso_min"": 0.0, ""rebalanceo_con_deriva"": true, ""segmentos"": [""dentro_muestra"", ""fuera_muestra""], ""senal"": ""cartera_ref_largo_vt_L12_obj0.4_tope10.0"", ""spread_por_lado"": 0.0, ""usuario"": {""escenario_costos"": ""bruto"", ""parte"": ""b"", ""sigma_obj"": 0.4, ""tipo"": ""referencia"", ""tope_por_activo"": 10.0}, ""variante"": ""B_ref_largo_vt40""}",referencia; sensibilidad: bruto (sin comision ni spread)
2026-09-25T05:28:17.408754Z,R02,f7b0d201c2,B_ref_largo_vt40,0,fuera_muestra,2011-12-31,2026-07-31,175,12,USD,3.134014437681519,0.10222427526240208,0.2340866283319453,0.46900682939395216,0.6799818238581234,-0.431258696815361,0.237037017496179,0.1353906096011856,-0.5327724370023752,3.246643953873424,0.9569718912469234,3.196606958010057,1.0,3.418144079085411,0.0,175,0.06443105052045439,0.01591439165222197,0.0,0.0,2011-12-31,0e6d3baabe3fe595,"Yahoo chart v8 adjclose 1mo/1d SPY,EFA,EEM,TLT,IEF,GLD,DBC,VNQ (descarga 2026-09-25); RF French CRSP 202607 sha256 b840dba55d319f48","{""activos"": [""SPY"", ""EFA"", ""EEM"", ""TLT"", ""IEF"", ""GLD"", ""DBC"", ""VNQ""], ""bruto_max"": 10.0, ""comision_por_lado"": 0.0, ""cortes"": [""2011-12-31""], ""efectivo_en_mxn"": false, ""extras"": [""vol_DBC"", ""vol_EEM"", ""vol_EFA"", ""vol_GLD"", ""vol_IEF"", ""vol_SPY"", ""vol_TLT"", ""vol_VNQ""], ""fx"": false, ""max_dias_fx"": 10, ""min_historia"": 12, ""motor"": ""R02.backtest_cartera"", ""periodos_por_anio"": 12, ""peso_max"": 1.25, ""peso_min"": 0.0, ""rebalanceo_con_deriva"": true, ""segmentos"": [""dentro_muestra"", ""fuera_muestra""], ""senal"": ""cartera_ref_largo_vt_L12_obj0.4_tope10.0"", ""spread_por_lado"": 0.0, ""usuario"": {""escenario_costos"": ""bruto"", ""parte"": ""b"", ""sigma_obj"": 0.4, ""tipo"": ""referencia"", ""tope_por_activo"": 10.0}, ""variante"": ""B_ref_largo_vt40""}",referencia; sensibilidad: bruto (sin comision ni spread)
2026-09-25T05:28:17.461744Z,R02,cf5ff12806,B_ls_vt40_L12,0,completo,2007-02-28,2026-07-31,233,12,MXN,4.00037887470063,0.08641250861653527,0.22669786755001725,0.33862146056641945,0.518581560654668,-0.4342592980079344,0.19898827500742752,0.09775159570570326,0.04395486959184594,3.3727819991144803,0.9316097760761255,0.8416283491801826,1.0,10.686039250617412,0.0363325334520992,233,0.08744349909969662,0.038076573369530964,0.0029,0.0005,2011-12-31,b25e21ccd88eba01,"Yahoo chart v8 adjclose 1mo/1d SPY,EFA,EEM,TLT,IEF,GLD,DBC,VNQ (descarga 2026-09-25); RF French CRSP 202607 sha256 b840dba55d319f48","{""activos"": [""SPY"", ""EFA"", ""EEM"", ""TLT"", ""IEF"", ""GLD"", ""DBC"", ""VNQ""], ""bruto_max"": 10.0, ""comision_por_lado"": 0.0029, ""cortes"": [""2011-12-31""], ""efectivo_en_mxn"": false, ""extras"": [""fx"", ""vol_DBC"", ""vol_EEM"", ""vol_EFA"", ""vol_GLD"", ""vol_IEF"", ""vol_SPY"", ""vol_TLT"", ""vol_VNQ""], ""fx"": true, ""max_dias_fx"": 10, ""min_historia"": 12, ""motor"": ""R02.backtest_cartera"", ""periodos_por_anio"": 12, ""peso_max"": 1.25, ""peso_min"": -1.25, ""rebalanceo_con_deriva"": true, ""segmentos"": [""dentro_muestra"", ""fuera_muestra""], ""senal"": ""cartera_ls_vt_L12_obj0.4_tope10.0"", ""spread_por_lado"": 0.0005, ""usuario"": {""L"": 12, ""escenario_costos"": ""defecto"", ""moneda"": ""MXN"", ""parte"": ""b"", ""sigma_obj"": 0.4, ""tipo"": ""largo/corto"", ""tope_por_activo"": 10.0}, ""variante"": ""B_ls_vt40_L12""}",sensibilidad: MXN con DEXMXUS (efectivo T-bill USD convertido)
2026-09-25T05:28:17.461744Z,R02,cf5ff12806,B_ls_vt40_L12,0,dentro_muestra,2007-02-28,2011-12-31,58,12,MXN,1.337438872837863,0.19184815517734655,0.20818991823716448,0.7774541283048093,1.2692515118306547,-0.366981905218993,0.5227727919251577,0.22443167512968376,-0.27066724073239345,3.0340244861975125,0.9479910169028207,1.4612420670912312,1.0,7.4378665724999795,0.025288746346499927,58,0.10909557445973106,0.05935658521709142,0.0029,0.0005,2011-12-31,b25e21ccd88eba01,"Yahoo chart v8 adjclose 1mo/1d SPY,EFA,EEM,TLT,IEF,GLD,DBC,VNQ (descarga 2026-09-25); RF French CRSP 202607 sha256 b840dba55d319f48","{""activos"": [""SPY"", ""EFA"", ""EEM"", ""TLT"", ""IEF"", ""GLD"", ""DBC"", ""VNQ""], ""bruto_max"": 10.0, ""comision_por_lado"": 0.0029, ""cortes"": [""2011-12-31""], ""efectivo_en_mxn"": false, ""extras"": [""fx"", ""vol_DBC"", ""vol_EEM"", ""vol_EFA"", ""vol_GLD"", ""vol_IEF"", ""vol_SPY"", ""vol_TLT"", ""vol_VNQ""], ""fx"": true, ""max_dias_fx"": 10, ""min_historia"": 12, ""motor"": ""R02.backtest_cartera"", ""periodos_por_anio"": 12, ""peso_max"": 1.25, ""peso_min"": -1.25, ""rebalanceo_con_deriva"": true, ""segmentos"": [""dentro_muestra"", ""fuera_muestra""], ""senal"": ""cartera_ls_vt_L12_obj0.4_tope10.0"", ""spread_por_lado"": 0.0005, ""usuario"": {""L"": 12, ""escenario_costos"": ""defecto"", ""moneda"": ""MXN"", ""parte"": ""b"", ""sigma_obj"": 0.4, ""tipo"": ""largo/corto"", ""tope_por_activo"": 10.0}, ""variante"": ""B_ls_vt40_L12""}",sensibilidad: MXN con DEXMXUS (efectivo T-bill USD convertido)
2026-09-25T05:28:17.461744Z,R02,cf5ff12806,B_ls_vt40_L12,0,fuera_muestra,2011-12-31,2026-07-31,175,12,MXN,1.1392554615255945,0.053535013044287094,0.23243702310178463,0.21188766789571375,0.3196778959672699,-0.4342592980079345,0.12327891029591481,0.06116670104877618,0.13703975005271252,3.4374557633311795,0.7908336929806523,0.636270659815378,1.0,11.763681218742374,0.039996516143724056,175,0.08035381024466015,0.03111139360996429,0.0029,0.0005,2011-12-31,b25e21ccd88eba01,"Yahoo chart v8 adjclose 1mo/1d SPY,EFA,EEM,TLT,IEF,GLD,DBC,VNQ (descarga 2026-09-25); RF French CRSP 202607 sha256 b840dba55d319f48","{""activos"": [""SPY"", ""EFA"", ""EEM"", ""TLT"", ""IEF"", ""GLD"", ""DBC"", ""VNQ""], ""bruto_max"": 10.0, ""comision_por_lado"": 0.0029, ""cortes"": [""2011-12-31""], ""efectivo_en_mxn"": false, ""extras"": [""fx"", ""vol_DBC"", ""vol_EEM"", ""vol_EFA"", ""vol_GLD"", ""vol_IEF"", ""vol_SPY"", ""vol_TLT"", ""vol_VNQ""], ""fx"": true, ""max_dias_fx"": 10, ""min_historia"": 12, ""motor"": ""R02.backtest_cartera"", ""periodos_por_anio"": 12, ""peso_max"": 1.25, ""peso_min"": -1.25, ""rebalanceo_con_deriva"": true, ""segmentos"": [""dentro_muestra"", ""fuera_muestra""], ""senal"": ""cartera_ls_vt_L12_obj0.4_tope10.0"", ""spread_por_lado"": 0.0005, ""usuario"": {""L"": 12, ""escenario_costos"": ""defecto"", ""moneda"": ""MXN"", ""parte"": ""b"", ""sigma_obj"": 0.4, ""tipo"": ""largo/corto"", ""tope_por_activo"": 10.0}, ""variante"": ""B_ls_vt40_L12""}",sensibilidad: MXN con DEXMXUS (efectivo T-bill USD convertido)
2026-09-25T05:28:17.500334Z,R02,bc650b0781,B_lo_vt10_L12,0,completo,2007-02-28,2026-07-31,233,12,MXN,2.1249840813929275,0.06042975786953564,0.10997905682366003,0.5380929090272728,0.8273091500432233,-0.24640820330435986,0.24524247593694626,0.15533404293796238,-0.26423663501025174,3.2926179715393302,0.9893779218053933,0.42290315590021926,0.9871244635193133,1.185618284923098,0.004031102168738533,232,0.08744349909969662,0.038076573369530964,0.0029,0.0005,2011-12-31,b25e21ccd88eba01,"Yahoo chart v8 adjclose 1mo/1d SPY,EFA,EEM,TLT,IEF,GLD,DBC,VNQ (descarga 2026-09-25); RF French CRSP 202607 sha256 b840dba55d319f48","{""activos"": [""SPY"", ""EFA"", ""EEM"", ""TLT"", ""IEF"", ""GLD"", ""DBC"", ""VNQ""], ""bruto_max"": 1.0, ""comision_por_lado"": 0.0029, ""cortes"": [""2011-12-31""], ""efectivo_en_mxn"": false, ""extras"": [""fx"", ""vol_DBC"", ""vol_EEM"", ""vol_EFA"", ""vol_GLD"", ""vol_IEF"", ""vol_SPY"", ""vol_TLT"", ""vol_VNQ""], ""fx"": true, ""max_dias_fx"": 10, ""min_historia"": 12, ""motor"": ""R02.backtest_cartera"", ""periodos_por_anio"": 12, ""peso_max"": 0.125, ""peso_min"": 0.0, ""rebalanceo_con_deriva"": true, ""segmentos"": [""dentro_muestra"", ""fuera_muestra""], ""senal"": ""cartera_lo_vt_L12_obj0.1_tope1.0"", ""spread_por_lado"": 0.0005, ""usuario"": {""L"": 12, ""escenario_costos"": ""defecto"", ""moneda"": ""MXN"", ""parte"": ""b"", ""sigma_obj"": 0.1, ""tipo"": ""solo largos"", ""tope_por_activo"": 1.0}, ""variante"": ""B_lo_vt10_L12""}",sensibilidad: MXN con DEXMXUS (efectivo T-bill USD convertido)
2026-09-25T05:28:17.500334Z,R02,bc650b0781,B_lo_vt10_L12,0,dentro_muestra,2007-02-28,2011-12-31,58,12,MXN,0.5513388726840891,0.09501550257876734,0.11492629223696638,0.8189936394082988,1.4034092765477217,-0.1680038494923184,0.5655555087927417,0.23642309908848633,-0.13783703487336166,3.0103939862949494,0.9584650611612786,0.4230485745408925,1.0,0.9280729446000096,0.0031554480116400313,58,0.10909557445973106,0.05935658521709142,0.0029,0.0005,2011-12-31,b25e21ccd88eba01,"Yahoo chart v8 adjclose 1mo/1d SPY,EFA,EEM,TLT,IEF,GLD,DBC,VNQ (descarga 2026-09-25); RF French CRSP 202607 sha256 b840dba55d319f48","{""activos"": [""SPY"", ""EFA"", ""EEM"", ""TLT"", ""IEF"", ""GLD"", ""DBC"", ""VNQ""], ""bruto_max"": 1.0, ""comision_por_lado"": 0.0029, ""cortes"": [""2011-12-31""], ""efectivo_en_mxn"": false, ""extras"": [""fx"", ""vol_DBC"", ""vol_EEM"", ""vol_EFA"", ""vol_GLD"", ""vol_IEF"", ""vol_SPY"", ""vol_TLT"", ""vol_VNQ""], ""fx"": true, ""max_dias_fx"": 10, ""min_historia"": 12, ""motor"": ""R02.backtest_cartera"", ""periodos_por_anio"": 12, ""peso_max"": 0.125, ""peso_min"": 0.0, ""rebalanceo_con_deriva"": true, ""segmentos"": [""dentro_muestra"", ""fuera_muestra""], ""senal"": ""cartera_lo_vt_L12_obj0.1_tope1.0"", ""spread_por_lado"": 0.0005, ""usuario"": {""L"": 12, ""escenario_costos"": ""defecto"", ""moneda"": ""MXN"", ""parte"": ""b"", ""sigma_obj"": 0.1, ""tipo"": ""solo largos"", ""tope_por_activo"": 1.0}, ""variante"": ""B_lo_vt10_L12""}",sensibilidad: MXN con DEXMXUS (efectivo T-bill USD convertido)
2026-09-25T05:28:17.500334Z,R02,bc650b0781,B_lo_vt10_L12,0,fuera_muestra,2011-12-31,2026-07-31,175,12,MXN,1.0143787643161128,0.04919833976036303,0.10844659020056921,0.44100637488545225,0.656466641601527,-0.24640820330435975,0.1996619394184453,0.12730757462722844,-0.31698295970561774,3.3768083306673162,0.9493770326372942,0.4228549600078818,0.9828571428571429,1.2710637630212762,0.0043216167942723375,174,0.08035381024466015,0.03111139360996429,0.0029,0.0005,2011-12-31,b25e21ccd88eba01,"Yahoo chart v8 adjclose 1mo/1d SPY,EFA,EEM,TLT,IEF,GLD,DBC,VNQ (descarga 2026-09-25); RF French CRSP 202607 sha256 b840dba55d319f48","{""activos"": [""SPY"", ""EFA"", ""EEM"", ""TLT"", ""IEF"", ""GLD"", ""DBC"", ""VNQ""], ""bruto_max"": 1.0, ""comision_por_lado"": 0.0029, ""cortes"": [""2011-12-31""], ""efectivo_en_mxn"": false, ""extras"": [""fx"", ""vol_DBC"", ""vol_EEM"", ""vol_EFA"", ""vol_GLD"", ""vol_IEF"", ""vol_SPY"", ""vol_TLT"", ""vol_VNQ""], ""fx"": true, ""max_dias_fx"": 10, ""min_historia"": 12, ""motor"": ""R02.backtest_cartera"", ""periodos_por_anio"": 12, ""peso_max"": 0.125, ""peso_min"": 0.0, ""rebalanceo_con_deriva"": true, ""segmentos"": [""dentro_muestra"", ""fuera_muestra""], ""senal"": ""cartera_lo_vt_L12_obj0.1_tope1.0"", ""spread_por_lado"": 0.0005, ""usuario"": {""L"": 12, ""escenario_costos"": ""defecto"", ""moneda"": ""MXN"", ""parte"": ""b"", ""sigma_obj"": 0.1, ""tipo"": ""solo largos"", ""tope_por_activo"": 1.0}, ""variante"": ""B_lo_vt10_L12""}",sensibilidad: MXN con DEXMXUS (efectivo T-bill USD convertido)
2026-09-25T05:28:17.536856Z,R02,96af551a2d,B_lo_L12,0,completo,2007-02-28,2026-07-31,233,12,MXN,2.938867392771321,0.07314476042844742,0.10501626467842883,0.4947270784822645,0.7481463548343623,-0.21709617795947278,0.33692329876992116,0.14281540596856626,-0.44170302888013,4.822099505501051,0.9817223264088881,0.621244635193133,0.9871244635193133,1.5053305659359668,0.00511812392418228,136,0.08744349909969662,0.038076573369530964,0.0029,0.0005,2011-12-31,b25e21ccd88eba01,"Yahoo chart v8 adjclose 1mo/1d SPY,EFA,EEM,TLT,IEF,GLD,DBC,VNQ (descarga 2026-09-25); RF French CRSP 202607 sha256 b840dba55d319f48","{""activos"": [""SPY"", ""EFA"", ""EEM"", ""TLT"", ""IEF"", ""GLD"", ""DBC"", ""VNQ""], ""bruto_max"": 1.0, ""comision_por_lado"": 0.0029, ""cortes"": [""2011-12-31""], ""efectivo_en_mxn"": false, ""extras"": [""fx"", ""vol_DBC"", ""vol_EEM"", ""vol_EFA"", ""vol_GLD"", ""vol_IEF"", ""vol_SPY"", ""vol_TLT"", ""vol_VNQ""], ""fx"": true, ""max_dias_fx"": 10, ""min_historia"": 12, ""motor"": ""R02.backtest_cartera"", ""periodos_por_anio"": 12, ""peso_max"": 0.125, ""peso_min"": 0.0, ""rebalanceo_con_deriva"": true, ""segmentos"": [""dentro_muestra"", ""fuera_muestra""], ""senal"": ""cartera_lo_L12_obj0.0_tope1.0"", ""spread_por_lado"": 0.0005, ""usuario"": {""L"": 12, ""escenario_costos"": ""defecto"", ""moneda"": ""MXN"", ""parte"": ""b"", ""tipo"": ""solo largos binaria""}, ""variante"": ""B_lo_L12""}",sensibilidad: MXN con DEXMXUS (efectivo T-bill USD convertido)
2026-09-25T05:28:17.536856Z,R02,96af551a2d,B_lo_L12,0,dentro_muestra,2007-02-28,2011-12-31,58,12,MXN,0.6612146321746759,0.11061462144929535,0.1027920250400616,0.5055642633088792,0.7546335166506949,-0.14165943346701648,0.7808489610757231,0.1459438317570181,-0.6517385895355055,4.268341636156167,0.8519066682532519,0.7176724137931034,1.0,1.3706700095093038,0.004660278032331631,28,0.10909557445973106,0.05935658521709142,0.0029,0.0005,2011-12-31,b25e21ccd88eba01,"Yahoo chart v8 adjclose 1mo/1d SPY,EFA,EEM,TLT,IEF,GLD,DBC,VNQ (descarga 2026-09-25); RF French CRSP 202607 sha256 b840dba55d319f48","{""activos"": [""SPY"", ""EFA"", ""EEM"", ""TLT"", ""IEF"", ""GLD"", ""DBC"", ""VNQ""], ""bruto_max"": 1.0, ""comision_por_lado"": 0.0029, ""cortes"": [""2011-12-31""], ""efectivo_en_mxn"": false, ""extras"": [""fx"", ""vol_DBC"", ""vol_EEM"", ""vol_EFA"", ""vol_GLD"", ""vol_IEF"", ""vol_SPY"", ""vol_TLT"", ""vol_VNQ""], ""fx"": true, ""max_dias_fx"": 10, ""min_historia"": 12, ""motor"": ""R02.backtest_cartera"", ""periodos_por_anio"": 12, ""peso_max"": 0.125, ""peso_min"": 0.0, ""rebalanceo_con_deriva"": true, ""segmentos"": [""dentro_muestra"", ""fuera_muestra""], ""senal"": ""cartera_lo_L12_obj0.0_tope1.0"", ""spread_por_lado"": 0.0005, ""usuario"": {""L"": 12, ""escenario_costos"": ""defecto"", ""moneda"": ""MXN"", ""parte"": ""b"", ""tipo"": ""solo largos binaria""}, ""variante"": ""B_lo_L12""}",sensibilidad: MXN con DEXMXUS (efectivo T-bill USD convertido)
2026-09-25T05:28:17.536856Z,R02,96af551a2d,B_lo_L12,0,fuera_muestra,2011-12-31,2026-07-31,175,12,MXN,1.3710767510005604,0.06099483971089237,0.10582753136257785,0.5081627318330934,0.7820751773893426,-0.21709617795947278,0.280957685594441,0.14669394500798605,-0.1671561742660503,3.043357610720184,0.971385326548441,0.5892857142857143,0.9828571428571429,1.550006721250632,0.005270022852252148,108,0.08035381024466015,0.03111139360996429,0.0029,0.0005,2011-12-31,b25e21ccd88eba01,"Yahoo chart v8 adjclose 1mo/1d SPY,EFA,EEM,TLT,IEF,GLD,DBC,VNQ (descarga 2026-09-25); RF French CRSP 202607 sha256 b840dba55d319f48","{""activos"": [""SPY"", ""EFA"", ""EEM"", ""TLT"", ""IEF"", ""GLD"", ""DBC"", ""VNQ""], ""bruto_max"": 1.0, ""comision_por_lado"": 0.0029, ""cortes"": [""2011-12-31""], ""efectivo_en_mxn"": false, ""extras"": [""fx"", ""vol_DBC"", ""vol_EEM"", ""vol_EFA"", ""vol_GLD"", ""vol_IEF"", ""vol_SPY"", ""vol_TLT"", ""vol_VNQ""], ""fx"": true, ""max_dias_fx"": 10, ""min_historia"": 12, ""motor"": ""R02.backtest_cartera"", ""periodos_por_anio"": 12, ""peso_max"": 0.125, ""peso_min"": 0.0, ""rebalanceo_con_deriva"": true, ""segmentos"": [""dentro_muestra"", ""fuera_muestra""], ""senal"": ""cartera_lo_L12_obj0.0_tope1.0"", ""spread_por_lado"": 0.0005, ""usuario"": {""L"": 12, ""escenario_costos"": ""defecto"", ""moneda"": ""MXN"", ""parte"": ""b"", ""tipo"": ""solo largos binaria""}, ""variante"": ""B_lo_L12""}",sensibilidad: MXN con DEXMXUS (efectivo T-bill USD convertido)
2026-09-25T05:28:17.567130Z,R02,b489d1c4c6,B_ref_1N,0,completo,2007-02-28,2026-07-31,233,12,MXN,3.9635833991775096,0.08599939762202924,0.10056798084402538,0.38467292464054104,0.5304030264249908,-0.27196570868341596,0.3162141213991709,0.1110455082955885,-1.2961814028091443,9.389065087054881,0.941071355751039,1.0,1.0,0.3907319851161981,0.0013284887493950736,1,0.08744349909969662,0.038076573369530964,0.0029,0.0005,2011-12-31,b25e21ccd88eba01,"Yahoo chart v8 adjclose 1mo/1d SPY,EFA,EEM,TLT,IEF,GLD,DBC,VNQ (descarga 2026-09-25); RF French CRSP 202607 sha256 b840dba55d319f48","{""activos"": [""SPY"", ""EFA"", ""EEM"", ""TLT"", ""IEF"", ""GLD"", ""DBC"", ""VNQ""], ""bruto_max"": 1.0, ""comision_por_lado"": 0.0029, ""cortes"": [""2011-12-31""], ""efectivo_en_mxn"": false, ""extras"": [""fx"", ""vol_DBC"", ""vol_EEM"", ""vol_EFA"", ""vol_GLD"", ""vol_IEF"", ""vol_SPY"", ""vol_TLT"", ""vol_VNQ""], ""fx"": true, ""max_dias_fx"": 10, ""min_historia"": 12, ""motor"": ""R02.backtest_cartera"", ""periodos_por_anio"": 12, ""peso_max"": 0.125, ""peso_min"": 0.0, ""rebalanceo_con_deriva"": true, ""segmentos"": [""dentro_muestra"", ""fuera_muestra""], ""senal"": ""cartera_ref_1n_L12_obj0.0_tope1.0"", ""spread_por_lado"": 0.0005, ""usuario"": {""escenario_costos"": ""defecto"", ""moneda"": ""MXN"", ""parte"": ""b"", ""tipo"": ""referencia""}, ""variante"": ""B_ref_1N""}",referencia; sensibilidad: MXN con DEXMXUS (efectivo T-bill USD convertido)
2026-09-25T05:28:17.567130Z,R02,b489d1c4c6,B_ref_1N,0,dentro_muestra,2007-02-28,2011-12-31,58,12,MXN,0.6322480270539192,0.10658361238804126,0.09804155686151479,0.25709876962963196,0.3387775266983886,-0.10648749579000116,1.0009026092437148,0.0742180219269948,-1.5551773718858433,8.30879230544377,0.7013105227771599,1.0,1.0,0.6665025969601525,0.0022661088296645174,1,0.10909557445973106,0.05935658521709142,0.0029,0.0005,2011-12-31,b25e21ccd88eba01,"Yahoo chart v8 adjclose 1mo/1d SPY,EFA,EEM,TLT,IEF,GLD,DBC,VNQ (descarga 2026-09-25); RF French CRSP 202607 sha256 b840dba55d319f48","{""activos"": [""SPY"", ""EFA"", ""EEM"", ""TLT"", ""IEF"", ""GLD"", ""DBC"", ""VNQ""], ""bruto_max"": 1.0, ""comision_por_lado"": 0.0029, ""cortes"": [""2011-12-31""], ""efectivo_en_mxn"": false, ""extras"": [""fx"", ""vol_DBC"", ""vol_EEM"", ""vol_EFA"", ""vol_GLD"", ""vol_IEF"", ""vol_SPY"", ""vol_TLT"", ""vol_VNQ""], ""fx"": true, ""max_dias_fx"": 10, ""min_historia"": 12, ""motor"": ""R02.backtest_cartera"", ""periodos_por_anio"": 12, ""peso_max"": 0.125, ""peso_min"": 0.0, ""rebalanceo_con_deriva"": true, ""segmentos"": [""dentro_muestra"", ""fuera_muestra""], ""senal"": ""cartera_ref_1n_L12_obj0.0_tope1.0"", ""spread_por_lado"": 0.0005, ""usuario"": {""escenario_costos"": ""defecto"", ""moneda"": ""MXN"", ""parte"": ""b"", ""tipo"": ""referencia""}, ""variante"": ""B_ref_1N""}",referencia; sensibilidad: MXN con DEXMXUS (efectivo T-bill USD convertido)
2026-09-25T05:28:17.567130Z,R02,b489d1c4c6,B_ref_1N,0,fuera_muestra,2011-12-31,2026-07-31,175,12,MXN,2.0409492411128203,0.07925514296582836,0.1016048560639836,0.47385992374906777,0.6904949649564146,-0.27196570868341585,0.29141594118428377,0.13679157726734992,-0.5507779438327214,4.21695048899214,0.9580055983729712,1.0,1.0,0.29923993270758636,0.0010174157712057933,0,0.08035381024466015,0.03111139360996429,0.0029,0.0005,2011-12-31,b25e21ccd88eba01,"Yahoo chart v8 adjclose 1mo/1d SPY,EFA,EEM,TLT,IEF,GLD,DBC,VNQ (descarga 2026-09-25); RF French CRSP 202607 sha256 b840dba55d319f48","{""activos"": [""SPY"", ""EFA"", ""EEM"", ""TLT"", ""IEF"", ""GLD"", ""DBC"", ""VNQ""], ""bruto_max"": 1.0, ""comision_por_lado"": 0.0029, ""cortes"": [""2011-12-31""], ""efectivo_en_mxn"": false, ""extras"": [""fx"", ""vol_DBC"", ""vol_EEM"", ""vol_EFA"", ""vol_GLD"", ""vol_IEF"", ""vol_SPY"", ""vol_TLT"", ""vol_VNQ""], ""fx"": true, ""max_dias_fx"": 10, ""min_historia"": 12, ""motor"": ""R02.backtest_cartera"", ""periodos_por_anio"": 12, ""peso_max"": 0.125, ""peso_min"": 0.0, ""rebalanceo_con_deriva"": true, ""segmentos"": [""dentro_muestra"", ""fuera_muestra""], ""senal"": ""cartera_ref_1n_L12_obj0.0_tope1.0"", ""spread_por_lado"": 0.0005, ""usuario"": {""escenario_costos"": ""defecto"", ""moneda"": ""MXN"", ""parte"": ""b"", ""tipo"": ""referencia""}, ""variante"": ""B_ref_1N""}",referencia; sensibilidad: MXN con DEXMXUS (efectivo T-bill USD convertido)
2026-09-25T05:28:17.600278Z,R02,adba2fefe5,B_ref_1N_sma10,0,completo,2007-02-28,2026-07-31,233,12,MXN,2.932921200531345,0.07306127757530989,0.11246580136089616,0.5289716494777783,0.8242285939989297,-0.22665998396899756,0.3223386691199236,0.15270096210983783,-0.14855555460198178,3.5541980485685967,0.9887956982303341,0.653969957081545,0.9871244635193133,2.0744376751001496,0.007053088095340512,164,0.08744349909969662,0.038076573369530964,0.0029,0.0005,2011-12-31,b25e21ccd88eba01,"Yahoo chart v8 adjclose 1mo/1d SPY,EFA,EEM,TLT,IEF,GLD,DBC,VNQ (descarga 2026-09-25); RF French CRSP 202607 sha256 b840dba55d319f48","{""activos"": [""SPY"", ""EFA"", ""EEM"", ""TLT"", ""IEF"", ""GLD"", ""DBC"", ""VNQ""], ""bruto_max"": 1.0, ""comision_por_lado"": 0.0029, ""cortes"": [""2011-12-31""], ""efectivo_en_mxn"": false, ""extras"": [""fx"", ""vol_DBC"", ""vol_EEM"", ""vol_EFA"", ""vol_GLD"", ""vol_IEF"", ""vol_SPY"", ""vol_TLT"", ""vol_VNQ""], ""fx"": true, ""max_dias_fx"": 10, ""min_historia"": 12, ""motor"": ""R02.backtest_cartera"", ""periodos_por_anio"": 12, ""peso_max"": 0.125, ""peso_min"": 0.0, ""rebalanceo_con_deriva"": true, ""segmentos"": [""dentro_muestra"", ""fuera_muestra""], ""senal"": ""cartera_ref_sma10_L12_obj0.0_tope1.0"", ""spread_por_lado"": 0.0005, ""usuario"": {""escenario_costos"": ""defecto"", ""moneda"": ""MXN"", ""parte"": ""b"", ""tipo"": ""referencia"", ""ventana"": 10}, ""variante"": ""B_ref_1N_sma10""}",referencia; sensibilidad: MXN con DEXMXUS (efectivo T-bill USD convertido)
2026-09-25T05:28:17.600278Z,R02,adba2fefe5,B_ref_1N_sma10,0,dentro_muestra,2007-02-28,2011-12-31,58,12,MXN,0.735970986812444,0.12076595929962752,0.11477427369007222,0.7161006918011846,1.2326905496584923,-0.12138062712813136,0.9949360302130011,0.20672046358914561,-0.05907468750751796,3.0699454780253865,0.9375576452635405,0.6853448275862069,1.0,1.9497752620397586,0.006629235890935181,37,0.10909557445973106,0.05935658521709142,0.0029,0.0005,2011-12-31,b25e21ccd88eba01,"Yahoo chart v8 adjclose 1mo/1d SPY,EFA,EEM,TLT,IEF,GLD,DBC,VNQ (descarga 2026-09-25); RF French CRSP 202607 sha256 b840dba55d319f48","{""activos"": [""SPY"", ""EFA"", ""EEM"", ""TLT"", ""IEF"", ""GLD"", ""DBC"", ""VNQ""], ""bruto_max"": 1.0, ""comision_por_lado"": 0.0029, ""cortes"": [""2011-12-31""], ""efectivo_en_mxn"": false, ""extras"": [""fx"", ""vol_DBC"", ""vol_EEM"", ""vol_EFA"", ""vol_GLD"", ""vol_IEF"", ""vol_SPY"", ""vol_TLT"", ""vol_VNQ""], ""fx"": true, ""max_dias_fx"": 10, ""min_historia"": 12, ""motor"": ""R02.backtest_cartera"", ""periodos_por_anio"": 12, ""peso_max"": 0.125, ""peso_min"": 0.0, ""rebalanceo_con_deriva"": true, ""segmentos"": [""dentro_muestra"", ""fuera_muestra""], ""senal"": ""cartera_ref_sma10_L12_obj0.0_tope1.0"", ""spread_por_lado"": 0.0005, ""usuario"": {""escenario_costos"": ""defecto"", ""moneda"": ""MXN"", ""parte"": ""b"", ""tipo"": ""referencia"", ""ventana"": 10}, ""variante"": ""B_ref_1N_sma10""}",referencia; sensibilidad: MXN con DEXMXUS (efectivo T-bill USD convertido)
2026-09-25T05:28:17.600278Z,R02,adba2fefe5,B_ref_1N_sma10,0,fuera_muestra,2011-12-31,2026-07-31,175,12,MXN,1.2655454672966018,0.05768726983297068,0.11170216607447646,0.4508773036660701,0.6658556556047629,-0.22665998396899778,0.2545101646211228,0.1301570663215491,-0.32998827320297935,3.3526844933444466,0.952855269184486,0.6435714285714286,0.9828571428571429,2.1157967595683655,0.007193708982532439,127,0.08035381024466015,0.03111139360996429,0.0029,0.0005,2011-12-31,b25e21ccd88eba01,"Yahoo chart v8 adjclose 1mo/1d SPY,EFA,EEM,TLT,IEF,GLD,DBC,VNQ (descarga 2026-09-25); RF French CRSP 202607 sha256 b840dba55d319f48","{""activos"": [""SPY"", ""EFA"", ""EEM"", ""TLT"", ""IEF"", ""GLD"", ""DBC"", ""VNQ""], ""bruto_max"": 1.0, ""comision_por_lado"": 0.0029, ""cortes"": [""2011-12-31""], ""efectivo_en_mxn"": false, ""extras"": [""fx"", ""vol_DBC"", ""vol_EEM"", ""vol_EFA"", ""vol_GLD"", ""vol_IEF"", ""vol_SPY"", ""vol_TLT"", ""vol_VNQ""], ""fx"": true, ""max_dias_fx"": 10, ""min_historia"": 12, ""motor"": ""R02.backtest_cartera"", ""periodos_por_anio"": 12, ""peso_max"": 0.125, ""peso_min"": 0.0, ""rebalanceo_con_deriva"": true, ""segmentos"": [""dentro_muestra"", ""fuera_muestra""], ""senal"": ""cartera_ref_sma10_L12_obj0.0_tope1.0"", ""spread_por_lado"": 0.0005, ""usuario"": {""escenario_costos"": ""defecto"", ""moneda"": ""MXN"", ""parte"": ""b"", ""tipo"": ""referencia"", ""ventana"": 10}, ""variante"": ""B_ref_1N_sma10""}",referencia; sensibilidad: MXN con DEXMXUS (efectivo T-bill USD convertido)
2026-09-25T05:28:17.633935Z,R02,d18e432bfd,B_ref_1N_vt10,0,completo,2007-02-28,2026-07-31,233,12,MXN,2.387733788949827,0.06484740459932703,0.09924374258042705,0.4277348747465645,0.603270262867657,-0.23433136125929033,0.27673378522976544,0.12347642253835996,-0.7366396012176748,4.053747227519435,0.9633612871655907,0.6553756378026497,1.0,0.5177964994942569,0.0017605080982804723,233,0.08744349909969662,0.038076573369530964,0.0029,0.0005,2011-12-31,b25e21ccd88eba01,"Yahoo chart v8 adjclose 1mo/1d SPY,EFA,EEM,TLT,IEF,GLD,DBC,VNQ (descarga 2026-09-25); RF French CRSP 202607 sha256 b840dba55d319f48","{""activos"": [""SPY"", ""EFA"", ""EEM"", ""TLT"", ""IEF"", ""GLD"", ""DBC"", ""VNQ""], ""bruto_max"": 1.0, ""comision_por_lado"": 0.0029, ""cortes"": [""2011-12-31""], ""efectivo_en_mxn"": false, ""extras"": [""fx"", ""vol_DBC"", ""vol_EEM"", ""vol_EFA"", ""vol_GLD"", ""vol_IEF"", ""vol_SPY"", ""vol_TLT"", ""vol_VNQ""], ""fx"": true, ""max_dias_fx"": 10, ""min_historia"": 12, ""motor"": ""R02.backtest_cartera"", ""periodos_por_anio"": 12, ""peso_max"": 0.125, ""peso_min"": 0.0, ""rebalanceo_con_deriva"": true, ""segmentos"": [""dentro_muestra"", ""fuera_muestra""], ""senal"": ""cartera_ref_vt_L12_obj0.1_tope1.0"", ""spread_por_lado"": 0.0005, ""usuario"": {""escenario_costos"": ""defecto"", ""moneda"": ""MXN"", ""parte"": ""b"", ""sigma_obj"": 0.1, ""tipo"": ""referencia"", ""tope_por_activo"": 1.0}, ""variante"": ""B_ref_1N_vt10""}",referencia; sensibilidad: MXN con DEXMXUS (efectivo T-bill USD convertido)
2026-09-25T05:28:17.633935Z,R02,d18e432bfd,B_ref_1N_vt10,0,dentro_muestra,2007-02-28,2011-12-31,58,12,MXN,0.5542256590957806,0.09543638579530134,0.10079188108084827,0.6170774862934317,0.9112785882755026,-0.11655833614877964,0.8187864459002108,0.17813492641118522,-0.8943057620430589,4.996205305641382,0.8910881176597925,0.5216279943714481,1.0,0.55885192693342,0.0019000965515736277,58,0.10909557445973106,0.05935658521709142,0.0029,0.0005,2011-12-31,b25e21ccd88eba01,"Yahoo chart v8 adjclose 1mo/1d SPY,EFA,EEM,TLT,IEF,GLD,DBC,VNQ (descarga 2026-09-25); RF French CRSP 202607 sha256 b840dba55d319f48","{""activos"": [""SPY"", ""EFA"", ""EEM"", ""TLT"", ""IEF"", ""GLD"", ""DBC"", ""VNQ""], ""bruto_max"": 1.0, ""comision_por_lado"": 0.0029, ""cortes"": [""2011-12-31""], ""efectivo_en_mxn"": false, ""extras"": [""fx"", ""vol_DBC"", ""vol_EEM"", ""vol_EFA"", ""vol_GLD"", ""vol_IEF"", ""vol_SPY"", ""vol_TLT"", ""vol_VNQ""], ""fx"": true, ""max_dias_fx"": 10, ""min_historia"": 12, ""motor"": ""R02.backtest_cartera"", ""periodos_por_anio"": 12, ""peso_max"": 0.125, ""peso_min"": 0.0, ""rebalanceo_con_deriva"": true, ""segmentos"": [""dentro_muestra"", ""fuera_muestra""], ""senal"": ""cartera_ref_vt_L12_obj0.1_tope1.0"", ""spread_por_lado"": 0.0005, ""usuario"": {""escenario_costos"": ""defecto"", ""moneda"": ""MXN"", ""parte"": ""b"", ""sigma_obj"": 0.1, ""tipo"": ""referencia"", ""tope_por_activo"": 1.0}, ""variante"": ""B_ref_1N_vt10""}",referencia; sensibilidad: MXN con DEXMXUS (efectivo T-bill USD convertido)
2026-09-25T05:28:17.633935Z,R02,d18e432bfd,B_ref_1N_vt10,0,fuera_muestra,2011-12-31,2026-07-31,175,12,MXN,1.1796923562056918,0.054888828449966676,0.09886444661830439,0.3721608877511195,0.520090910358347,-0.23433136125929033,0.23423594757012298,0.10743359436247947,-0.6896008363930222,3.8126104600086093,0.913442346826427,0.6997034281969908,1.0,0.5041755944463776,0.0017141970211176846,175,0.08035381024466015,0.03111139360996429,0.0029,0.0005,2011-12-31,b25e21ccd88eba01,"Yahoo chart v8 adjclose 1mo/1d SPY,EFA,EEM,TLT,IEF,GLD,DBC,VNQ (descarga 2026-09-25); RF French CRSP 202607 sha256 b840dba55d319f48","{""activos"": [""SPY"", ""EFA"", ""EEM"", ""TLT"", ""IEF"", ""GLD"", ""DBC"", ""VNQ""], ""bruto_max"": 1.0, ""comision_por_lado"": 0.0029, ""cortes"": [""2011-12-31""], ""efectivo_en_mxn"": false, ""extras"": [""fx"", ""vol_DBC"", ""vol_EEM"", ""vol_EFA"", ""vol_GLD"", ""vol_IEF"", ""vol_SPY"", ""vol_TLT"", ""vol_VNQ""], ""fx"": true, ""max_dias_fx"": 10, ""min_historia"": 12, ""motor"": ""R02.backtest_cartera"", ""periodos_por_anio"": 12, ""peso_max"": 0.125, ""peso_min"": 0.0, ""rebalanceo_con_deriva"": true, ""segmentos"": [""dentro_muestra"", ""fuera_muestra""], ""senal"": ""cartera_ref_vt_L12_obj0.1_tope1.0"", ""spread_por_lado"": 0.0005, ""usuario"": {""escenario_costos"": ""defecto"", ""moneda"": ""MXN"", ""parte"": ""b"", ""sigma_obj"": 0.1, ""tipo"": ""referencia"", ""tope_por_activo"": 1.0}, ""variante"": ""B_ref_1N_vt10""}",referencia; sensibilidad: MXN con DEXMXUS (efectivo T-bill USD convertido)
