fecha_registro_utc,id_replica,corrida,variante,es_prueba,segmento,fecha_inicio,fecha_fin,n_periodos,periodos_por_anio,moneda,rendimiento_total,cagr,vol_anual,sharpe,sortino,mdd,calmar,sharpe_periodo,asimetria,curtosis,psr,exposicion_media,tiempo_invertido,rotacion_anual,costo_anual,n_cambios_senal,cagr_activo_sin_costos,cagr_efectivo,comision_por_lado,spread_por_lado,cortes,huella_datos,fuente_datos,parametros_json,nota
2026-09-25T05:56:44.729704Z,R03,7b10072729,F_SMB,1,completo,1935-12-31,2026-07-31,1087,12,USD,66.94703178814282,0.04767528053627501,0.10010984353126423,0.17734882335454288,0.27714536054629896,-0.31226607310500276,0.15267518517851825,0.05119619545210437,0.7000845990456092,9.370244703440497,0.9566761221711062,1.0,1.0,0.011039746108508388,0.0,1,0.04767528053627501,0.034343917744822594,0.0,0.0,1975-12-31|1981-03-31,76374c05c782890a,"French CRSP 202607 (3F sha b840dba55d31, Mom sha 7ee14e892b0f, 5F sha b8653b411cc5)","{""comision_por_lado"": 0.0, ""cortes"": [""1975-12-31"", ""1981-03-31""], ""efectivo_en_mxn"": false, ""exposicion_inicial"": 0.0, ""exposicion_max"": 1.0, ""exposicion_min"": 0.0, ""extras"": [], ""fx"": false, ""max_dias_fx"": 10, ""min_historia"": 1, ""periodos_por_anio"": 12, ""permitir_capturas"": false, ""rebalanceo_con_deriva"": true, ""segmentos"": [""desarrollo"", ""validacion"", ""prueba""], ""senal"": ""senal_comprar_y_mantener"", ""spread_por_lado"": 0.0, ""usuario"": {""ancla"": ""periodo 0.0 en el fin del mes previo"", ""cortes"": [""1975-12-31"", ""1981-03-31""], ""factor"": ""SMB"", ""inicio"": ""1936-01-31""}, ""variante"": ""F_SMB""}",principal bruta (como el articulo)
2026-09-25T05:56:44.729704Z,R03,7b10072729,F_SMB,1,desarrollo,1935-12-31,1975-12-31,480,12,USD,3.593040905503992,0.03884919559307698,0.09748576424096542,0.1935582125108708,0.3185163368722796,-0.31226607310500276,0.12441055541763427,0.05587544304850703,1.1422042204016016,9.375500142191154,0.8960751649136592,1.0,1.0,0.025,0.0,1,0.03884919559307698,0.024163680708613855,0.0,0.0,1975-12-31|1981-03-31,76374c05c782890a,"French CRSP 202607 (3F sha b840dba55d31, Mom sha 7ee14e892b0f, 5F sha b8653b411cc5)","{""comision_por_lado"": 0.0, ""cortes"": [""1975-12-31"", ""1981-03-31""], ""efectivo_en_mxn"": false, ""exposicion_inicial"": 0.0, ""exposicion_max"": 1.0, ""exposicion_min"": 0.0, ""extras"": [], ""fx"": false, ""max_dias_fx"": 10, ""min_historia"": 1, ""periodos_por_anio"": 12, ""permitir_capturas"": false, ""rebalanceo_con_deriva"": true, ""segmentos"": [""desarrollo"", ""validacion"", ""prueba""], ""senal"": ""senal_comprar_y_mantener"", ""spread_por_lado"": 0.0, ""usuario"": {""ancla"": ""periodo 0.0 en el fin del mes previo"", ""cortes"": [""1975-12-31"", ""1981-03-31""], ""factor"": ""SMB"", ""inicio"": ""1936-01-31""}, ""variante"": ""F_SMB""}",principal bruta (como el articulo)
2026-09-25T05:56:44.729704Z,R03,7b10072729,F_SMB,1,validacion,1975-12-31,1981-03-31,63,12,USD,2.1500438016647223,0.24435786640016466,0.09147318947779817,1.5809699913385422,2.523364266191221,-0.09209999999999996,2.6531798740517347,0.4563867250400139,-1.397647387598812,7.164098747991076,0.9948798544826561,1.0,1.0,0.0,0.0,0,0.24435786640016466,0.08075162339801767,0.0,0.0,1975-12-31|1981-03-31,76374c05c782890a,"French CRSP 202607 (3F sha b840dba55d31, Mom sha 7ee14e892b0f, 5F sha b8653b411cc5)","{""comision_por_lado"": 0.0, ""cortes"": [""1975-12-31"", ""1981-03-31""], ""efectivo_en_mxn"": false, ""exposicion_inicial"": 0.0, ""exposicion_max"": 1.0, ""exposicion_min"": 0.0, ""extras"": [], ""fx"": false, ""max_dias_fx"": 10, ""min_historia"": 1, ""periodos_por_anio"": 12, ""permitir_capturas"": false, ""rebalanceo_con_deriva"": true, ""segmentos"": [""desarrollo"", ""validacion"", ""prueba""], ""senal"": ""senal_comprar_y_mantener"", ""spread_por_lado"": 0.0, ""usuario"": {""ancla"": ""periodo 0.0 en el fin del mes previo"", ""cortes"": [""1975-12-31"", ""1981-03-31""], ""factor"": ""SMB"", ""inicio"": ""1936-01-31""}, ""variante"": ""F_SMB""}",principal bruta (como el articulo)
2026-09-25T05:56:44.729704Z,R03,7b10072729,F_SMB,1,prueba,1981-03-31,2026-07-31,544,12,USD,3.6962756888137003,0.03470868340902311,0.10196652901160279,0.017479212344082416,0.026078635843779,-0.305795947473231,0.11350275795287137,0.005045813976039306,0.5740891869562245,9.96728587563175,0.5468658088383638,1.0,1.0,0.0,0.0,0,0.03470868340902311,0.03812205746060382,0.0,0.0,1975-12-31|1981-03-31,76374c05c782890a,"French CRSP 202607 (3F sha b840dba55d31, Mom sha 7ee14e892b0f, 5F sha b8653b411cc5)","{""comision_por_lado"": 0.0, ""cortes"": [""1975-12-31"", ""1981-03-31""], ""efectivo_en_mxn"": false, ""exposicion_inicial"": 0.0, ""exposicion_max"": 1.0, ""exposicion_min"": 0.0, ""extras"": [], ""fx"": false, ""max_dias_fx"": 10, ""min_historia"": 1, ""periodos_por_anio"": 12, ""permitir_capturas"": false, ""rebalanceo_con_deriva"": true, ""segmentos"": [""desarrollo"", ""validacion"", ""prueba""], ""senal"": ""senal_comprar_y_mantener"", ""spread_por_lado"": 0.0, ""usuario"": {""ancla"": ""periodo 0.0 en el fin del mes previo"", ""cortes"": [""1975-12-31"", ""1981-03-31""], ""factor"": ""SMB"", ""inicio"": ""1936-01-31""}, ""variante"": ""F_SMB""}",principal bruta (como el articulo)
2026-09-25T05:56:44.743570Z,R03,9da0acd767,REF_MKT_SMB,0,completo,1935-12-31,2026-07-31,1087,12,USD,12957.225103200533,0.11020060177213487,0.1573302356897961,0.5302483034419426,0.7861767026624938,-0.5031170717166413,0.21903570355132082,0.15306950036477399,-0.5068368728379129,5.835285590990157,0.9999991935955284,1.0,1.0,0.011039746108508388,0.0,1,0.11020060177213487,0.034343917744822594,0.0,0.0,1975-12-31|1981-03-31,c32905ee3493960b,"French CRSP 202607 (3F sha b840dba55d31, Mom sha 7ee14e892b0f, 5F sha b8653b411cc5)","{""comision_por_lado"": 0.0, ""cortes"": [""1975-12-31"", ""1981-03-31""], ""efectivo_en_mxn"": false, ""exposicion_inicial"": 0.0, ""exposicion_max"": 1.0, ""exposicion_min"": 0.0, ""extras"": [], ""fx"": false, ""max_dias_fx"": 10, ""min_historia"": 1, ""periodos_por_anio"": 12, ""permitir_capturas"": false, ""rebalanceo_con_deriva"": true, ""segmentos"": [""desarrollo"", ""validacion"", ""prueba""], ""senal"": ""senal_comprar_y_mantener"", ""spread_por_lado"": 0.0, ""usuario"": {""inicio"": ""1936-01-31"", ""serie"": ""Mkt-RF+RF""}, ""variante"": ""REF_MKT_SMB""}","referencia: mercado comprar y mantener, mismo periodo y cortes"
2026-09-25T05:56:44.743570Z,R03,9da0acd767,REF_MKT_SMB,0,desarrollo,1935-12-31,1975-12-31,480,12,USD,35.617666657509425,0.0941888040279204,0.16097682025430182,0.491663017593691,0.7311966949409792,-0.49457332353713723,0.1904445701888889,0.1419308877791506,-0.38613656186109907,6.789587451915382,0.9985755134642256,1.0,1.0,0.025,0.0,1,0.0941888040279204,0.024163680708613855,0.0,0.0,1975-12-31|1981-03-31,c32905ee3493960b,"French CRSP 202607 (3F sha b840dba55d31, Mom sha 7ee14e892b0f, 5F sha b8653b411cc5)","{""comision_por_lado"": 0.0, ""cortes"": [""1975-12-31"", ""1981-03-31""], ""efectivo_en_mxn"": false, ""exposicion_inicial"": 0.0, ""exposicion_max"": 1.0, ""exposicion_min"": 0.0, ""extras"": [], ""fx"": false, ""max_dias_fx"": 10, ""min_historia"": 1, ""periodos_por_anio"": 12, ""permitir_capturas"": false, ""rebalanceo_con_deriva"": true, ""segmentos"": [""desarrollo"", ""validacion"", ""prueba""], ""senal"": ""senal_comprar_y_mantener"", ""spread_por_lado"": 0.0, ""usuario"": {""inicio"": ""1936-01-31"", ""serie"": ""Mkt-RF+RF""}, ""variante"": ""REF_MKT_SMB""}","referencia: mercado comprar y mantener, mismo periodo y cortes"
2026-09-25T05:56:44.743570Z,R03,9da0acd767,REF_MKT_SMB,0,validacion,1975-12-31,1981-03-31,63,12,USD,1.2424675580406586,0.16633843371918577,0.15471469525485734,0.5724312004332432,0.872584937034209,-0.11990253999999989,1.3872803171574675,0.16524665383133683,-0.4761337405446292,4.239398665786303,0.8925407520576691,1.0,1.0,0.0,0.0,0,0.16633843371918577,0.08075162339801767,0.0,0.0,1975-12-31|1981-03-31,c32905ee3493960b,"French CRSP 202607 (3F sha b840dba55d31, Mom sha 7ee14e892b0f, 5F sha b8653b411cc5)","{""comision_por_lado"": 0.0, ""cortes"": [""1975-12-31"", ""1981-03-31""], ""efectivo_en_mxn"": false, ""exposicion_inicial"": 0.0, ""exposicion_max"": 1.0, ""exposicion_min"": 0.0, ""extras"": [], ""fx"": false, ""max_dias_fx"": 10, ""min_historia"": 1, ""periodos_por_anio"": 12, ""permitir_capturas"": false, ""rebalanceo_con_deriva"": true, ""segmentos"": [""desarrollo"", ""validacion"", ""prueba""], ""senal"": ""senal_comprar_y_mantener"", ""spread_por_lado"": 0.0, ""usuario"": {""inicio"": ""1936-01-31"", ""serie"": ""Mkt-RF+RF""}, ""variante"": ""REF_MKT_SMB""}","referencia: mercado comprar y mantener, mismo periodo y cortes"
2026-09-25T05:56:44.743570Z,R03,9da0acd767,REF_MKT_SMB,0,prueba,1981-03-31,2026-07-31,544,12,USD,156.80787957991583,0.11811927114667253,0.15450414964746834,0.560218124903768,0.8271293946437288,-0.5031170717166411,0.23477492175657697,0.16172104260904893,-0.6290512147743795,4.994127041685502,0.9998062642506891,1.0,1.0,0.0,0.0,0,0.11811927114667253,0.03812205746060382,0.0,0.0,1975-12-31|1981-03-31,c32905ee3493960b,"French CRSP 202607 (3F sha b840dba55d31, Mom sha 7ee14e892b0f, 5F sha b8653b411cc5)","{""comision_por_lado"": 0.0, ""cortes"": [""1975-12-31"", ""1981-03-31""], ""efectivo_en_mxn"": false, ""exposicion_inicial"": 0.0, ""exposicion_max"": 1.0, ""exposicion_min"": 0.0, ""extras"": [], ""fx"": false, ""max_dias_fx"": 10, ""min_historia"": 1, ""periodos_por_anio"": 12, ""permitir_capturas"": false, ""rebalanceo_con_deriva"": true, ""segmentos"": [""desarrollo"", ""validacion"", ""prueba""], ""senal"": ""senal_comprar_y_mantener"", ""spread_por_lado"": 0.0, ""usuario"": {""inicio"": ""1936-01-31"", ""serie"": ""Mkt-RF+RF""}, ""variante"": ""REF_MKT_SMB""}","referencia: mercado comprar y mantener, mismo periodo y cortes"
2026-09-25T05:56:44.753527Z,R03,d9406cffc7,F_HML,1,completo,1963-06-30,2026-07-31,757,12,USD,104.52353378762933,0.07664641530843563,0.1037980599014808,0.3489018789932932,0.544272347221935,-0.5247302663601936,0.1460682187061472,0.10071929687877204,0.09021299067863131,5.144443091464616,0.9971743189796197,1.0,1.0,0.01585148858606024,0.0,1,0.07664641530843563,0.04438160940497915,0.0,0.0,1990-12-31|1992-06-30,871711900fb3f8df,"French CRSP 202607 (3F sha b840dba55d31, Mom sha 7ee14e892b0f, 5F sha b8653b411cc5)","{""comision_por_lado"": 0.0, ""cortes"": [""1990-12-31"", ""1992-06-30""], ""efectivo_en_mxn"": false, ""exposicion_inicial"": 0.0, ""exposicion_max"": 1.0, ""exposicion_min"": 0.0, ""extras"": [], ""fx"": false, ""max_dias_fx"": 10, ""min_historia"": 1, ""periodos_por_anio"": 12, ""permitir_capturas"": false, ""rebalanceo_con_deriva"": true, ""segmentos"": [""desarrollo"", ""validacion"", ""prueba""], ""senal"": ""senal_comprar_y_mantener"", ""spread_por_lado"": 0.0, ""usuario"": {""ancla"": ""periodo 0.0 en el fin del mes previo"", ""cortes"": [""1990-12-31"", ""1992-06-30""], ""factor"": ""HML"", ""inicio"": ""1963-07-31""}, ""variante"": ""F_HML""}",principal bruta (como el articulo)
2026-09-25T05:56:44.753527Z,R03,d9406cffc7,F_HML,1,desarrollo,1963-06-30,1990-12-31,330,12,USD,21.542310680135913,0.11993285245884655,0.08950946853361653,0.5752460372465755,0.9221428306227178,-0.1919595816089512,0.6247817975721927,0.16605922722728794,-0.047299521229263244,4.208216549853622,0.9985007590800776,1.0,1.0,0.03635775433008163,0.0,1,0.11993285245884655,0.06883334280542375,0.0,0.0,1990-12-31|1992-06-30,871711900fb3f8df,"French CRSP 202607 (3F sha b840dba55d31, Mom sha 7ee14e892b0f, 5F sha b8653b411cc5)","{""comision_por_lado"": 0.0, ""cortes"": [""1990-12-31"", ""1992-06-30""], ""efectivo_en_mxn"": false, ""exposicion_inicial"": 0.0, ""exposicion_max"": 1.0, ""exposicion_min"": 0.0, ""extras"": [], ""fx"": false, ""max_dias_fx"": 10, ""min_historia"": 1, ""periodos_por_anio"": 12, ""permitir_capturas"": false, ""rebalanceo_con_deriva"": true, ""segmentos"": [""desarrollo"", ""validacion"", ""prueba""], ""senal"": ""senal_comprar_y_mantener"", ""spread_por_lado"": 0.0, ""usuario"": {""ancla"": ""periodo 0.0 en el fin del mes previo"", ""cortes"": [""1990-12-31"", ""1992-06-30""], ""factor"": ""HML"", ""inicio"": ""1963-07-31""}, ""variante"": ""F_HML""}",principal bruta (como el articulo)
2026-09-25T05:56:44.753527Z,R03,d9406cffc7,F_HML,1,validacion,1990-12-31,1992-06-30,18,12,USD,0.20799862702950356,0.13448426833011728,0.09471716410699059,0.849110797219753,1.8437659058155442,-0.06986455387664836,1.9249284632599295,0.2451171736733211,0.4945495752716725,2.4811332230028382,0.8564955566595717,1.0,1.0,0.0,0.0,0,0.13448426833011728,0.05012410939334888,0.0,0.0,1990-12-31|1992-06-30,871711900fb3f8df,"French CRSP 202607 (3F sha b840dba55d31, Mom sha 7ee14e892b0f, 5F sha b8653b411cc5)","{""comision_por_lado"": 0.0, ""cortes"": [""1990-12-31"", ""1992-06-30""], ""efectivo_en_mxn"": false, ""exposicion_inicial"": 0.0, ""exposicion_max"": 1.0, ""exposicion_min"": 0.0, ""extras"": [], ""fx"": false, ""max_dias_fx"": 10, ""min_historia"": 1, ""periodos_por_anio"": 12, ""permitir_capturas"": false, ""rebalanceo_con_deriva"": true, ""segmentos"": [""desarrollo"", ""validacion"", ""prueba""], ""senal"": ""senal_comprar_y_mantener"", ""spread_por_lado"": 0.0, ""usuario"": {""ancla"": ""periodo 0.0 en el fin del mes previo"", ""cortes"": [""1990-12-31"", ""1992-06-30""], ""factor"": ""HML"", ""inicio"": ""1963-07-31""}, ""variante"": ""F_HML""}",principal bruta (como el articulo)
2026-09-25T05:56:44.753527Z,R03,d9406cffc7,F_HML,1,prueba,1992-06-30,2026-07-31,409,12,USD,2.875113745941851,0.04054314614096821,0.11370257396909222,0.1912745244893277,0.29244174405224815,-0.5247302663601934,0.0772647372186036,0.055216199101515505,0.1720291921436883,5.165179824593542,0.8683992166114234,1.0,1.0,0.0,0.0,0,0.04054314614096821,0.024811233835770663,0.0,0.0,1990-12-31|1992-06-30,871711900fb3f8df,"French CRSP 202607 (3F sha b840dba55d31, Mom sha 7ee14e892b0f, 5F sha b8653b411cc5)","{""comision_por_lado"": 0.0, ""cortes"": [""1990-12-31"", ""1992-06-30""], ""efectivo_en_mxn"": false, ""exposicion_inicial"": 0.0, ""exposicion_max"": 1.0, ""exposicion_min"": 0.0, ""extras"": [], ""fx"": false, ""max_dias_fx"": 10, ""min_historia"": 1, ""periodos_por_anio"": 12, ""permitir_capturas"": false, ""rebalanceo_con_deriva"": true, ""segmentos"": [""desarrollo"", ""validacion"", ""prueba""], ""senal"": ""senal_comprar_y_mantener"", ""spread_por_lado"": 0.0, ""usuario"": {""ancla"": ""periodo 0.0 en el fin del mes previo"", ""cortes"": [""1990-12-31"", ""1992-06-30""], ""factor"": ""HML"", ""inicio"": ""1963-07-31""}, ""variante"": ""F_HML""}",principal bruta (como el articulo)
2026-09-25T05:56:44.769375Z,R03,c6d63d2571,REF_MKT_HML,0,completo,1963-06-30,2026-07-31,757,12,USD,664.7008396416037,0.10854461470562282,0.15406043496826896,0.46530127586017794,0.6835227962375716,-0.5031170717166413,0.21574424881920093,0.13432090843607503,-0.489299159324171,4.7114350656050386,0.9998072019822474,1.0,1.0,0.01585148858606024,0.0,1,0.10854461470562282,0.04438160940497915,0.0,0.0,1990-12-31|1992-06-30,fd0810038f894f82,"French CRSP 202607 (3F sha b840dba55d31, Mom sha 7ee14e892b0f, 5F sha b8653b411cc5)","{""comision_por_lado"": 0.0, ""cortes"": [""1990-12-31"", ""1992-06-30""], ""efectivo_en_mxn"": false, ""exposicion_inicial"": 0.0, ""exposicion_max"": 1.0, ""exposicion_min"": 0.0, ""extras"": [], ""fx"": false, ""max_dias_fx"": 10, ""min_historia"": 1, ""periodos_por_anio"": 12, ""permitir_capturas"": false, ""rebalanceo_con_deriva"": true, ""segmentos"": [""desarrollo"", ""validacion"", ""prueba""], ""senal"": ""senal_comprar_y_mantener"", ""spread_por_lado"": 0.0, ""usuario"": {""inicio"": ""1963-07-31"", ""serie"": ""Mkt-RF+RF""}, ""variante"": ""REF_MKT_HML""}","referencia: mercado comprar y mantener, mismo periodo y cortes"
2026-09-25T05:56:44.769375Z,R03,c6d63d2571,REF_MKT_HML,0,desarrollo,1963-06-30,1990-12-31,330,12,USD,12.819686222651095,0.10018559095870105,0.15822364820949408,0.2620746695869178,0.37813223935159307,-0.46507549984195595,0.21541790739943636,0.0756544405168946,-0.39687192802545734,5.330018185991119,0.911178944027511,1.0,1.0,0.03635775433008163,0.0,1,0.10018559095870105,0.06883334280542375,0.0,0.0,1990-12-31|1992-06-30,fd0810038f894f82,"French CRSP 202607 (3F sha b840dba55d31, Mom sha 7ee14e892b0f, 5F sha b8653b411cc5)","{""comision_por_lado"": 0.0, ""cortes"": [""1990-12-31"", ""1992-06-30""], ""efectivo_en_mxn"": false, ""exposicion_inicial"": 0.0, ""exposicion_max"": 1.0, ""exposicion_min"": 0.0, ""extras"": [], ""fx"": false, ""max_dias_fx"": 10, ""min_historia"": 1, ""periodos_por_anio"": 12, ""permitir_capturas"": false, ""rebalanceo_con_deriva"": true, ""segmentos"": [""desarrollo"", ""validacion"", ""prueba""], ""senal"": ""senal_comprar_y_mantener"", ""spread_por_lado"": 0.0, ""usuario"": {""inicio"": ""1963-07-31"", ""serie"": ""Mkt-RF+RF""}, ""variante"": ""REF_MKT_HML""}","referencia: mercado comprar y mantener, mismo periodo y cortes"
2026-09-25T05:56:44.769375Z,R03,c6d63d2571,REF_MKT_HML,0,validacion,1990-12-31,1992-06-30,18,12,USD,0.3309036428128864,0.21031050268758378,0.13837101730988519,1.1047410372697806,2.4550208850434934,-0.04520000000000002,4.6528872276014095,0.3189112676262671,0.6084192450202962,3.2053370771765763,0.9216442332671663,1.0,1.0,0.0,0.0,0,0.21031050268758378,0.05012410939334888,0.0,0.0,1990-12-31|1992-06-30,fd0810038f894f82,"French CRSP 202607 (3F sha b840dba55d31, Mom sha 7ee14e892b0f, 5F sha b8653b411cc5)","{""comision_por_lado"": 0.0, ""cortes"": [""1990-12-31"", ""1992-06-30""], ""efectivo_en_mxn"": false, ""exposicion_inicial"": 0.0, ""exposicion_max"": 1.0, ""exposicion_min"": 0.0, ""extras"": [], ""fx"": false, ""max_dias_fx"": 10, ""min_historia"": 1, ""periodos_por_anio"": 12, ""permitir_capturas"": false, ""rebalanceo_con_deriva"": true, ""segmentos"": [""desarrollo"", ""validacion"", ""prueba""], ""senal"": ""senal_comprar_y_mantener"", ""spread_por_lado"": 0.0, ""usuario"": {""inicio"": ""1963-07-31"", ""serie"": ""Mkt-RF+RF""}, ""variante"": ""REF_MKT_HML""}","referencia: mercado comprar y mantener, mismo periodo y cortes"
2026-09-25T05:56:44.769375Z,R03,c6d63d2571,REF_MKT_HML,0,prueba,1992-06-30,2026-07-31,409,12,USD,35.1938105230858,0.11104045421829878,0.15153658562908814,0.6122532986350665,0.9045521624399142,-0.5031170717166413,0.22070500179894006,0.176742303389596,-0.5928776397760431,4.1316691820076485,0.9996096058275561,1.0,1.0,0.0,0.0,0,0.11104045421829878,0.024811233835770663,0.0,0.0,1990-12-31|1992-06-30,fd0810038f894f82,"French CRSP 202607 (3F sha b840dba55d31, Mom sha 7ee14e892b0f, 5F sha b8653b411cc5)","{""comision_por_lado"": 0.0, ""cortes"": [""1990-12-31"", ""1992-06-30""], ""efectivo_en_mxn"": false, ""exposicion_inicial"": 0.0, ""exposicion_max"": 1.0, ""exposicion_min"": 0.0, ""extras"": [], ""fx"": false, ""max_dias_fx"": 10, ""min_historia"": 1, ""periodos_por_anio"": 12, ""permitir_capturas"": false, ""rebalanceo_con_deriva"": true, ""segmentos"": [""desarrollo"", ""validacion"", ""prueba""], ""senal"": ""senal_comprar_y_mantener"", ""spread_por_lado"": 0.0, ""usuario"": {""inicio"": ""1963-07-31"", ""serie"": ""Mkt-RF+RF""}, ""variante"": ""REF_MKT_HML""}","referencia: mercado comprar y mantener, mismo periodo y cortes"
2026-09-25T05:56:44.778452Z,R03,6496cf36aa,F_MOM,1,completo,1964-12-31,2026-07-31,739,12,USD,626.4224774418041,0.1102732541515683,0.14811813575286611,0.4935036755348323,0.6907653642799336,-0.5773885346666301,0.190986220769412,0.1424622399580526,-1.2831491949364402,12.224911008455406,0.9997453750361518,1.0,1.0,0.016239107238129113,0.0,1,0.1102732541515683,0.044625227088474606,0.0,0.0,1989-12-31|1993-03-31,dce35cee1ca7ba9a,"French CRSP 202607 (3F sha b840dba55d31, Mom sha 7ee14e892b0f, 5F sha b8653b411cc5)","{""comision_por_lado"": 0.0, ""cortes"": [""1989-12-31"", ""1993-03-31""], ""efectivo_en_mxn"": false, ""exposicion_inicial"": 0.0, ""exposicion_max"": 1.0, ""exposicion_min"": 0.0, ""extras"": [], ""fx"": false, ""max_dias_fx"": 10, ""min_historia"": 1, ""periodos_por_anio"": 12, ""permitir_capturas"": false, ""rebalanceo_con_deriva"": true, ""segmentos"": [""desarrollo"", ""validacion"", ""prueba""], ""senal"": ""senal_comprar_y_mantener"", ""spread_por_lado"": 0.0, ""usuario"": {""ancla"": ""periodo 0.0 en el fin del mes previo"", ""cortes"": [""1989-12-31"", ""1993-03-31""], ""factor"": ""MOM"", ""inicio"": ""1965-01-31""}, ""variante"": ""F_MOM""}",principal bruta (como el articulo)
2026-09-25T05:56:44.778452Z,R03,6496cf36aa,F_MOM,1,desarrollo,1964-12-31,1989-12-31,300,12,USD,51.415590952535055,0.17160253464760244,0.12289655929393477,0.8027824037232704,1.2286114753701753,-0.16030436980000007,1.0704794564346454,0.2317433184451625,-0.5345555394916345,5.233976846660429,0.9998869026540103,1.0,1.0,0.04000109517029898,0.0,1,0.17160253464760244,0.07055656847455372,0.0,0.0,1989-12-31|1993-03-31,dce35cee1ca7ba9a,"French CRSP 202607 (3F sha b840dba55d31, Mom sha 7ee14e892b0f, 5F sha b8653b411cc5)","{""comision_por_lado"": 0.0, ""cortes"": [""1989-12-31"", ""1993-03-31""], ""efectivo_en_mxn"": false, ""exposicion_inicial"": 0.0, ""exposicion_max"": 1.0, ""exposicion_min"": 0.0, ""extras"": [], ""fx"": false, ""max_dias_fx"": 10, ""min_historia"": 1, ""periodos_por_anio"": 12, ""permitir_capturas"": false, ""rebalanceo_con_deriva"": true, ""segmentos"": [""desarrollo"", ""validacion"", ""prueba""], ""senal"": ""senal_comprar_y_mantener"", ""spread_por_lado"": 0.0, ""usuario"": {""ancla"": ""periodo 0.0 en el fin del mes previo"", ""cortes"": [""1989-12-31"", ""1993-03-31""], ""factor"": ""MOM"", ""inicio"": ""1965-01-31""}, ""variante"": ""F_MOM""}",principal bruta (como el articulo)
2026-09-25T05:56:44.778452Z,R03,6496cf36aa,F_MOM,1,validacion,1989-12-31,1993-03-31,39,12,USD,0.8262627299164584,0.20379657207745172,0.11315798350434329,1.2419044209907575,2.269573651163579,-0.13766266589660558,1.4804055315223765,0.3585069258834001,-0.2269184404976001,3.006279278046437,0.9805186130323,1.0,1.0,0.0,0.0,0,0.20379657207745172,0.05419639713938906,0.0,0.0,1989-12-31|1993-03-31,dce35cee1ca7ba9a,"French CRSP 202607 (3F sha b840dba55d31, Mom sha 7ee14e892b0f, 5F sha b8653b411cc5)","{""comision_por_lado"": 0.0, ""cortes"": [""1989-12-31"", ""1993-03-31""], ""efectivo_en_mxn"": false, ""exposicion_inicial"": 0.0, ""exposicion_max"": 1.0, ""exposicion_min"": 0.0, ""extras"": [], ""fx"": false, ""max_dias_fx"": 10, ""min_historia"": 1, ""periodos_por_anio"": 12, ""permitir_capturas"": false, ""rebalanceo_con_deriva"": true, ""segmentos"": [""desarrollo"", ""validacion"", ""prueba""], ""senal"": ""senal_comprar_y_mantener"", ""spread_por_lado"": 0.0, ""usuario"": {""ancla"": ""periodo 0.0 en el fin del mes previo"", ""cortes"": [""1989-12-31"", ""1993-03-31""], ""factor"": ""MOM"", ""inicio"": ""1965-01-31""}, ""variante"": ""F_MOM""}",principal bruta (como el articulo)
2026-09-25T05:56:44.778452Z,R03,6496cf36aa,F_MOM,1,prueba,1993-03-31,2026-07-31,400,12,USD,5.554451142141734,0.058025390230886265,0.16631898511301274,0.2817070586330031,0.3780573490482103,-0.5773885346666299,0.10049626334265317,0.08132182306719102,-1.431716332690314,12.621309086174437,0.9362840321018018,1.0,1.0,0.0,0.0,0,0.058025390230886265,0.024679485423620307,0.0,0.0,1989-12-31|1993-03-31,dce35cee1ca7ba9a,"French CRSP 202607 (3F sha b840dba55d31, Mom sha 7ee14e892b0f, 5F sha b8653b411cc5)","{""comision_por_lado"": 0.0, ""cortes"": [""1989-12-31"", ""1993-03-31""], ""efectivo_en_mxn"": false, ""exposicion_inicial"": 0.0, ""exposicion_max"": 1.0, ""exposicion_min"": 0.0, ""extras"": [], ""fx"": false, ""max_dias_fx"": 10, ""min_historia"": 1, ""periodos_por_anio"": 12, ""permitir_capturas"": false, ""rebalanceo_con_deriva"": true, ""segmentos"": [""desarrollo"", ""validacion"", ""prueba""], ""senal"": ""senal_comprar_y_mantener"", ""spread_por_lado"": 0.0, ""usuario"": {""ancla"": ""periodo 0.0 en el fin del mes previo"", ""cortes"": [""1989-12-31"", ""1993-03-31""], ""factor"": ""MOM"", ""inicio"": ""1965-01-31""}, ""variante"": ""F_MOM""}",principal bruta (como el articulo)
2026-09-25T05:56:44.788070Z,R03,3f798980d2,REF_MKT_MOM,0,completo,1964-12-31,2026-07-31,739,12,USD,528.1003667981222,0.10720446035854003,0.15567650135784455,0.4527434760129536,0.6642524310765253,-0.5031170717166412,0.21308054603028512,0.13069578387496283,-0.4805062475565303,4.62378896554942,0.9996859767312198,1.0,1.0,0.016239107238129113,0.0,1,0.10720446035854003,0.044625227088474606,0.0,0.0,1989-12-31|1993-03-31,621672657cd6055e,"French CRSP 202607 (3F sha b840dba55d31, Mom sha 7ee14e892b0f, 5F sha b8653b411cc5)","{""comision_por_lado"": 0.0, ""cortes"": [""1989-12-31"", ""1993-03-31""], ""efectivo_en_mxn"": false, ""exposicion_inicial"": 0.0, ""exposicion_max"": 1.0, ""exposicion_min"": 0.0, ""extras"": [], ""fx"": false, ""max_dias_fx"": 10, ""min_historia"": 1, ""periodos_por_anio"": 12, ""permitir_capturas"": false, ""rebalanceo_con_deriva"": true, ""segmentos"": [""desarrollo"", ""validacion"", ""prueba""], ""senal"": ""senal_comprar_y_mantener"", ""spread_por_lado"": 0.0, ""usuario"": {""inicio"": ""1965-01-31"", ""serie"": ""Mkt-RF+RF""}, ""variante"": ""REF_MKT_MOM""}","referencia: mercado comprar y mantener, mismo periodo y cortes"
2026-09-25T05:56:44.788070Z,R03,3f798980d2,REF_MKT_MOM,0,desarrollo,1964-12-31,1989-12-31,300,12,USD,10.6879986884918,0.10334358810674926,0.16107747590983956,0.2681291482010885,0.3887831312123328,-0.4650754998419562,0.22220819660865365,0.07740221794574176,-0.38590854479874737,5.299670189783166,0.9057035155388413,1.0,1.0,0.04000109517029898,0.0,1,0.10334358810674926,0.07055656847455372,0.0,0.0,1989-12-31|1993-03-31,621672657cd6055e,"French CRSP 202607 (3F sha b840dba55d31, Mom sha 7ee14e892b0f, 5F sha b8653b411cc5)","{""comision_por_lado"": 0.0, ""cortes"": [""1989-12-31"", ""1993-03-31""], ""efectivo_en_mxn"": false, ""exposicion_inicial"": 0.0, ""exposicion_max"": 1.0, ""exposicion_min"": 0.0, ""extras"": [], ""fx"": false, ""max_dias_fx"": 10, ""min_historia"": 1, ""periodos_por_anio"": 12, ""permitir_capturas"": false, ""rebalanceo_con_deriva"": true, ""segmentos"": [""desarrollo"", ""validacion"", ""prueba""], ""senal"": ""senal_comprar_y_mantener"", ""spread_por_lado"": 0.0, ""usuario"": {""inicio"": ""1965-01-31"", ""serie"": ""Mkt-RF+RF""}, ""variante"": ""REF_MKT_MOM""}","referencia: mercado comprar y mantener, mismo periodo y cortes"
2026-09-25T05:56:44.788070Z,R03,3f798980d2,REF_MKT_MOM,0,validacion,1989-12-31,1993-03-31,39,12,USD,0.44804829358171805,0.12076878481463571,0.14508965314381558,0.4922607753720375,0.7686276134617642,-0.16924286745793238,0.7135827147614031,0.1421034455862699,-0.11334252376196945,3.5205808435253436,0.8061025739705427,1.0,1.0,0.0,0.0,0,0.12076878481463571,0.05419639713938906,0.0,0.0,1989-12-31|1993-03-31,621672657cd6055e,"French CRSP 202607 (3F sha b840dba55d31, Mom sha 7ee14e892b0f, 5F sha b8653b411cc5)","{""comision_por_lado"": 0.0, ""cortes"": [""1989-12-31"", ""1993-03-31""], ""efectivo_en_mxn"": false, ""exposicion_inicial"": 0.0, ""exposicion_max"": 1.0, ""exposicion_min"": 0.0, ""extras"": [], ""fx"": false, ""max_dias_fx"": 10, ""min_historia"": 1, ""periodos_por_anio"": 12, ""permitir_capturas"": false, ""rebalanceo_con_deriva"": true, ""segmentos"": [""desarrollo"", ""validacion"", ""prueba""], ""senal"": ""senal_comprar_y_mantener"", ""spread_por_lado"": 0.0, ""usuario"": {""inicio"": ""1965-01-31"", ""serie"": ""Mkt-RF+RF""}, ""variante"": ""REF_MKT_MOM""}","referencia: mercado comprar y mantener, mismo periodo y cortes"
2026-09-25T05:56:44.788070Z,R03,3f798980d2,REF_MKT_MOM,0,prueba,1993-03-31,2026-07-31,400,12,USD,30.26186348285444,0.10879292434206467,0.15289376722791173,0.595623038043881,0.878780273354136,-0.5031170717166411,0.2162377912776086,0.1719415606750887,-0.5816000599805892,4.066564877686963,0.9994054251919228,1.0,1.0,0.0,0.0,0,0.10879292434206467,0.024679485423620307,0.0,0.0,1989-12-31|1993-03-31,621672657cd6055e,"French CRSP 202607 (3F sha b840dba55d31, Mom sha 7ee14e892b0f, 5F sha b8653b411cc5)","{""comision_por_lado"": 0.0, ""cortes"": [""1989-12-31"", ""1993-03-31""], ""efectivo_en_mxn"": false, ""exposicion_inicial"": 0.0, ""exposicion_max"": 1.0, ""exposicion_min"": 0.0, ""extras"": [], ""fx"": false, ""max_dias_fx"": 10, ""min_historia"": 1, ""periodos_por_anio"": 12, ""permitir_capturas"": false, ""rebalanceo_con_deriva"": true, ""segmentos"": [""desarrollo"", ""validacion"", ""prueba""], ""senal"": ""senal_comprar_y_mantener"", ""spread_por_lado"": 0.0, ""usuario"": {""inicio"": ""1965-01-31"", ""serie"": ""Mkt-RF+RF""}, ""variante"": ""REF_MKT_MOM""}","referencia: mercado comprar y mantener, mismo periodo y cortes"
2026-09-25T05:56:44.796777Z,R03,483f40a47c,F_RMW,1,completo,1963-06-30,2026-07-31,757,12,USD,87.2695808864738,0.07360370575302211,0.07952223108167984,0.3901373956009953,0.5978257447577591,-0.3748907772361024,0.19633373297595752,0.11262296518558709,-0.23721930095793153,13.387543292497284,0.998646688142826,1.0,1.0,0.01585148858606024,0.0,1,0.07360370575302211,0.04438160940497915,0.0,0.0,2013-12-31|2015-04-30,f3af8b53d8ba66ed,"French CRSP 202607 (3F sha b840dba55d31, Mom sha 7ee14e892b0f, 5F sha b8653b411cc5)","{""comision_por_lado"": 0.0, ""cortes"": [""2013-12-31"", ""2015-04-30""], ""efectivo_en_mxn"": false, ""exposicion_inicial"": 0.0, ""exposicion_max"": 1.0, ""exposicion_min"": 0.0, ""extras"": [], ""fx"": false, ""max_dias_fx"": 10, ""min_historia"": 1, ""periodos_por_anio"": 12, ""permitir_capturas"": false, ""rebalanceo_con_deriva"": true, ""segmentos"": [""desarrollo"", ""validacion"", ""prueba""], ""senal"": ""senal_comprar_y_mantener"", ""spread_por_lado"": 0.0, ""usuario"": {""ancla"": ""periodo 0.0 en el fin del mes previo"", ""cortes"": [""2013-12-31"", ""2015-04-30""], ""factor"": ""RMW"", ""inicio"": ""1963-07-31""}, ""variante"": ""F_RMW""}",principal bruta (como el articulo)
2026-09-25T05:56:44.796777Z,R03,483f40a47c,F_RMW,1,desarrollo,1963-06-30,2013-12-31,606,12,USD,52.14733833453103,0.08184359440721622,0.07836388686810083,0.4130203241629643,0.6281440069132564,-0.3748907772361024,0.2183131711337672,0.11922869766813697,-0.45731900590658564,15.79631073404267,0.997341455120533,1.0,1.0,0.01979996747438608,0.0,1,0.08184359440721622,0.050950534824715454,0.0,0.0,2013-12-31|2015-04-30,f3af8b53d8ba66ed,"French CRSP 202607 (3F sha b840dba55d31, Mom sha 7ee14e892b0f, 5F sha b8653b411cc5)","{""comision_por_lado"": 0.0, ""cortes"": [""2013-12-31"", ""2015-04-30""], ""efectivo_en_mxn"": false, ""exposicion_inicial"": 0.0, ""exposicion_max"": 1.0, ""exposicion_min"": 0.0, ""extras"": [], ""fx"": false, ""max_dias_fx"": 10, ""min_historia"": 1, ""periodos_por_anio"": 12, ""permitir_capturas"": false, ""rebalanceo_con_deriva"": true, ""segmentos"": [""desarrollo"", ""validacion"", ""prueba""], ""senal"": ""senal_comprar_y_mantener"", ""spread_por_lado"": 0.0, ""usuario"": {""ancla"": ""periodo 0.0 en el fin del mes previo"", ""cortes"": [""2013-12-31"", ""2015-04-30""], ""factor"": ""RMW"", ""inicio"": ""1963-07-31""}, ""variante"": ""F_RMW""}",principal bruta (como el articulo)
2026-09-25T05:56:44.796777Z,R03,483f40a47c,F_RMW,1,validacion,2013-12-31,2015-04-30,16,12,USD,0.011921846917991807,0.008965107769165481,0.05983433378922172,0.17673799189028375,0.26067404097918984,-0.04150224999999996,0.21601498157727567,0.05101986359694461,-0.3108855883564137,3.35785903557796,0.577656757751581,1.0,1.0,0.0,0.0,0,0.008965107769165481,0.0,0.0,0.0,2013-12-31|2015-04-30,f3af8b53d8ba66ed,"French CRSP 202607 (3F sha b840dba55d31, Mom sha 7ee14e892b0f, 5F sha b8653b411cc5)","{""comision_por_lado"": 0.0, ""cortes"": [""2013-12-31"", ""2015-04-30""], ""efectivo_en_mxn"": false, ""exposicion_inicial"": 0.0, ""exposicion_max"": 1.0, ""exposicion_min"": 0.0, ""extras"": [], ""fx"": false, ""max_dias_fx"": 10, ""min_historia"": 1, ""periodos_por_anio"": 12, ""permitir_capturas"": false, ""rebalanceo_con_deriva"": true, ""segmentos"": [""desarrollo"", ""validacion"", ""prueba""], ""senal"": ""senal_comprar_y_mantener"", ""spread_por_lado"": 0.0, ""usuario"": {""ancla"": ""periodo 0.0 en el fin del mes previo"", ""cortes"": [""2013-12-31"", ""2015-04-30""], ""factor"": ""RMW"", ""inicio"": ""1963-07-31""}, ""variante"": ""F_RMW""}",principal bruta (como el articulo)
2026-09-25T05:56:44.796777Z,R03,483f40a47c,F_RMW,1,prueba,2015-04-30,2026-07-31,135,12,USD,0.6412796045119622,0.04501608886157382,0.08619223045252643,0.31597707868449665,0.5020102113133955,-0.2051387745480866,0.2194421262423092,0.09121472571812286,0.495775315852727,5.876934727959172,0.8587919948701834,1.0,1.0,0.0,0.0,0,0.04501608886157382,0.02061683518637003,0.0,0.0,2013-12-31|2015-04-30,f3af8b53d8ba66ed,"French CRSP 202607 (3F sha b840dba55d31, Mom sha 7ee14e892b0f, 5F sha b8653b411cc5)","{""comision_por_lado"": 0.0, ""cortes"": [""2013-12-31"", ""2015-04-30""], ""efectivo_en_mxn"": false, ""exposicion_inicial"": 0.0, ""exposicion_max"": 1.0, ""exposicion_min"": 0.0, ""extras"": [], ""fx"": false, ""max_dias_fx"": 10, ""min_historia"": 1, ""periodos_por_anio"": 12, ""permitir_capturas"": false, ""rebalanceo_con_deriva"": true, ""segmentos"": [""desarrollo"", ""validacion"", ""prueba""], ""senal"": ""senal_comprar_y_mantener"", ""spread_por_lado"": 0.0, ""usuario"": {""ancla"": ""periodo 0.0 en el fin del mes previo"", ""cortes"": [""2013-12-31"", ""2015-04-30""], ""factor"": ""RMW"", ""inicio"": ""1963-07-31""}, ""variante"": ""F_RMW""}",principal bruta (como el articulo)
2026-09-25T05:56:44.806366Z,R03,a88ba1895d,REF_MKT_RMW,0,completo,1963-06-30,2026-07-31,757,12,USD,664.7008396416037,0.10854461470562282,0.15406043496826896,0.46530127586017794,0.6835227962375716,-0.5031170717166413,0.21574424881920093,0.13432090843607503,-0.489299159324171,4.7114350656050386,0.9998072019822474,1.0,1.0,0.01585148858606024,0.0,1,0.10854461470562282,0.04438160940497915,0.0,0.0,2013-12-31|2015-04-30,fd0810038f894f82,"French CRSP 202607 (3F sha b840dba55d31, Mom sha 7ee14e892b0f, 5F sha b8653b411cc5)","{""comision_por_lado"": 0.0, ""cortes"": [""2013-12-31"", ""2015-04-30""], ""efectivo_en_mxn"": false, ""exposicion_inicial"": 0.0, ""exposicion_max"": 1.0, ""exposicion_min"": 0.0, ""extras"": [], ""fx"": false, ""max_dias_fx"": 10, ""min_historia"": 1, ""periodos_por_anio"": 12, ""permitir_capturas"": false, ""rebalanceo_con_deriva"": true, ""segmentos"": [""desarrollo"", ""validacion"", ""prueba""], ""senal"": ""senal_comprar_y_mantener"", ""spread_por_lado"": 0.0, ""usuario"": {""inicio"": ""1963-07-31"", ""serie"": ""Mkt-RF+RF""}, ""variante"": ""REF_MKT_RMW""}","referencia: mercado comprar y mantener, mismo periodo y cortes"
2026-09-25T05:56:44.806366Z,R03,a88ba1895d,REF_MKT_RMW,0,desarrollo,1963-06-30,2013-12-31,606,12,USD,136.3877880496314,0.10237994427027486,0.15486297785723113,0.38712453701583754,0.5587251071391433,-0.5031170717166413,0.203491294622449,0.11175322782800153,-0.5311187192801641,4.89640679957745,0.996039836133461,1.0,1.0,0.01979996747438608,0.0,1,0.10237994427027486,0.050950534824715454,0.0,0.0,2013-12-31|2015-04-30,fd0810038f894f82,"French CRSP 202607 (3F sha b840dba55d31, Mom sha 7ee14e892b0f, 5F sha b8653b411cc5)","{""comision_por_lado"": 0.0, ""cortes"": [""2013-12-31"", ""2015-04-30""], ""efectivo_en_mxn"": false, ""exposicion_inicial"": 0.0, ""exposicion_max"": 1.0, ""exposicion_min"": 0.0, ""extras"": [], ""fx"": false, ""max_dias_fx"": 10, ""min_historia"": 1, ""periodos_por_anio"": 12, ""permitir_capturas"": false, ""rebalanceo_con_deriva"": true, ""segmentos"": [""desarrollo"", ""validacion"", ""prueba""], ""senal"": ""senal_comprar_y_mantener"", ""spread_por_lado"": 0.0, ""usuario"": {""inicio"": ""1963-07-31"", ""serie"": ""Mkt-RF+RF""}, ""variante"": ""REF_MKT_RMW""}","referencia: mercado comprar y mantener, mismo periodo y cortes"
2026-09-25T05:56:44.806366Z,R03,a88ba1895d,REF_MKT_RMW,0,validacion,2013-12-31,2015-04-30,16,12,USD,0.1431040250968072,0.10597156739104574,0.09765087813225234,1.0767952322721697,2.2218765579580007,-0.03320000000000001,3.191914680453184,0.3108440086072214,0.1815870121326212,2.0658317776173574,0.8892991699743409,1.0,1.0,0.0,0.0,0,0.10597156739104574,0.0,0.0,0.0,2013-12-31|2015-04-30,fd0810038f894f82,"French CRSP 202607 (3F sha b840dba55d31, Mom sha 7ee14e892b0f, 5F sha b8653b411cc5)","{""comision_por_lado"": 0.0, ""cortes"": [""2013-12-31"", ""2015-04-30""], ""efectivo_en_mxn"": false, ""exposicion_inicial"": 0.0, ""exposicion_max"": 1.0, ""exposicion_min"": 0.0, ""extras"": [], ""fx"": false, ""max_dias_fx"": 10, ""min_historia"": 1, ""periodos_por_anio"": 12, ""permitir_capturas"": false, ""rebalanceo_con_deriva"": true, ""segmentos"": [""desarrollo"", ""validacion"", ""prueba""], ""senal"": ""senal_comprar_y_mantener"", ""spread_por_lado"": 0.0, ""usuario"": {""inicio"": ""1963-07-31"", ""serie"": ""Mkt-RF+RF""}, ""variante"": ""REF_MKT_RMW""}","referencia: mercado comprar y mantener, mismo periodo y cortes"
2026-09-25T05:56:44.806366Z,R03,a88ba1895d,REF_MKT_RMW,0,prueba,2015-04-30,2026-07-31,135,12,USD,3.238822386472143,0.13695274026838078,0.15649529452126298,0.7725103215549586,1.2209888573864625,-0.24844932247034712,0.5512300814775872,0.22300452105075985,-0.30869233570874094,3.663319073553175,0.9930366432630752,1.0,1.0,0.0,0.0,0,0.13695274026838078,0.02061683518637003,0.0,0.0,2013-12-31|2015-04-30,fd0810038f894f82,"French CRSP 202607 (3F sha b840dba55d31, Mom sha 7ee14e892b0f, 5F sha b8653b411cc5)","{""comision_por_lado"": 0.0, ""cortes"": [""2013-12-31"", ""2015-04-30""], ""efectivo_en_mxn"": false, ""exposicion_inicial"": 0.0, ""exposicion_max"": 1.0, ""exposicion_min"": 0.0, ""extras"": [], ""fx"": false, ""max_dias_fx"": 10, ""min_historia"": 1, ""periodos_por_anio"": 12, ""permitir_capturas"": false, ""rebalanceo_con_deriva"": true, ""segmentos"": [""desarrollo"", ""validacion"", ""prueba""], ""senal"": ""senal_comprar_y_mantener"", ""spread_por_lado"": 0.0, ""usuario"": {""inicio"": ""1963-07-31"", ""serie"": ""Mkt-RF+RF""}, ""variante"": ""REF_MKT_RMW""}","referencia: mercado comprar y mantener, mismo periodo y cortes"
2026-09-25T05:56:44.816304Z,R03,c55705e4a9,F_CMA,1,completo,1963-06-30,2026-07-31,757,12,USD,83.35077414622367,0.07283115999263767,0.0728153782703803,0.41207071986062693,0.6706057696475941,-0.20959621242834992,0.3474831875482238,0.11895457051834792,0.2609184639473981,4.319928841915448,0.9995212486546872,1.0,1.0,0.01585148858606024,0.0,1,0.07283115999263767,0.04438160940497915,0.0,0.0,2013-12-31|2015-04-30,5f363febd238a56d,"French CRSP 202607 (3F sha b840dba55d31, Mom sha 7ee14e892b0f, 5F sha b8653b411cc5)","{""comision_por_lado"": 0.0, ""cortes"": [""2013-12-31"", ""2015-04-30""], ""efectivo_en_mxn"": false, ""exposicion_inicial"": 0.0, ""exposicion_max"": 1.0, ""exposicion_min"": 0.0, ""extras"": [], ""fx"": false, ""max_dias_fx"": 10, ""min_historia"": 1, ""periodos_por_anio"": 12, ""permitir_capturas"": false, ""rebalanceo_con_deriva"": true, ""segmentos"": [""desarrollo"", ""validacion"", ""prueba""], ""senal"": ""senal_comprar_y_mantener"", ""spread_por_lado"": 0.0, ""usuario"": {""ancla"": ""periodo 0.0 en el fin del mes previo"", ""cortes"": [""2013-12-31"", ""2015-04-30""], ""factor"": ""CMA"", ""inicio"": ""1963-07-31""}, ""variante"": ""F_CMA""}",principal bruta (como el articulo)
2026-09-25T05:56:44.816304Z,R03,c55705e4a9,F_CMA,1,desarrollo,1963-06-30,2013-12-31,606,12,USD,76.02523604460863,0.08982125250130846,0.07024477286287506,0.5617995948152729,0.9456154396116733,-0.1392921568023533,0.6448407043388602,0.16217757364861024,0.2620187908981858,4.407304940993827,0.9999720787147683,1.0,1.0,0.01979996747438608,0.0,1,0.08982125250130846,0.050950534824715454,0.0,0.0,2013-12-31|2015-04-30,5f363febd238a56d,"French CRSP 202607 (3F sha b840dba55d31, Mom sha 7ee14e892b0f, 5F sha b8653b411cc5)","{""comision_por_lado"": 0.0, ""cortes"": [""2013-12-31"", ""2015-04-30""], ""efectivo_en_mxn"": false, ""exposicion_inicial"": 0.0, ""exposicion_max"": 1.0, ""exposicion_min"": 0.0, ""extras"": [], ""fx"": false, ""max_dias_fx"": 10, ""min_historia"": 1, ""periodos_por_anio"": 12, ""permitir_capturas"": false, ""rebalanceo_con_deriva"": true, ""segmentos"": [""desarrollo"", ""validacion"", ""prueba""], ""senal"": ""senal_comprar_y_mantener"", ""spread_por_lado"": 0.0, ""usuario"": {""ancla"": ""periodo 0.0 en el fin del mes previo"", ""cortes"": [""2013-12-31"", ""2015-04-30""], ""factor"": ""CMA"", ""inicio"": ""1963-07-31""}, ""variante"": ""F_CMA""}",principal bruta (como el articulo)
2026-09-25T05:56:44.816304Z,R03,c55705e4a9,F_CMA,1,validacion,2013-12-31,2015-04-30,16,12,USD,-0.06154263104819413,-0.04670877409592178,0.037758912855112764,-1.241428750342129,-1.417626020533084,-0.06840623277382063,-0.6828145945466746,-0.3583696115948845,0.43336788733574044,2.4298687961593246,0.10268728339570232,1.0,1.0,0.0,0.0,0,-0.04670877409592178,0.0,0.0,0.0,2013-12-31|2015-04-30,5f363febd238a56d,"French CRSP 202607 (3F sha b840dba55d31, Mom sha 7ee14e892b0f, 5F sha b8653b411cc5)","{""comision_por_lado"": 0.0, ""cortes"": [""2013-12-31"", ""2015-04-30""], ""efectivo_en_mxn"": false, ""exposicion_inicial"": 0.0, ""exposicion_max"": 1.0, ""exposicion_min"": 0.0, ""extras"": [], ""fx"": false, ""max_dias_fx"": 10, ""min_historia"": 1, ""periodos_por_anio"": 12, ""permitir_capturas"": false, ""rebalanceo_con_deriva"": true, ""segmentos"": [""desarrollo"", ""validacion"", ""prueba""], ""senal"": ""senal_comprar_y_mantener"", ""spread_por_lado"": 0.0, ""usuario"": {""ancla"": ""periodo 0.0 en el fin del mes previo"", ""cortes"": [""2013-12-31"", ""2015-04-30""], ""factor"": ""CMA"", ""inicio"": ""1963-07-31""}, ""variante"": ""F_CMA""}",principal bruta (como el articulo)
2026-09-25T05:56:44.816304Z,R03,c55705e4a9,F_CMA,1,prueba,2015-04-30,2026-07-31,135,12,USD,0.16692108205997847,0.013813065502857214,0.08352943318947653,-0.038904397608419614,-0.058013372684659066,-0.1744806664266665,0.079166739706733,-0.01123073221594065,0.31632135777963966,3.756963989568631,0.44837451804706385,1.0,1.0,0.0,0.0,0,0.013813065502857214,0.02061683518637003,0.0,0.0,2013-12-31|2015-04-30,5f363febd238a56d,"French CRSP 202607 (3F sha b840dba55d31, Mom sha 7ee14e892b0f, 5F sha b8653b411cc5)","{""comision_por_lado"": 0.0, ""cortes"": [""2013-12-31"", ""2015-04-30""], ""efectivo_en_mxn"": false, ""exposicion_inicial"": 0.0, ""exposicion_max"": 1.0, ""exposicion_min"": 0.0, ""extras"": [], ""fx"": false, ""max_dias_fx"": 10, ""min_historia"": 1, ""periodos_por_anio"": 12, ""permitir_capturas"": false, ""rebalanceo_con_deriva"": true, ""segmentos"": [""desarrollo"", ""validacion"", ""prueba""], ""senal"": ""senal_comprar_y_mantener"", ""spread_por_lado"": 0.0, ""usuario"": {""ancla"": ""periodo 0.0 en el fin del mes previo"", ""cortes"": [""2013-12-31"", ""2015-04-30""], ""factor"": ""CMA"", ""inicio"": ""1963-07-31""}, ""variante"": ""F_CMA""}",principal bruta (como el articulo)
2026-09-25T05:56:44.825565Z,R03,8ff48a2233,REF_MKT_CMA,0,completo,1963-06-30,2026-07-31,757,12,USD,664.7008396416037,0.10854461470562282,0.15406043496826896,0.46530127586017794,0.6835227962375716,-0.5031170717166413,0.21574424881920093,0.13432090843607503,-0.489299159324171,4.7114350656050386,0.9998072019822474,1.0,1.0,0.01585148858606024,0.0,1,0.10854461470562282,0.04438160940497915,0.0,0.0,2013-12-31|2015-04-30,fd0810038f894f82,"French CRSP 202607 (3F sha b840dba55d31, Mom sha 7ee14e892b0f, 5F sha b8653b411cc5)","{""comision_por_lado"": 0.0, ""cortes"": [""2013-12-31"", ""2015-04-30""], ""efectivo_en_mxn"": false, ""exposicion_inicial"": 0.0, ""exposicion_max"": 1.0, ""exposicion_min"": 0.0, ""extras"": [], ""fx"": false, ""max_dias_fx"": 10, ""min_historia"": 1, ""periodos_por_anio"": 12, ""permitir_capturas"": false, ""rebalanceo_con_deriva"": true, ""segmentos"": [""desarrollo"", ""validacion"", ""prueba""], ""senal"": ""senal_comprar_y_mantener"", ""spread_por_lado"": 0.0, ""usuario"": {""inicio"": ""1963-07-31"", ""serie"": ""Mkt-RF+RF""}, ""variante"": ""REF_MKT_CMA""}","referencia: mercado comprar y mantener, mismo periodo y cortes"
2026-09-25T05:56:44.825565Z,R03,8ff48a2233,REF_MKT_CMA,0,desarrollo,1963-06-30,2013-12-31,606,12,USD,136.3877880496314,0.10237994427027486,0.15486297785723113,0.38712453701583754,0.5587251071391433,-0.5031170717166413,0.203491294622449,0.11175322782800153,-0.5311187192801641,4.89640679957745,0.996039836133461,1.0,1.0,0.01979996747438608,0.0,1,0.10237994427027486,0.050950534824715454,0.0,0.0,2013-12-31|2015-04-30,fd0810038f894f82,"French CRSP 202607 (3F sha b840dba55d31, Mom sha 7ee14e892b0f, 5F sha b8653b411cc5)","{""comision_por_lado"": 0.0, ""cortes"": [""2013-12-31"", ""2015-04-30""], ""efectivo_en_mxn"": false, ""exposicion_inicial"": 0.0, ""exposicion_max"": 1.0, ""exposicion_min"": 0.0, ""extras"": [], ""fx"": false, ""max_dias_fx"": 10, ""min_historia"": 1, ""periodos_por_anio"": 12, ""permitir_capturas"": false, ""rebalanceo_con_deriva"": true, ""segmentos"": [""desarrollo"", ""validacion"", ""prueba""], ""senal"": ""senal_comprar_y_mantener"", ""spread_por_lado"": 0.0, ""usuario"": {""inicio"": ""1963-07-31"", ""serie"": ""Mkt-RF+RF""}, ""variante"": ""REF_MKT_CMA""}","referencia: mercado comprar y mantener, mismo periodo y cortes"
2026-09-25T05:56:44.825565Z,R03,8ff48a2233,REF_MKT_CMA,0,validacion,2013-12-31,2015-04-30,16,12,USD,0.1431040250968072,0.10597156739104574,0.09765087813225234,1.0767952322721697,2.2218765579580007,-0.03320000000000001,3.191914680453184,0.3108440086072214,0.1815870121326212,2.0658317776173574,0.8892991699743409,1.0,1.0,0.0,0.0,0,0.10597156739104574,0.0,0.0,0.0,2013-12-31|2015-04-30,fd0810038f894f82,"French CRSP 202607 (3F sha b840dba55d31, Mom sha 7ee14e892b0f, 5F sha b8653b411cc5)","{""comision_por_lado"": 0.0, ""cortes"": [""2013-12-31"", ""2015-04-30""], ""efectivo_en_mxn"": false, ""exposicion_inicial"": 0.0, ""exposicion_max"": 1.0, ""exposicion_min"": 0.0, ""extras"": [], ""fx"": false, ""max_dias_fx"": 10, ""min_historia"": 1, ""periodos_por_anio"": 12, ""permitir_capturas"": false, ""rebalanceo_con_deriva"": true, ""segmentos"": [""desarrollo"", ""validacion"", ""prueba""], ""senal"": ""senal_comprar_y_mantener"", ""spread_por_lado"": 0.0, ""usuario"": {""inicio"": ""1963-07-31"", ""serie"": ""Mkt-RF+RF""}, ""variante"": ""REF_MKT_CMA""}","referencia: mercado comprar y mantener, mismo periodo y cortes"
2026-09-25T05:56:44.825565Z,R03,8ff48a2233,REF_MKT_CMA,0,prueba,2015-04-30,2026-07-31,135,12,USD,3.238822386472143,0.13695274026838078,0.15649529452126298,0.7725103215549586,1.2209888573864625,-0.24844932247034712,0.5512300814775872,0.22300452105075985,-0.30869233570874094,3.663319073553175,0.9930366432630752,1.0,1.0,0.0,0.0,0,0.13695274026838078,0.02061683518637003,0.0,0.0,2013-12-31|2015-04-30,fd0810038f894f82,"French CRSP 202607 (3F sha b840dba55d31, Mom sha 7ee14e892b0f, 5F sha b8653b411cc5)","{""comision_por_lado"": 0.0, ""cortes"": [""2013-12-31"", ""2015-04-30""], ""efectivo_en_mxn"": false, ""exposicion_inicial"": 0.0, ""exposicion_max"": 1.0, ""exposicion_min"": 0.0, ""extras"": [], ""fx"": false, ""max_dias_fx"": 10, ""min_historia"": 1, ""periodos_por_anio"": 12, ""permitir_capturas"": false, ""rebalanceo_con_deriva"": true, ""segmentos"": [""desarrollo"", ""validacion"", ""prueba""], ""senal"": ""senal_comprar_y_mantener"", ""spread_por_lado"": 0.0, ""usuario"": {""inicio"": ""1963-07-31"", ""serie"": ""Mkt-RF+RF""}, ""variante"": ""REF_MKT_CMA""}","referencia: mercado comprar y mantener, mismo periodo y cortes"
2026-09-25T05:56:44.834329Z,R03,f71639075c,F_EW5,1,completo,1963-06-30,2026-07-31,757,12,USD,150.40548818684164,0.08282553823359518,0.04508605997005421,0.8563194452267234,1.4487884935099435,-0.13453127030892287,0.6156601215717631,0.2471981311069799,0.13557798243670388,8.423735294221213,0.9999999999693563,1.0,1.0,0.01585148858606024,0.0,1,0.08282553823359518,0.04438160940497915,0.0,0.0,2013-12-31|2015-04-30,c5358aea53419711,"French CRSP 202607 (3F sha b840dba55d31, Mom sha 7ee14e892b0f, 5F sha b8653b411cc5)","{""comision_por_lado"": 0.0, ""cortes"": [""2013-12-31"", ""2015-04-30""], ""efectivo_en_mxn"": false, ""exposicion_inicial"": 0.0, ""exposicion_max"": 1.0, ""exposicion_min"": 0.0, ""extras"": [], ""fx"": false, ""max_dias_fx"": 10, ""min_historia"": 1, ""periodos_por_anio"": 12, ""permitir_capturas"": false, ""rebalanceo_con_deriva"": true, ""segmentos"": [""desarrollo"", ""validacion"", ""prueba""], ""senal"": ""senal_comprar_y_mantener"", ""spread_por_lado"": 0.0, ""usuario"": {""ancla"": ""periodo 0.0 en el fin del mes previo"", ""cortes"": [""2013-12-31"", ""2015-04-30""], ""factor"": ""EW5"", ""inicio"": ""1963-07-31""}, ""variante"": ""F_EW5""}",principal bruta (como el articulo)
2026-09-25T05:56:44.834329Z,R03,f71639075c,F_EW5,1,desarrollo,1963-06-30,2013-12-31,606,12,USD,114.6806100435084,0.0986326262483379,0.0445326047676369,1.054376942877874,1.8309650595196154,-0.13453127030892287,0.7331576221784627,0.3043724058989376,0.12011449478724266,9.512009523061629,0.9999999999981652,1.0,1.0,0.01979996747438608,0.0,1,0.0986326262483379,0.050950534824715454,0.0,0.0,2013-12-31|2015-04-30,c5358aea53419711,"French CRSP 202607 (3F sha b840dba55d31, Mom sha 7ee14e892b0f, 5F sha b8653b411cc5)","{""comision_por_lado"": 0.0, ""cortes"": [""2013-12-31"", ""2015-04-30""], ""efectivo_en_mxn"": false, ""exposicion_inicial"": 0.0, ""exposicion_max"": 1.0, ""exposicion_min"": 0.0, ""extras"": [], ""fx"": false, ""max_dias_fx"": 10, ""min_historia"": 1, ""periodos_por_anio"": 12, ""permitir_capturas"": false, ""rebalanceo_con_deriva"": true, ""segmentos"": [""desarrollo"", ""validacion"", ""prueba""], ""senal"": ""senal_comprar_y_mantener"", ""spread_por_lado"": 0.0, ""usuario"": {""ancla"": ""periodo 0.0 en el fin del mes previo"", ""cortes"": [""2013-12-31"", ""2015-04-30""], ""factor"": ""EW5"", ""inicio"": ""1963-07-31""}, ""variante"": ""F_EW5""}",principal bruta (como el articulo)
2026-09-25T05:56:44.834329Z,R03,f71639075c,F_EW5,1,validacion,2013-12-31,2015-04-30,16,12,USD,-0.03891780986665405,-0.02945186566661362,0.02785129512248936,-1.0545290576553588,-1.2151487711255433,-0.039264756853750415,-0.7500839945682866,-0.3044163176528019,-0.04762402241794539,2.4156323359125955,0.12133120126296443,1.0,1.0,0.0,0.0,0,-0.02945186566661362,0.0,0.0,0.0,2013-12-31|2015-04-30,c5358aea53419711,"French CRSP 202607 (3F sha b840dba55d31, Mom sha 7ee14e892b0f, 5F sha b8653b411cc5)","{""comision_por_lado"": 0.0, ""cortes"": [""2013-12-31"", ""2015-04-30""], ""efectivo_en_mxn"": false, ""exposicion_inicial"": 0.0, ""exposicion_max"": 1.0, ""exposicion_min"": 0.0, ""extras"": [], ""fx"": false, ""max_dias_fx"": 10, ""min_historia"": 1, ""periodos_por_anio"": 12, ""permitir_capturas"": false, ""rebalanceo_con_deriva"": true, ""segmentos"": [""desarrollo"", ""validacion"", ""prueba""], ""senal"": ""senal_comprar_y_mantener"", ""spread_por_lado"": 0.0, ""usuario"": {""ancla"": ""periodo 0.0 en el fin del mes previo"", ""cortes"": [""2013-12-31"", ""2015-04-30""], ""factor"": ""EW5"", ""inicio"": ""1963-07-31""}, ""variante"": ""F_EW5""}",principal bruta (como el articulo)
2026-09-25T05:56:44.834329Z,R03,f71639075c,F_EW5,1,prueba,2015-04-30,2026-07-31,135,12,USD,0.361822540643437,0.027824828511466393,0.04468136974610402,0.17776815258043505,0.2727451104132937,-0.0868997894770065,0.32019442945634274,0.05131724537282832,0.18607378632813046,4.785621820415862,0.7244615308003357,1.0,1.0,0.0,0.0,0,0.027824828511466393,0.02061683518637003,0.0,0.0,2013-12-31|2015-04-30,c5358aea53419711,"French CRSP 202607 (3F sha b840dba55d31, Mom sha 7ee14e892b0f, 5F sha b8653b411cc5)","{""comision_por_lado"": 0.0, ""cortes"": [""2013-12-31"", ""2015-04-30""], ""efectivo_en_mxn"": false, ""exposicion_inicial"": 0.0, ""exposicion_max"": 1.0, ""exposicion_min"": 0.0, ""extras"": [], ""fx"": false, ""max_dias_fx"": 10, ""min_historia"": 1, ""periodos_por_anio"": 12, ""permitir_capturas"": false, ""rebalanceo_con_deriva"": true, ""segmentos"": [""desarrollo"", ""validacion"", ""prueba""], ""senal"": ""senal_comprar_y_mantener"", ""spread_por_lado"": 0.0, ""usuario"": {""ancla"": ""periodo 0.0 en el fin del mes previo"", ""cortes"": [""2013-12-31"", ""2015-04-30""], ""factor"": ""EW5"", ""inicio"": ""1963-07-31""}, ""variante"": ""F_EW5""}",principal bruta (como el articulo)
2026-09-25T05:56:44.845025Z,R03,f93ce0c284,REF_MKT_EW5,0,completo,1963-06-30,2026-07-31,757,12,USD,664.7008396416037,0.10854461470562282,0.15406043496826896,0.46530127586017794,0.6835227962375716,-0.5031170717166413,0.21574424881920093,0.13432090843607503,-0.489299159324171,4.7114350656050386,0.9998072019822474,1.0,1.0,0.01585148858606024,0.0,1,0.10854461470562282,0.04438160940497915,0.0,0.0,2013-12-31|2015-04-30,fd0810038f894f82,"French CRSP 202607 (3F sha b840dba55d31, Mom sha 7ee14e892b0f, 5F sha b8653b411cc5)","{""comision_por_lado"": 0.0, ""cortes"": [""2013-12-31"", ""2015-04-30""], ""efectivo_en_mxn"": false, ""exposicion_inicial"": 0.0, ""exposicion_max"": 1.0, ""exposicion_min"": 0.0, ""extras"": [], ""fx"": false, ""max_dias_fx"": 10, ""min_historia"": 1, ""periodos_por_anio"": 12, ""permitir_capturas"": false, ""rebalanceo_con_deriva"": true, ""segmentos"": [""desarrollo"", ""validacion"", ""prueba""], ""senal"": ""senal_comprar_y_mantener"", ""spread_por_lado"": 0.0, ""usuario"": {""inicio"": ""1963-07-31"", ""serie"": ""Mkt-RF+RF""}, ""variante"": ""REF_MKT_EW5""}","referencia: mercado comprar y mantener, mismo periodo y cortes"
2026-09-25T05:56:44.845025Z,R03,f93ce0c284,REF_MKT_EW5,0,desarrollo,1963-06-30,2013-12-31,606,12,USD,136.3877880496314,0.10237994427027486,0.15486297785723113,0.38712453701583754,0.5587251071391433,-0.5031170717166413,0.203491294622449,0.11175322782800153,-0.5311187192801641,4.89640679957745,0.996039836133461,1.0,1.0,0.01979996747438608,0.0,1,0.10237994427027486,0.050950534824715454,0.0,0.0,2013-12-31|2015-04-30,fd0810038f894f82,"French CRSP 202607 (3F sha b840dba55d31, Mom sha 7ee14e892b0f, 5F sha b8653b411cc5)","{""comision_por_lado"": 0.0, ""cortes"": [""2013-12-31"", ""2015-04-30""], ""efectivo_en_mxn"": false, ""exposicion_inicial"": 0.0, ""exposicion_max"": 1.0, ""exposicion_min"": 0.0, ""extras"": [], ""fx"": false, ""max_dias_fx"": 10, ""min_historia"": 1, ""periodos_por_anio"": 12, ""permitir_capturas"": false, ""rebalanceo_con_deriva"": true, ""segmentos"": [""desarrollo"", ""validacion"", ""prueba""], ""senal"": ""senal_comprar_y_mantener"", ""spread_por_lado"": 0.0, ""usuario"": {""inicio"": ""1963-07-31"", ""serie"": ""Mkt-RF+RF""}, ""variante"": ""REF_MKT_EW5""}","referencia: mercado comprar y mantener, mismo periodo y cortes"
2026-09-25T05:56:44.845025Z,R03,f93ce0c284,REF_MKT_EW5,0,validacion,2013-12-31,2015-04-30,16,12,USD,0.1431040250968072,0.10597156739104574,0.09765087813225234,1.0767952322721697,2.2218765579580007,-0.03320000000000001,3.191914680453184,0.3108440086072214,0.1815870121326212,2.0658317776173574,0.8892991699743409,1.0,1.0,0.0,0.0,0,0.10597156739104574,0.0,0.0,0.0,2013-12-31|2015-04-30,fd0810038f894f82,"French CRSP 202607 (3F sha b840dba55d31, Mom sha 7ee14e892b0f, 5F sha b8653b411cc5)","{""comision_por_lado"": 0.0, ""cortes"": [""2013-12-31"", ""2015-04-30""], ""efectivo_en_mxn"": false, ""exposicion_inicial"": 0.0, ""exposicion_max"": 1.0, ""exposicion_min"": 0.0, ""extras"": [], ""fx"": false, ""max_dias_fx"": 10, ""min_historia"": 1, ""periodos_por_anio"": 12, ""permitir_capturas"": false, ""rebalanceo_con_deriva"": true, ""segmentos"": [""desarrollo"", ""validacion"", ""prueba""], ""senal"": ""senal_comprar_y_mantener"", ""spread_por_lado"": 0.0, ""usuario"": {""inicio"": ""1963-07-31"", ""serie"": ""Mkt-RF+RF""}, ""variante"": ""REF_MKT_EW5""}","referencia: mercado comprar y mantener, mismo periodo y cortes"
2026-09-25T05:56:44.845025Z,R03,f93ce0c284,REF_MKT_EW5,0,prueba,2015-04-30,2026-07-31,135,12,USD,3.238822386472143,0.13695274026838078,0.15649529452126298,0.7725103215549586,1.2209888573864625,-0.24844932247034712,0.5512300814775872,0.22300452105075985,-0.30869233570874094,3.663319073553175,0.9930366432630752,1.0,1.0,0.0,0.0,0,0.13695274026838078,0.02061683518637003,0.0,0.0,2013-12-31|2015-04-30,fd0810038f894f82,"French CRSP 202607 (3F sha b840dba55d31, Mom sha 7ee14e892b0f, 5F sha b8653b411cc5)","{""comision_por_lado"": 0.0, ""cortes"": [""2013-12-31"", ""2015-04-30""], ""efectivo_en_mxn"": false, ""exposicion_inicial"": 0.0, ""exposicion_max"": 1.0, ""exposicion_min"": 0.0, ""extras"": [], ""fx"": false, ""max_dias_fx"": 10, ""min_historia"": 1, ""periodos_por_anio"": 12, ""permitir_capturas"": false, ""rebalanceo_con_deriva"": true, ""segmentos"": [""desarrollo"", ""validacion"", ""prueba""], ""senal"": ""senal_comprar_y_mantener"", ""spread_por_lado"": 0.0, ""usuario"": {""inicio"": ""1963-07-31"", ""serie"": ""Mkt-RF+RF""}, ""variante"": ""REF_MKT_EW5""}","referencia: mercado comprar y mantener, mismo periodo y cortes"
2026-09-25T05:56:44.916810Z,R03,abfd79a72a,MOM_ctrl_osovol_50,1,completo,1927-10-31,2026-07-31,1185,12,USD,24867.50867708843,0.10793287399506069,0.13936933897058998,0.5811935120167128,0.8260179788311657,-0.5063405958045628,0.213162592313101,0.16777611530705655,-1.3563066006292979,13.12669357443114,0.9999997652592694,0.9679324894514768,1.0,0.2559426814605399,0.0,47,0.0940882488135033,0.032877782059419935,0.0,0.0,2013-03-31|2016-11-30,52119000c9d85b5b,"French CRSP 202607 (3F sha b840dba55d31, Mom sha 7ee14e892b0f, 5F sha b8653b411cc5)","{""comision_por_lado"": 0.0, ""cortes"": [""2013-03-31"", ""2016-11-30""], ""efectivo_en_mxn"": false, ""exposicion_inicial"": 0.0, ""exposicion_max"": 1.0, ""exposicion_min"": 0.0, ""extras"": [""mkt"", ""vol""], ""fx"": false, ""max_dias_fx"": 10, ""min_historia"": 10, ""periodos_por_anio"": 12, ""permitir_capturas"": false, ""rebalanceo_con_deriva"": true, ""segmentos"": [""desarrollo"", ""validacion"", ""prueba""], ""senal"": ""senal_osovol_50"", ""spread_por_lado"": 0.0, ""usuario"": {""meses_oso"": 24, ""min_dias_vol"": 15, ""min_meses_vol"": 60, ""percentil_vol"": 0.8}, ""variante"": ""MOM_ctrl_osovol_50""}",principal bruta
2026-09-25T05:56:44.916810Z,R03,abfd79a72a,MOM_ctrl_osovol_50,1,desarrollo,1927-10-31,2013-03-31,1025,12,USD,13238.771907954173,0.11752394819582257,0.14097125640347427,0.6215158098240441,0.8815289098186451,-0.5063405958045628,0.23210453431860406,0.17941616005376007,-1.4725459366474472,14.097936115851859,0.9999995348726973,0.9639024390243902,1.0,0.27179703933290883,0.0,43,0.10296000234320157,0.03531951942525646,0.0,0.0,2013-03-31|2016-11-30,52119000c9d85b5b,"French CRSP 202607 (3F sha b840dba55d31, Mom sha 7ee14e892b0f, 5F sha b8653b411cc5)","{""comision_por_lado"": 0.0, ""cortes"": [""2013-03-31"", ""2016-11-30""], ""efectivo_en_mxn"": false, ""exposicion_inicial"": 0.0, ""exposicion_max"": 1.0, ""exposicion_min"": 0.0, ""extras"": [""mkt"", ""vol""], ""fx"": false, ""max_dias_fx"": 10, ""min_historia"": 10, ""periodos_por_anio"": 12, ""permitir_capturas"": false, ""rebalanceo_con_deriva"": true, ""segmentos"": [""desarrollo"", ""validacion"", ""prueba""], ""senal"": ""senal_osovol_50"", ""spread_por_lado"": 0.0, ""usuario"": {""meses_oso"": 24, ""min_dias_vol"": 15, ""min_meses_vol"": 60, ""percentil_vol"": 0.8}, ""variante"": ""MOM_ctrl_osovol_50""}",principal bruta
2026-09-25T05:56:44.916810Z,R03,abfd79a72a,MOM_ctrl_osovol_50,1,validacion,2013-03-31,2016-11-30,44,12,USD,0.04289977088401731,0.011515314094471707,0.11634822522815752,0.15063094062087903,0.22021219460071997,-0.19074187612943294,0.06037119026058906,0.043483407057875526,0.15247856378497607,3.57160932369634,0.6125283449473046,1.0,1.0,0.0,0.0,0,0.011515314094471707,0.000517980927585926,0.0,0.0,2013-03-31|2016-11-30,52119000c9d85b5b,"French CRSP 202607 (3F sha b840dba55d31, Mom sha 7ee14e892b0f, 5F sha b8653b411cc5)","{""comision_por_lado"": 0.0, ""cortes"": [""2013-03-31"", ""2016-11-30""], ""efectivo_en_mxn"": false, ""exposicion_inicial"": 0.0, ""exposicion_max"": 1.0, ""exposicion_min"": 0.0, ""extras"": [""mkt"", ""vol""], ""fx"": false, ""max_dias_fx"": 10, ""min_historia"": 10, ""periodos_por_anio"": 12, ""permitir_capturas"": false, ""rebalanceo_con_deriva"": true, ""segmentos"": [""desarrollo"", ""validacion"", ""prueba""], ""senal"": ""senal_osovol_50"", ""spread_por_lado"": 0.0, ""usuario"": {""meses_oso"": 24, ""min_dias_vol"": 15, ""min_meses_vol"": 60, ""percentil_vol"": 0.8}, ""variante"": ""MOM_ctrl_osovol_50""}",principal bruta
2026-09-25T05:56:44.916810Z,R03,abfd79a72a,MOM_ctrl_osovol_50,1,prueba,2016-11-30,2026-07-31,116,12,USD,0.8010537206187791,0.06277030044237364,0.13213508901168505,0.3502195165854699,0.5041920168667126,-0.25355479043121965,0.2475610905856696,0.10109966608804083,-0.5796345396571855,4.380766790027694,0.8530177550897009,0.9913793103448276,1.0,0.21297920731180187,0.0,4,0.04952030485998571,0.02384344620078771,0.0,0.0,2013-03-31|2016-11-30,52119000c9d85b5b,"French CRSP 202607 (3F sha b840dba55d31, Mom sha 7ee14e892b0f, 5F sha b8653b411cc5)","{""comision_por_lado"": 0.0, ""cortes"": [""2013-03-31"", ""2016-11-30""], ""efectivo_en_mxn"": false, ""exposicion_inicial"": 0.0, ""exposicion_max"": 1.0, ""exposicion_min"": 0.0, ""extras"": [""mkt"", ""vol""], ""fx"": false, ""max_dias_fx"": 10, ""min_historia"": 10, ""periodos_por_anio"": 12, ""permitir_capturas"": false, ""rebalanceo_con_deriva"": true, ""segmentos"": [""desarrollo"", ""validacion"", ""prueba""], ""senal"": ""senal_osovol_50"", ""spread_por_lado"": 0.0, ""usuario"": {""meses_oso"": 24, ""min_dias_vol"": 15, ""min_meses_vol"": 60, ""percentil_vol"": 0.8}, ""variante"": ""MOM_ctrl_osovol_50""}",principal bruta
2026-09-25T05:56:44.933487Z,R03,e2db2417c9,MOM_ctrl_oso_50,1,completo,1927-10-31,2026-07-31,1185,12,USD,29896.371338541154,0.11000111654019396,0.12659364635927609,0.6405304266746166,0.941313787939617,-0.4476686616119917,0.2457199397074065,0.18490520713236788,-0.9991835954048619,11.073831859111893,0.9999999916859577,0.919409282700422,1.0,0.259016653161709,0.0,45,0.0940882488135033,0.032877782059419935,0.0,0.0,2013-03-31|2016-11-30,52119000c9d85b5b,"French CRSP 202607 (3F sha b840dba55d31, Mom sha 7ee14e892b0f, 5F sha b8653b411cc5)","{""comision_por_lado"": 0.0, ""cortes"": [""2013-03-31"", ""2016-11-30""], ""efectivo_en_mxn"": false, ""exposicion_inicial"": 0.0, ""exposicion_max"": 1.0, ""exposicion_min"": 0.0, ""extras"": [""mkt"", ""vol""], ""fx"": false, ""max_dias_fx"": 10, ""min_historia"": 10, ""periodos_por_anio"": 12, ""permitir_capturas"": false, ""rebalanceo_con_deriva"": true, ""segmentos"": [""desarrollo"", ""validacion"", ""prueba""], ""senal"": ""senal_oso_50"", ""spread_por_lado"": 0.0, ""usuario"": {""meses_oso"": 24, ""min_dias_vol"": 15, ""min_meses_vol"": 60, ""percentil_vol"": 0.8}, ""variante"": ""MOM_ctrl_oso_50""}",principal bruta
2026-09-25T05:56:44.933487Z,R03,e2db2417c9,MOM_ctrl_oso_50,1,desarrollo,1927-10-31,2013-03-31,1025,12,USD,15530.109568816493,0.11961426838501366,0.12645050465941376,0.6915745523641845,1.0183683757613444,-0.4476686616119917,0.2671937498468165,0.19964037698607845,-1.0920462088007823,12.199228714981897,0.9999999849061827,0.9107317073170732,1.0,0.25153462141043453,0.0,37,0.10296000234320157,0.03531951942525646,0.0,0.0,2013-03-31|2016-11-30,52119000c9d85b5b,"French CRSP 202607 (3F sha b840dba55d31, Mom sha 7ee14e892b0f, 5F sha b8653b411cc5)","{""comision_por_lado"": 0.0, ""cortes"": [""2013-03-31"", ""2016-11-30""], ""efectivo_en_mxn"": false, ""exposicion_inicial"": 0.0, ""exposicion_max"": 1.0, ""exposicion_min"": 0.0, ""extras"": [""mkt"", ""vol""], ""fx"": false, ""max_dias_fx"": 10, ""min_historia"": 10, ""periodos_por_anio"": 12, ""permitir_capturas"": false, ""rebalanceo_con_deriva"": true, ""segmentos"": [""desarrollo"", ""validacion"", ""prueba""], ""senal"": ""senal_oso_50"", ""spread_por_lado"": 0.0, ""usuario"": {""meses_oso"": 24, ""min_dias_vol"": 15, ""min_meses_vol"": 60, ""percentil_vol"": 0.8}, ""variante"": ""MOM_ctrl_oso_50""}",principal bruta
2026-09-25T05:56:44.933487Z,R03,e2db2417c9,MOM_ctrl_oso_50,1,validacion,2013-03-31,2016-11-30,44,12,USD,0.04289977088401731,0.011515314094471707,0.11634822522815752,0.15063094062087903,0.22021219460071997,-0.19074187612943294,0.06037119026058906,0.043483407057875526,0.15247856378497607,3.57160932369634,0.6125283449473046,1.0,1.0,0.0,0.0,0,0.011515314094471707,0.000517980927585926,0.0,0.0,2013-03-31|2016-11-30,52119000c9d85b5b,"French CRSP 202607 (3F sha b840dba55d31, Mom sha 7ee14e892b0f, 5F sha b8653b411cc5)","{""comision_por_lado"": 0.0, ""cortes"": [""2013-03-31"", ""2016-11-30""], ""efectivo_en_mxn"": false, ""exposicion_inicial"": 0.0, ""exposicion_max"": 1.0, ""exposicion_min"": 0.0, ""extras"": [""mkt"", ""vol""], ""fx"": false, ""max_dias_fx"": 10, ""min_historia"": 10, ""periodos_por_anio"": 12, ""permitir_capturas"": false, ""rebalanceo_con_deriva"": true, ""segmentos"": [""desarrollo"", ""validacion"", ""prueba""], ""senal"": ""senal_oso_50"", ""spread_por_lado"": 0.0, ""usuario"": {""meses_oso"": 24, ""min_dias_vol"": 15, ""min_meses_vol"": 60, ""percentil_vol"": 0.8}, ""variante"": ""MOM_ctrl_oso_50""}",principal bruta
2026-09-25T05:56:44.933487Z,R03,e2db2417c9,MOM_ctrl_oso_50,1,prueba,2016-11-30,2026-07-31,116,12,USD,0.845814060842256,0.06547321161721076,0.1306672323507118,0.37235450083586086,0.5396044249539818,-0.25355479043121965,0.25822115806157997,0.1074894856457765,-0.5850658718333822,4.545523600157082,0.867087250278163,0.9655172413793104,1.0,0.42346615509172325,0.0,8,0.04952030485998571,0.02384344620078771,0.0,0.0,2013-03-31|2016-11-30,52119000c9d85b5b,"French CRSP 202607 (3F sha b840dba55d31, Mom sha 7ee14e892b0f, 5F sha b8653b411cc5)","{""comision_por_lado"": 0.0, ""cortes"": [""2013-03-31"", ""2016-11-30""], ""efectivo_en_mxn"": false, ""exposicion_inicial"": 0.0, ""exposicion_max"": 1.0, ""exposicion_min"": 0.0, ""extras"": [""mkt"", ""vol""], ""fx"": false, ""max_dias_fx"": 10, ""min_historia"": 10, ""periodos_por_anio"": 12, ""permitir_capturas"": false, ""rebalanceo_con_deriva"": true, ""segmentos"": [""desarrollo"", ""validacion"", ""prueba""], ""senal"": ""senal_oso_50"", ""spread_por_lado"": 0.0, ""usuario"": {""meses_oso"": 24, ""min_dias_vol"": 15, ""min_meses_vol"": 60, ""percentil_vol"": 0.8}, ""variante"": ""MOM_ctrl_oso_50""}",principal bruta
2026-09-25T05:56:44.969068Z,R03,904a335031,MOM_ctrl_osovol_0,1,completo,1927-10-31,2026-07-31,1185,12,USD,59719.55052256449,0.11780589936036656,0.12982323386953307,0.6819958664495311,1.0222060018477026,-0.4846060926006237,0.24309619948887728,0.19687524854042443,-1.0417956722808035,13.237125592660457,0.9999999980467136,0.9358649789029536,0.9358649789029536,0.4759551402905623,0.0,47,0.0940882488135033,0.032877782059419935,0.0,0.0,2013-03-31|2016-11-30,52119000c9d85b5b,"French CRSP 202607 (3F sha b840dba55d31, Mom sha 7ee14e892b0f, 5F sha b8653b411cc5)","{""comision_por_lado"": 0.0, ""cortes"": [""2013-03-31"", ""2016-11-30""], ""efectivo_en_mxn"": false, ""exposicion_inicial"": 0.0, ""exposicion_max"": 1.0, ""exposicion_min"": 0.0, ""extras"": [""mkt"", ""vol""], ""fx"": false, ""max_dias_fx"": 10, ""min_historia"": 10, ""periodos_por_anio"": 12, ""permitir_capturas"": false, ""rebalanceo_con_deriva"": true, ""segmentos"": [""desarrollo"", ""validacion"", ""prueba""], ""senal"": ""senal_osovol_0"", ""spread_por_lado"": 0.0, ""usuario"": {""meses_oso"": 24, ""min_dias_vol"": 15, ""min_meses_vol"": 60, ""percentil_vol"": 0.8}, ""variante"": ""MOM_ctrl_osovol_0""}",principal bruta
2026-09-25T05:56:44.969068Z,R03,904a335031,MOM_ctrl_osovol_0,1,desarrollo,1927-10-31,2013-03-31,1025,12,USD,28405.906780534966,0.12755666737059412,0.1303650683581238,0.728960070163806,1.0958165596013032,-0.4846060926006237,0.2632172176913113,0.21043264636878095,-1.1332604959653583,14.478032747959553,0.999999994557804,0.9278048780487805,0.9278048780487805,0.503421693698314,0.0,43,0.10296000234320157,0.03531951942525646,0.0,0.0,2013-03-31|2016-11-30,52119000c9d85b5b,"French CRSP 202607 (3F sha b840dba55d31, Mom sha 7ee14e892b0f, 5F sha b8653b411cc5)","{""comision_por_lado"": 0.0, ""cortes"": [""2013-03-31"", ""2016-11-30""], ""efectivo_en_mxn"": false, ""exposicion_inicial"": 0.0, ""exposicion_max"": 1.0, ""exposicion_min"": 0.0, ""extras"": [""mkt"", ""vol""], ""fx"": false, ""max_dias_fx"": 10, ""min_historia"": 10, ""periodos_por_anio"": 12, ""permitir_capturas"": false, ""rebalanceo_con_deriva"": true, ""segmentos"": [""desarrollo"", ""validacion"", ""prueba""], ""senal"": ""senal_osovol_0"", ""spread_por_lado"": 0.0, ""usuario"": {""meses_oso"": 24, ""min_dias_vol"": 15, ""min_meses_vol"": 60, ""percentil_vol"": 0.8}, ""variante"": ""MOM_ctrl_osovol_0""}",principal bruta
2026-09-25T05:56:44.969068Z,R03,904a335031,MOM_ctrl_osovol_0,1,validacion,2013-03-31,2016-11-30,44,12,USD,0.04289977088401731,0.011515314094471707,0.11634822522815752,0.15063094062087903,0.22021219460071997,-0.19074187612943294,0.06037119026058906,0.043483407057875526,0.15247856378497607,3.57160932369634,0.6125283449473046,1.0,1.0,0.0,0.0,0,0.011515314094471707,0.000517980927585926,0.0,0.0,2013-03-31|2016-11-30,52119000c9d85b5b,"French CRSP 202607 (3F sha b840dba55d31, Mom sha 7ee14e892b0f, 5F sha b8653b411cc5)","{""comision_por_lado"": 0.0, ""cortes"": [""2013-03-31"", ""2016-11-30""], ""efectivo_en_mxn"": false, ""exposicion_inicial"": 0.0, ""exposicion_max"": 1.0, ""exposicion_min"": 0.0, ""extras"": [""mkt"", ""vol""], ""fx"": false, ""max_dias_fx"": 10, ""min_historia"": 10, ""periodos_por_anio"": 12, ""permitir_capturas"": false, ""rebalanceo_con_deriva"": true, ""segmentos"": [""desarrollo"", ""validacion"", ""prueba""], ""senal"": ""senal_osovol_0"", ""spread_por_lado"": 0.0, ""usuario"": {""meses_oso"": 24, ""min_dias_vol"": 15, ""min_meses_vol"": 60, ""percentil_vol"": 0.8}, ""variante"": ""MOM_ctrl_osovol_0""}",principal bruta
2026-09-25T05:56:44.969068Z,R03,904a335031,MOM_ctrl_osovol_0,1,prueba,2016-11-30,2026-07-31,116,12,USD,1.0158456897011034,0.0752322275032562,0.12887285013628305,0.4470883402624757,0.657967885816868,-0.25355479043121953,0.29670994334324774,0.12906328680104168,-0.5920394973789016,4.663214193772323,0.9073592641396906,0.9827586206896551,0.9827586206896551,0.41388101983002834,0.0,4,0.04952030485998571,0.02384344620078771,0.0,0.0,2013-03-31|2016-11-30,52119000c9d85b5b,"French CRSP 202607 (3F sha b840dba55d31, Mom sha 7ee14e892b0f, 5F sha b8653b411cc5)","{""comision_por_lado"": 0.0, ""cortes"": [""2013-03-31"", ""2016-11-30""], ""efectivo_en_mxn"": false, ""exposicion_inicial"": 0.0, ""exposicion_max"": 1.0, ""exposicion_min"": 0.0, ""extras"": [""mkt"", ""vol""], ""fx"": false, ""max_dias_fx"": 10, ""min_historia"": 10, ""periodos_por_anio"": 12, ""permitir_capturas"": false, ""rebalanceo_con_deriva"": true, ""segmentos"": [""desarrollo"", ""validacion"", ""prueba""], ""senal"": ""senal_osovol_0"", ""spread_por_lado"": 0.0, ""usuario"": {""meses_oso"": 24, ""min_dias_vol"": 15, ""min_meses_vol"": 60, ""percentil_vol"": 0.8}, ""variante"": ""MOM_ctrl_osovol_0""}",principal bruta
2026-09-25T05:56:44.987318Z,R03,51ae2bf8aa,MOM_ctrl_oso_0,1,completo,1927-10-31,2026-07-31,1185,12,USD,75963.75453095036,0.12053266135692908,0.11102496454926053,0.7989866893760703,1.3120152441750115,-0.25355479043121953,0.4753712645378922,0.23064759009510105,-0.23257705844807022,9.742866943827694,0.9999999999998912,0.8388185654008439,0.8388185654008439,0.45570173006543196,0.0,45,0.0940882488135033,0.032877782059419935,0.0,0.0,2013-03-31|2016-11-30,52119000c9d85b5b,"French CRSP 202607 (3F sha b840dba55d31, Mom sha 7ee14e892b0f, 5F sha b8653b411cc5)","{""comision_por_lado"": 0.0, ""cortes"": [""2013-03-31"", ""2016-11-30""], ""efectivo_en_mxn"": false, ""exposicion_inicial"": 0.0, ""exposicion_max"": 1.0, ""exposicion_min"": 0.0, ""extras"": [""mkt"", ""vol""], ""fx"": false, ""max_dias_fx"": 10, ""min_historia"": 10, ""periodos_por_anio"": 12, ""permitir_capturas"": false, ""rebalanceo_con_deriva"": true, ""segmentos"": [""desarrollo"", ""validacion"", ""prueba""], ""senal"": ""senal_oso_0"", ""spread_por_lado"": 0.0, ""usuario"": {""meses_oso"": 24, ""min_dias_vol"": 15, ""min_meses_vol"": 60, ""percentil_vol"": 0.8}, ""variante"": ""MOM_ctrl_oso_0""}",principal bruta
2026-09-25T05:56:44.987318Z,R03,51ae2bf8aa,MOM_ctrl_oso_0,1,desarrollo,1927-10-31,2013-03-31,1025,12,USD,34443.909123433536,0.1301037248421515,0.10873749623975555,0.8708418551513198,1.4651567749839305,-0.24819999999999998,0.5241890606049617,0.2513903897466038,-0.1720106299960853,10.974570861183404,0.9999999999998941,0.8214634146341463,0.8214634146341463,0.43317680620552595,0.0,37,0.10296000234320157,0.03531951942525646,0.0,0.0,2013-03-31|2016-11-30,52119000c9d85b5b,"French CRSP 202607 (3F sha b840dba55d31, Mom sha 7ee14e892b0f, 5F sha b8653b411cc5)","{""comision_por_lado"": 0.0, ""cortes"": [""2013-03-31"", ""2016-11-30""], ""efectivo_en_mxn"": false, ""exposicion_inicial"": 0.0, ""exposicion_max"": 1.0, ""exposicion_min"": 0.0, ""extras"": [""mkt"", ""vol""], ""fx"": false, ""max_dias_fx"": 10, ""min_historia"": 10, ""periodos_por_anio"": 12, ""permitir_capturas"": false, ""rebalanceo_con_deriva"": true, ""segmentos"": [""desarrollo"", ""validacion"", ""prueba""], ""senal"": ""senal_oso_0"", ""spread_por_lado"": 0.0, ""usuario"": {""meses_oso"": 24, ""min_dias_vol"": 15, ""min_meses_vol"": 60, ""percentil_vol"": 0.8}, ""variante"": ""MOM_ctrl_oso_0""}",principal bruta
2026-09-25T05:56:44.987318Z,R03,51ae2bf8aa,MOM_ctrl_oso_0,1,validacion,2013-03-31,2016-11-30,44,12,USD,0.04289977088401731,0.011515314094471707,0.11634822522815752,0.15063094062087903,0.22021219460071997,-0.19074187612943294,0.06037119026058906,0.043483407057875526,0.15247856378497607,3.57160932369634,0.6125283449473046,1.0,1.0,0.0,0.0,0,0.011515314094471707,0.000517980927585926,0.0,0.0,2013-03-31|2016-11-30,52119000c9d85b5b,"French CRSP 202607 (3F sha b840dba55d31, Mom sha 7ee14e892b0f, 5F sha b8653b411cc5)","{""comision_por_lado"": 0.0, ""cortes"": [""2013-03-31"", ""2016-11-30""], ""efectivo_en_mxn"": false, ""exposicion_inicial"": 0.0, ""exposicion_max"": 1.0, ""exposicion_min"": 0.0, ""extras"": [""mkt"", ""vol""], ""fx"": false, ""max_dias_fx"": 10, ""min_historia"": 10, ""periodos_por_anio"": 12, ""permitir_capturas"": false, ""rebalanceo_con_deriva"": true, ""segmentos"": [""desarrollo"", ""validacion"", ""prueba""], ""senal"": ""senal_oso_0"", ""spread_por_lado"": 0.0, ""usuario"": {""meses_oso"": 24, ""min_dias_vol"": 15, ""min_meses_vol"": 60, ""percentil_vol"": 0.8}, ""variante"": ""MOM_ctrl_oso_0""}",principal bruta
2026-09-25T05:56:44.987318Z,R03,51ae2bf8aa,MOM_ctrl_oso_0,1,prueba,2016-11-30,2026-07-31,116,12,USD,1.1146793456030606,0.08057056671627039,0.12679599074247502,0.49202213646834836,0.7312588504266566,-0.25355479043121953,0.31776393015191856,0.14203455646862786,-0.6126559569113793,4.945033057136735,0.9261528943966888,0.9310344827586207,0.9310344827586207,0.8277620396600567,0.0,8,0.04952030485998571,0.02384344620078771,0.0,0.0,2013-03-31|2016-11-30,52119000c9d85b5b,"French CRSP 202607 (3F sha b840dba55d31, Mom sha 7ee14e892b0f, 5F sha b8653b411cc5)","{""comision_por_lado"": 0.0, ""cortes"": [""2013-03-31"", ""2016-11-30""], ""efectivo_en_mxn"": false, ""exposicion_inicial"": 0.0, ""exposicion_max"": 1.0, ""exposicion_min"": 0.0, ""extras"": [""mkt"", ""vol""], ""fx"": false, ""max_dias_fx"": 10, ""min_historia"": 10, ""periodos_por_anio"": 12, ""permitir_capturas"": false, ""rebalanceo_con_deriva"": true, ""segmentos"": [""desarrollo"", ""validacion"", ""prueba""], ""senal"": ""senal_oso_0"", ""spread_por_lado"": 0.0, ""usuario"": {""meses_oso"": 24, ""min_dias_vol"": 15, ""min_meses_vol"": 60, ""percentil_vol"": 0.8}, ""variante"": ""MOM_ctrl_oso_0""}",principal bruta
2026-09-25T05:56:45.003836Z,R03,a93b878dfe,MOM_ref_siempre,0,completo,1927-10-31,2026-07-31,1185,12,USD,7183.1125486810615,0.0940882488135033,0.1638614661555922,0.44786202116814416,0.5815581594545365,-0.781622970306496,0.12037549098206352,0.12928662924061896,-3.013864164461311,30.26173647282602,0.9998515321579057,1.0,1.0,0.010126705112565155,0.0,1,0.0940882488135033,0.032877782059419935,0.0,0.0,2013-03-31|2016-11-30,52119000c9d85b5b,"French CRSP 202607 (3F sha b840dba55d31, Mom sha 7ee14e892b0f, 5F sha b8653b411cc5)","{""comision_por_lado"": 0.0, ""cortes"": [""2013-03-31"", ""2016-11-30""], ""efectivo_en_mxn"": false, ""exposicion_inicial"": 0.0, ""exposicion_max"": 1.0, ""exposicion_min"": 0.0, ""extras"": [""mkt"", ""vol""], ""fx"": false, ""max_dias_fx"": 10, ""min_historia"": 10, ""periodos_por_anio"": 12, ""permitir_capturas"": false, ""rebalanceo_con_deriva"": true, ""segmentos"": [""desarrollo"", ""validacion"", ""prueba""], ""senal"": ""senal_comprar_y_mantener"", ""spread_por_lado"": 0.0, ""usuario"": {}, ""variante"": ""MOM_ref_siempre""}",referencia
2026-09-25T05:56:45.003836Z,R03,a93b878dfe,MOM_ref_siempre,0,desarrollo,1927-10-31,2013-03-31,1025,12,USD,4316.796342728581,0.10296000234320157,0.16791665333181977,0.4770795540407556,0.6160041387301213,-0.781622970306496,0.13172591678418574,0.13772100447514843,-3.18933000299081,31.497426340789488,0.9997689498796585,1.0,1.0,0.011707481248798,0.0,1,0.10296000234320157,0.03531951942525646,0.0,0.0,2013-03-31|2016-11-30,52119000c9d85b5b,"French CRSP 202607 (3F sha b840dba55d31, Mom sha 7ee14e892b0f, 5F sha b8653b411cc5)","{""comision_por_lado"": 0.0, ""cortes"": [""2013-03-31"", ""2016-11-30""], ""efectivo_en_mxn"": false, ""exposicion_inicial"": 0.0, ""exposicion_max"": 1.0, ""exposicion_min"": 0.0, ""extras"": [""mkt"", ""vol""], ""fx"": false, ""max_dias_fx"": 10, ""min_historia"": 10, ""periodos_por_anio"": 12, ""permitir_capturas"": false, ""rebalanceo_con_deriva"": true, ""segmentos"": [""desarrollo"", ""validacion"", ""prueba""], ""senal"": ""senal_comprar_y_mantener"", ""spread_por_lado"": 0.0, ""usuario"": {}, ""variante"": ""MOM_ref_siempre""}",referencia
2026-09-25T05:56:45.003836Z,R03,a93b878dfe,MOM_ref_siempre,0,validacion,2013-03-31,2016-11-30,44,12,USD,0.04289977088401731,0.011515314094471707,0.11634822522815752,0.15063094062087903,0.22021219460071997,-0.19074187612943294,0.06037119026058906,0.043483407057875526,0.15247856378497607,3.57160932369634,0.6125283449473046,1.0,1.0,0.0,0.0,0,0.011515314094471707,0.000517980927585926,0.0,0.0,2013-03-31|2016-11-30,52119000c9d85b5b,"French CRSP 202607 (3F sha b840dba55d31, Mom sha 7ee14e892b0f, 5F sha b8653b411cc5)","{""comision_por_lado"": 0.0, ""cortes"": [""2013-03-31"", ""2016-11-30""], ""efectivo_en_mxn"": false, ""exposicion_inicial"": 0.0, ""exposicion_max"": 1.0, ""exposicion_min"": 0.0, ""extras"": [""mkt"", ""vol""], ""fx"": false, ""max_dias_fx"": 10, ""min_historia"": 10, ""periodos_por_anio"": 12, ""permitir_capturas"": false, ""rebalanceo_con_deriva"": true, ""segmentos"": [""desarrollo"", ""validacion"", ""prueba""], ""senal"": ""senal_comprar_y_mantener"", ""spread_por_lado"": 0.0, ""usuario"": {}, ""variante"": ""MOM_ref_siempre""}",referencia
2026-09-25T05:56:45.003836Z,R03,a93b878dfe,MOM_ref_siempre,0,prueba,2016-11-30,2026-07-31,116,12,USD,0.5953956417663824,0.04952030485998571,0.14080086304594427,0.2481863363242803,0.3377709067463342,-0.25355479043121953,0.19530415803135387,0.07164522404300512,-0.9493256586428059,5.620005735533796,0.7707708563194309,1.0,1.0,0.0,0.0,0,0.04952030485998571,0.02384344620078771,0.0,0.0,2013-03-31|2016-11-30,52119000c9d85b5b,"French CRSP 202607 (3F sha b840dba55d31, Mom sha 7ee14e892b0f, 5F sha b8653b411cc5)","{""comision_por_lado"": 0.0, ""cortes"": [""2013-03-31"", ""2016-11-30""], ""efectivo_en_mxn"": false, ""exposicion_inicial"": 0.0, ""exposicion_max"": 1.0, ""exposicion_min"": 0.0, ""extras"": [""mkt"", ""vol""], ""fx"": false, ""max_dias_fx"": 10, ""min_historia"": 10, ""periodos_por_anio"": 12, ""permitir_capturas"": false, ""rebalanceo_con_deriva"": true, ""segmentos"": [""desarrollo"", ""validacion"", ""prueba""], ""senal"": ""senal_comprar_y_mantener"", ""spread_por_lado"": 0.0, ""usuario"": {}, ""variante"": ""MOM_ref_siempre""}",referencia
2026-09-25T05:56:45.017377Z,R03,c3c79b120f,MOM_ref_efectivo,0,completo,1927-10-31,2026-07-31,1185,12,USD,23.395827653322463,0.032877782059419935,0.008654390525494722,0.0,0.0,-0.0008998599580104516,36.53655412350071,,0.0,3.0,,0.0,0.0,0.0,0.0,0,0.0940882488135033,0.032877782059419935,0.0,0.0,2013-03-31|2016-11-30,52119000c9d85b5b,"French CRSP 202607 (3F sha b840dba55d31, Mom sha 7ee14e892b0f, 5F sha b8653b411cc5)","{""comision_por_lado"": 0.0, ""cortes"": [""2013-03-31"", ""2016-11-30""], ""efectivo_en_mxn"": false, ""exposicion_inicial"": 0.0, ""exposicion_max"": 1.0, ""exposicion_min"": 0.0, ""extras"": [""mkt"", ""vol""], ""fx"": false, ""max_dias_fx"": 10, ""min_historia"": 10, ""periodos_por_anio"": 12, ""permitir_capturas"": false, ""rebalanceo_con_deriva"": true, ""segmentos"": [""desarrollo"", ""validacion"", ""prueba""], ""senal"": ""senal_efectivo"", ""spread_por_lado"": 0.0, ""usuario"": {}, ""variante"": ""MOM_ref_efectivo""}",referencia
2026-09-25T05:56:45.017377Z,R03,c3c79b120f,MOM_ref_efectivo,0,desarrollo,1927-10-31,2013-03-31,1025,12,USD,18.390415740049722,0.03531951942525646,0.00885380611365365,0.0,0.0,-0.0008998599580104516,39.25001786205297,,0.0,3.0,,0.0,0.0,0.0,0.0,0,0.10296000234320157,0.03531951942525646,0.0,0.0,2013-03-31|2016-11-30,52119000c9d85b5b,"French CRSP 202607 (3F sha b840dba55d31, Mom sha 7ee14e892b0f, 5F sha b8653b411cc5)","{""comision_por_lado"": 0.0, ""cortes"": [""2013-03-31"", ""2016-11-30""], ""efectivo_en_mxn"": false, ""exposicion_inicial"": 0.0, ""exposicion_max"": 1.0, ""exposicion_min"": 0.0, ""extras"": [""mkt"", ""vol""], ""fx"": false, ""max_dias_fx"": 10, ""min_historia"": 10, ""periodos_por_anio"": 12, ""permitir_capturas"": false, ""rebalanceo_con_deriva"": true, ""segmentos"": [""desarrollo"", ""validacion"", ""prueba""], ""senal"": ""senal_efectivo"", ""spread_por_lado"": 0.0, ""usuario"": {}, ""variante"": ""MOM_ref_efectivo""}",referencia
2026-09-25T05:56:45.017377Z,R03,c3c79b120f,MOM_ref_efectivo,0,validacion,2013-03-31,2016-11-30,44,12,USD,0.0019016408502943172,0.000517980927585926,0.0002630524992014944,0.0,0.0,0.0,inf,,0.0,3.0,,0.0,0.0,0.0,0.0,0,0.011515314094471707,0.000517980927585926,0.0,0.0,2013-03-31|2016-11-30,52119000c9d85b5b,"French CRSP 202607 (3F sha b840dba55d31, Mom sha 7ee14e892b0f, 5F sha b8653b411cc5)","{""comision_por_lado"": 0.0, ""cortes"": [""2013-03-31"", ""2016-11-30""], ""efectivo_en_mxn"": false, ""exposicion_inicial"": 0.0, ""exposicion_max"": 1.0, ""exposicion_min"": 0.0, ""extras"": [""mkt"", ""vol""], ""fx"": false, ""max_dias_fx"": 10, ""min_historia"": 10, ""periodos_por_anio"": 12, ""permitir_capturas"": false, ""rebalanceo_con_deriva"": true, ""segmentos"": [""desarrollo"", ""validacion"", ""prueba""], ""senal"": ""senal_efectivo"", ""spread_por_lado"": 0.0, ""usuario"": {}, ""variante"": ""MOM_ref_efectivo""}",referencia
2026-09-25T05:56:45.017377Z,R03,c3c79b120f,MOM_ref_efectivo,0,prueba,2016-11-30,2026-07-31,116,12,USD,0.25575046615727604,0.02384344620078771,0.005467680973903269,0.0,0.0,0.0,inf,,0.0,3.0,,0.0,0.0,0.0,0.0,0,0.04952030485998571,0.02384344620078771,0.0,0.0,2013-03-31|2016-11-30,52119000c9d85b5b,"French CRSP 202607 (3F sha b840dba55d31, Mom sha 7ee14e892b0f, 5F sha b8653b411cc5)","{""comision_por_lado"": 0.0, ""cortes"": [""2013-03-31"", ""2016-11-30""], ""efectivo_en_mxn"": false, ""exposicion_inicial"": 0.0, ""exposicion_max"": 1.0, ""exposicion_min"": 0.0, ""extras"": [""mkt"", ""vol""], ""fx"": false, ""max_dias_fx"": 10, ""min_historia"": 10, ""periodos_por_anio"": 12, ""permitir_capturas"": false, ""rebalanceo_con_deriva"": true, ""segmentos"": [""desarrollo"", ""validacion"", ""prueba""], ""senal"": ""senal_efectivo"", ""spread_por_lado"": 0.0, ""usuario"": {}, ""variante"": ""MOM_ref_efectivo""}",referencia
2026-09-25T05:56:45.034387Z,R03,ccbaef9e79,MOM_ref_sma10,0,completo,1927-10-31,2026-07-31,1185,12,USD,3165.9241815079376,0.08505043486806896,0.13626513715485586,0.4396104621792015,0.5897868141143618,-0.7290446565269737,0.11666011691688766,0.1269046093388689,-2.469677339509022,27.55454545404321,0.9998758612487404,0.7864978902953587,0.7864978902953587,1.2658381390706444,0.0,125,0.0940882488135033,0.032877782059419935,0.0,0.0,2013-03-31|2016-11-30,52119000c9d85b5b,"French CRSP 202607 (3F sha b840dba55d31, Mom sha 7ee14e892b0f, 5F sha b8653b411cc5)","{""comision_por_lado"": 0.0, ""cortes"": [""2013-03-31"", ""2016-11-30""], ""efectivo_en_mxn"": false, ""exposicion_inicial"": 0.0, ""exposicion_max"": 1.0, ""exposicion_min"": 0.0, ""extras"": [""mkt"", ""vol""], ""fx"": false, ""max_dias_fx"": 10, ""min_historia"": 10, ""periodos_por_anio"": 12, ""permitir_capturas"": false, ""rebalanceo_con_deriva"": true, ""segmentos"": [""desarrollo"", ""validacion"", ""prueba""], ""senal"": ""media_movil_10"", ""spread_por_lado"": 0.0, ""usuario"": {}, ""variante"": ""MOM_ref_sma10""}",referencia: regla sencilla del mismo tipo
2026-09-25T05:56:45.034387Z,R03,ccbaef9e79,MOM_ref_sma10,0,desarrollo,1927-10-31,2013-03-31,1025,12,USD,2271.482312050768,0.09470264343949597,0.13873156637025955,0.4825292912199832,0.6467341785538284,-0.7290446565269737,0.1298996468757358,0.13929420808886833,-2.6247472484238217,29.112095897017205,0.9998621209803655,0.8078048780487805,0.8078048780487805,1.1941630873773958,0.0,102,0.10296000234320157,0.03531951942525646,0.0,0.0,2013-03-31|2016-11-30,52119000c9d85b5b,"French CRSP 202607 (3F sha b840dba55d31, Mom sha 7ee14e892b0f, 5F sha b8653b411cc5)","{""comision_por_lado"": 0.0, ""cortes"": [""2013-03-31"", ""2016-11-30""], ""efectivo_en_mxn"": false, ""exposicion_inicial"": 0.0, ""exposicion_max"": 1.0, ""exposicion_min"": 0.0, ""extras"": [""mkt"", ""vol""], ""fx"": false, ""max_dias_fx"": 10, ""min_historia"": 10, ""periodos_por_anio"": 12, ""permitir_capturas"": false, ""rebalanceo_con_deriva"": true, ""segmentos"": [""desarrollo"", ""validacion"", ""prueba""], ""senal"": ""media_movil_10"", ""spread_por_lado"": 0.0, ""usuario"": {}, ""variante"": ""MOM_ref_sma10""}",referencia: regla sencilla del mismo tipo
2026-09-25T05:56:45.034387Z,R03,ccbaef9e79,MOM_ref_sma10,0,validacion,2013-03-31,2016-11-30,44,12,USD,0.06842473606245769,0.01820416016936055,0.0974016059055546,0.22724621612891144,0.3501973821514184,-0.09842038836354539,0.18496330355980709,0.06560033202717545,0.43038880159248394,5.885539876905295,0.6682910428521015,0.5454545454545454,0.5454545454545454,1.63544776119403,0.0,6,0.011515314094471707,0.000517980927585926,0.0,0.0,2013-03-31|2016-11-30,52119000c9d85b5b,"French CRSP 202607 (3F sha b840dba55d31, Mom sha 7ee14e892b0f, 5F sha b8653b411cc5)","{""comision_por_lado"": 0.0, ""cortes"": [""2013-03-31"", ""2016-11-30""], ""efectivo_en_mxn"": false, ""exposicion_inicial"": 0.0, ""exposicion_max"": 1.0, ""exposicion_min"": 0.0, ""extras"": [""mkt"", ""vol""], ""fx"": false, ""max_dias_fx"": 10, ""min_historia"": 10, ""periodos_por_anio"": 12, ""permitir_capturas"": false, ""rebalanceo_con_deriva"": true, ""segmentos"": [""desarrollo"", ""validacion"", ""prueba""], ""senal"": ""media_movil_10"", ""spread_por_lado"": 0.0, ""usuario"": {}, ""variante"": ""MOM_ref_sma10""}",referencia: regla sencilla del mismo tipo
2026-09-25T05:56:45.034387Z,R03,ccbaef9e79,MOM_ref_sma10,0,prueba,2016-11-30,2026-07-31,116,12,USD,0.30434723050953894,0.027873728259350417,0.12554536942519204,0.09532207849926251,0.1255642495630905,-0.15859999999999996,0.1757486018874554,0.027517113840631924,-1.1780425568447623,7.907048410348283,0.6141817064301569,0.6896551724137931,0.6896551724137931,1.7589943342776206,0.0,17,0.04952030485998571,0.02384344620078771,0.0,0.0,2013-03-31|2016-11-30,52119000c9d85b5b,"French CRSP 202607 (3F sha b840dba55d31, Mom sha 7ee14e892b0f, 5F sha b8653b411cc5)","{""comision_por_lado"": 0.0, ""cortes"": [""2013-03-31"", ""2016-11-30""], ""efectivo_en_mxn"": false, ""exposicion_inicial"": 0.0, ""exposicion_max"": 1.0, ""exposicion_min"": 0.0, ""extras"": [""mkt"", ""vol""], ""fx"": false, ""max_dias_fx"": 10, ""min_historia"": 10, ""periodos_por_anio"": 12, ""permitir_capturas"": false, ""rebalanceo_con_deriva"": true, ""segmentos"": [""desarrollo"", ""validacion"", ""prueba""], ""senal"": ""media_movil_10"", ""spread_por_lado"": 0.0, ""usuario"": {}, ""variante"": ""MOM_ref_sma10""}",referencia: regla sencilla del mismo tipo
2026-09-25T05:56:45.050886Z,R03,a5b0601fcd,MKT_ref_mom,0,completo,1927-10-31,2026-07-31,1185,12,USD,14402.40860812696,0.10182228408302851,0.1841583161033198,0.4436055392843257,0.6693382268191274,-0.8365224657023862,0.12172091994867516,0.12805788875990728,0.1586865631273092,10.324269666220767,0.9999937148592921,1.0,1.0,0.010126705112565155,0.0,1,0.10182228408302851,0.032877782059419935,0.0,0.0,2013-03-31|2016-11-30,82f2fbc97fc9b25c,"French CRSP 202607 (3F sha b840dba55d31, Mom sha 7ee14e892b0f, 5F sha b8653b411cc5)","{""comision_por_lado"": 0.0, ""cortes"": [""2013-03-31"", ""2016-11-30""], ""efectivo_en_mxn"": false, ""exposicion_inicial"": 0.0, ""exposicion_max"": 1.0, ""exposicion_min"": 0.0, ""extras"": [""mkt"", ""vol""], ""fx"": false, ""max_dias_fx"": 10, ""min_historia"": 10, ""periodos_por_anio"": 12, ""permitir_capturas"": false, ""rebalanceo_con_deriva"": true, ""segmentos"": [""desarrollo"", ""validacion"", ""prueba""], ""senal"": ""senal_comprar_y_mantener"", ""spread_por_lado"": 0.0, ""usuario"": {}, ""variante"": ""MKT_ref_mom""}",referencia: mercado
2026-09-25T05:56:45.050886Z,R03,a5b0601fcd,MKT_ref_mom,0,desarrollo,1927-10-31,2013-03-31,1025,12,USD,2445.6577636586276,0.09564953182045288,0.18914681211349602,0.39438923645154933,0.591724396979236,-0.8365224657023862,0.11434185660529839,0.11385036591539649,0.20674446513295514,10.516820878322736,0.9998582808075576,1.0,1.0,0.011707481248798,0.0,1,0.09564953182045288,0.03531951942525646,0.0,0.0,2013-03-31|2016-11-30,82f2fbc97fc9b25c,"French CRSP 202607 (3F sha b840dba55d31, Mom sha 7ee14e892b0f, 5F sha b8653b411cc5)","{""comision_por_lado"": 0.0, ""cortes"": [""2013-03-31"", ""2016-11-30""], ""efectivo_en_mxn"": false, ""exposicion_inicial"": 0.0, ""exposicion_max"": 1.0, ""exposicion_min"": 0.0, ""extras"": [""mkt"", ""vol""], ""fx"": false, ""max_dias_fx"": 10, ""min_historia"": 10, ""periodos_por_anio"": 12, ""permitir_capturas"": false, ""rebalanceo_con_deriva"": true, ""segmentos"": [""desarrollo"", ""validacion"", ""prueba""], ""senal"": ""senal_comprar_y_mantener"", ""spread_por_lado"": 0.0, ""usuario"": {}, ""variante"": ""MKT_ref_mom""}",referencia: mercado
2026-09-25T05:56:45.050886Z,R03,a5b0601fcd,MKT_ref_mom,0,validacion,2013-03-31,2016-11-30,44,12,USD,0.5173917242342867,0.12037301772303999,0.1100454675395776,1.0869875777886766,2.023163958276706,-0.08960649435040957,1.3433514902649442,0.31378628532103586,-0.04581330842519386,2.6428993407377406,0.9774358069541196,1.0,1.0,0.0,0.0,0,0.12037301772303999,0.000517980927585926,0.0,0.0,2013-03-31|2016-11-30,82f2fbc97fc9b25c,"French CRSP 202607 (3F sha b840dba55d31, Mom sha 7ee14e892b0f, 5F sha b8653b411cc5)","{""comision_por_lado"": 0.0, ""cortes"": [""2013-03-31"", ""2016-11-30""], ""efectivo_en_mxn"": false, ""exposicion_inicial"": 0.0, ""exposicion_max"": 1.0, ""exposicion_min"": 0.0, ""extras"": [""mkt"", ""vol""], ""fx"": false, ""max_dias_fx"": 10, ""min_historia"": 10, ""periodos_por_anio"": 12, ""permitir_capturas"": false, ""rebalanceo_con_deriva"": true, ""segmentos"": [""desarrollo"", ""validacion"", ""prueba""], ""senal"": ""senal_comprar_y_mantener"", ""spread_por_lado"": 0.0, ""usuario"": {}, ""variante"": ""MKT_ref_mom""}",referencia: mercado
2026-09-25T05:56:45.050886Z,R03,a5b0601fcd,MKT_ref_mom,0,prueba,2016-11-30,2026-07-31,116,12,USD,2.8796660577977704,0.1505955791299589,0.1610122804967516,0.8096733946140892,1.274334808823219,-0.248449322470347,0.6061420398839399,0.23373257616806126,-0.3640318350722767,3.6636966980932817,0.9910304729752037,1.0,1.0,0.0,0.0,0,0.1505955791299589,0.02384344620078771,0.0,0.0,2013-03-31|2016-11-30,82f2fbc97fc9b25c,"French CRSP 202607 (3F sha b840dba55d31, Mom sha 7ee14e892b0f, 5F sha b8653b411cc5)","{""comision_por_lado"": 0.0, ""cortes"": [""2013-03-31"", ""2016-11-30""], ""efectivo_en_mxn"": false, ""exposicion_inicial"": 0.0, ""exposicion_max"": 1.0, ""exposicion_min"": 0.0, ""extras"": [""mkt"", ""vol""], ""fx"": false, ""max_dias_fx"": 10, ""min_historia"": 10, ""periodos_por_anio"": 12, ""permitir_capturas"": false, ""rebalanceo_con_deriva"": true, ""segmentos"": [""desarrollo"", ""validacion"", ""prueba""], ""senal"": ""senal_comprar_y_mantener"", ""spread_por_lado"": 0.0, ""usuario"": {}, ""variante"": ""MKT_ref_mom""}",referencia: mercado
2026-09-25T05:56:45.095299Z,R03,06f1e85e31,F_SMB,0,completo,1935-12-31,2026-07-31,1087,12,USD,66.71601188006306,0.04763588963806842,0.10009002235824017,0.17698959614455342,0.2765261738041835,-0.31226607310500243,0.15254903987616483,0.05109249548891054,0.6997207366203477,9.375609396849544,0.9563502211652992,1.0,1.0,0.011039746108508388,3.753513676892852e-05,1,0.04767528053627501,0.034343917744822594,0.0029,0.0005,1975-12-31|1981-03-31,76374c05c782890a,"French CRSP 202607 (3F sha b840dba55d31, Mom sha 7ee14e892b0f, 5F sha b8653b411cc5)","{""comision_por_lado"": 0.0029, ""cortes"": [""1975-12-31"", ""1981-03-31""], ""efectivo_en_mxn"": false, ""exposicion_inicial"": 0.0, ""exposicion_max"": 1.0, ""exposicion_min"": 0.0, ""extras"": [], ""fx"": false, ""max_dias_fx"": 10, ""min_historia"": 1, ""periodos_por_anio"": 12, ""permitir_capturas"": false, ""rebalanceo_con_deriva"": true, ""segmentos"": [""desarrollo"", ""validacion"", ""prueba""], ""senal"": ""senal_comprar_y_mantener"", ""spread_por_lado"": 0.0005, ""usuario"": {""ancla"": ""periodo 0.0 en el fin del mes previo"", ""cortes"": [""1975-12-31"", ""1981-03-31""], ""factor"": ""SMB"", ""inicio"": ""1936-01-31""}, ""variante"": ""F_SMB""}",sensibilidad: costos defecto (solo overlay; no incluye la rotacion interna del factor)
2026-09-25T05:56:45.095299Z,R03,06f1e85e31,F_SMB,0,desarrollo,1935-12-31,1975-12-31,480,12,USD,3.577424566425279,0.03876074672215046,0.09743893137498916,0.19273422582981395,0.31700269294498906,-0.31226607310500243,0.12412730700051681,0.0556375785824486,1.1419135920235897,9.388409579879918,0.8950748957264818,1.0,1.0,0.025,8.499999999999999e-05,1,0.03884919559307698,0.024163680708613855,0.0029,0.0005,1975-12-31|1981-03-31,76374c05c782890a,"French CRSP 202607 (3F sha b840dba55d31, Mom sha 7ee14e892b0f, 5F sha b8653b411cc5)","{""comision_por_lado"": 0.0029, ""cortes"": [""1975-12-31"", ""1981-03-31""], ""efectivo_en_mxn"": false, ""exposicion_inicial"": 0.0, ""exposicion_max"": 1.0, ""exposicion_min"": 0.0, ""extras"": [], ""fx"": false, ""max_dias_fx"": 10, ""min_historia"": 1, ""periodos_por_anio"": 12, ""permitir_capturas"": false, ""rebalanceo_con_deriva"": true, ""segmentos"": [""desarrollo"", ""validacion"", ""prueba""], ""senal"": ""senal_comprar_y_mantener"", ""spread_por_lado"": 0.0005, ""usuario"": {""ancla"": ""periodo 0.0 en el fin del mes previo"", ""cortes"": [""1975-12-31"", ""1981-03-31""], ""factor"": ""SMB"", ""inicio"": ""1936-01-31""}, ""variante"": ""F_SMB""}",sensibilidad: costos defecto (solo overlay; no incluye la rotacion interna del factor)
2026-09-25T05:56:45.095299Z,R03,06f1e85e31,F_SMB,0,validacion,1975-12-31,1981-03-31,63,12,USD,2.1500438016647223,0.24435786640016466,0.09147318947779817,1.5809699913385422,2.523364266191221,-0.09209999999999996,2.6531798740517347,0.4563867250400139,-1.397647387598812,7.164098747991076,0.9948798544826561,1.0,1.0,0.0,0.0,0,0.24435786640016466,0.08075162339801767,0.0029,0.0005,1975-12-31|1981-03-31,76374c05c782890a,"French CRSP 202607 (3F sha b840dba55d31, Mom sha 7ee14e892b0f, 5F sha b8653b411cc5)","{""comision_por_lado"": 0.0029, ""cortes"": [""1975-12-31"", ""1981-03-31""], ""efectivo_en_mxn"": false, ""exposicion_inicial"": 0.0, ""exposicion_max"": 1.0, ""exposicion_min"": 0.0, ""extras"": [], ""fx"": false, ""max_dias_fx"": 10, ""min_historia"": 1, ""periodos_por_anio"": 12, ""permitir_capturas"": false, ""rebalanceo_con_deriva"": true, ""segmentos"": [""desarrollo"", ""validacion"", ""prueba""], ""senal"": ""senal_comprar_y_mantener"", ""spread_por_lado"": 0.0005, ""usuario"": {""ancla"": ""periodo 0.0 en el fin del mes previo"", ""cortes"": [""1975-12-31"", ""1981-03-31""], ""factor"": ""SMB"", ""inicio"": ""1936-01-31""}, ""variante"": ""F_SMB""}",sensibilidad: costos defecto (solo overlay; no incluye la rotacion interna del factor)
2026-09-25T05:56:45.095299Z,R03,06f1e85e31,F_SMB,0,prueba,1981-03-31,2026-07-31,544,12,USD,3.6962756888137003,0.03470868340902311,0.10196652901160279,0.017479212344082416,0.026078635843779,-0.305795947473231,0.11350275795287137,0.005045813976039306,0.5740891869562245,9.96728587563175,0.5468658088383638,1.0,1.0,0.0,0.0,0,0.03470868340902311,0.03812205746060382,0.0029,0.0005,1975-12-31|1981-03-31,76374c05c782890a,"French CRSP 202607 (3F sha b840dba55d31, Mom sha 7ee14e892b0f, 5F sha b8653b411cc5)","{""comision_por_lado"": 0.0029, ""cortes"": [""1975-12-31"", ""1981-03-31""], ""efectivo_en_mxn"": false, ""exposicion_inicial"": 0.0, ""exposicion_max"": 1.0, ""exposicion_min"": 0.0, ""extras"": [], ""fx"": false, ""max_dias_fx"": 10, ""min_historia"": 1, ""periodos_por_anio"": 12, ""permitir_capturas"": false, ""rebalanceo_con_deriva"": true, ""segmentos"": [""desarrollo"", ""validacion"", ""prueba""], ""senal"": ""senal_comprar_y_mantener"", ""spread_por_lado"": 0.0005, ""usuario"": {""ancla"": ""periodo 0.0 en el fin del mes previo"", ""cortes"": [""1975-12-31"", ""1981-03-31""], ""factor"": ""SMB"", ""inicio"": ""1936-01-31""}, ""variante"": ""F_SMB""}",sensibilidad: costos defecto (solo overlay; no incluye la rotacion interna del factor)
2026-09-25T05:56:45.108250Z,R03,d1a1682aca,REF_MKT_SMB,0,completo,1935-12-31,2026-07-31,1087,12,USD,12913.167137849674,0.11015886002284891,0.15731558454147113,0.5300453785755811,0.785799592668895,-0.5031170717166413,0.21895273727640685,0.15301092100166444,-0.5071485734970991,5.836723925023335,0.9999991861342067,1.0,1.0,0.011039746108508388,3.753513676892852e-05,1,0.11020060177213487,0.034343917744822594,0.0029,0.0005,1975-12-31|1981-03-31,c32905ee3493960b,"French CRSP 202607 (3F sha b840dba55d31, Mom sha 7ee14e892b0f, 5F sha b8653b411cc5)","{""comision_por_lado"": 0.0029, ""cortes"": [""1975-12-31"", ""1981-03-31""], ""efectivo_en_mxn"": false, ""exposicion_inicial"": 0.0, ""exposicion_max"": 1.0, ""exposicion_min"": 0.0, ""extras"": [], ""fx"": false, ""max_dias_fx"": 10, ""min_historia"": 1, ""periodos_por_anio"": 12, ""permitir_capturas"": false, ""rebalanceo_con_deriva"": true, ""segmentos"": [""desarrollo"", ""validacion"", ""prueba""], ""senal"": ""senal_comprar_y_mantener"", ""spread_por_lado"": 0.0005, ""usuario"": {""inicio"": ""1936-01-31"", ""serie"": ""Mkt-RF+RF""}, ""variante"": ""REF_MKT_SMB""}",sensibilidad: costos defecto (solo overlay; no incluye la rotacion interna del factor)
2026-09-25T05:56:45.108250Z,R03,d1a1682aca,REF_MKT_SMB,0,desarrollo,1935-12-31,1975-12-31,480,12,USD,35.49316659087389,0.09409564347612198,0.1609436885568811,0.4912045195928492,0.730360995589565,-0.4945733235371371,0.1902562046880323,0.14179853080704616,-0.3867129931996523,6.7936397394654255,0.9985625295263314,1.0,1.0,0.025,8.499999999999999e-05,1,0.0941888040279204,0.024163680708613855,0.0029,0.0005,1975-12-31|1981-03-31,c32905ee3493960b,"French CRSP 202607 (3F sha b840dba55d31, Mom sha 7ee14e892b0f, 5F sha b8653b411cc5)","{""comision_por_lado"": 0.0029, ""cortes"": [""1975-12-31"", ""1981-03-31""], ""efectivo_en_mxn"": false, ""exposicion_inicial"": 0.0, ""exposicion_max"": 1.0, ""exposicion_min"": 0.0, ""extras"": [], ""fx"": false, ""max_dias_fx"": 10, ""min_historia"": 1, ""periodos_por_anio"": 12, ""permitir_capturas"": false, ""rebalanceo_con_deriva"": true, ""segmentos"": [""desarrollo"", ""validacion"", ""prueba""], ""senal"": ""senal_comprar_y_mantener"", ""spread_por_lado"": 0.0005, ""usuario"": {""inicio"": ""1936-01-31"", ""serie"": ""Mkt-RF+RF""}, ""variante"": ""REF_MKT_SMB""}",sensibilidad: costos defecto (solo overlay; no incluye la rotacion interna del factor)
2026-09-25T05:56:45.108250Z,R03,d1a1682aca,REF_MKT_SMB,0,validacion,1975-12-31,1981-03-31,63,12,USD,1.2424675580406586,0.16633843371918577,0.15471469525485734,0.5724312004332432,0.872584937034209,-0.11990253999999989,1.3872803171574675,0.16524665383133683,-0.4761337405446292,4.239398665786303,0.8925407520576691,1.0,1.0,0.0,0.0,0,0.16633843371918577,0.08075162339801767,0.0029,0.0005,1975-12-31|1981-03-31,c32905ee3493960b,"French CRSP 202607 (3F sha b840dba55d31, Mom sha 7ee14e892b0f, 5F sha b8653b411cc5)","{""comision_por_lado"": 0.0029, ""cortes"": [""1975-12-31"", ""1981-03-31""], ""efectivo_en_mxn"": false, ""exposicion_inicial"": 0.0, ""exposicion_max"": 1.0, ""exposicion_min"": 0.0, ""extras"": [], ""fx"": false, ""max_dias_fx"": 10, ""min_historia"": 1, ""periodos_por_anio"": 12, ""permitir_capturas"": false, ""rebalanceo_con_deriva"": true, ""segmentos"": [""desarrollo"", ""validacion"", ""prueba""], ""senal"": ""senal_comprar_y_mantener"", ""spread_por_lado"": 0.0005, ""usuario"": {""inicio"": ""1936-01-31"", ""serie"": ""Mkt-RF+RF""}, ""variante"": ""REF_MKT_SMB""}",sensibilidad: costos defecto (solo overlay; no incluye la rotacion interna del factor)
2026-09-25T05:56:45.108250Z,R03,d1a1682aca,REF_MKT_SMB,0,prueba,1981-03-31,2026-07-31,544,12,USD,156.80787957991583,0.11811927114667253,0.15450414964746834,0.560218124903768,0.8271293946437288,-0.5031170717166411,0.23477492175657697,0.16172104260904893,-0.6290512147743795,4.994127041685502,0.9998062642506891,1.0,1.0,0.0,0.0,0,0.11811927114667253,0.03812205746060382,0.0029,0.0005,1975-12-31|1981-03-31,c32905ee3493960b,"French CRSP 202607 (3F sha b840dba55d31, Mom sha 7ee14e892b0f, 5F sha b8653b411cc5)","{""comision_por_lado"": 0.0029, ""cortes"": [""1975-12-31"", ""1981-03-31""], ""efectivo_en_mxn"": false, ""exposicion_inicial"": 0.0, ""exposicion_max"": 1.0, ""exposicion_min"": 0.0, ""extras"": [], ""fx"": false, ""max_dias_fx"": 10, ""min_historia"": 1, ""periodos_por_anio"": 12, ""permitir_capturas"": false, ""rebalanceo_con_deriva"": true, ""segmentos"": [""desarrollo"", ""validacion"", ""prueba""], ""senal"": ""senal_comprar_y_mantener"", ""spread_por_lado"": 0.0005, ""usuario"": {""inicio"": ""1936-01-31"", ""serie"": ""Mkt-RF+RF""}, ""variante"": ""REF_MKT_SMB""}",sensibilidad: costos defecto (solo overlay; no incluye la rotacion interna del factor)
2026-09-25T05:56:45.118196Z,R03,fbcd4d1d54,F_HML,0,completo,1963-06-30,2026-07-31,757,12,USD,104.1647537727516,0.0765882920847234,0.10380530091966397,0.3483576913903822,0.543391894334885,-0.5247302663601929,0.1459574508937332,0.10056220344925687,0.09055832506371245,5.143184847681666,0.9971373627264948,1.0,1.0,0.01585148858606024,5.38950611926048e-05,1,0.07664641530843563,0.04438160940497915,0.0029,0.0005,1990-12-31|1992-06-30,871711900fb3f8df,"French CRSP 202607 (3F sha b840dba55d31, Mom sha 7ee14e892b0f, 5F sha b8653b411cc5)","{""comision_por_lado"": 0.0029, ""cortes"": [""1990-12-31"", ""1992-06-30""], ""efectivo_en_mxn"": false, ""exposicion_inicial"": 0.0, ""exposicion_max"": 1.0, ""exposicion_min"": 0.0, ""extras"": [], ""fx"": false, ""max_dias_fx"": 10, ""min_historia"": 1, ""periodos_por_anio"": 12, ""permitir_capturas"": false, ""rebalanceo_con_deriva"": true, ""segmentos"": [""desarrollo"", ""validacion"", ""prueba""], ""senal"": ""senal_comprar_y_mantener"", ""spread_por_lado"": 0.0005, ""usuario"": {""ancla"": ""periodo 0.0 en el fin del mes previo"", ""cortes"": [""1990-12-31"", ""1992-06-30""], ""factor"": ""HML"", ""inicio"": ""1963-07-31""}, ""variante"": ""F_HML""}",sensibilidad: costos defecto (solo overlay; no incluye la rotacion interna del factor)
2026-09-25T05:56:45.118196Z,R03,fbcd4d1d54,F_HML,0,desarrollo,1963-06-30,1990-12-31,330,12,USD,21.465666823823465,0.11979418313029777,0.08953316001791894,0.5737301003044024,0.9195466109103011,-0.1919595816089511,0.624059409414298,0.16562161392646887,-0.04644540229627456,4.204644137246133,0.9984643386797044,1.0,1.0,0.03635775433008163,0.00012361636472227753,1,0.11993285245884655,0.06883334280542375,0.0029,0.0005,1990-12-31|1992-06-30,871711900fb3f8df,"French CRSP 202607 (3F sha b840dba55d31, Mom sha 7ee14e892b0f, 5F sha b8653b411cc5)","{""comision_por_lado"": 0.0029, ""cortes"": [""1990-12-31"", ""1992-06-30""], ""efectivo_en_mxn"": false, ""exposicion_inicial"": 0.0, ""exposicion_max"": 1.0, ""exposicion_min"": 0.0, ""extras"": [], ""fx"": false, ""max_dias_fx"": 10, ""min_historia"": 1, ""periodos_por_anio"": 12, ""permitir_capturas"": false, ""rebalanceo_con_deriva"": true, ""segmentos"": [""desarrollo"", ""validacion"", ""prueba""], ""senal"": ""senal_comprar_y_mantener"", ""spread_por_lado"": 0.0005, ""usuario"": {""ancla"": ""periodo 0.0 en el fin del mes previo"", ""cortes"": [""1990-12-31"", ""1992-06-30""], ""factor"": ""HML"", ""inicio"": ""1963-07-31""}, ""variante"": ""F_HML""}",sensibilidad: costos defecto (solo overlay; no incluye la rotacion interna del factor)
2026-09-25T05:56:45.118196Z,R03,fbcd4d1d54,F_HML,0,validacion,1990-12-31,1992-06-30,18,12,USD,0.20799862702950356,0.13448426833011728,0.09471716410699059,0.849110797219753,1.8437659058155442,-0.06986455387664836,1.9249284632599295,0.2451171736733211,0.4945495752716725,2.4811332230028382,0.8564955566595717,1.0,1.0,0.0,0.0,0,0.13448426833011728,0.05012410939334888,0.0029,0.0005,1990-12-31|1992-06-30,871711900fb3f8df,"French CRSP 202607 (3F sha b840dba55d31, Mom sha 7ee14e892b0f, 5F sha b8653b411cc5)","{""comision_por_lado"": 0.0029, ""cortes"": [""1990-12-31"", ""1992-06-30""], ""efectivo_en_mxn"": false, ""exposicion_inicial"": 0.0, ""exposicion_max"": 1.0, ""exposicion_min"": 0.0, ""extras"": [], ""fx"": false, ""max_dias_fx"": 10, ""min_historia"": 1, ""periodos_por_anio"": 12, ""permitir_capturas"": false, ""rebalanceo_con_deriva"": true, ""segmentos"": [""desarrollo"", ""validacion"", ""prueba""], ""senal"": ""senal_comprar_y_mantener"", ""spread_por_lado"": 0.0005, ""usuario"": {""ancla"": ""periodo 0.0 en el fin del mes previo"", ""cortes"": [""1990-12-31"", ""1992-06-30""], ""factor"": ""HML"", ""inicio"": ""1963-07-31""}, ""variante"": ""F_HML""}",sensibilidad: costos defecto (solo overlay; no incluye la rotacion interna del factor)
2026-09-25T05:56:45.118196Z,R03,fbcd4d1d54,F_HML,0,prueba,1992-06-30,2026-07-31,409,12,USD,2.875113745941851,0.04054314614096821,0.11370257396909222,0.1912745244893277,0.29244174405224815,-0.5247302663601934,0.0772647372186036,0.055216199101515505,0.1720291921436883,5.165179824593542,0.8683992166114234,1.0,1.0,0.0,0.0,0,0.04054314614096821,0.024811233835770663,0.0029,0.0005,1990-12-31|1992-06-30,871711900fb3f8df,"French CRSP 202607 (3F sha b840dba55d31, Mom sha 7ee14e892b0f, 5F sha b8653b411cc5)","{""comision_por_lado"": 0.0029, ""cortes"": [""1990-12-31"", ""1992-06-30""], ""efectivo_en_mxn"": false, ""exposicion_inicial"": 0.0, ""exposicion_max"": 1.0, ""exposicion_min"": 0.0, ""extras"": [], ""fx"": false, ""max_dias_fx"": 10, ""min_historia"": 1, ""periodos_por_anio"": 12, ""permitir_capturas"": false, ""rebalanceo_con_deriva"": true, ""segmentos"": [""desarrollo"", ""validacion"", ""prueba""], ""senal"": ""senal_comprar_y_mantener"", ""spread_por_lado"": 0.0005, ""usuario"": {""ancla"": ""periodo 0.0 en el fin del mes previo"", ""cortes"": [""1990-12-31"", ""1992-06-30""], ""factor"": ""HML"", ""inicio"": ""1963-07-31""}, ""variante"": ""F_HML""}",sensibilidad: costos defecto (solo overlay; no incluye la rotacion interna del factor)
2026-09-25T05:56:45.127597Z,R03,491c5c17bb,REF_MKT_HML,0,completo,1963-06-30,2026-07-31,757,12,USD,662.4374567868231,0.10848476944378094,0.1540648142773287,0.4649407628151521,0.6829924720884558,-0.5031170717166413,0.21562529984051154,0.13421683728427902,-0.48897944245367103,4.710752527328077,0.9998053268097293,1.0,1.0,0.01585148858606024,5.38950611926048e-05,1,0.10854461470562282,0.04438160940497915,0.0029,0.0005,1990-12-31|1992-06-30,fd0810038f894f82,"French CRSP 202607 (3F sha b840dba55d31, Mom sha 7ee14e892b0f, 5F sha b8653b411cc5)","{""comision_por_lado"": 0.0029, ""cortes"": [""1990-12-31"", ""1992-06-30""], ""efectivo_en_mxn"": false, ""exposicion_inicial"": 0.0, ""exposicion_max"": 1.0, ""exposicion_min"": 0.0, ""extras"": [], ""fx"": false, ""max_dias_fx"": 10, ""min_historia"": 1, ""periodos_por_anio"": 12, ""permitir_capturas"": false, ""rebalanceo_con_deriva"": true, ""segmentos"": [""desarrollo"", ""validacion"", ""prueba""], ""senal"": ""senal_comprar_y_mantener"", ""spread_por_lado"": 0.0005, ""usuario"": {""inicio"": ""1963-07-31"", ""serie"": ""Mkt-RF+RF""}, ""variante"": ""REF_MKT_HML""}",sensibilidad: costos defecto (solo overlay; no incluye la rotacion interna del factor)
2026-09-25T05:56:45.127597Z,R03,491c5c17bb,REF_MKT_HML,0,desarrollo,1963-06-30,1990-12-31,330,12,USD,12.772699289494064,0.10004936672271891,0.15823298724901402,0.26128611802079976,0.37698976312860366,-0.46507549984195606,0.21512499961128487,0.07542680528741054,-0.3961718926497885,5.328721783008874,0.9105440188587379,1.0,1.0,0.03635775433008163,0.00012361636472227753,1,0.10018559095870105,0.06883334280542375,0.0029,0.0005,1990-12-31|1992-06-30,fd0810038f894f82,"French CRSP 202607 (3F sha b840dba55d31, Mom sha 7ee14e892b0f, 5F sha b8653b411cc5)","{""comision_por_lado"": 0.0029, ""cortes"": [""1990-12-31"", ""1992-06-30""], ""efectivo_en_mxn"": false, ""exposicion_inicial"": 0.0, ""exposicion_max"": 1.0, ""exposicion_min"": 0.0, ""extras"": [], ""fx"": false, ""max_dias_fx"": 10, ""min_historia"": 1, ""periodos_por_anio"": 12, ""permitir_capturas"": false, ""rebalanceo_con_deriva"": true, ""segmentos"": [""desarrollo"", ""validacion"", ""prueba""], ""senal"": ""senal_comprar_y_mantener"", ""spread_por_lado"": 0.0005, ""usuario"": {""inicio"": ""1963-07-31"", ""serie"": ""Mkt-RF+RF""}, ""variante"": ""REF_MKT_HML""}",sensibilidad: costos defecto (solo overlay; no incluye la rotacion interna del factor)
2026-09-25T05:56:45.127597Z,R03,491c5c17bb,REF_MKT_HML,0,validacion,1990-12-31,1992-06-30,18,12,USD,0.3309036428128864,0.21031050268758378,0.13837101730988519,1.1047410372697806,2.4550208850434934,-0.04520000000000002,4.6528872276014095,0.3189112676262671,0.6084192450202962,3.2053370771765763,0.9216442332671663,1.0,1.0,0.0,0.0,0,0.21031050268758378,0.05012410939334888,0.0029,0.0005,1990-12-31|1992-06-30,fd0810038f894f82,"French CRSP 202607 (3F sha b840dba55d31, Mom sha 7ee14e892b0f, 5F sha b8653b411cc5)","{""comision_por_lado"": 0.0029, ""cortes"": [""1990-12-31"", ""1992-06-30""], ""efectivo_en_mxn"": false, ""exposicion_inicial"": 0.0, ""exposicion_max"": 1.0, ""exposicion_min"": 0.0, ""extras"": [], ""fx"": false, ""max_dias_fx"": 10, ""min_historia"": 1, ""periodos_por_anio"": 12, ""permitir_capturas"": false, ""rebalanceo_con_deriva"": true, ""segmentos"": [""desarrollo"", ""validacion"", ""prueba""], ""senal"": ""senal_comprar_y_mantener"", ""spread_por_lado"": 0.0005, ""usuario"": {""inicio"": ""1963-07-31"", ""serie"": ""Mkt-RF+RF""}, ""variante"": ""REF_MKT_HML""}",sensibilidad: costos defecto (solo overlay; no incluye la rotacion interna del factor)
2026-09-25T05:56:45.127597Z,R03,491c5c17bb,REF_MKT_HML,0,prueba,1992-06-30,2026-07-31,409,12,USD,35.1938105230858,0.11104045421829878,0.15153658562908814,0.6122532986350665,0.9045521624399142,-0.5031170717166413,0.22070500179894006,0.176742303389596,-0.5928776397760431,4.1316691820076485,0.9996096058275561,1.0,1.0,0.0,0.0,0,0.11104045421829878,0.024811233835770663,0.0029,0.0005,1990-12-31|1992-06-30,fd0810038f894f82,"French CRSP 202607 (3F sha b840dba55d31, Mom sha 7ee14e892b0f, 5F sha b8653b411cc5)","{""comision_por_lado"": 0.0029, ""cortes"": [""1990-12-31"", ""1992-06-30""], ""efectivo_en_mxn"": false, ""exposicion_inicial"": 0.0, ""exposicion_max"": 1.0, ""exposicion_min"": 0.0, ""extras"": [], ""fx"": false, ""max_dias_fx"": 10, ""min_historia"": 1, ""periodos_por_anio"": 12, ""permitir_capturas"": false, ""rebalanceo_con_deriva"": true, ""segmentos"": [""desarrollo"", ""validacion"", ""prueba""], ""senal"": ""senal_comprar_y_mantener"", ""spread_por_lado"": 0.0005, ""usuario"": {""inicio"": ""1963-07-31"", ""serie"": ""Mkt-RF+RF""}, ""variante"": ""REF_MKT_HML""}",sensibilidad: costos defecto (solo overlay; no incluye la rotacion interna del factor)
2026-09-25T05:56:45.137037Z,R03,926889feff,F_MOM,0,completo,1964-12-31,2026-07-31,739,12,USD,624.2892410185023,0.11021184992240696,0.14812643378893622,0.49310597586233224,0.6901932940435187,-0.5773885346666299,0.1908798725732242,0.14234743395156532,-1.282701425403365,12.221751049185015,0.9997431305791947,1.0,1.0,0.016239107238129113,5.5212964609638983e-05,1,0.1102732541515683,0.044625227088474606,0.0029,0.0005,1989-12-31|1993-03-31,dce35cee1ca7ba9a,"French CRSP 202607 (3F sha b840dba55d31, Mom sha 7ee14e892b0f, 5F sha b8653b411cc5)","{""comision_por_lado"": 0.0029, ""cortes"": [""1989-12-31"", ""1993-03-31""], ""efectivo_en_mxn"": false, ""exposicion_inicial"": 0.0, ""exposicion_max"": 1.0, ""exposicion_min"": 0.0, ""extras"": [], ""fx"": false, ""max_dias_fx"": 10, ""min_historia"": 1, ""periodos_por_anio"": 12, ""permitir_capturas"": false, ""rebalanceo_con_deriva"": true, ""segmentos"": [""desarrollo"", ""validacion"", ""prueba""], ""senal"": ""senal_comprar_y_mantener"", ""spread_por_lado"": 0.0005, ""usuario"": {""ancla"": ""periodo 0.0 en el fin del mes previo"", ""cortes"": [""1989-12-31"", ""1993-03-31""], ""factor"": ""MOM"", ""inicio"": ""1965-01-31""}, ""variante"": ""F_MOM""}",sensibilidad: costos defecto (solo overlay; no incluye la rotacion interna del factor)
2026-09-25T05:56:45.137037Z,R03,926889feff,F_MOM,0,desarrollo,1964-12-31,1989-12-31,300,12,USD,51.23737794329641,0.17144293171488023,0.12292585865707095,0.8015160633086975,1.226535241572796,-0.16030436980000007,1.0694838320925182,0.23137775745554284,-0.5336942454924654,5.2292302276079745,0.9998847403912758,1.0,1.0,0.04000109517029898,0.00013600372357901652,1,0.17160253464760244,0.07055656847455372,0.0029,0.0005,1989-12-31|1993-03-31,dce35cee1ca7ba9a,"French CRSP 202607 (3F sha b840dba55d31, Mom sha 7ee14e892b0f, 5F sha b8653b411cc5)","{""comision_por_lado"": 0.0029, ""cortes"": [""1989-12-31"", ""1993-03-31""], ""efectivo_en_mxn"": false, ""exposicion_inicial"": 0.0, ""exposicion_max"": 1.0, ""exposicion_min"": 0.0, ""extras"": [], ""fx"": false, ""max_dias_fx"": 10, ""min_historia"": 1, ""periodos_por_anio"": 12, ""permitir_capturas"": false, ""rebalanceo_con_deriva"": true, ""segmentos"": [""desarrollo"", ""validacion"", ""prueba""], ""senal"": ""senal_comprar_y_mantener"", ""spread_por_lado"": 0.0005, ""usuario"": {""ancla"": ""periodo 0.0 en el fin del mes previo"", ""cortes"": [""1989-12-31"", ""1993-03-31""], ""factor"": ""MOM"", ""inicio"": ""1965-01-31""}, ""variante"": ""F_MOM""}",sensibilidad: costos defecto (solo overlay; no incluye la rotacion interna del factor)
2026-09-25T05:56:45.137037Z,R03,926889feff,F_MOM,0,validacion,1989-12-31,1993-03-31,39,12,USD,0.8262627299164584,0.20379657207745172,0.11315798350434329,1.2419044209907575,2.269573651163579,-0.13766266589660558,1.4804055315223765,0.3585069258834001,-0.2269184404976001,3.006279278046437,0.9805186130323,1.0,1.0,0.0,0.0,0,0.20379657207745172,0.05419639713938906,0.0029,0.0005,1989-12-31|1993-03-31,dce35cee1ca7ba9a,"French CRSP 202607 (3F sha b840dba55d31, Mom sha 7ee14e892b0f, 5F sha b8653b411cc5)","{""comision_por_lado"": 0.0029, ""cortes"": [""1989-12-31"", ""1993-03-31""], ""efectivo_en_mxn"": false, ""exposicion_inicial"": 0.0, ""exposicion_max"": 1.0, ""exposicion_min"": 0.0, ""extras"": [], ""fx"": false, ""max_dias_fx"": 10, ""min_historia"": 1, ""periodos_por_anio"": 12, ""permitir_capturas"": false, ""rebalanceo_con_deriva"": true, ""segmentos"": [""desarrollo"", ""validacion"", ""prueba""], ""senal"": ""senal_comprar_y_mantener"", ""spread_por_lado"": 0.0005, ""usuario"": {""ancla"": ""periodo 0.0 en el fin del mes previo"", ""cortes"": [""1989-12-31"", ""1993-03-31""], ""factor"": ""MOM"", ""inicio"": ""1965-01-31""}, ""variante"": ""F_MOM""}",sensibilidad: costos defecto (solo overlay; no incluye la rotacion interna del factor)
2026-09-25T05:56:45.137037Z,R03,926889feff,F_MOM,0,prueba,1993-03-31,2026-07-31,400,12,USD,5.554451142141734,0.058025390230886265,0.16631898511301274,0.2817070586330031,0.3780573490482103,-0.5773885346666299,0.10049626334265317,0.08132182306719102,-1.431716332690314,12.621309086174437,0.9362840321018018,1.0,1.0,0.0,0.0,0,0.058025390230886265,0.024679485423620307,0.0029,0.0005,1989-12-31|1993-03-31,dce35cee1ca7ba9a,"French CRSP 202607 (3F sha b840dba55d31, Mom sha 7ee14e892b0f, 5F sha b8653b411cc5)","{""comision_por_lado"": 0.0029, ""cortes"": [""1989-12-31"", ""1993-03-31""], ""efectivo_en_mxn"": false, ""exposicion_inicial"": 0.0, ""exposicion_max"": 1.0, ""exposicion_min"": 0.0, ""extras"": [], ""fx"": false, ""max_dias_fx"": 10, ""min_historia"": 1, ""periodos_por_anio"": 12, ""permitir_capturas"": false, ""rebalanceo_con_deriva"": true, ""segmentos"": [""desarrollo"", ""validacion"", ""prueba""], ""senal"": ""senal_comprar_y_mantener"", ""spread_por_lado"": 0.0005, ""usuario"": {""ancla"": ""periodo 0.0 en el fin del mes previo"", ""cortes"": [""1989-12-31"", ""1993-03-31""], ""factor"": ""MOM"", ""inicio"": ""1965-01-31""}, ""variante"": ""F_MOM""}",sensibilidad: costos defecto (solo overlay; no incluye la rotacion interna del factor)
2026-09-25T05:56:45.146363Z,R03,4fe4217955,REF_MKT_MOM,0,completo,1964-12-31,2026-07-31,739,12,USD,526.3014255510084,0.10714322585058622,0.15566658398300842,0.45240595102465647,0.6637138704564992,-0.5031170717166414,0.21295883577357505,0.13059834880353705,-0.48040313566887655,4.6246938183335535,0.9996831685581475,1.0,1.0,0.016239107238129113,5.5212964609638983e-05,1,0.10720446035854003,0.044625227088474606,0.0029,0.0005,1989-12-31|1993-03-31,621672657cd6055e,"French CRSP 202607 (3F sha b840dba55d31, Mom sha 7ee14e892b0f, 5F sha b8653b411cc5)","{""comision_por_lado"": 0.0029, ""cortes"": [""1989-12-31"", ""1993-03-31""], ""efectivo_en_mxn"": false, ""exposicion_inicial"": 0.0, ""exposicion_max"": 1.0, ""exposicion_min"": 0.0, ""extras"": [], ""fx"": false, ""max_dias_fx"": 10, ""min_historia"": 1, ""periodos_por_anio"": 12, ""permitir_capturas"": false, ""rebalanceo_con_deriva"": true, ""segmentos"": [""desarrollo"", ""validacion"", ""prueba""], ""senal"": ""senal_comprar_y_mantener"", ""spread_por_lado"": 0.0005, ""usuario"": {""inicio"": ""1965-01-31"", ""serie"": ""Mkt-RF+RF""}, ""variante"": ""REF_MKT_MOM""}",sensibilidad: costos defecto (solo overlay; no incluye la rotacion interna del factor)
2026-09-25T05:56:45.146363Z,R03,4fe4217955,REF_MKT_MOM,0,desarrollo,1964-12-31,1989-12-31,300,12,USD,10.64825949295093,0.10319328382927084,0.16105361632568163,0.26729972721738887,0.387517468758027,-0.46507549984195595,0.22188501407693687,0.0771627847316365,-0.38565404466384773,5.302457644492313,0.9050338245673912,1.0,1.0,0.04000109517029898,0.00013600372357901652,1,0.10334358810674926,0.07055656847455372,0.0029,0.0005,1989-12-31|1993-03-31,621672657cd6055e,"French CRSP 202607 (3F sha b840dba55d31, Mom sha 7ee14e892b0f, 5F sha b8653b411cc5)","{""comision_por_lado"": 0.0029, ""cortes"": [""1989-12-31"", ""1993-03-31""], ""efectivo_en_mxn"": false, ""exposicion_inicial"": 0.0, ""exposicion_max"": 1.0, ""exposicion_min"": 0.0, ""extras"": [], ""fx"": false, ""max_dias_fx"": 10, ""min_historia"": 1, ""periodos_por_anio"": 12, ""permitir_capturas"": false, ""rebalanceo_con_deriva"": true, ""segmentos"": [""desarrollo"", ""validacion"", ""prueba""], ""senal"": ""senal_comprar_y_mantener"", ""spread_por_lado"": 0.0005, ""usuario"": {""inicio"": ""1965-01-31"", ""serie"": ""Mkt-RF+RF""}, ""variante"": ""REF_MKT_MOM""}",sensibilidad: costos defecto (solo overlay; no incluye la rotacion interna del factor)
2026-09-25T05:56:45.146363Z,R03,4fe4217955,REF_MKT_MOM,0,validacion,1989-12-31,1993-03-31,39,12,USD,0.44804829358171805,0.12076878481463571,0.14508965314381558,0.4922607753720375,0.7686276134617642,-0.16924286745793238,0.7135827147614031,0.1421034455862699,-0.11334252376196945,3.5205808435253436,0.8061025739705427,1.0,1.0,0.0,0.0,0,0.12076878481463571,0.05419639713938906,0.0029,0.0005,1989-12-31|1993-03-31,621672657cd6055e,"French CRSP 202607 (3F sha b840dba55d31, Mom sha 7ee14e892b0f, 5F sha b8653b411cc5)","{""comision_por_lado"": 0.0029, ""cortes"": [""1989-12-31"", ""1993-03-31""], ""efectivo_en_mxn"": false, ""exposicion_inicial"": 0.0, ""exposicion_max"": 1.0, ""exposicion_min"": 0.0, ""extras"": [], ""fx"": false, ""max_dias_fx"": 10, ""min_historia"": 1, ""periodos_por_anio"": 12, ""permitir_capturas"": false, ""rebalanceo_con_deriva"": true, ""segmentos"": [""desarrollo"", ""validacion"", ""prueba""], ""senal"": ""senal_comprar_y_mantener"", ""spread_por_lado"": 0.0005, ""usuario"": {""inicio"": ""1965-01-31"", ""serie"": ""Mkt-RF+RF""}, ""variante"": ""REF_MKT_MOM""}",sensibilidad: costos defecto (solo overlay; no incluye la rotacion interna del factor)
2026-09-25T05:56:45.146363Z,R03,4fe4217955,REF_MKT_MOM,0,prueba,1993-03-31,2026-07-31,400,12,USD,30.26186348285444,0.10879292434206467,0.15289376722791173,0.595623038043881,0.878780273354136,-0.5031170717166411,0.2162377912776086,0.1719415606750887,-0.5816000599805892,4.066564877686963,0.9994054251919228,1.0,1.0,0.0,0.0,0,0.10879292434206467,0.024679485423620307,0.0029,0.0005,1989-12-31|1993-03-31,621672657cd6055e,"French CRSP 202607 (3F sha b840dba55d31, Mom sha 7ee14e892b0f, 5F sha b8653b411cc5)","{""comision_por_lado"": 0.0029, ""cortes"": [""1989-12-31"", ""1993-03-31""], ""efectivo_en_mxn"": false, ""exposicion_inicial"": 0.0, ""exposicion_max"": 1.0, ""exposicion_min"": 0.0, ""extras"": [], ""fx"": false, ""max_dias_fx"": 10, ""min_historia"": 1, ""periodos_por_anio"": 12, ""permitir_capturas"": false, ""rebalanceo_con_deriva"": true, ""segmentos"": [""desarrollo"", ""validacion"", ""prueba""], ""senal"": ""senal_comprar_y_mantener"", ""spread_por_lado"": 0.0005, ""usuario"": {""inicio"": ""1965-01-31"", ""serie"": ""Mkt-RF+RF""}, ""variante"": ""REF_MKT_MOM""}",sensibilidad: costos defecto (solo overlay; no incluye la rotacion interna del factor)
2026-09-25T05:56:45.156160Z,R03,c2b5cf10cf,F_RMW,0,completo,1963-06-30,2026-07-31,757,12,USD,86.96946431146009,0.07354574679130521,0.07952141805019984,0.38945676792111683,0.5967717885064261,-0.37489077723610253,0.1961791307151491,0.1124264848984892,-0.23664259713916952,13.38834090836651,0.9986248194994645,1.0,1.0,0.01585148858606024,5.38950611926048e-05,1,0.07360370575302211,0.04438160940497915,0.0029,0.0005,2013-12-31|2015-04-30,f3af8b53d8ba66ed,"French CRSP 202607 (3F sha b840dba55d31, Mom sha 7ee14e892b0f, 5F sha b8653b411cc5)","{""comision_por_lado"": 0.0029, ""cortes"": [""2013-12-31"", ""2015-04-30""], ""efectivo_en_mxn"": false, ""exposicion_inicial"": 0.0, ""exposicion_max"": 1.0, ""exposicion_min"": 0.0, ""extras"": [], ""fx"": false, ""max_dias_fx"": 10, ""min_historia"": 1, ""periodos_por_anio"": 12, ""permitir_capturas"": false, ""rebalanceo_con_deriva"": true, ""segmentos"": [""desarrollo"", ""validacion"", ""prueba""], ""senal"": ""senal_comprar_y_mantener"", ""spread_por_lado"": 0.0005, ""usuario"": {""ancla"": ""periodo 0.0 en el fin del mes previo"", ""cortes"": [""2013-12-31"", ""2015-04-30""], ""factor"": ""RMW"", ""inicio"": ""1963-07-31""}, ""variante"": ""F_RMW""}",sensibilidad: costos defecto (solo overlay; no incluye la rotacion interna del factor)
2026-09-25T05:56:45.156160Z,R03,c2b5cf10cf,F_RMW,0,desarrollo,1963-06-30,2013-12-31,606,12,USD,51.96663738419374,0.08177064318416516,0.07836340660542095,0.4121573563468757,0.6268174499767312,-0.37489077723610253,0.2181185778615909,0.11897958031767661,-0.45660134220164134,15.79727102939012,0.9972976365887234,1.0,1.0,0.01979996747438608,6.731988941291266e-05,1,0.08184359440721622,0.050950534824715454,0.0029,0.0005,2013-12-31|2015-04-30,f3af8b53d8ba66ed,"French CRSP 202607 (3F sha b840dba55d31, Mom sha 7ee14e892b0f, 5F sha b8653b411cc5)","{""comision_por_lado"": 0.0029, ""cortes"": [""2013-12-31"", ""2015-04-30""], ""efectivo_en_mxn"": false, ""exposicion_inicial"": 0.0, ""exposicion_max"": 1.0, ""exposicion_min"": 0.0, ""extras"": [], ""fx"": false, ""max_dias_fx"": 10, ""min_historia"": 1, ""periodos_por_anio"": 12, ""permitir_capturas"": false, ""rebalanceo_con_deriva"": true, ""segmentos"": [""desarrollo"", ""validacion"", ""prueba""], ""senal"": ""senal_comprar_y_mantener"", ""spread_por_lado"": 0.0005, ""usuario"": {""ancla"": ""periodo 0.0 en el fin del mes previo"", ""cortes"": [""2013-12-31"", ""2015-04-30""], ""factor"": ""RMW"", ""inicio"": ""1963-07-31""}, ""variante"": ""F_RMW""}",sensibilidad: costos defecto (solo overlay; no incluye la rotacion interna del factor)
2026-09-25T05:56:45.156160Z,R03,c2b5cf10cf,F_RMW,0,validacion,2013-12-31,2015-04-30,16,12,USD,0.011921846917991807,0.008965107769165481,0.05983433378922172,0.17673799189028375,0.26067404097918984,-0.04150224999999996,0.21601498157727567,0.05101986359694461,-0.3108855883564137,3.35785903557796,0.577656757751581,1.0,1.0,0.0,0.0,0,0.008965107769165481,0.0,0.0029,0.0005,2013-12-31|2015-04-30,f3af8b53d8ba66ed,"French CRSP 202607 (3F sha b840dba55d31, Mom sha 7ee14e892b0f, 5F sha b8653b411cc5)","{""comision_por_lado"": 0.0029, ""cortes"": [""2013-12-31"", ""2015-04-30""], ""efectivo_en_mxn"": false, ""exposicion_inicial"": 0.0, ""exposicion_max"": 1.0, ""exposicion_min"": 0.0, ""extras"": [], ""fx"": false, ""max_dias_fx"": 10, ""min_historia"": 1, ""periodos_por_anio"": 12, ""permitir_capturas"": false, ""rebalanceo_con_deriva"": true, ""segmentos"": [""desarrollo"", ""validacion"", ""prueba""], ""senal"": ""senal_comprar_y_mantener"", ""spread_por_lado"": 0.0005, ""usuario"": {""ancla"": ""periodo 0.0 en el fin del mes previo"", ""cortes"": [""2013-12-31"", ""2015-04-30""], ""factor"": ""RMW"", ""inicio"": ""1963-07-31""}, ""variante"": ""F_RMW""}",sensibilidad: costos defecto (solo overlay; no incluye la rotacion interna del factor)
2026-09-25T05:56:45.156160Z,R03,c2b5cf10cf,F_RMW,0,prueba,2015-04-30,2026-07-31,135,12,USD,0.6412796045119622,0.04501608886157382,0.08619223045252643,0.31597707868449665,0.5020102113133955,-0.2051387745480866,0.2194421262423092,0.09121472571812286,0.495775315852727,5.876934727959172,0.8587919948701834,1.0,1.0,0.0,0.0,0,0.04501608886157382,0.02061683518637003,0.0029,0.0005,2013-12-31|2015-04-30,f3af8b53d8ba66ed,"French CRSP 202607 (3F sha b840dba55d31, Mom sha 7ee14e892b0f, 5F sha b8653b411cc5)","{""comision_por_lado"": 0.0029, ""cortes"": [""2013-12-31"", ""2015-04-30""], ""efectivo_en_mxn"": false, ""exposicion_inicial"": 0.0, ""exposicion_max"": 1.0, ""exposicion_min"": 0.0, ""extras"": [], ""fx"": false, ""max_dias_fx"": 10, ""min_historia"": 1, ""periodos_por_anio"": 12, ""permitir_capturas"": false, ""rebalanceo_con_deriva"": true, ""segmentos"": [""desarrollo"", ""validacion"", ""prueba""], ""senal"": ""senal_comprar_y_mantener"", ""spread_por_lado"": 0.0005, ""usuario"": {""ancla"": ""periodo 0.0 en el fin del mes previo"", ""cortes"": [""2013-12-31"", ""2015-04-30""], ""factor"": ""RMW"", ""inicio"": ""1963-07-31""}, ""variante"": ""F_RMW""}",sensibilidad: costos defecto (solo overlay; no incluye la rotacion interna del factor)
2026-09-25T05:56:45.166388Z,R03,2e2a1e7a5d,REF_MKT_RMW,0,completo,1963-06-30,2026-07-31,757,12,USD,662.4374567868231,0.10848476944378094,0.1540648142773287,0.4649407628151521,0.6829924720884558,-0.5031170717166413,0.21562529984051154,0.13421683728427902,-0.48897944245367103,4.710752527328077,0.9998053268097293,1.0,1.0,0.01585148858606024,5.38950611926048e-05,1,0.10854461470562282,0.04438160940497915,0.0029,0.0005,2013-12-31|2015-04-30,fd0810038f894f82,"French CRSP 202607 (3F sha b840dba55d31, Mom sha 7ee14e892b0f, 5F sha b8653b411cc5)","{""comision_por_lado"": 0.0029, ""cortes"": [""2013-12-31"", ""2015-04-30""], ""efectivo_en_mxn"": false, ""exposicion_inicial"": 0.0, ""exposicion_max"": 1.0, ""exposicion_min"": 0.0, ""extras"": [], ""fx"": false, ""max_dias_fx"": 10, ""min_historia"": 1, ""periodos_por_anio"": 12, ""permitir_capturas"": false, ""rebalanceo_con_deriva"": true, ""segmentos"": [""desarrollo"", ""validacion"", ""prueba""], ""senal"": ""senal_comprar_y_mantener"", ""spread_por_lado"": 0.0005, ""usuario"": {""inicio"": ""1963-07-31"", ""serie"": ""Mkt-RF+RF""}, ""variante"": ""REF_MKT_RMW""}",sensibilidad: costos defecto (solo overlay; no incluye la rotacion interna del factor)
2026-09-25T05:56:45.166388Z,R03,2e2a1e7a5d,REF_MKT_RMW,0,desarrollo,1963-06-30,2013-12-31,606,12,USD,135.92066957026267,0.10230560823351564,0.15486822322584878,0.38668019900948697,0.5580821954956271,-0.5031170717166413,0.20334354364968715,0.1116249584942127,-0.5307175712245924,4.8955682199319295,0.99600600549131,1.0,1.0,0.01979996747438608,6.731988941291266e-05,1,0.10237994427027486,0.050950534824715454,0.0029,0.0005,2013-12-31|2015-04-30,fd0810038f894f82,"French CRSP 202607 (3F sha b840dba55d31, Mom sha 7ee14e892b0f, 5F sha b8653b411cc5)","{""comision_por_lado"": 0.0029, ""cortes"": [""2013-12-31"", ""2015-04-30""], ""efectivo_en_mxn"": false, ""exposicion_inicial"": 0.0, ""exposicion_max"": 1.0, ""exposicion_min"": 0.0, ""extras"": [], ""fx"": false, ""max_dias_fx"": 10, ""min_historia"": 1, ""periodos_por_anio"": 12, ""permitir_capturas"": false, ""rebalanceo_con_deriva"": true, ""segmentos"": [""desarrollo"", ""validacion"", ""prueba""], ""senal"": ""senal_comprar_y_mantener"", ""spread_por_lado"": 0.0005, ""usuario"": {""inicio"": ""1963-07-31"", ""serie"": ""Mkt-RF+RF""}, ""variante"": ""REF_MKT_RMW""}",sensibilidad: costos defecto (solo overlay; no incluye la rotacion interna del factor)
2026-09-25T05:56:45.166388Z,R03,2e2a1e7a5d,REF_MKT_RMW,0,validacion,2013-12-31,2015-04-30,16,12,USD,0.1431040250968072,0.10597156739104574,0.09765087813225234,1.0767952322721697,2.2218765579580007,-0.03320000000000001,3.191914680453184,0.3108440086072214,0.1815870121326212,2.0658317776173574,0.8892991699743409,1.0,1.0,0.0,0.0,0,0.10597156739104574,0.0,0.0029,0.0005,2013-12-31|2015-04-30,fd0810038f894f82,"French CRSP 202607 (3F sha b840dba55d31, Mom sha 7ee14e892b0f, 5F sha b8653b411cc5)","{""comision_por_lado"": 0.0029, ""cortes"": [""2013-12-31"", ""2015-04-30""], ""efectivo_en_mxn"": false, ""exposicion_inicial"": 0.0, ""exposicion_max"": 1.0, ""exposicion_min"": 0.0, ""extras"": [], ""fx"": false, ""max_dias_fx"": 10, ""min_historia"": 1, ""periodos_por_anio"": 12, ""permitir_capturas"": false, ""rebalanceo_con_deriva"": true, ""segmentos"": [""desarrollo"", ""validacion"", ""prueba""], ""senal"": ""senal_comprar_y_mantener"", ""spread_por_lado"": 0.0005, ""usuario"": {""inicio"": ""1963-07-31"", ""serie"": ""Mkt-RF+RF""}, ""variante"": ""REF_MKT_RMW""}",sensibilidad: costos defecto (solo overlay; no incluye la rotacion interna del factor)
2026-09-25T05:56:45.166388Z,R03,2e2a1e7a5d,REF_MKT_RMW,0,prueba,2015-04-30,2026-07-31,135,12,USD,3.238822386472143,0.13695274026838078,0.15649529452126298,0.7725103215549586,1.2209888573864625,-0.24844932247034712,0.5512300814775872,0.22300452105075985,-0.30869233570874094,3.663319073553175,0.9930366432630752,1.0,1.0,0.0,0.0,0,0.13695274026838078,0.02061683518637003,0.0029,0.0005,2013-12-31|2015-04-30,fd0810038f894f82,"French CRSP 202607 (3F sha b840dba55d31, Mom sha 7ee14e892b0f, 5F sha b8653b411cc5)","{""comision_por_lado"": 0.0029, ""cortes"": [""2013-12-31"", ""2015-04-30""], ""efectivo_en_mxn"": false, ""exposicion_inicial"": 0.0, ""exposicion_max"": 1.0, ""exposicion_min"": 0.0, ""extras"": [], ""fx"": false, ""max_dias_fx"": 10, ""min_historia"": 1, ""periodos_por_anio"": 12, ""permitir_capturas"": false, ""rebalanceo_con_deriva"": true, ""segmentos"": [""desarrollo"", ""validacion"", ""prueba""], ""senal"": ""senal_comprar_y_mantener"", ""spread_por_lado"": 0.0005, ""usuario"": {""inicio"": ""1963-07-31"", ""serie"": ""Mkt-RF+RF""}, ""variante"": ""REF_MKT_RMW""}",sensibilidad: costos defecto (solo overlay; no incluye la rotacion interna del factor)
2026-09-25T05:56:45.175527Z,R03,67478533be,F_CMA,0,completo,1963-06-30,2026-07-31,757,12,USD,83.0639815141264,0.07277324273713859,0.07282755563022225,0.4112599327901997,0.6691528683434026,-0.20959621242835158,0.3472068597709771,0.1187205164516646,0.26106676401476103,4.317723598972713,0.9995100658217106,1.0,1.0,0.01585148858606024,5.38950611926048e-05,1,0.07283115999263767,0.04438160940497915,0.0029,0.0005,2013-12-31|2015-04-30,5f363febd238a56d,"French CRSP 202607 (3F sha b840dba55d31, Mom sha 7ee14e892b0f, 5F sha b8653b411cc5)","{""comision_por_lado"": 0.0029, ""cortes"": [""2013-12-31"", ""2015-04-30""], ""efectivo_en_mxn"": false, ""exposicion_inicial"": 0.0, ""exposicion_max"": 1.0, ""exposicion_min"": 0.0, ""extras"": [], ""fx"": false, ""max_dias_fx"": 10, ""min_historia"": 1, ""periodos_por_anio"": 12, ""permitir_capturas"": false, ""rebalanceo_con_deriva"": true, ""segmentos"": [""desarrollo"", ""validacion"", ""prueba""], ""senal"": ""senal_comprar_y_mantener"", ""spread_por_lado"": 0.0005, ""usuario"": {""ancla"": ""periodo 0.0 en el fin del mes previo"", ""cortes"": [""2013-12-31"", ""2015-04-30""], ""factor"": ""CMA"", ""inicio"": ""1963-07-31""}, ""variante"": ""F_CMA""}",sensibilidad: costos defecto (solo overlay; no incluye la rotacion interna del factor)
2026-09-25T05:56:45.175527Z,R03,67478533be,F_CMA,0,desarrollo,1963-06-30,2013-12-31,606,12,USD,75.76335024205692,0.08974776332626688,0.0702617849558126,0.5607082504764423,0.9435045456714383,-0.13929215680235352,0.6443131141519555,0.16186252967470907,0.26210802018997464,4.404191297887984,0.9999711439890306,1.0,1.0,0.01979996747438608,6.731988941291266e-05,1,0.08982125250130846,0.050950534824715454,0.0029,0.0005,2013-12-31|2015-04-30,5f363febd238a56d,"French CRSP 202607 (3F sha b840dba55d31, Mom sha 7ee14e892b0f, 5F sha b8653b411cc5)","{""comision_por_lado"": 0.0029, ""cortes"": [""2013-12-31"", ""2015-04-30""], ""efectivo_en_mxn"": false, ""exposicion_inicial"": 0.0, ""exposicion_max"": 1.0, ""exposicion_min"": 0.0, ""extras"": [], ""fx"": false, ""max_dias_fx"": 10, ""min_historia"": 1, ""periodos_por_anio"": 12, ""permitir_capturas"": false, ""rebalanceo_con_deriva"": true, ""segmentos"": [""desarrollo"", ""validacion"", ""prueba""], ""senal"": ""senal_comprar_y_mantener"", ""spread_por_lado"": 0.0005, ""usuario"": {""ancla"": ""periodo 0.0 en el fin del mes previo"", ""cortes"": [""2013-12-31"", ""2015-04-30""], ""factor"": ""CMA"", ""inicio"": ""1963-07-31""}, ""variante"": ""F_CMA""}",sensibilidad: costos defecto (solo overlay; no incluye la rotacion interna del factor)
2026-09-25T05:56:45.175527Z,R03,67478533be,F_CMA,0,validacion,2013-12-31,2015-04-30,16,12,USD,-0.06154263104819413,-0.04670877409592178,0.037758912855112764,-1.241428750342129,-1.417626020533084,-0.06840623277382063,-0.6828145945466746,-0.3583696115948845,0.43336788733574044,2.4298687961593246,0.10268728339570232,1.0,1.0,0.0,0.0,0,-0.04670877409592178,0.0,0.0029,0.0005,2013-12-31|2015-04-30,5f363febd238a56d,"French CRSP 202607 (3F sha b840dba55d31, Mom sha 7ee14e892b0f, 5F sha b8653b411cc5)","{""comision_por_lado"": 0.0029, ""cortes"": [""2013-12-31"", ""2015-04-30""], ""efectivo_en_mxn"": false, ""exposicion_inicial"": 0.0, ""exposicion_max"": 1.0, ""exposicion_min"": 0.0, ""extras"": [], ""fx"": false, ""max_dias_fx"": 10, ""min_historia"": 1, ""periodos_por_anio"": 12, ""permitir_capturas"": false, ""rebalanceo_con_deriva"": true, ""segmentos"": [""desarrollo"", ""validacion"", ""prueba""], ""senal"": ""senal_comprar_y_mantener"", ""spread_por_lado"": 0.0005, ""usuario"": {""ancla"": ""periodo 0.0 en el fin del mes previo"", ""cortes"": [""2013-12-31"", ""2015-04-30""], ""factor"": ""CMA"", ""inicio"": ""1963-07-31""}, ""variante"": ""F_CMA""}",sensibilidad: costos defecto (solo overlay; no incluye la rotacion interna del factor)
2026-09-25T05:56:45.175527Z,R03,67478533be,F_CMA,0,prueba,2015-04-30,2026-07-31,135,12,USD,0.16692108205997847,0.013813065502857214,0.08352943318947653,-0.038904397608419614,-0.058013372684659066,-0.1744806664266665,0.079166739706733,-0.01123073221594065,0.31632135777963966,3.756963989568631,0.44837451804706385,1.0,1.0,0.0,0.0,0,0.013813065502857214,0.02061683518637003,0.0029,0.0005,2013-12-31|2015-04-30,5f363febd238a56d,"French CRSP 202607 (3F sha b840dba55d31, Mom sha 7ee14e892b0f, 5F sha b8653b411cc5)","{""comision_por_lado"": 0.0029, ""cortes"": [""2013-12-31"", ""2015-04-30""], ""efectivo_en_mxn"": false, ""exposicion_inicial"": 0.0, ""exposicion_max"": 1.0, ""exposicion_min"": 0.0, ""extras"": [], ""fx"": false, ""max_dias_fx"": 10, ""min_historia"": 1, ""periodos_por_anio"": 12, ""permitir_capturas"": false, ""rebalanceo_con_deriva"": true, ""segmentos"": [""desarrollo"", ""validacion"", ""prueba""], ""senal"": ""senal_comprar_y_mantener"", ""spread_por_lado"": 0.0005, ""usuario"": {""ancla"": ""periodo 0.0 en el fin del mes previo"", ""cortes"": [""2013-12-31"", ""2015-04-30""], ""factor"": ""CMA"", ""inicio"": ""1963-07-31""}, ""variante"": ""F_CMA""}",sensibilidad: costos defecto (solo overlay; no incluye la rotacion interna del factor)
2026-09-25T05:56:45.185400Z,R03,c42875d6cc,REF_MKT_CMA,0,completo,1963-06-30,2026-07-31,757,12,USD,662.4374567868231,0.10848476944378094,0.1540648142773287,0.4649407628151521,0.6829924720884558,-0.5031170717166413,0.21562529984051154,0.13421683728427902,-0.48897944245367103,4.710752527328077,0.9998053268097293,1.0,1.0,0.01585148858606024,5.38950611926048e-05,1,0.10854461470562282,0.04438160940497915,0.0029,0.0005,2013-12-31|2015-04-30,fd0810038f894f82,"French CRSP 202607 (3F sha b840dba55d31, Mom sha 7ee14e892b0f, 5F sha b8653b411cc5)","{""comision_por_lado"": 0.0029, ""cortes"": [""2013-12-31"", ""2015-04-30""], ""efectivo_en_mxn"": false, ""exposicion_inicial"": 0.0, ""exposicion_max"": 1.0, ""exposicion_min"": 0.0, ""extras"": [], ""fx"": false, ""max_dias_fx"": 10, ""min_historia"": 1, ""periodos_por_anio"": 12, ""permitir_capturas"": false, ""rebalanceo_con_deriva"": true, ""segmentos"": [""desarrollo"", ""validacion"", ""prueba""], ""senal"": ""senal_comprar_y_mantener"", ""spread_por_lado"": 0.0005, ""usuario"": {""inicio"": ""1963-07-31"", ""serie"": ""Mkt-RF+RF""}, ""variante"": ""REF_MKT_CMA""}",sensibilidad: costos defecto (solo overlay; no incluye la rotacion interna del factor)
2026-09-25T05:56:45.185400Z,R03,c42875d6cc,REF_MKT_CMA,0,desarrollo,1963-06-30,2013-12-31,606,12,USD,135.92066957026267,0.10230560823351564,0.15486822322584878,0.38668019900948697,0.5580821954956271,-0.5031170717166413,0.20334354364968715,0.1116249584942127,-0.5307175712245924,4.8955682199319295,0.99600600549131,1.0,1.0,0.01979996747438608,6.731988941291266e-05,1,0.10237994427027486,0.050950534824715454,0.0029,0.0005,2013-12-31|2015-04-30,fd0810038f894f82,"French CRSP 202607 (3F sha b840dba55d31, Mom sha 7ee14e892b0f, 5F sha b8653b411cc5)","{""comision_por_lado"": 0.0029, ""cortes"": [""2013-12-31"", ""2015-04-30""], ""efectivo_en_mxn"": false, ""exposicion_inicial"": 0.0, ""exposicion_max"": 1.0, ""exposicion_min"": 0.0, ""extras"": [], ""fx"": false, ""max_dias_fx"": 10, ""min_historia"": 1, ""periodos_por_anio"": 12, ""permitir_capturas"": false, ""rebalanceo_con_deriva"": true, ""segmentos"": [""desarrollo"", ""validacion"", ""prueba""], ""senal"": ""senal_comprar_y_mantener"", ""spread_por_lado"": 0.0005, ""usuario"": {""inicio"": ""1963-07-31"", ""serie"": ""Mkt-RF+RF""}, ""variante"": ""REF_MKT_CMA""}",sensibilidad: costos defecto (solo overlay; no incluye la rotacion interna del factor)
2026-09-25T05:56:45.185400Z,R03,c42875d6cc,REF_MKT_CMA,0,validacion,2013-12-31,2015-04-30,16,12,USD,0.1431040250968072,0.10597156739104574,0.09765087813225234,1.0767952322721697,2.2218765579580007,-0.03320000000000001,3.191914680453184,0.3108440086072214,0.1815870121326212,2.0658317776173574,0.8892991699743409,1.0,1.0,0.0,0.0,0,0.10597156739104574,0.0,0.0029,0.0005,2013-12-31|2015-04-30,fd0810038f894f82,"French CRSP 202607 (3F sha b840dba55d31, Mom sha 7ee14e892b0f, 5F sha b8653b411cc5)","{""comision_por_lado"": 0.0029, ""cortes"": [""2013-12-31"", ""2015-04-30""], ""efectivo_en_mxn"": false, ""exposicion_inicial"": 0.0, ""exposicion_max"": 1.0, ""exposicion_min"": 0.0, ""extras"": [], ""fx"": false, ""max_dias_fx"": 10, ""min_historia"": 1, ""periodos_por_anio"": 12, ""permitir_capturas"": false, ""rebalanceo_con_deriva"": true, ""segmentos"": [""desarrollo"", ""validacion"", ""prueba""], ""senal"": ""senal_comprar_y_mantener"", ""spread_por_lado"": 0.0005, ""usuario"": {""inicio"": ""1963-07-31"", ""serie"": ""Mkt-RF+RF""}, ""variante"": ""REF_MKT_CMA""}",sensibilidad: costos defecto (solo overlay; no incluye la rotacion interna del factor)
2026-09-25T05:56:45.185400Z,R03,c42875d6cc,REF_MKT_CMA,0,prueba,2015-04-30,2026-07-31,135,12,USD,3.238822386472143,0.13695274026838078,0.15649529452126298,0.7725103215549586,1.2209888573864625,-0.24844932247034712,0.5512300814775872,0.22300452105075985,-0.30869233570874094,3.663319073553175,0.9930366432630752,1.0,1.0,0.0,0.0,0,0.13695274026838078,0.02061683518637003,0.0029,0.0005,2013-12-31|2015-04-30,fd0810038f894f82,"French CRSP 202607 (3F sha b840dba55d31, Mom sha 7ee14e892b0f, 5F sha b8653b411cc5)","{""comision_por_lado"": 0.0029, ""cortes"": [""2013-12-31"", ""2015-04-30""], ""efectivo_en_mxn"": false, ""exposicion_inicial"": 0.0, ""exposicion_max"": 1.0, ""exposicion_min"": 0.0, ""extras"": [], ""fx"": false, ""max_dias_fx"": 10, ""min_historia"": 1, ""periodos_por_anio"": 12, ""permitir_capturas"": false, ""rebalanceo_con_deriva"": true, ""segmentos"": [""desarrollo"", ""validacion"", ""prueba""], ""senal"": ""senal_comprar_y_mantener"", ""spread_por_lado"": 0.0005, ""usuario"": {""inicio"": ""1963-07-31"", ""serie"": ""Mkt-RF+RF""}, ""variante"": ""REF_MKT_CMA""}",sensibilidad: costos defecto (solo overlay; no incluye la rotacion interna del factor)
2026-09-25T05:56:45.194998Z,R03,4beea4acd6,F_EW5,0,completo,1963-06-30,2026-07-31,757,12,USD,149.890709527006,0.08276708142725164,0.04509511241410134,0.8549198639231639,1.446279065219637,-0.1345312703089231,0.6152255994996126,0.24679410678579847,0.13626913266299134,8.417800183258223,0.9999999999674685,1.0,1.0,0.01585148858606024,5.38950611926048e-05,1,0.08282553823359518,0.04438160940497915,0.0029,0.0005,2013-12-31|2015-04-30,c5358aea53419711,"French CRSP 202607 (3F sha b840dba55d31, Mom sha 7ee14e892b0f, 5F sha b8653b411cc5)","{""comision_por_lado"": 0.0029, ""cortes"": [""2013-12-31"", ""2015-04-30""], ""efectivo_en_mxn"": false, ""exposicion_inicial"": 0.0, ""exposicion_max"": 1.0, ""exposicion_min"": 0.0, ""extras"": [], ""fx"": false, ""max_dias_fx"": 10, ""min_historia"": 1, ""periodos_por_anio"": 12, ""permitir_capturas"": false, ""rebalanceo_con_deriva"": true, ""segmentos"": [""desarrollo"", ""validacion"", ""prueba""], ""senal"": ""senal_comprar_y_mantener"", ""spread_por_lado"": 0.0005, ""usuario"": {""ancla"": ""periodo 0.0 en el fin del mes previo"", ""cortes"": [""2013-12-31"", ""2015-04-30""], ""factor"": ""EW5"", ""inicio"": ""1963-07-31""}, ""variante"": ""F_EW5""}",sensibilidad: costos defecto (solo overlay; no incluye la rotacion interna del factor)
2026-09-25T05:56:45.194998Z,R03,4beea4acd6,F_EW5,0,desarrollo,1963-06-30,2013-12-31,606,12,USD,114.2872959693602,0.09855854290192534,0.04454589689707459,1.05254029412911,1.8275590536722865,-0.1345312703089231,0.7326069446575962,0.3038422110741848,0.12089638579882118,9.502564364233468,0.9999999999980461,1.0,1.0,0.01979996747438608,6.731988941291266e-05,1,0.0986326262483379,0.050950534824715454,0.0029,0.0005,2013-12-31|2015-04-30,c5358aea53419711,"French CRSP 202607 (3F sha b840dba55d31, Mom sha 7ee14e892b0f, 5F sha b8653b411cc5)","{""comision_por_lado"": 0.0029, ""cortes"": [""2013-12-31"", ""2015-04-30""], ""efectivo_en_mxn"": false, ""exposicion_inicial"": 0.0, ""exposicion_max"": 1.0, ""exposicion_min"": 0.0, ""extras"": [], ""fx"": false, ""max_dias_fx"": 10, ""min_historia"": 1, ""periodos_por_anio"": 12, ""permitir_capturas"": false, ""rebalanceo_con_deriva"": true, ""segmentos"": [""desarrollo"", ""validacion"", ""prueba""], ""senal"": ""senal_comprar_y_mantener"", ""spread_por_lado"": 0.0005, ""usuario"": {""ancla"": ""periodo 0.0 en el fin del mes previo"", ""cortes"": [""2013-12-31"", ""2015-04-30""], ""factor"": ""EW5"", ""inicio"": ""1963-07-31""}, ""variante"": ""F_EW5""}",sensibilidad: costos defecto (solo overlay; no incluye la rotacion interna del factor)
2026-09-25T05:56:45.194998Z,R03,4beea4acd6,F_EW5,0,validacion,2013-12-31,2015-04-30,16,12,USD,-0.03891780986665405,-0.02945186566661362,0.02785129512248936,-1.0545290576553588,-1.2151487711255433,-0.039264756853750415,-0.7500839945682866,-0.3044163176528019,-0.04762402241794539,2.4156323359125955,0.12133120126296443,1.0,1.0,0.0,0.0,0,-0.02945186566661362,0.0,0.0029,0.0005,2013-12-31|2015-04-30,c5358aea53419711,"French CRSP 202607 (3F sha b840dba55d31, Mom sha 7ee14e892b0f, 5F sha b8653b411cc5)","{""comision_por_lado"": 0.0029, ""cortes"": [""2013-12-31"", ""2015-04-30""], ""efectivo_en_mxn"": false, ""exposicion_inicial"": 0.0, ""exposicion_max"": 1.0, ""exposicion_min"": 0.0, ""extras"": [], ""fx"": false, ""max_dias_fx"": 10, ""min_historia"": 1, ""periodos_por_anio"": 12, ""permitir_capturas"": false, ""rebalanceo_con_deriva"": true, ""segmentos"": [""desarrollo"", ""validacion"", ""prueba""], ""senal"": ""senal_comprar_y_mantener"", ""spread_por_lado"": 0.0005, ""usuario"": {""ancla"": ""periodo 0.0 en el fin del mes previo"", ""cortes"": [""2013-12-31"", ""2015-04-30""], ""factor"": ""EW5"", ""inicio"": ""1963-07-31""}, ""variante"": ""F_EW5""}",sensibilidad: costos defecto (solo overlay; no incluye la rotacion interna del factor)
2026-09-25T05:56:45.194998Z,R03,4beea4acd6,F_EW5,0,prueba,2015-04-30,2026-07-31,135,12,USD,0.361822540643437,0.027824828511466393,0.04468136974610402,0.17776815258043505,0.2727451104132937,-0.0868997894770065,0.32019442945634274,0.05131724537282832,0.18607378632813046,4.785621820415862,0.7244615308003357,1.0,1.0,0.0,0.0,0,0.027824828511466393,0.02061683518637003,0.0029,0.0005,2013-12-31|2015-04-30,c5358aea53419711,"French CRSP 202607 (3F sha b840dba55d31, Mom sha 7ee14e892b0f, 5F sha b8653b411cc5)","{""comision_por_lado"": 0.0029, ""cortes"": [""2013-12-31"", ""2015-04-30""], ""efectivo_en_mxn"": false, ""exposicion_inicial"": 0.0, ""exposicion_max"": 1.0, ""exposicion_min"": 0.0, ""extras"": [], ""fx"": false, ""max_dias_fx"": 10, ""min_historia"": 1, ""periodos_por_anio"": 12, ""permitir_capturas"": false, ""rebalanceo_con_deriva"": true, ""segmentos"": [""desarrollo"", ""validacion"", ""prueba""], ""senal"": ""senal_comprar_y_mantener"", ""spread_por_lado"": 0.0005, ""usuario"": {""ancla"": ""periodo 0.0 en el fin del mes previo"", ""cortes"": [""2013-12-31"", ""2015-04-30""], ""factor"": ""EW5"", ""inicio"": ""1963-07-31""}, ""variante"": ""F_EW5""}",sensibilidad: costos defecto (solo overlay; no incluye la rotacion interna del factor)
2026-09-25T05:56:45.204619Z,R03,d879ad652a,REF_MKT_EW5,0,completo,1963-06-30,2026-07-31,757,12,USD,662.4374567868231,0.10848476944378094,0.1540648142773287,0.4649407628151521,0.6829924720884558,-0.5031170717166413,0.21562529984051154,0.13421683728427902,-0.48897944245367103,4.710752527328077,0.9998053268097293,1.0,1.0,0.01585148858606024,5.38950611926048e-05,1,0.10854461470562282,0.04438160940497915,0.0029,0.0005,2013-12-31|2015-04-30,fd0810038f894f82,"French CRSP 202607 (3F sha b840dba55d31, Mom sha 7ee14e892b0f, 5F sha b8653b411cc5)","{""comision_por_lado"": 0.0029, ""cortes"": [""2013-12-31"", ""2015-04-30""], ""efectivo_en_mxn"": false, ""exposicion_inicial"": 0.0, ""exposicion_max"": 1.0, ""exposicion_min"": 0.0, ""extras"": [], ""fx"": false, ""max_dias_fx"": 10, ""min_historia"": 1, ""periodos_por_anio"": 12, ""permitir_capturas"": false, ""rebalanceo_con_deriva"": true, ""segmentos"": [""desarrollo"", ""validacion"", ""prueba""], ""senal"": ""senal_comprar_y_mantener"", ""spread_por_lado"": 0.0005, ""usuario"": {""inicio"": ""1963-07-31"", ""serie"": ""Mkt-RF+RF""}, ""variante"": ""REF_MKT_EW5""}",sensibilidad: costos defecto (solo overlay; no incluye la rotacion interna del factor)
2026-09-25T05:56:45.204619Z,R03,d879ad652a,REF_MKT_EW5,0,desarrollo,1963-06-30,2013-12-31,606,12,USD,135.92066957026267,0.10230560823351564,0.15486822322584878,0.38668019900948697,0.5580821954956271,-0.5031170717166413,0.20334354364968715,0.1116249584942127,-0.5307175712245924,4.8955682199319295,0.99600600549131,1.0,1.0,0.01979996747438608,6.731988941291266e-05,1,0.10237994427027486,0.050950534824715454,0.0029,0.0005,2013-12-31|2015-04-30,fd0810038f894f82,"French CRSP 202607 (3F sha b840dba55d31, Mom sha 7ee14e892b0f, 5F sha b8653b411cc5)","{""comision_por_lado"": 0.0029, ""cortes"": [""2013-12-31"", ""2015-04-30""], ""efectivo_en_mxn"": false, ""exposicion_inicial"": 0.0, ""exposicion_max"": 1.0, ""exposicion_min"": 0.0, ""extras"": [], ""fx"": false, ""max_dias_fx"": 10, ""min_historia"": 1, ""periodos_por_anio"": 12, ""permitir_capturas"": false, ""rebalanceo_con_deriva"": true, ""segmentos"": [""desarrollo"", ""validacion"", ""prueba""], ""senal"": ""senal_comprar_y_mantener"", ""spread_por_lado"": 0.0005, ""usuario"": {""inicio"": ""1963-07-31"", ""serie"": ""Mkt-RF+RF""}, ""variante"": ""REF_MKT_EW5""}",sensibilidad: costos defecto (solo overlay; no incluye la rotacion interna del factor)
2026-09-25T05:56:45.204619Z,R03,d879ad652a,REF_MKT_EW5,0,validacion,2013-12-31,2015-04-30,16,12,USD,0.1431040250968072,0.10597156739104574,0.09765087813225234,1.0767952322721697,2.2218765579580007,-0.03320000000000001,3.191914680453184,0.3108440086072214,0.1815870121326212,2.0658317776173574,0.8892991699743409,1.0,1.0,0.0,0.0,0,0.10597156739104574,0.0,0.0029,0.0005,2013-12-31|2015-04-30,fd0810038f894f82,"French CRSP 202607 (3F sha b840dba55d31, Mom sha 7ee14e892b0f, 5F sha b8653b411cc5)","{""comision_por_lado"": 0.0029, ""cortes"": [""2013-12-31"", ""2015-04-30""], ""efectivo_en_mxn"": false, ""exposicion_inicial"": 0.0, ""exposicion_max"": 1.0, ""exposicion_min"": 0.0, ""extras"": [], ""fx"": false, ""max_dias_fx"": 10, ""min_historia"": 1, ""periodos_por_anio"": 12, ""permitir_capturas"": false, ""rebalanceo_con_deriva"": true, ""segmentos"": [""desarrollo"", ""validacion"", ""prueba""], ""senal"": ""senal_comprar_y_mantener"", ""spread_por_lado"": 0.0005, ""usuario"": {""inicio"": ""1963-07-31"", ""serie"": ""Mkt-RF+RF""}, ""variante"": ""REF_MKT_EW5""}",sensibilidad: costos defecto (solo overlay; no incluye la rotacion interna del factor)
2026-09-25T05:56:45.204619Z,R03,d879ad652a,REF_MKT_EW5,0,prueba,2015-04-30,2026-07-31,135,12,USD,3.238822386472143,0.13695274026838078,0.15649529452126298,0.7725103215549586,1.2209888573864625,-0.24844932247034712,0.5512300814775872,0.22300452105075985,-0.30869233570874094,3.663319073553175,0.9930366432630752,1.0,1.0,0.0,0.0,0,0.13695274026838078,0.02061683518637003,0.0029,0.0005,2013-12-31|2015-04-30,fd0810038f894f82,"French CRSP 202607 (3F sha b840dba55d31, Mom sha 7ee14e892b0f, 5F sha b8653b411cc5)","{""comision_por_lado"": 0.0029, ""cortes"": [""2013-12-31"", ""2015-04-30""], ""efectivo_en_mxn"": false, ""exposicion_inicial"": 0.0, ""exposicion_max"": 1.0, ""exposicion_min"": 0.0, ""extras"": [], ""fx"": false, ""max_dias_fx"": 10, ""min_historia"": 1, ""periodos_por_anio"": 12, ""permitir_capturas"": false, ""rebalanceo_con_deriva"": true, ""segmentos"": [""desarrollo"", ""validacion"", ""prueba""], ""senal"": ""senal_comprar_y_mantener"", ""spread_por_lado"": 0.0005, ""usuario"": {""inicio"": ""1963-07-31"", ""serie"": ""Mkt-RF+RF""}, ""variante"": ""REF_MKT_EW5""}",sensibilidad: costos defecto (solo overlay; no incluye la rotacion interna del factor)
2026-09-25T05:56:45.243512Z,R03,849a032464,MOM_ctrl_osovol_50,0,completo,1927-10-31,2026-07-31,1185,12,USD,22818.08324700403,0.10696834161327895,0.13941895446614933,0.5747376197508332,0.8158229117125719,-0.516109273868645,0.20725909614347188,0.16591245973827415,-1.3591569196639086,13.137557876811183,0.9999996977397074,0.9679324894514768,1.0,0.2559426814605399,0.0008702051169658351,47,0.0940882488135033,0.032877782059419935,0.0029,0.0005,2013-03-31|2016-11-30,52119000c9d85b5b,"French CRSP 202607 (3F sha b840dba55d31, Mom sha 7ee14e892b0f, 5F sha b8653b411cc5)","{""comision_por_lado"": 0.0029, ""cortes"": [""2013-03-31"", ""2016-11-30""], ""efectivo_en_mxn"": false, ""exposicion_inicial"": 0.0, ""exposicion_max"": 1.0, ""exposicion_min"": 0.0, ""extras"": [""mkt"", ""vol""], ""fx"": false, ""max_dias_fx"": 10, ""min_historia"": 10, ""periodos_por_anio"": 12, ""permitir_capturas"": false, ""rebalanceo_con_deriva"": true, ""segmentos"": [""desarrollo"", ""validacion"", ""prueba""], ""senal"": ""senal_osovol_50"", ""spread_por_lado"": 0.0005, ""usuario"": {""meses_oso"": 24, ""min_dias_vol"": 15, ""min_meses_vol"": 60, ""percentil_vol"": 0.8}, ""variante"": ""MOM_ctrl_osovol_50""}",sensibilidad: costos defecto (solo overlay; no incluye la rotacion interna del factor)
2026-09-25T05:56:45.243512Z,R03,849a032464,MOM_ctrl_osovol_50,0,desarrollo,1927-10-31,2013-03-31,1025,12,USD,12233.071051891622,0.11649083091805101,0.141014654333594,0.6147591110696439,0.8708179587002961,-0.516109273868645,0.225709625492409,0.17746566913141698,-1.4757663552890814,14.11225168904999,0.9999994143929318,0.9639024390243902,1.0,0.27179703933290883,0.0009241099337318898,43,0.10296000234320157,0.03531951942525646,0.0029,0.0005,2013-03-31|2016-11-30,52119000c9d85b5b,"French CRSP 202607 (3F sha b840dba55d31, Mom sha 7ee14e892b0f, 5F sha b8653b411cc5)","{""comision_por_lado"": 0.0029, ""cortes"": [""2013-03-31"", ""2016-11-30""], ""efectivo_en_mxn"": false, ""exposicion_inicial"": 0.0, ""exposicion_max"": 1.0, ""exposicion_min"": 0.0, ""extras"": [""mkt"", ""vol""], ""fx"": false, ""max_dias_fx"": 10, ""min_historia"": 10, ""periodos_por_anio"": 12, ""permitir_capturas"": false, ""rebalanceo_con_deriva"": true, ""segmentos"": [""desarrollo"", ""validacion"", ""prueba""], ""senal"": ""senal_osovol_50"", ""spread_por_lado"": 0.0005, ""usuario"": {""meses_oso"": 24, ""min_dias_vol"": 15, ""min_meses_vol"": 60, ""percentil_vol"": 0.8}, ""variante"": ""MOM_ctrl_osovol_50""}",sensibilidad: costos defecto (solo overlay; no incluye la rotacion interna del factor)
2026-09-25T05:56:45.243512Z,R03,849a032464,MOM_ctrl_osovol_50,0,validacion,2013-03-31,2016-11-30,44,12,USD,0.04289977088401731,0.011515314094471707,0.11634822522815752,0.15063094062087903,0.22021219460071997,-0.19074187612943294,0.06037119026058906,0.043483407057875526,0.15247856378497607,3.57160932369634,0.6125283449473046,1.0,1.0,0.0,0.0,0,0.011515314094471707,0.000517980927585926,0.0029,0.0005,2013-03-31|2016-11-30,52119000c9d85b5b,"French CRSP 202607 (3F sha b840dba55d31, Mom sha 7ee14e892b0f, 5F sha b8653b411cc5)","{""comision_por_lado"": 0.0029, ""cortes"": [""2013-03-31"", ""2016-11-30""], ""efectivo_en_mxn"": false, ""exposicion_inicial"": 0.0, ""exposicion_max"": 1.0, ""exposicion_min"": 0.0, ""extras"": [""mkt"", ""vol""], ""fx"": false, ""max_dias_fx"": 10, ""min_historia"": 10, ""periodos_por_anio"": 12, ""permitir_capturas"": false, ""rebalanceo_con_deriva"": true, ""segmentos"": [""desarrollo"", ""validacion"", ""prueba""], ""senal"": ""senal_osovol_50"", ""spread_por_lado"": 0.0005, ""usuario"": {""meses_oso"": 24, ""min_dias_vol"": 15, ""min_meses_vol"": 60, ""percentil_vol"": 0.8}, ""variante"": ""MOM_ctrl_osovol_50""}",sensibilidad: costos defecto (solo overlay; no incluye la rotacion interna del factor)
2026-09-25T05:56:45.243512Z,R03,849a032464,MOM_ctrl_osovol_50,0,prueba,2016-11-30,2026-07-31,116,12,USD,0.7884822003779208,0.06200032154260526,0.13228862907715402,0.3444561578650197,0.4953947182791019,-0.25355479043121965,0.24452435482351392,0.09943592773369668,-0.579262221622134,4.374291842964853,0.84915657921113,0.9913793103448276,1.0,0.21297920731180187,0.0007241293048601264,4,0.04952030485998571,0.02384344620078771,0.0029,0.0005,2013-03-31|2016-11-30,52119000c9d85b5b,"French CRSP 202607 (3F sha b840dba55d31, Mom sha 7ee14e892b0f, 5F sha b8653b411cc5)","{""comision_por_lado"": 0.0029, ""cortes"": [""2013-03-31"", ""2016-11-30""], ""efectivo_en_mxn"": false, ""exposicion_inicial"": 0.0, ""exposicion_max"": 1.0, ""exposicion_min"": 0.0, ""extras"": [""mkt"", ""vol""], ""fx"": false, ""max_dias_fx"": 10, ""min_historia"": 10, ""periodos_por_anio"": 12, ""permitir_capturas"": false, ""rebalanceo_con_deriva"": true, ""segmentos"": [""desarrollo"", ""validacion"", ""prueba""], ""senal"": ""senal_osovol_50"", ""spread_por_lado"": 0.0005, ""usuario"": {""meses_oso"": 24, ""min_dias_vol"": 15, ""min_meses_vol"": 60, ""percentil_vol"": 0.8}, ""variante"": ""MOM_ctrl_osovol_50""}",sensibilidad: costos defecto (solo overlay; no incluye la rotacion interna del factor)
2026-09-25T05:56:45.262532Z,R03,fe76bc8e2b,MOM_ctrl_oso_50,0,completo,1927-10-31,2026-07-31,1185,12,USD,27404.275467004332,0.10902321688226069,0.1266406138398365,0.6332901723696635,0.9297225090395604,-0.44848768257330973,0.24309077176147367,0.18281512574638487,-0.9978138395650404,11.068680308174551,0.9999999886180779,0.919409282700422,1.0,0.259016653161709,0.0008806566207498103,45,0.0940882488135033,0.032877782059419935,0.0029,0.0005,2013-03-31|2016-11-30,52119000c9d85b5b,"French CRSP 202607 (3F sha b840dba55d31, Mom sha 7ee14e892b0f, 5F sha b8653b411cc5)","{""comision_por_lado"": 0.0029, ""cortes"": [""2013-03-31"", ""2016-11-30""], ""efectivo_en_mxn"": false, ""exposicion_inicial"": 0.0, ""exposicion_max"": 1.0, ""exposicion_min"": 0.0, ""extras"": [""mkt"", ""vol""], ""fx"": false, ""max_dias_fx"": 10, ""min_historia"": 10, ""periodos_por_anio"": 12, ""permitir_capturas"": false, ""rebalanceo_con_deriva"": true, ""segmentos"": [""desarrollo"", ""validacion"", ""prueba""], ""senal"": ""senal_oso_50"", ""spread_por_lado"": 0.0005, ""usuario"": {""meses_oso"": 24, ""min_dias_vol"": 15, ""min_meses_vol"": 60, ""percentil_vol"": 0.8}, ""variante"": ""MOM_ctrl_oso_50""}",sensibilidad: costos defecto (solo overlay; no incluye la rotacion interna del factor)
2026-09-25T05:56:45.262532Z,R03,fe76bc8e2b,MOM_ctrl_oso_50,0,desarrollo,1927-10-31,2013-03-31,1025,12,USD,14435.172860477558,0.1186563884534162,0.12648834182721816,0.6845606893520091,1.0071025979570993,-0.44848768257330973,0.2645700050725934,0.19761564913700913,-1.0905879929974263,12.197085178163153,0.9999999803561286,0.9107317073170732,1.0,0.25153462141043453,0.0008552177127954774,37,0.10296000234320157,0.03531951942525646,0.0029,0.0005,2013-03-31|2016-11-30,52119000c9d85b5b,"French CRSP 202607 (3F sha b840dba55d31, Mom sha 7ee14e892b0f, 5F sha b8653b411cc5)","{""comision_por_lado"": 0.0029, ""cortes"": [""2013-03-31"", ""2016-11-30""], ""efectivo_en_mxn"": false, ""exposicion_inicial"": 0.0, ""exposicion_max"": 1.0, ""exposicion_min"": 0.0, ""extras"": [""mkt"", ""vol""], ""fx"": false, ""max_dias_fx"": 10, ""min_historia"": 10, ""periodos_por_anio"": 12, ""permitir_capturas"": false, ""rebalanceo_con_deriva"": true, ""segmentos"": [""desarrollo"", ""validacion"", ""prueba""], ""senal"": ""senal_oso_50"", ""spread_por_lado"": 0.0005, ""usuario"": {""meses_oso"": 24, ""min_dias_vol"": 15, ""min_meses_vol"": 60, ""percentil_vol"": 0.8}, ""variante"": ""MOM_ctrl_oso_50""}",sensibilidad: costos defecto (solo overlay; no incluye la rotacion interna del factor)
2026-09-25T05:56:45.262532Z,R03,fe76bc8e2b,MOM_ctrl_oso_50,0,validacion,2013-03-31,2016-11-30,44,12,USD,0.04289977088401731,0.011515314094471707,0.11634822522815752,0.15063094062087903,0.22021219460071997,-0.19074187612943294,0.06037119026058906,0.043483407057875526,0.15247856378497607,3.57160932369634,0.6125283449473046,1.0,1.0,0.0,0.0,0,0.011515314094471707,0.000517980927585926,0.0029,0.0005,2013-03-31|2016-11-30,52119000c9d85b5b,"French CRSP 202607 (3F sha b840dba55d31, Mom sha 7ee14e892b0f, 5F sha b8653b411cc5)","{""comision_por_lado"": 0.0029, ""cortes"": [""2013-03-31"", ""2016-11-30""], ""efectivo_en_mxn"": false, ""exposicion_inicial"": 0.0, ""exposicion_max"": 1.0, ""exposicion_min"": 0.0, ""extras"": [""mkt"", ""vol""], ""fx"": false, ""max_dias_fx"": 10, ""min_historia"": 10, ""periodos_por_anio"": 12, ""permitir_capturas"": false, ""rebalanceo_con_deriva"": true, ""segmentos"": [""desarrollo"", ""validacion"", ""prueba""], ""senal"": ""senal_oso_50"", ""spread_por_lado"": 0.0005, ""usuario"": {""meses_oso"": 24, ""min_dias_vol"": 15, ""min_meses_vol"": 60, ""percentil_vol"": 0.8}, ""variante"": ""MOM_ctrl_oso_50""}",sensibilidad: costos defecto (solo overlay; no incluye la rotacion interna del factor)
2026-09-25T05:56:45.262532Z,R03,fe76bc8e2b,MOM_ctrl_oso_50,0,prueba,2016-11-30,2026-07-31,116,12,USD,0.8202855688227417,0.06393893703751319,0.13081436488668666,0.3609583245958922,0.5220393267410987,-0.25355479043121965,0.25217010070593615,0.10419969293583735,-0.5839268086225358,4.53292905985953,0.8599352790433781,0.9655172413793104,1.0,0.42346615509172325,0.0014397849273118592,8,0.04952030485998571,0.02384344620078771,0.0029,0.0005,2013-03-31|2016-11-30,52119000c9d85b5b,"French CRSP 202607 (3F sha b840dba55d31, Mom sha 7ee14e892b0f, 5F sha b8653b411cc5)","{""comision_por_lado"": 0.0029, ""cortes"": [""2013-03-31"", ""2016-11-30""], ""efectivo_en_mxn"": false, ""exposicion_inicial"": 0.0, ""exposicion_max"": 1.0, ""exposicion_min"": 0.0, ""extras"": [""mkt"", ""vol""], ""fx"": false, ""max_dias_fx"": 10, ""min_historia"": 10, ""periodos_por_anio"": 12, ""permitir_capturas"": false, ""rebalanceo_con_deriva"": true, ""segmentos"": [""desarrollo"", ""validacion"", ""prueba""], ""senal"": ""senal_oso_50"", ""spread_por_lado"": 0.0005, ""usuario"": {""meses_oso"": 24, ""min_dias_vol"": 15, ""min_meses_vol"": 60, ""percentil_vol"": 0.8}, ""variante"": ""MOM_ctrl_oso_50""}",sensibilidad: costos defecto (solo overlay; no incluye la rotacion interna del factor)
2026-09-25T05:56:45.311129Z,R03,5b2abe8f3b,MOM_ctrl_osovol_0,0,completo,1927-10-31,2026-07-31,1185,12,USD,50885.81810481777,0.11599539850041296,0.12990286334632636,0.6690669413887367,1.0012923197046126,-0.4950311631171658,0.23431938662204738,0.19314298935833335,-1.0448641029930363,13.259010201007623,0.9999999965432219,0.9358649789029536,0.9358649789029536,0.4759551402905623,0.0016182474769879103,47,0.0940882488135033,0.032877782059419935,0.0029,0.0005,2013-03-31|2016-11-30,52119000c9d85b5b,"French CRSP 202607 (3F sha b840dba55d31, Mom sha 7ee14e892b0f, 5F sha b8653b411cc5)","{""comision_por_lado"": 0.0029, ""cortes"": [""2013-03-31"", ""2016-11-30""], ""efectivo_en_mxn"": false, ""exposicion_inicial"": 0.0, ""exposicion_max"": 1.0, ""exposicion_min"": 0.0, ""extras"": [""mkt"", ""vol""], ""fx"": false, ""max_dias_fx"": 10, ""min_historia"": 10, ""periodos_por_anio"": 12, ""permitir_capturas"": false, ""rebalanceo_con_deriva"": true, ""segmentos"": [""desarrollo"", ""validacion"", ""prueba""], ""senal"": ""senal_osovol_0"", ""spread_por_lado"": 0.0005, ""usuario"": {""meses_oso"": 24, ""min_dias_vol"": 15, ""min_meses_vol"": 60, ""percentil_vol"": 0.8}, ""variante"": ""MOM_ctrl_osovol_0""}",sensibilidad: costos defecto (solo overlay; no incluye la rotacion interna del factor)
2026-09-25T05:56:45.311129Z,R03,5b2abe8f3b,MOM_ctrl_osovol_0,0,desarrollo,1927-10-31,2013-03-31,1025,12,USD,24536.025147459968,0.12562507130166356,0.1304563234645315,0.7152954875804919,1.073382249008512,-0.4950311631171658,0.25377204641140977,0.2064880211523608,-1.1375888110752304,14.501198297206837,0.9999999908420436,0.9278048780487805,0.9278048780487805,0.503421693698314,0.0017116337585742665,43,0.10296000234320157,0.03531951942525646,0.0029,0.0005,2013-03-31|2016-11-30,52119000c9d85b5b,"French CRSP 202607 (3F sha b840dba55d31, Mom sha 7ee14e892b0f, 5F sha b8653b411cc5)","{""comision_por_lado"": 0.0029, ""cortes"": [""2013-03-31"", ""2016-11-30""], ""efectivo_en_mxn"": false, ""exposicion_inicial"": 0.0, ""exposicion_max"": 1.0, ""exposicion_min"": 0.0, ""extras"": [""mkt"", ""vol""], ""fx"": false, ""max_dias_fx"": 10, ""min_historia"": 10, ""periodos_por_anio"": 12, ""permitir_capturas"": false, ""rebalanceo_con_deriva"": true, ""segmentos"": [""desarrollo"", ""validacion"", ""prueba""], ""senal"": ""senal_osovol_0"", ""spread_por_lado"": 0.0005, ""usuario"": {""meses_oso"": 24, ""min_dias_vol"": 15, ""min_meses_vol"": 60, ""percentil_vol"": 0.8}, ""variante"": ""MOM_ctrl_osovol_0""}",sensibilidad: costos defecto (solo overlay; no incluye la rotacion interna del factor)
2026-09-25T05:56:45.311129Z,R03,5b2abe8f3b,MOM_ctrl_osovol_0,0,validacion,2013-03-31,2016-11-30,44,12,USD,0.04289977088401731,0.011515314094471707,0.11634822522815752,0.15063094062087903,0.22021219460071997,-0.19074187612943294,0.06037119026058906,0.043483407057875526,0.15247856378497607,3.57160932369634,0.6125283449473046,1.0,1.0,0.0,0.0,0,0.011515314094471707,0.000517980927585926,0.0029,0.0005,2013-03-31|2016-11-30,52119000c9d85b5b,"French CRSP 202607 (3F sha b840dba55d31, Mom sha 7ee14e892b0f, 5F sha b8653b411cc5)","{""comision_por_lado"": 0.0029, ""cortes"": [""2013-03-31"", ""2016-11-30""], ""efectivo_en_mxn"": false, ""exposicion_inicial"": 0.0, ""exposicion_max"": 1.0, ""exposicion_min"": 0.0, ""extras"": [""mkt"", ""vol""], ""fx"": false, ""max_dias_fx"": 10, ""min_historia"": 10, ""periodos_por_anio"": 12, ""permitir_capturas"": false, ""rebalanceo_con_deriva"": true, ""segmentos"": [""desarrollo"", ""validacion"", ""prueba""], ""senal"": ""senal_osovol_0"", ""spread_por_lado"": 0.0005, ""usuario"": {""meses_oso"": 24, ""min_dias_vol"": 15, ""min_meses_vol"": 60, ""percentil_vol"": 0.8}, ""variante"": ""MOM_ctrl_osovol_0""}",sensibilidad: costos defecto (solo overlay; no incluye la rotacion interna del factor)
2026-09-25T05:56:45.311129Z,R03,5b2abe8f3b,MOM_ctrl_osovol_0,0,prueba,2016-11-30,2026-07-31,116,12,USD,0.9885696907243948,0.07371765525189544,0.12892771912647882,0.43592641175777286,0.6416873085297479,-0.25355479043121965,0.2907365904092134,0.1258411155876089,-0.5819634063144131,4.648154408415148,0.9021606206067102,0.9827586206896551,0.9827586206896551,0.41388101983002834,0.0014071954674220964,4,0.04952030485998571,0.02384344620078771,0.0029,0.0005,2013-03-31|2016-11-30,52119000c9d85b5b,"French CRSP 202607 (3F sha b840dba55d31, Mom sha 7ee14e892b0f, 5F sha b8653b411cc5)","{""comision_por_lado"": 0.0029, ""cortes"": [""2013-03-31"", ""2016-11-30""], ""efectivo_en_mxn"": false, ""exposicion_inicial"": 0.0, ""exposicion_max"": 1.0, ""exposicion_min"": 0.0, ""extras"": [""mkt"", ""vol""], ""fx"": false, ""max_dias_fx"": 10, ""min_historia"": 10, ""periodos_por_anio"": 12, ""permitir_capturas"": false, ""rebalanceo_con_deriva"": true, ""segmentos"": [""desarrollo"", ""validacion"", ""prueba""], ""senal"": ""senal_osovol_0"", ""spread_por_lado"": 0.0005, ""usuario"": {""meses_oso"": 24, ""min_dias_vol"": 15, ""min_meses_vol"": 60, ""percentil_vol"": 0.8}, ""variante"": ""MOM_ctrl_osovol_0""}",sensibilidad: costos defecto (solo overlay; no incluye la rotacion interna del factor)
2026-09-25T05:56:45.331103Z,R03,1afa9ee34f,MOM_ctrl_oso_0,0,completo,1927-10-31,2026-07-31,1185,12,USD,65169.62205939763,0.11879491459285285,0.11107664685380862,0.7844778828099908,1.2870158014286355,-0.25355479043121953,0.46851772901162253,0.22645925840682793,-0.22514052684612793,9.718569045152655,0.999999999999752,0.8388185654008439,0.8388185654008439,0.45570173006543196,0.0015493858822224675,45,0.0940882488135033,0.032877782059419935,0.0029,0.0005,2013-03-31|2016-11-30,52119000c9d85b5b,"French CRSP 202607 (3F sha b840dba55d31, Mom sha 7ee14e892b0f, 5F sha b8653b411cc5)","{""comision_por_lado"": 0.0029, ""cortes"": [""2013-03-31"", ""2016-11-30""], ""efectivo_en_mxn"": false, ""exposicion_inicial"": 0.0, ""exposicion_max"": 1.0, ""exposicion_min"": 0.0, ""extras"": [""mkt"", ""vol""], ""fx"": false, ""max_dias_fx"": 10, ""min_historia"": 10, ""periodos_por_anio"": 12, ""permitir_capturas"": false, ""rebalanceo_con_deriva"": true, ""segmentos"": [""desarrollo"", ""validacion"", ""prueba""], ""senal"": ""senal_oso_0"", ""spread_por_lado"": 0.0005, ""usuario"": {""meses_oso"": 24, ""min_dias_vol"": 15, ""min_meses_vol"": 60, ""percentil_vol"": 0.8}, ""variante"": ""MOM_ctrl_oso_0""}",sensibilidad: costos defecto (solo overlay; no incluye la rotacion interna del factor)
2026-09-25T05:56:45.331103Z,R03,1afa9ee34f,MOM_ctrl_oso_0,0,desarrollo,1927-10-31,2013-03-31,1025,12,USD,30365.70763575156,0.12843770010014866,0.1087920484852534,0.8567181976949556,1.4402181473603453,-0.24819999999999998,0.5174766321520897,0.24731324102941685,-0.16462363358571355,10.948557502263304,0.9999999999997856,0.8214634146341463,0.8214634146341463,0.43317680620552595,0.0014728011410987882,37,0.10296000234320157,0.03531951942525646,0.0029,0.0005,2013-03-31|2016-11-30,52119000c9d85b5b,"French CRSP 202607 (3F sha b840dba55d31, Mom sha 7ee14e892b0f, 5F sha b8653b411cc5)","{""comision_por_lado"": 0.0029, ""cortes"": [""2013-03-31"", ""2016-11-30""], ""efectivo_en_mxn"": false, ""exposicion_inicial"": 0.0, ""exposicion_max"": 1.0, ""exposicion_min"": 0.0, ""extras"": [""mkt"", ""vol""], ""fx"": false, ""max_dias_fx"": 10, ""min_historia"": 10, ""periodos_por_anio"": 12, ""permitir_capturas"": false, ""rebalanceo_con_deriva"": true, ""segmentos"": [""desarrollo"", ""validacion"", ""prueba""], ""senal"": ""senal_oso_0"", ""spread_por_lado"": 0.0005, ""usuario"": {""meses_oso"": 24, ""min_dias_vol"": 15, ""min_meses_vol"": 60, ""percentil_vol"": 0.8}, ""variante"": ""MOM_ctrl_oso_0""}",sensibilidad: costos defecto (solo overlay; no incluye la rotacion interna del factor)
2026-09-25T05:56:45.331103Z,R03,1afa9ee34f,MOM_ctrl_oso_0,0,validacion,2013-03-31,2016-11-30,44,12,USD,0.04289977088401731,0.011515314094471707,0.11634822522815752,0.15063094062087903,0.22021219460071997,-0.19074187612943294,0.06037119026058906,0.043483407057875526,0.15247856378497607,3.57160932369634,0.6125283449473046,1.0,1.0,0.0,0.0,0,0.011515314094471707,0.000517980927585926,0.0029,0.0005,2013-03-31|2016-11-30,52119000c9d85b5b,"French CRSP 202607 (3F sha b840dba55d31, Mom sha 7ee14e892b0f, 5F sha b8653b411cc5)","{""comision_por_lado"": 0.0029, ""cortes"": [""2013-03-31"", ""2016-11-30""], ""efectivo_en_mxn"": false, ""exposicion_inicial"": 0.0, ""exposicion_max"": 1.0, ""exposicion_min"": 0.0, ""extras"": [""mkt"", ""vol""], ""fx"": false, ""max_dias_fx"": 10, ""min_historia"": 10, ""periodos_por_anio"": 12, ""permitir_capturas"": false, ""rebalanceo_con_deriva"": true, ""segmentos"": [""desarrollo"", ""validacion"", ""prueba""], ""senal"": ""senal_oso_0"", ""spread_por_lado"": 0.0005, ""usuario"": {""meses_oso"": 24, ""min_dias_vol"": 15, ""min_meses_vol"": 60, ""percentil_vol"": 0.8}, ""variante"": ""MOM_ctrl_oso_0""}",sensibilidad: costos defecto (solo overlay; no incluye la rotacion interna del factor)
2026-09-25T05:56:45.331103Z,R03,1afa9ee34f,MOM_ctrl_oso_0,0,prueba,2016-11-30,2026-07-31,116,12,USD,1.0578399120809903,0.07752852706172386,0.1268517604778689,0.46933526418870913,0.6963757809257733,-0.25355479043121965,0.30576636682695446,0.13548542055976767,-0.600709109863499,4.9157628502815784,0.9170821409492238,0.9310344827586207,0.9310344827586207,0.8277620396600567,0.002814390934844193,8,0.04952030485998571,0.02384344620078771,0.0029,0.0005,2013-03-31|2016-11-30,52119000c9d85b5b,"French CRSP 202607 (3F sha b840dba55d31, Mom sha 7ee14e892b0f, 5F sha b8653b411cc5)","{""comision_por_lado"": 0.0029, ""cortes"": [""2013-03-31"", ""2016-11-30""], ""efectivo_en_mxn"": false, ""exposicion_inicial"": 0.0, ""exposicion_max"": 1.0, ""exposicion_min"": 0.0, ""extras"": [""mkt"", ""vol""], ""fx"": false, ""max_dias_fx"": 10, ""min_historia"": 10, ""periodos_por_anio"": 12, ""permitir_capturas"": false, ""rebalanceo_con_deriva"": true, ""segmentos"": [""desarrollo"", ""validacion"", ""prueba""], ""senal"": ""senal_oso_0"", ""spread_por_lado"": 0.0005, ""usuario"": {""meses_oso"": 24, ""min_dias_vol"": 15, ""min_meses_vol"": 60, ""percentil_vol"": 0.8}, ""variante"": ""MOM_ctrl_oso_0""}",sensibilidad: costos defecto (solo overlay; no incluye la rotacion interna del factor)
2026-09-25T05:56:45.347455Z,R03,a76633505e,MOM_ref_siempre,0,completo,1927-10-31,2026-07-31,1185,12,USD,7158.6865660155445,0.09405051494831373,0.16386371371316186,0.4476451857179585,0.5812791136757623,-0.7816229703064957,0.12032721468182282,0.1292240342378517,-3.0135717954814187,30.259424067808197,0.9998507688970713,1.0,1.0,0.010126705112565155,3.4430797382721525e-05,1,0.0940882488135033,0.032877782059419935,0.0029,0.0005,2013-03-31|2016-11-30,52119000c9d85b5b,"French CRSP 202607 (3F sha b840dba55d31, Mom sha 7ee14e892b0f, 5F sha b8653b411cc5)","{""comision_por_lado"": 0.0029, ""cortes"": [""2013-03-31"", ""2016-11-30""], ""efectivo_en_mxn"": false, ""exposicion_inicial"": 0.0, ""exposicion_max"": 1.0, ""exposicion_min"": 0.0, ""extras"": [""mkt"", ""vol""], ""fx"": false, ""max_dias_fx"": 10, ""min_historia"": 10, ""periodos_por_anio"": 12, ""permitir_capturas"": false, ""rebalanceo_con_deriva"": true, ""segmentos"": [""desarrollo"", ""validacion"", ""prueba""], ""senal"": ""senal_comprar_y_mantener"", ""spread_por_lado"": 0.0005, ""usuario"": {}, ""variante"": ""MOM_ref_siempre""}",sensibilidad: costos defecto (solo overlay; no incluye la rotacion interna del factor)
2026-09-25T05:56:45.347455Z,R03,a76633505e,MOM_ref_siempre,0,desarrollo,1927-10-31,2013-03-31,1025,12,USD,4302.115835163311,0.10291602460984484,0.16791936863771084,0.476834319637922,0.6156909873401941,-0.7816229703064957,0.13166965214633936,0.13765021140090317,-3.1889888008241996,31.49464166278562,0.9997678027721746,1.0,1.0,0.011707481248798,3.9805436245913196e-05,1,0.10296000234320157,0.03531951942525646,0.0029,0.0005,2013-03-31|2016-11-30,52119000c9d85b5b,"French CRSP 202607 (3F sha b840dba55d31, Mom sha 7ee14e892b0f, 5F sha b8653b411cc5)","{""comision_por_lado"": 0.0029, ""cortes"": [""2013-03-31"", ""2016-11-30""], ""efectivo_en_mxn"": false, ""exposicion_inicial"": 0.0, ""exposicion_max"": 1.0, ""exposicion_min"": 0.0, ""extras"": [""mkt"", ""vol""], ""fx"": false, ""max_dias_fx"": 10, ""min_historia"": 10, ""periodos_por_anio"": 12, ""permitir_capturas"": false, ""rebalanceo_con_deriva"": true, ""segmentos"": [""desarrollo"", ""validacion"", ""prueba""], ""senal"": ""senal_comprar_y_mantener"", ""spread_por_lado"": 0.0005, ""usuario"": {}, ""variante"": ""MOM_ref_siempre""}",sensibilidad: costos defecto (solo overlay; no incluye la rotacion interna del factor)
2026-09-25T05:56:45.347455Z,R03,a76633505e,MOM_ref_siempre,0,validacion,2013-03-31,2016-11-30,44,12,USD,0.04289977088401731,0.011515314094471707,0.11634822522815752,0.15063094062087903,0.22021219460071997,-0.19074187612943294,0.06037119026058906,0.043483407057875526,0.15247856378497607,3.57160932369634,0.6125283449473046,1.0,1.0,0.0,0.0,0,0.011515314094471707,0.000517980927585926,0.0029,0.0005,2013-03-31|2016-11-30,52119000c9d85b5b,"French CRSP 202607 (3F sha b840dba55d31, Mom sha 7ee14e892b0f, 5F sha b8653b411cc5)","{""comision_por_lado"": 0.0029, ""cortes"": [""2013-03-31"", ""2016-11-30""], ""efectivo_en_mxn"": false, ""exposicion_inicial"": 0.0, ""exposicion_max"": 1.0, ""exposicion_min"": 0.0, ""extras"": [""mkt"", ""vol""], ""fx"": false, ""max_dias_fx"": 10, ""min_historia"": 10, ""periodos_por_anio"": 12, ""permitir_capturas"": false, ""rebalanceo_con_deriva"": true, ""segmentos"": [""desarrollo"", ""validacion"", ""prueba""], ""senal"": ""senal_comprar_y_mantener"", ""spread_por_lado"": 0.0005, ""usuario"": {}, ""variante"": ""MOM_ref_siempre""}",sensibilidad: costos defecto (solo overlay; no incluye la rotacion interna del factor)
2026-09-25T05:56:45.347455Z,R03,a76633505e,MOM_ref_siempre,0,prueba,2016-11-30,2026-07-31,116,12,USD,0.5953956417663824,0.04952030485998571,0.14080086304594427,0.2481863363242803,0.3377709067463342,-0.25355479043121953,0.19530415803135387,0.07164522404300512,-0.9493256586428059,5.620005735533796,0.7707708563194309,1.0,1.0,0.0,0.0,0,0.04952030485998571,0.02384344620078771,0.0029,0.0005,2013-03-31|2016-11-30,52119000c9d85b5b,"French CRSP 202607 (3F sha b840dba55d31, Mom sha 7ee14e892b0f, 5F sha b8653b411cc5)","{""comision_por_lado"": 0.0029, ""cortes"": [""2013-03-31"", ""2016-11-30""], ""efectivo_en_mxn"": false, ""exposicion_inicial"": 0.0, ""exposicion_max"": 1.0, ""exposicion_min"": 0.0, ""extras"": [""mkt"", ""vol""], ""fx"": false, ""max_dias_fx"": 10, ""min_historia"": 10, ""periodos_por_anio"": 12, ""permitir_capturas"": false, ""rebalanceo_con_deriva"": true, ""segmentos"": [""desarrollo"", ""validacion"", ""prueba""], ""senal"": ""senal_comprar_y_mantener"", ""spread_por_lado"": 0.0005, ""usuario"": {}, ""variante"": ""MOM_ref_siempre""}",sensibilidad: costos defecto (solo overlay; no incluye la rotacion interna del factor)
2026-09-25T05:56:45.360562Z,R03,44d72462f4,MOM_ref_efectivo,0,completo,1927-10-31,2026-07-31,1185,12,USD,23.395827653322463,0.032877782059419935,0.008654390525494722,0.0,0.0,-0.0008998599580104516,36.53655412350071,,0.0,3.0,,0.0,0.0,0.0,0.0,0,0.0940882488135033,0.032877782059419935,0.0029,0.0005,2013-03-31|2016-11-30,52119000c9d85b5b,"French CRSP 202607 (3F sha b840dba55d31, Mom sha 7ee14e892b0f, 5F sha b8653b411cc5)","{""comision_por_lado"": 0.0029, ""cortes"": [""2013-03-31"", ""2016-11-30""], ""efectivo_en_mxn"": false, ""exposicion_inicial"": 0.0, ""exposicion_max"": 1.0, ""exposicion_min"": 0.0, ""extras"": [""mkt"", ""vol""], ""fx"": false, ""max_dias_fx"": 10, ""min_historia"": 10, ""periodos_por_anio"": 12, ""permitir_capturas"": false, ""rebalanceo_con_deriva"": true, ""segmentos"": [""desarrollo"", ""validacion"", ""prueba""], ""senal"": ""senal_efectivo"", ""spread_por_lado"": 0.0005, ""usuario"": {}, ""variante"": ""MOM_ref_efectivo""}",sensibilidad: costos defecto (solo overlay; no incluye la rotacion interna del factor)
2026-09-25T05:56:45.360562Z,R03,44d72462f4,MOM_ref_efectivo,0,desarrollo,1927-10-31,2013-03-31,1025,12,USD,18.390415740049722,0.03531951942525646,0.00885380611365365,0.0,0.0,-0.0008998599580104516,39.25001786205297,,0.0,3.0,,0.0,0.0,0.0,0.0,0,0.10296000234320157,0.03531951942525646,0.0029,0.0005,2013-03-31|2016-11-30,52119000c9d85b5b,"French CRSP 202607 (3F sha b840dba55d31, Mom sha 7ee14e892b0f, 5F sha b8653b411cc5)","{""comision_por_lado"": 0.0029, ""cortes"": [""2013-03-31"", ""2016-11-30""], ""efectivo_en_mxn"": false, ""exposicion_inicial"": 0.0, ""exposicion_max"": 1.0, ""exposicion_min"": 0.0, ""extras"": [""mkt"", ""vol""], ""fx"": false, ""max_dias_fx"": 10, ""min_historia"": 10, ""periodos_por_anio"": 12, ""permitir_capturas"": false, ""rebalanceo_con_deriva"": true, ""segmentos"": [""desarrollo"", ""validacion"", ""prueba""], ""senal"": ""senal_efectivo"", ""spread_por_lado"": 0.0005, ""usuario"": {}, ""variante"": ""MOM_ref_efectivo""}",sensibilidad: costos defecto (solo overlay; no incluye la rotacion interna del factor)
2026-09-25T05:56:45.360562Z,R03,44d72462f4,MOM_ref_efectivo,0,validacion,2013-03-31,2016-11-30,44,12,USD,0.0019016408502943172,0.000517980927585926,0.0002630524992014944,0.0,0.0,0.0,inf,,0.0,3.0,,0.0,0.0,0.0,0.0,0,0.011515314094471707,0.000517980927585926,0.0029,0.0005,2013-03-31|2016-11-30,52119000c9d85b5b,"French CRSP 202607 (3F sha b840dba55d31, Mom sha 7ee14e892b0f, 5F sha b8653b411cc5)","{""comision_por_lado"": 0.0029, ""cortes"": [""2013-03-31"", ""2016-11-30""], ""efectivo_en_mxn"": false, ""exposicion_inicial"": 0.0, ""exposicion_max"": 1.0, ""exposicion_min"": 0.0, ""extras"": [""mkt"", ""vol""], ""fx"": false, ""max_dias_fx"": 10, ""min_historia"": 10, ""periodos_por_anio"": 12, ""permitir_capturas"": false, ""rebalanceo_con_deriva"": true, ""segmentos"": [""desarrollo"", ""validacion"", ""prueba""], ""senal"": ""senal_efectivo"", ""spread_por_lado"": 0.0005, ""usuario"": {}, ""variante"": ""MOM_ref_efectivo""}",sensibilidad: costos defecto (solo overlay; no incluye la rotacion interna del factor)
2026-09-25T05:56:45.360562Z,R03,44d72462f4,MOM_ref_efectivo,0,prueba,2016-11-30,2026-07-31,116,12,USD,0.25575046615727604,0.02384344620078771,0.005467680973903269,0.0,0.0,0.0,inf,,0.0,3.0,,0.0,0.0,0.0,0.0,0,0.04952030485998571,0.02384344620078771,0.0029,0.0005,2013-03-31|2016-11-30,52119000c9d85b5b,"French CRSP 202607 (3F sha b840dba55d31, Mom sha 7ee14e892b0f, 5F sha b8653b411cc5)","{""comision_por_lado"": 0.0029, ""cortes"": [""2013-03-31"", ""2016-11-30""], ""efectivo_en_mxn"": false, ""exposicion_inicial"": 0.0, ""exposicion_max"": 1.0, ""exposicion_min"": 0.0, ""extras"": [""mkt"", ""vol""], ""fx"": false, ""max_dias_fx"": 10, ""min_historia"": 10, ""periodos_por_anio"": 12, ""permitir_capturas"": false, ""rebalanceo_con_deriva"": true, ""segmentos"": [""desarrollo"", ""validacion"", ""prueba""], ""senal"": ""senal_efectivo"", ""spread_por_lado"": 0.0005, ""usuario"": {}, ""variante"": ""MOM_ref_efectivo""}",sensibilidad: costos defecto (solo overlay; no incluye la rotacion interna del factor)
2026-09-25T05:56:45.377726Z,R03,bfbc7724cf,MOM_ref_sma10,0,completo,1927-10-31,2026-07-31,1185,12,USD,2067.9405926022296,0.08038265310859649,0.1363556890587176,0.4074497242353045,0.5453136587220595,-0.7486047066802048,0.10737663334373747,0.11762060398424592,-2.4577353836159355,27.46900469067357,0.9997138982512831,0.7864978902953587,0.7864978902953587,1.2658381390706444,0.004303849672840193,125,0.0940882488135033,0.032877782059419935,0.0029,0.0005,2013-03-31|2016-11-30,52119000c9d85b5b,"French CRSP 202607 (3F sha b840dba55d31, Mom sha 7ee14e892b0f, 5F sha b8653b411cc5)","{""comision_por_lado"": 0.0029, ""cortes"": [""2013-03-31"", ""2016-11-30""], ""efectivo_en_mxn"": false, ""exposicion_inicial"": 0.0, ""exposicion_max"": 1.0, ""exposicion_min"": 0.0, ""extras"": [""mkt"", ""vol""], ""fx"": false, ""max_dias_fx"": 10, ""min_historia"": 10, ""periodos_por_anio"": 12, ""permitir_capturas"": false, ""rebalanceo_con_deriva"": true, ""segmentos"": [""desarrollo"", ""validacion"", ""prueba""], ""senal"": ""media_movil_10"", ""spread_por_lado"": 0.0005, ""usuario"": {}, ""variante"": ""MOM_ref_sma10""}",sensibilidad: costos defecto (solo overlay; no incluye la rotacion interna del factor)
2026-09-25T05:56:45.377726Z,R03,bfbc7724cf,MOM_ref_sma10,0,desarrollo,1927-10-31,2013-03-31,1025,12,USD,1604.5748650268863,0.09025945000244362,0.13886745087547453,0.4525781486214601,0.6052163681842841,-0.7486047066802048,0.12057024113929515,0.13064805796797124,-2.6130730916312426,28.994981974681043,0.9997288993717275,0.8078048780487805,0.8078048780487805,1.1941630873773958,0.0040601544970831445,102,0.10296000234320157,0.03531951942525646,0.0029,0.0005,2013-03-31|2016-11-30,52119000c9d85b5b,"French CRSP 202607 (3F sha b840dba55d31, Mom sha 7ee14e892b0f, 5F sha b8653b411cc5)","{""comision_por_lado"": 0.0029, ""cortes"": [""2013-03-31"", ""2016-11-30""], ""efectivo_en_mxn"": false, ""exposicion_inicial"": 0.0, ""exposicion_max"": 1.0, ""exposicion_min"": 0.0, ""extras"": [""mkt"", ""vol""], ""fx"": false, ""max_dias_fx"": 10, ""min_historia"": 10, ""periodos_por_anio"": 12, ""permitir_capturas"": false, ""rebalanceo_con_deriva"": true, ""segmentos"": [""desarrollo"", ""validacion"", ""prueba""], ""senal"": ""media_movil_10"", ""spread_por_lado"": 0.0005, ""usuario"": {}, ""variante"": ""MOM_ref_sma10""}",sensibilidad: costos defecto (solo overlay; no incluye la rotacion interna del factor)
2026-09-25T05:56:45.377726Z,R03,bfbc7724cf,MOM_ref_sma10,0,validacion,2013-03-31,2016-11-30,44,12,USD,0.046813298567450756,0.012548531836614085,0.09718827555043451,0.1701377721894837,0.2612289563057783,-0.10758526905699084,0.11663801138022703,0.04911454428646082,0.4747690798127814,5.957843405045155,0.6275569929842104,0.5454545454545454,0.5454545454545454,1.63544776119403,0.005560522388059701,6,0.011515314094471707,0.000517980927585926,0.0029,0.0005,2013-03-31|2016-11-30,52119000c9d85b5b,"French CRSP 202607 (3F sha b840dba55d31, Mom sha 7ee14e892b0f, 5F sha b8653b411cc5)","{""comision_por_lado"": 0.0029, ""cortes"": [""2013-03-31"", ""2016-11-30""], ""efectivo_en_mxn"": false, ""exposicion_inicial"": 0.0, ""exposicion_max"": 1.0, ""exposicion_min"": 0.0, ""extras"": [""mkt"", ""vol""], ""fx"": false, ""max_dias_fx"": 10, ""min_historia"": 10, ""periodos_por_anio"": 12, ""permitir_capturas"": false, ""rebalanceo_con_deriva"": true, ""segmentos"": [""desarrollo"", ""validacion"", ""prueba""], ""senal"": ""media_movil_10"", ""spread_por_lado"": 0.0005, ""usuario"": {}, ""variante"": ""MOM_ref_sma10""}",sensibilidad: costos defecto (solo overlay; no incluye la rotacion interna del factor)
2026-09-25T05:56:45.377726Z,R03,bfbc7724cf,MOM_ref_sma10,0,prueba,2016-11-30,2026-07-31,116,12,USD,0.23097215340735433,0.02173438038781783,0.1251784369387391,0.04728199681813192,0.06200446231336243,-0.17396303168339522,0.1249367763800151,0.013649136795385748,-1.158227548484188,7.918559416674424,0.5577251842480642,0.6896551724137931,0.6896551724137931,1.7589943342776206,0.005980580736543909,17,0.04952030485998571,0.02384344620078771,0.0029,0.0005,2013-03-31|2016-11-30,52119000c9d85b5b,"French CRSP 202607 (3F sha b840dba55d31, Mom sha 7ee14e892b0f, 5F sha b8653b411cc5)","{""comision_por_lado"": 0.0029, ""cortes"": [""2013-03-31"", ""2016-11-30""], ""efectivo_en_mxn"": false, ""exposicion_inicial"": 0.0, ""exposicion_max"": 1.0, ""exposicion_min"": 0.0, ""extras"": [""mkt"", ""vol""], ""fx"": false, ""max_dias_fx"": 10, ""min_historia"": 10, ""periodos_por_anio"": 12, ""permitir_capturas"": false, ""rebalanceo_con_deriva"": true, ""segmentos"": [""desarrollo"", ""validacion"", ""prueba""], ""senal"": ""media_movil_10"", ""spread_por_lado"": 0.0005, ""usuario"": {}, ""variante"": ""MOM_ref_sma10""}",sensibilidad: costos defecto (solo overlay; no incluye la rotacion interna del factor)
2026-09-25T05:56:45.400377Z,R03,fd40e49a15,MKT_ref_mom,0,completo,1927-10-31,2026-07-31,1185,12,USD,14353.437018859317,0.10178428347971757,0.18414713911240585,0.4434334745507059,0.6690377160992791,-0.8365224657023862,0.12167549307149138,0.12800821794977058,0.1586933476540196,10.32655406103906,0.9999936667706915,1.0,1.0,0.010126705112565155,3.4430797382721525e-05,1,0.10182228408302851,0.032877782059419935,0.0029,0.0005,2013-03-31|2016-11-30,82f2fbc97fc9b25c,"French CRSP 202607 (3F sha b840dba55d31, Mom sha 7ee14e892b0f, 5F sha b8653b411cc5)","{""comision_por_lado"": 0.0029, ""cortes"": [""2013-03-31"", ""2016-11-30""], ""efectivo_en_mxn"": false, ""exposicion_inicial"": 0.0, ""exposicion_max"": 1.0, ""exposicion_min"": 0.0, ""extras"": [""mkt"", ""vol""], ""fx"": false, ""max_dias_fx"": 10, ""min_historia"": 10, ""periodos_por_anio"": 12, ""permitir_capturas"": false, ""rebalanceo_con_deriva"": true, ""segmentos"": [""desarrollo"", ""validacion"", ""prueba""], ""senal"": ""senal_comprar_y_mantener"", ""spread_por_lado"": 0.0005, ""usuario"": {}, ""variante"": ""MKT_ref_mom""}",sensibilidad: costos defecto (solo overlay; no incluye la rotacion interna del factor)
2026-09-25T05:56:45.400377Z,R03,fd40e49a15,MKT_ref_mom,0,desarrollo,1927-10-31,2013-03-31,1025,12,USD,2437.3391272621852,0.09560584557357132,0.18913414062774614,0.39419173453604933,0.5913880412521342,-0.8365224657023862,0.11428963296675584,0.1137933520233568,0.2067683394060506,10.51942611503299,0.9998572927564663,1.0,1.0,0.011707481248798,3.9805436245913196e-05,1,0.09564953182045288,0.03531951942525646,0.0029,0.0005,2013-03-31|2016-11-30,82f2fbc97fc9b25c,"French CRSP 202607 (3F sha b840dba55d31, Mom sha 7ee14e892b0f, 5F sha b8653b411cc5)","{""comision_por_lado"": 0.0029, ""cortes"": [""2013-03-31"", ""2016-11-30""], ""efectivo_en_mxn"": false, ""exposicion_inicial"": 0.0, ""exposicion_max"": 1.0, ""exposicion_min"": 0.0, ""extras"": [""mkt"", ""vol""], ""fx"": false, ""max_dias_fx"": 10, ""min_historia"": 10, ""periodos_por_anio"": 12, ""permitir_capturas"": false, ""rebalanceo_con_deriva"": true, ""segmentos"": [""desarrollo"", ""validacion"", ""prueba""], ""senal"": ""senal_comprar_y_mantener"", ""spread_por_lado"": 0.0005, ""usuario"": {}, ""variante"": ""MKT_ref_mom""}",sensibilidad: costos defecto (solo overlay; no incluye la rotacion interna del factor)
2026-09-25T05:56:45.400377Z,R03,fd40e49a15,MKT_ref_mom,0,validacion,2013-03-31,2016-11-30,44,12,USD,0.5173917242342867,0.12037301772303999,0.1100454675395776,1.0869875777886766,2.023163958276706,-0.08960649435040957,1.3433514902649442,0.31378628532103586,-0.04581330842519386,2.6428993407377406,0.9774358069541196,1.0,1.0,0.0,0.0,0,0.12037301772303999,0.000517980927585926,0.0029,0.0005,2013-03-31|2016-11-30,82f2fbc97fc9b25c,"French CRSP 202607 (3F sha b840dba55d31, Mom sha 7ee14e892b0f, 5F sha b8653b411cc5)","{""comision_por_lado"": 0.0029, ""cortes"": [""2013-03-31"", ""2016-11-30""], ""efectivo_en_mxn"": false, ""exposicion_inicial"": 0.0, ""exposicion_max"": 1.0, ""exposicion_min"": 0.0, ""extras"": [""mkt"", ""vol""], ""fx"": false, ""max_dias_fx"": 10, ""min_historia"": 10, ""periodos_por_anio"": 12, ""permitir_capturas"": false, ""rebalanceo_con_deriva"": true, ""segmentos"": [""desarrollo"", ""validacion"", ""prueba""], ""senal"": ""senal_comprar_y_mantener"", ""spread_por_lado"": 0.0005, ""usuario"": {}, ""variante"": ""MKT_ref_mom""}",sensibilidad: costos defecto (solo overlay; no incluye la rotacion interna del factor)
2026-09-25T05:56:45.400377Z,R03,fd40e49a15,MKT_ref_mom,0,prueba,2016-11-30,2026-07-31,116,12,USD,2.8796660577977704,0.1505955791299589,0.1610122804967516,0.8096733946140892,1.274334808823219,-0.248449322470347,0.6061420398839399,0.23373257616806126,-0.3640318350722767,3.6636966980932817,0.9910304729752037,1.0,1.0,0.0,0.0,0,0.1505955791299589,0.02384344620078771,0.0029,0.0005,2013-03-31|2016-11-30,82f2fbc97fc9b25c,"French CRSP 202607 (3F sha b840dba55d31, Mom sha 7ee14e892b0f, 5F sha b8653b411cc5)","{""comision_por_lado"": 0.0029, ""cortes"": [""2013-03-31"", ""2016-11-30""], ""efectivo_en_mxn"": false, ""exposicion_inicial"": 0.0, ""exposicion_max"": 1.0, ""exposicion_min"": 0.0, ""extras"": [""mkt"", ""vol""], ""fx"": false, ""max_dias_fx"": 10, ""min_historia"": 10, ""periodos_por_anio"": 12, ""permitir_capturas"": false, ""rebalanceo_con_deriva"": true, ""segmentos"": [""desarrollo"", ""validacion"", ""prueba""], ""senal"": ""senal_comprar_y_mantener"", ""spread_por_lado"": 0.0005, ""usuario"": {}, ""variante"": ""MKT_ref_mom""}",sensibilidad: costos defecto (solo overlay; no incluye la rotacion interna del factor)
2026-09-25T05:56:45.415413Z,R03,e11f4f3596,F_SMB,0,completo,1935-12-31,2026-07-31,1087,12,USD,66.64806484827511,0.0476242787846235,0.10008446251086196,0.1768834349823162,0.27634406005650247,-0.31226607310500276,0.15251185731153488,0.05106184940111297,0.6996370538176254,9.377191334879953,0.9562536362139203,1.0,1.0,0.011039746108508388,4.8574882877436896e-05,1,0.04767528053627501,0.034343917744822594,0.0029,0.0015,1975-12-31|1981-03-31,76374c05c782890a,"French CRSP 202607 (3F sha b840dba55d31, Mom sha 7ee14e892b0f, 5F sha b8653b411cc5)","{""comision_por_lado"": 0.0029, ""cortes"": [""1975-12-31"", ""1981-03-31""], ""efectivo_en_mxn"": false, ""exposicion_inicial"": 0.0, ""exposicion_max"": 1.0, ""exposicion_min"": 0.0, ""extras"": [], ""fx"": false, ""max_dias_fx"": 10, ""min_historia"": 1, ""periodos_por_anio"": 12, ""permitir_capturas"": false, ""rebalanceo_con_deriva"": true, ""segmentos"": [""desarrollo"", ""validacion"", ""prueba""], ""senal"": ""senal_comprar_y_mantener"", ""spread_por_lado"": 0.0015, ""usuario"": {""ancla"": ""periodo 0.0 en el fin del mes previo"", ""cortes"": [""1975-12-31"", ""1981-03-31""], ""factor"": ""SMB"", ""inicio"": ""1936-01-31""}, ""variante"": ""F_SMB""}",sensibilidad: costos medio (solo overlay; no incluye la rotacion interna del factor)
2026-09-25T05:56:45.415413Z,R03,e11f4f3596,F_SMB,0,desarrollo,1935-12-31,1975-12-31,480,12,USD,3.572831525519784,0.03873467635274164,0.09742578236974088,0.19249048846278713,0.31655750355460943,-0.31226607310500276,0.12404381932236581,0.055567217665216356,1.1418766535314673,9.39223149822006,0.8947780631475382,1.0,1.0,0.025,0.00010999999999999999,1,0.03884919559307698,0.024163680708613855,0.0029,0.0015,1975-12-31|1981-03-31,76374c05c782890a,"French CRSP 202607 (3F sha b840dba55d31, Mom sha 7ee14e892b0f, 5F sha b8653b411cc5)","{""comision_por_lado"": 0.0029, ""cortes"": [""1975-12-31"", ""1981-03-31""], ""efectivo_en_mxn"": false, ""exposicion_inicial"": 0.0, ""exposicion_max"": 1.0, ""exposicion_min"": 0.0, ""extras"": [], ""fx"": false, ""max_dias_fx"": 10, ""min_historia"": 1, ""periodos_por_anio"": 12, ""permitir_capturas"": false, ""rebalanceo_con_deriva"": true, ""segmentos"": [""desarrollo"", ""validacion"", ""prueba""], ""senal"": ""senal_comprar_y_mantener"", ""spread_por_lado"": 0.0015, ""usuario"": {""ancla"": ""periodo 0.0 en el fin del mes previo"", ""cortes"": [""1975-12-31"", ""1981-03-31""], ""factor"": ""SMB"", ""inicio"": ""1936-01-31""}, ""variante"": ""F_SMB""}",sensibilidad: costos medio (solo overlay; no incluye la rotacion interna del factor)
2026-09-25T05:56:45.415413Z,R03,e11f4f3596,F_SMB,0,validacion,1975-12-31,1981-03-31,63,12,USD,2.1500438016647223,0.24435786640016466,0.09147318947779817,1.5809699913385422,2.523364266191221,-0.09209999999999996,2.6531798740517347,0.4563867250400139,-1.397647387598812,7.164098747991076,0.9948798544826561,1.0,1.0,0.0,0.0,0,0.24435786640016466,0.08075162339801767,0.0029,0.0015,1975-12-31|1981-03-31,76374c05c782890a,"French CRSP 202607 (3F sha b840dba55d31, Mom sha 7ee14e892b0f, 5F sha b8653b411cc5)","{""comision_por_lado"": 0.0029, ""cortes"": [""1975-12-31"", ""1981-03-31""], ""efectivo_en_mxn"": false, ""exposicion_inicial"": 0.0, ""exposicion_max"": 1.0, ""exposicion_min"": 0.0, ""extras"": [], ""fx"": false, ""max_dias_fx"": 10, ""min_historia"": 1, ""periodos_por_anio"": 12, ""permitir_capturas"": false, ""rebalanceo_con_deriva"": true, ""segmentos"": [""desarrollo"", ""validacion"", ""prueba""], ""senal"": ""senal_comprar_y_mantener"", ""spread_por_lado"": 0.0015, ""usuario"": {""ancla"": ""periodo 0.0 en el fin del mes previo"", ""cortes"": [""1975-12-31"", ""1981-03-31""], ""factor"": ""SMB"", ""inicio"": ""1936-01-31""}, ""variante"": ""F_SMB""}",sensibilidad: costos medio (solo overlay; no incluye la rotacion interna del factor)
2026-09-25T05:56:45.415413Z,R03,e11f4f3596,F_SMB,0,prueba,1981-03-31,2026-07-31,544,12,USD,3.6962756888137003,0.03470868340902311,0.10196652901160279,0.017479212344082416,0.026078635843779,-0.305795947473231,0.11350275795287137,0.005045813976039306,0.5740891869562245,9.96728587563175,0.5468658088383638,1.0,1.0,0.0,0.0,0,0.03470868340902311,0.03812205746060382,0.0029,0.0015,1975-12-31|1981-03-31,76374c05c782890a,"French CRSP 202607 (3F sha b840dba55d31, Mom sha 7ee14e892b0f, 5F sha b8653b411cc5)","{""comision_por_lado"": 0.0029, ""cortes"": [""1975-12-31"", ""1981-03-31""], ""efectivo_en_mxn"": false, ""exposicion_inicial"": 0.0, ""exposicion_max"": 1.0, ""exposicion_min"": 0.0, ""extras"": [], ""fx"": false, ""max_dias_fx"": 10, ""min_historia"": 1, ""periodos_por_anio"": 12, ""permitir_capturas"": false, ""rebalanceo_con_deriva"": true, ""segmentos"": [""desarrollo"", ""validacion"", ""prueba""], ""senal"": ""senal_comprar_y_mantener"", ""spread_por_lado"": 0.0015, ""usuario"": {""ancla"": ""periodo 0.0 en el fin del mes previo"", ""cortes"": [""1975-12-31"", ""1981-03-31""], ""factor"": ""SMB"", ""inicio"": ""1936-01-31""}, ""variante"": ""F_SMB""}",sensibilidad: costos medio (solo overlay; no incluye la rotacion interna del factor)
2026-09-25T05:56:45.429822Z,R03,8646515a2c,REF_MKT_SMB,0,completo,1935-12-31,2026-07-31,1087,12,USD,12900.208912746444,0.11014655623299974,0.15731145154940182,0.5299850970392184,0.7856886779648953,-0.5031170717166412,0.21892828215345272,0.15299351922104135,-0.5072298936166516,5.837143657099286,0.9999991839206523,1.0,1.0,0.011039746108508388,4.8574882877436896e-05,1,0.11020060177213487,0.034343917744822594,0.0029,0.0015,1975-12-31|1981-03-31,c32905ee3493960b,"French CRSP 202607 (3F sha b840dba55d31, Mom sha 7ee14e892b0f, 5F sha b8653b411cc5)","{""comision_por_lado"": 0.0029, ""cortes"": [""1975-12-31"", ""1981-03-31""], ""efectivo_en_mxn"": false, ""exposicion_inicial"": 0.0, ""exposicion_max"": 1.0, ""exposicion_min"": 0.0, ""extras"": [], ""fx"": false, ""max_dias_fx"": 10, ""min_historia"": 1, ""periodos_por_anio"": 12, ""permitir_capturas"": false, ""rebalanceo_con_deriva"": true, ""segmentos"": [""desarrollo"", ""validacion"", ""prueba""], ""senal"": ""senal_comprar_y_mantener"", ""spread_por_lado"": 0.0015, ""usuario"": {""inicio"": ""1936-01-31"", ""serie"": ""Mkt-RF+RF""}, ""variante"": ""REF_MKT_SMB""}",sensibilidad: costos medio (solo overlay; no incluye la rotacion interna del factor)
2026-09-25T05:56:45.429822Z,R03,8646515a2c,REF_MKT_SMB,0,desarrollo,1935-12-31,1975-12-31,480,12,USD,35.45654892421639,0.09406818433532949,0.16093433318586012,0.49106845357369394,0.7301152016626784,-0.4945733235371371,0.19020068381885943,0.14175925193065272,-0.3868614893881421,6.794814054328201,0.9985586774401751,1.0,1.0,0.025,0.00010999999999999999,1,0.0941888040279204,0.024163680708613855,0.0029,0.0015,1975-12-31|1981-03-31,c32905ee3493960b,"French CRSP 202607 (3F sha b840dba55d31, Mom sha 7ee14e892b0f, 5F sha b8653b411cc5)","{""comision_por_lado"": 0.0029, ""cortes"": [""1975-12-31"", ""1981-03-31""], ""efectivo_en_mxn"": false, ""exposicion_inicial"": 0.0, ""exposicion_max"": 1.0, ""exposicion_min"": 0.0, ""extras"": [], ""fx"": false, ""max_dias_fx"": 10, ""min_historia"": 1, ""periodos_por_anio"": 12, ""permitir_capturas"": false, ""rebalanceo_con_deriva"": true, ""segmentos"": [""desarrollo"", ""validacion"", ""prueba""], ""senal"": ""senal_comprar_y_mantener"", ""spread_por_lado"": 0.0015, ""usuario"": {""inicio"": ""1936-01-31"", ""serie"": ""Mkt-RF+RF""}, ""variante"": ""REF_MKT_SMB""}",sensibilidad: costos medio (solo overlay; no incluye la rotacion interna del factor)
2026-09-25T05:56:45.429822Z,R03,8646515a2c,REF_MKT_SMB,0,validacion,1975-12-31,1981-03-31,63,12,USD,1.2424675580406586,0.16633843371918577,0.15471469525485734,0.5724312004332432,0.872584937034209,-0.11990253999999989,1.3872803171574675,0.16524665383133683,-0.4761337405446292,4.239398665786303,0.8925407520576691,1.0,1.0,0.0,0.0,0,0.16633843371918577,0.08075162339801767,0.0029,0.0015,1975-12-31|1981-03-31,c32905ee3493960b,"French CRSP 202607 (3F sha b840dba55d31, Mom sha 7ee14e892b0f, 5F sha b8653b411cc5)","{""comision_por_lado"": 0.0029, ""cortes"": [""1975-12-31"", ""1981-03-31""], ""efectivo_en_mxn"": false, ""exposicion_inicial"": 0.0, ""exposicion_max"": 1.0, ""exposicion_min"": 0.0, ""extras"": [], ""fx"": false, ""max_dias_fx"": 10, ""min_historia"": 1, ""periodos_por_anio"": 12, ""permitir_capturas"": false, ""rebalanceo_con_deriva"": true, ""segmentos"": [""desarrollo"", ""validacion"", ""prueba""], ""senal"": ""senal_comprar_y_mantener"", ""spread_por_lado"": 0.0015, ""usuario"": {""inicio"": ""1936-01-31"", ""serie"": ""Mkt-RF+RF""}, ""variante"": ""REF_MKT_SMB""}",sensibilidad: costos medio (solo overlay; no incluye la rotacion interna del factor)
2026-09-25T05:56:45.429822Z,R03,8646515a2c,REF_MKT_SMB,0,prueba,1981-03-31,2026-07-31,544,12,USD,156.80787957991583,0.11811927114667253,0.15450414964746834,0.560218124903768,0.8271293946437288,-0.5031170717166411,0.23477492175657697,0.16172104260904893,-0.6290512147743795,4.994127041685502,0.9998062642506891,1.0,1.0,0.0,0.0,0,0.11811927114667253,0.03812205746060382,0.0029,0.0015,1975-12-31|1981-03-31,c32905ee3493960b,"French CRSP 202607 (3F sha b840dba55d31, Mom sha 7ee14e892b0f, 5F sha b8653b411cc5)","{""comision_por_lado"": 0.0029, ""cortes"": [""1975-12-31"", ""1981-03-31""], ""efectivo_en_mxn"": false, ""exposicion_inicial"": 0.0, ""exposicion_max"": 1.0, ""exposicion_min"": 0.0, ""extras"": [], ""fx"": false, ""max_dias_fx"": 10, ""min_historia"": 1, ""periodos_por_anio"": 12, ""permitir_capturas"": false, ""rebalanceo_con_deriva"": true, ""segmentos"": [""desarrollo"", ""validacion"", ""prueba""], ""senal"": ""senal_comprar_y_mantener"", ""spread_por_lado"": 0.0015, ""usuario"": {""inicio"": ""1936-01-31"", ""serie"": ""Mkt-RF+RF""}, ""variante"": ""REF_MKT_SMB""}",sensibilidad: costos medio (solo overlay; no incluye la rotacion interna del factor)
2026-09-25T05:56:45.440123Z,R03,5d470123d0,F_HML,0,completo,1963-06-30,2026-07-31,757,12,USD,104.05923023896405,0.07657115987643981,0.10380776266911677,0.34819651542208596,0.5431286739673985,-0.5247302663601929,0.14592480134141667,0.1005156759549155,0.09064978530568028,5.142756575290337,0.9971263214492483,1.0,1.0,0.01585148858606024,6.974654977866504e-05,1,0.07664641530843563,0.04438160940497915,0.0029,0.0015,1990-12-31|1992-06-30,871711900fb3f8df,"French CRSP 202607 (3F sha b840dba55d31, Mom sha 7ee14e892b0f, 5F sha b8653b411cc5)","{""comision_por_lado"": 0.0029, ""cortes"": [""1990-12-31"", ""1992-06-30""], ""efectivo_en_mxn"": false, ""exposicion_inicial"": 0.0, ""exposicion_max"": 1.0, ""exposicion_min"": 0.0, ""extras"": [], ""fx"": false, ""max_dias_fx"": 10, ""min_historia"": 1, ""periodos_por_anio"": 12, ""permitir_capturas"": false, ""rebalanceo_con_deriva"": true, ""segmentos"": [""desarrollo"", ""validacion"", ""prueba""], ""senal"": ""senal_comprar_y_mantener"", ""spread_por_lado"": 0.0015, ""usuario"": {""ancla"": ""periodo 0.0 en el fin del mes previo"", ""cortes"": [""1990-12-31"", ""1992-06-30""], ""factor"": ""HML"", ""inicio"": ""1963-07-31""}, ""variante"": ""F_HML""}",sensibilidad: costos medio (solo overlay; no incluye la rotacion interna del factor)
2026-09-25T05:56:45.440123Z,R03,5d470123d0,F_HML,0,desarrollo,1963-06-30,1990-12-31,330,12,USD,21.443124513143307,0.1197533112678133,0.08954101020202798,0.5732786042560679,0.9187597047832544,-0.1919595816089512,0.623846490308401,0.16549127824394688,-0.04622886864839041,4.2034684190431815,0.9984532930673622,1.0,1.0,0.03635775433008163,0.00015997411905235913,1,0.11993285245884655,0.06883334280542375,0.0029,0.0015,1990-12-31|1992-06-30,871711900fb3f8df,"French CRSP 202607 (3F sha b840dba55d31, Mom sha 7ee14e892b0f, 5F sha b8653b411cc5)","{""comision_por_lado"": 0.0029, ""cortes"": [""1990-12-31"", ""1992-06-30""], ""efectivo_en_mxn"": false, ""exposicion_inicial"": 0.0, ""exposicion_max"": 1.0, ""exposicion_min"": 0.0, ""extras"": [], ""fx"": false, ""max_dias_fx"": 10, ""min_historia"": 1, ""periodos_por_anio"": 12, ""permitir_capturas"": false, ""rebalanceo_con_deriva"": true, ""segmentos"": [""desarrollo"", ""validacion"", ""prueba""], ""senal"": ""senal_comprar_y_mantener"", ""spread_por_lado"": 0.0015, ""usuario"": {""ancla"": ""periodo 0.0 en el fin del mes previo"", ""cortes"": [""1990-12-31"", ""1992-06-30""], ""factor"": ""HML"", ""inicio"": ""1963-07-31""}, ""variante"": ""F_HML""}",sensibilidad: costos medio (solo overlay; no incluye la rotacion interna del factor)
2026-09-25T05:56:45.440123Z,R03,5d470123d0,F_HML,0,validacion,1990-12-31,1992-06-30,18,12,USD,0.20799862702950356,0.13448426833011728,0.09471716410699059,0.849110797219753,1.8437659058155442,-0.06986455387664836,1.9249284632599295,0.2451171736733211,0.4945495752716725,2.4811332230028382,0.8564955566595717,1.0,1.0,0.0,0.0,0,0.13448426833011728,0.05012410939334888,0.0029,0.0015,1990-12-31|1992-06-30,871711900fb3f8df,"French CRSP 202607 (3F sha b840dba55d31, Mom sha 7ee14e892b0f, 5F sha b8653b411cc5)","{""comision_por_lado"": 0.0029, ""cortes"": [""1990-12-31"", ""1992-06-30""], ""efectivo_en_mxn"": false, ""exposicion_inicial"": 0.0, ""exposicion_max"": 1.0, ""exposicion_min"": 0.0, ""extras"": [], ""fx"": false, ""max_dias_fx"": 10, ""min_historia"": 1, ""periodos_por_anio"": 12, ""permitir_capturas"": false, ""rebalanceo_con_deriva"": true, ""segmentos"": [""desarrollo"", ""validacion"", ""prueba""], ""senal"": ""senal_comprar_y_mantener"", ""spread_por_lado"": 0.0015, ""usuario"": {""ancla"": ""periodo 0.0 en el fin del mes previo"", ""cortes"": [""1990-12-31"", ""1992-06-30""], ""factor"": ""HML"", ""inicio"": ""1963-07-31""}, ""variante"": ""F_HML""}",sensibilidad: costos medio (solo overlay; no incluye la rotacion interna del factor)
2026-09-25T05:56:45.440123Z,R03,5d470123d0,F_HML,0,prueba,1992-06-30,2026-07-31,409,12,USD,2.875113745941851,0.04054314614096821,0.11370257396909222,0.1912745244893277,0.29244174405224815,-0.5247302663601934,0.0772647372186036,0.055216199101515505,0.1720291921436883,5.165179824593542,0.8683992166114234,1.0,1.0,0.0,0.0,0,0.04054314614096821,0.024811233835770663,0.0029,0.0015,1990-12-31|1992-06-30,871711900fb3f8df,"French CRSP 202607 (3F sha b840dba55d31, Mom sha 7ee14e892b0f, 5F sha b8653b411cc5)","{""comision_por_lado"": 0.0029, ""cortes"": [""1990-12-31"", ""1992-06-30""], ""efectivo_en_mxn"": false, ""exposicion_inicial"": 0.0, ""exposicion_max"": 1.0, ""exposicion_min"": 0.0, ""extras"": [], ""fx"": false, ""max_dias_fx"": 10, ""min_historia"": 1, ""periodos_por_anio"": 12, ""permitir_capturas"": false, ""rebalanceo_con_deriva"": true, ""segmentos"": [""desarrollo"", ""validacion"", ""prueba""], ""senal"": ""senal_comprar_y_mantener"", ""spread_por_lado"": 0.0015, ""usuario"": {""ancla"": ""periodo 0.0 en el fin del mes previo"", ""cortes"": [""1990-12-31"", ""1992-06-30""], ""factor"": ""HML"", ""inicio"": ""1963-07-31""}, ""variante"": ""F_HML""}",sensibilidad: costos medio (solo overlay; no incluye la rotacion interna del factor)
2026-09-25T05:56:45.450142Z,R03,b55aac36fc,REF_MKT_HML,0,completo,1963-06-30,2026-07-31,757,12,USD,661.7717559471802,0.10846712965326022,0.15406632810326992,0.46483405606587497,0.6828343534533248,-0.5031170717166413,0.21559023883480857,0.13418603369906926,-0.4888857254797046,4.710525754753424,0.9998047684492889,1.0,1.0,0.01585148858606024,6.974654977866504e-05,1,0.10854461470562282,0.04438160940497915,0.0029,0.0015,1990-12-31|1992-06-30,fd0810038f894f82,"French CRSP 202607 (3F sha b840dba55d31, Mom sha 7ee14e892b0f, 5F sha b8653b411cc5)","{""comision_por_lado"": 0.0029, ""cortes"": [""1990-12-31"", ""1992-06-30""], ""efectivo_en_mxn"": false, ""exposicion_inicial"": 0.0, ""exposicion_max"": 1.0, ""exposicion_min"": 0.0, ""extras"": [], ""fx"": false, ""max_dias_fx"": 10, ""min_historia"": 1, ""periodos_por_anio"": 12, ""permitir_capturas"": false, ""rebalanceo_con_deriva"": true, ""segmentos"": [""desarrollo"", ""validacion"", ""prueba""], ""senal"": ""senal_comprar_y_mantener"", ""spread_por_lado"": 0.0015, ""usuario"": {""inicio"": ""1963-07-31"", ""serie"": ""Mkt-RF+RF""}, ""variante"": ""REF_MKT_HML""}",sensibilidad: costos medio (solo overlay; no incluye la rotacion interna del factor)
2026-09-25T05:56:45.450142Z,R03,b55aac36fc,REF_MKT_HML,0,desarrollo,1963-06-30,1990-12-31,330,12,USD,12.75887960327141,0.10000921553500941,0.15823623828179367,0.261053379910733,0.37665128895346295,-0.46507549984195595,0.21503866698846744,0.07535961958216168,-0.3959663904080611,5.328275152710305,0.9103559499019981,1.0,1.0,0.03635775433008163,0.00015997411905235913,1,0.10018559095870105,0.06883334280542375,0.0029,0.0015,1990-12-31|1992-06-30,fd0810038f894f82,"French CRSP 202607 (3F sha b840dba55d31, Mom sha 7ee14e892b0f, 5F sha b8653b411cc5)","{""comision_por_lado"": 0.0029, ""cortes"": [""1990-12-31"", ""1992-06-30""], ""efectivo_en_mxn"": false, ""exposicion_inicial"": 0.0, ""exposicion_max"": 1.0, ""exposicion_min"": 0.0, ""extras"": [], ""fx"": false, ""max_dias_fx"": 10, ""min_historia"": 1, ""periodos_por_anio"": 12, ""permitir_capturas"": false, ""rebalanceo_con_deriva"": true, ""segmentos"": [""desarrollo"", ""validacion"", ""prueba""], ""senal"": ""senal_comprar_y_mantener"", ""spread_por_lado"": 0.0015, ""usuario"": {""inicio"": ""1963-07-31"", ""serie"": ""Mkt-RF+RF""}, ""variante"": ""REF_MKT_HML""}",sensibilidad: costos medio (solo overlay; no incluye la rotacion interna del factor)
2026-09-25T05:56:45.450142Z,R03,b55aac36fc,REF_MKT_HML,0,validacion,1990-12-31,1992-06-30,18,12,USD,0.3309036428128864,0.21031050268758378,0.13837101730988519,1.1047410372697806,2.4550208850434934,-0.04520000000000002,4.6528872276014095,0.3189112676262671,0.6084192450202962,3.2053370771765763,0.9216442332671663,1.0,1.0,0.0,0.0,0,0.21031050268758378,0.05012410939334888,0.0029,0.0015,1990-12-31|1992-06-30,fd0810038f894f82,"French CRSP 202607 (3F sha b840dba55d31, Mom sha 7ee14e892b0f, 5F sha b8653b411cc5)","{""comision_por_lado"": 0.0029, ""cortes"": [""1990-12-31"", ""1992-06-30""], ""efectivo_en_mxn"": false, ""exposicion_inicial"": 0.0, ""exposicion_max"": 1.0, ""exposicion_min"": 0.0, ""extras"": [], ""fx"": false, ""max_dias_fx"": 10, ""min_historia"": 1, ""periodos_por_anio"": 12, ""permitir_capturas"": false, ""rebalanceo_con_deriva"": true, ""segmentos"": [""desarrollo"", ""validacion"", ""prueba""], ""senal"": ""senal_comprar_y_mantener"", ""spread_por_lado"": 0.0015, ""usuario"": {""inicio"": ""1963-07-31"", ""serie"": ""Mkt-RF+RF""}, ""variante"": ""REF_MKT_HML""}",sensibilidad: costos medio (solo overlay; no incluye la rotacion interna del factor)
2026-09-25T05:56:45.450142Z,R03,b55aac36fc,REF_MKT_HML,0,prueba,1992-06-30,2026-07-31,409,12,USD,35.1938105230858,0.11104045421829878,0.15153658562908814,0.6122532986350665,0.9045521624399142,-0.5031170717166413,0.22070500179894006,0.176742303389596,-0.5928776397760431,4.1316691820076485,0.9996096058275561,1.0,1.0,0.0,0.0,0,0.11104045421829878,0.024811233835770663,0.0029,0.0015,1990-12-31|1992-06-30,fd0810038f894f82,"French CRSP 202607 (3F sha b840dba55d31, Mom sha 7ee14e892b0f, 5F sha b8653b411cc5)","{""comision_por_lado"": 0.0029, ""cortes"": [""1990-12-31"", ""1992-06-30""], ""efectivo_en_mxn"": false, ""exposicion_inicial"": 0.0, ""exposicion_max"": 1.0, ""exposicion_min"": 0.0, ""extras"": [], ""fx"": false, ""max_dias_fx"": 10, ""min_historia"": 1, ""periodos_por_anio"": 12, ""permitir_capturas"": false, ""rebalanceo_con_deriva"": true, ""segmentos"": [""desarrollo"", ""validacion"", ""prueba""], ""senal"": ""senal_comprar_y_mantener"", ""spread_por_lado"": 0.0015, ""usuario"": {""inicio"": ""1963-07-31"", ""serie"": ""Mkt-RF+RF""}, ""variante"": ""REF_MKT_HML""}",sensibilidad: costos medio (solo overlay; no incluye la rotacion interna del factor)
2026-09-25T05:56:45.459795Z,R03,9d29e6e7b0,F_MOM,0,completo,1964-12-31,2026-07-31,739,12,USD,623.6618185410606,0.11019375063132819,0.1481291101429572,0.49298821961609063,0.690022877586283,-0.57738853466663,0.1908485257590911,0.14231344065133214,-1.2825686735102095,12.220748560545127,0.9997424628077762,1.0,1.0,0.016239107238129113,7.145207184776808e-05,1,0.1102732541515683,0.044625227088474606,0.0029,0.0015,1989-12-31|1993-03-31,dce35cee1ca7ba9a,"French CRSP 202607 (3F sha b840dba55d31, Mom sha 7ee14e892b0f, 5F sha b8653b411cc5)","{""comision_por_lado"": 0.0029, ""cortes"": [""1989-12-31"", ""1993-03-31""], ""efectivo_en_mxn"": false, ""exposicion_inicial"": 0.0, ""exposicion_max"": 1.0, ""exposicion_min"": 0.0, ""extras"": [], ""fx"": false, ""max_dias_fx"": 10, ""min_historia"": 1, ""periodos_por_anio"": 12, ""permitir_capturas"": false, ""rebalanceo_con_deriva"": true, ""segmentos"": [""desarrollo"", ""validacion"", ""prueba""], ""senal"": ""senal_comprar_y_mantener"", ""spread_por_lado"": 0.0015, ""usuario"": {""ancla"": ""periodo 0.0 en el fin del mes previo"", ""cortes"": [""1989-12-31"", ""1993-03-31""], ""factor"": ""MOM"", ""inicio"": ""1965-01-31""}, ""variante"": ""F_MOM""}",sensibilidad: costos medio (solo overlay; no incluye la rotacion interna del factor)
2026-09-25T05:56:45.459795Z,R03,9d29e6e7b0,F_MOM,0,desarrollo,1964-12-31,1989-12-31,300,12,USD,51.184962352343845,0.17139589018966084,0.12293517481117637,0.8011391469135527,1.2259084816025498,-0.16030436980000007,1.0691903807956005,0.2312689510644434,-0.533455785237909,5.227749448176909,0.9998840866792484,1.0,1.0,0.04000109517029898,0.00017600481874931547,1,0.17160253464760244,0.07055656847455372,0.0029,0.0015,1989-12-31|1993-03-31,dce35cee1ca7ba9a,"French CRSP 202607 (3F sha b840dba55d31, Mom sha 7ee14e892b0f, 5F sha b8653b411cc5)","{""comision_por_lado"": 0.0029, ""cortes"": [""1989-12-31"", ""1993-03-31""], ""efectivo_en_mxn"": false, ""exposicion_inicial"": 0.0, ""exposicion_max"": 1.0, ""exposicion_min"": 0.0, ""extras"": [], ""fx"": false, ""max_dias_fx"": 10, ""min_historia"": 1, ""periodos_por_anio"": 12, ""permitir_capturas"": false, ""rebalanceo_con_deriva"": true, ""segmentos"": [""desarrollo"", ""validacion"", ""prueba""], ""senal"": ""senal_comprar_y_mantener"", ""spread_por_lado"": 0.0015, ""usuario"": {""ancla"": ""periodo 0.0 en el fin del mes previo"", ""cortes"": [""1989-12-31"", ""1993-03-31""], ""factor"": ""MOM"", ""inicio"": ""1965-01-31""}, ""variante"": ""F_MOM""}",sensibilidad: costos medio (solo overlay; no incluye la rotacion interna del factor)
2026-09-25T05:56:45.459795Z,R03,9d29e6e7b0,F_MOM,0,validacion,1989-12-31,1993-03-31,39,12,USD,0.8262627299164584,0.20379657207745172,0.11315798350434329,1.2419044209907575,2.269573651163579,-0.13766266589660558,1.4804055315223765,0.3585069258834001,-0.2269184404976001,3.006279278046437,0.9805186130323,1.0,1.0,0.0,0.0,0,0.20379657207745172,0.05419639713938906,0.0029,0.0015,1989-12-31|1993-03-31,dce35cee1ca7ba9a,"French CRSP 202607 (3F sha b840dba55d31, Mom sha 7ee14e892b0f, 5F sha b8653b411cc5)","{""comision_por_lado"": 0.0029, ""cortes"": [""1989-12-31"", ""1993-03-31""], ""efectivo_en_mxn"": false, ""exposicion_inicial"": 0.0, ""exposicion_max"": 1.0, ""exposicion_min"": 0.0, ""extras"": [], ""fx"": false, ""max_dias_fx"": 10, ""min_historia"": 1, ""periodos_por_anio"": 12, ""permitir_capturas"": false, ""rebalanceo_con_deriva"": true, ""segmentos"": [""desarrollo"", ""validacion"", ""prueba""], ""senal"": ""senal_comprar_y_mantener"", ""spread_por_lado"": 0.0015, ""usuario"": {""ancla"": ""periodo 0.0 en el fin del mes previo"", ""cortes"": [""1989-12-31"", ""1993-03-31""], ""factor"": ""MOM"", ""inicio"": ""1965-01-31""}, ""variante"": ""F_MOM""}",sensibilidad: costos medio (solo overlay; no incluye la rotacion interna del factor)
2026-09-25T05:56:45.459795Z,R03,9d29e6e7b0,F_MOM,0,prueba,1993-03-31,2026-07-31,400,12,USD,5.554451142141734,0.058025390230886265,0.16631898511301274,0.2817070586330031,0.3780573490482103,-0.5773885346666299,0.10049626334265317,0.08132182306719102,-1.431716332690314,12.621309086174437,0.9362840321018018,1.0,1.0,0.0,0.0,0,0.058025390230886265,0.024679485423620307,0.0029,0.0015,1989-12-31|1993-03-31,dce35cee1ca7ba9a,"French CRSP 202607 (3F sha b840dba55d31, Mom sha 7ee14e892b0f, 5F sha b8653b411cc5)","{""comision_por_lado"": 0.0029, ""cortes"": [""1989-12-31"", ""1993-03-31""], ""efectivo_en_mxn"": false, ""exposicion_inicial"": 0.0, ""exposicion_max"": 1.0, ""exposicion_min"": 0.0, ""extras"": [], ""fx"": false, ""max_dias_fx"": 10, ""min_historia"": 1, ""periodos_por_anio"": 12, ""permitir_capturas"": false, ""rebalanceo_con_deriva"": true, ""segmentos"": [""desarrollo"", ""validacion"", ""prueba""], ""senal"": ""senal_comprar_y_mantener"", ""spread_por_lado"": 0.0015, ""usuario"": {""ancla"": ""periodo 0.0 en el fin del mes previo"", ""cortes"": [""1989-12-31"", ""1993-03-31""], ""factor"": ""MOM"", ""inicio"": ""1965-01-31""}, ""variante"": ""F_MOM""}",sensibilidad: costos medio (solo overlay; no incluye la rotacion interna del factor)
2026-09-25T05:56:45.470151Z,R03,efb073f84c,REF_MKT_MOM,0,completo,1964-12-31,2026-07-31,739,12,USD,525.7723251842109,0.1071251765859238,0.15566391435035268,0.45230595654602135,0.6635554702741384,-0.5031170717166413,0.2129229608933989,0.1305694828839583,-0.4803648899147851,4.624937533674404,0.9996823341408881,1.0,1.0,0.016239107238129113,7.145207184776808e-05,1,0.10720446035854003,0.044625227088474606,0.0029,0.0015,1989-12-31|1993-03-31,621672657cd6055e,"French CRSP 202607 (3F sha b840dba55d31, Mom sha 7ee14e892b0f, 5F sha b8653b411cc5)","{""comision_por_lado"": 0.0029, ""cortes"": [""1989-12-31"", ""1993-03-31""], ""efectivo_en_mxn"": false, ""exposicion_inicial"": 0.0, ""exposicion_max"": 1.0, ""exposicion_min"": 0.0, ""extras"": [], ""fx"": false, ""max_dias_fx"": 10, ""min_historia"": 1, ""periodos_por_anio"": 12, ""permitir_capturas"": false, ""rebalanceo_con_deriva"": true, ""segmentos"": [""desarrollo"", ""validacion"", ""prueba""], ""senal"": ""senal_comprar_y_mantener"", ""spread_por_lado"": 0.0015, ""usuario"": {""inicio"": ""1965-01-31"", ""serie"": ""Mkt-RF+RF""}, ""variante"": ""REF_MKT_MOM""}",sensibilidad: costos medio (solo overlay; no incluye la rotacion interna del factor)
2026-09-25T05:56:45.470151Z,R03,efb073f84c,REF_MKT_MOM,0,desarrollo,1964-12-31,1989-12-31,300,12,USD,10.636571494262437,0.10314898299883501,0.16104718709711402,0.2670547613825617,0.3871452150949959,-0.46507549984195595,0.22178975893997332,0.07709206918629663,-0.3855614056681564,5.303218097705143,0.9048354976336821,1.0,1.0,0.04000109517029898,0.00017600481874931547,1,0.10334358810674926,0.07055656847455372,0.0029,0.0015,1989-12-31|1993-03-31,621672657cd6055e,"French CRSP 202607 (3F sha b840dba55d31, Mom sha 7ee14e892b0f, 5F sha b8653b411cc5)","{""comision_por_lado"": 0.0029, ""cortes"": [""1989-12-31"", ""1993-03-31""], ""efectivo_en_mxn"": false, ""exposicion_inicial"": 0.0, ""exposicion_max"": 1.0, ""exposicion_min"": 0.0, ""extras"": [], ""fx"": false, ""max_dias_fx"": 10, ""min_historia"": 1, ""periodos_por_anio"": 12, ""permitir_capturas"": false, ""rebalanceo_con_deriva"": true, ""segmentos"": [""desarrollo"", ""validacion"", ""prueba""], ""senal"": ""senal_comprar_y_mantener"", ""spread_por_lado"": 0.0015, ""usuario"": {""inicio"": ""1965-01-31"", ""serie"": ""Mkt-RF+RF""}, ""variante"": ""REF_MKT_MOM""}",sensibilidad: costos medio (solo overlay; no incluye la rotacion interna del factor)
2026-09-25T05:56:45.470151Z,R03,efb073f84c,REF_MKT_MOM,0,validacion,1989-12-31,1993-03-31,39,12,USD,0.44804829358171805,0.12076878481463571,0.14508965314381558,0.4922607753720375,0.7686276134617642,-0.16924286745793238,0.7135827147614031,0.1421034455862699,-0.11334252376196945,3.5205808435253436,0.8061025739705427,1.0,1.0,0.0,0.0,0,0.12076878481463571,0.05419639713938906,0.0029,0.0015,1989-12-31|1993-03-31,621672657cd6055e,"French CRSP 202607 (3F sha b840dba55d31, Mom sha 7ee14e892b0f, 5F sha b8653b411cc5)","{""comision_por_lado"": 0.0029, ""cortes"": [""1989-12-31"", ""1993-03-31""], ""efectivo_en_mxn"": false, ""exposicion_inicial"": 0.0, ""exposicion_max"": 1.0, ""exposicion_min"": 0.0, ""extras"": [], ""fx"": false, ""max_dias_fx"": 10, ""min_historia"": 1, ""periodos_por_anio"": 12, ""permitir_capturas"": false, ""rebalanceo_con_deriva"": true, ""segmentos"": [""desarrollo"", ""validacion"", ""prueba""], ""senal"": ""senal_comprar_y_mantener"", ""spread_por_lado"": 0.0015, ""usuario"": {""inicio"": ""1965-01-31"", ""serie"": ""Mkt-RF+RF""}, ""variante"": ""REF_MKT_MOM""}",sensibilidad: costos medio (solo overlay; no incluye la rotacion interna del factor)
2026-09-25T05:56:45.470151Z,R03,efb073f84c,REF_MKT_MOM,0,prueba,1993-03-31,2026-07-31,400,12,USD,30.26186348285444,0.10879292434206467,0.15289376722791173,0.595623038043881,0.878780273354136,-0.5031170717166411,0.2162377912776086,0.1719415606750887,-0.5816000599805892,4.066564877686963,0.9994054251919228,1.0,1.0,0.0,0.0,0,0.10879292434206467,0.024679485423620307,0.0029,0.0015,1989-12-31|1993-03-31,621672657cd6055e,"French CRSP 202607 (3F sha b840dba55d31, Mom sha 7ee14e892b0f, 5F sha b8653b411cc5)","{""comision_por_lado"": 0.0029, ""cortes"": [""1989-12-31"", ""1993-03-31""], ""efectivo_en_mxn"": false, ""exposicion_inicial"": 0.0, ""exposicion_max"": 1.0, ""exposicion_min"": 0.0, ""extras"": [], ""fx"": false, ""max_dias_fx"": 10, ""min_historia"": 1, ""periodos_por_anio"": 12, ""permitir_capturas"": false, ""rebalanceo_con_deriva"": true, ""segmentos"": [""desarrollo"", ""validacion"", ""prueba""], ""senal"": ""senal_comprar_y_mantener"", ""spread_por_lado"": 0.0015, ""usuario"": {""inicio"": ""1965-01-31"", ""serie"": ""Mkt-RF+RF""}, ""variante"": ""REF_MKT_MOM""}",sensibilidad: costos medio (solo overlay; no incluye la rotacion interna del factor)
2026-09-25T05:56:45.480280Z,R03,6919daa358,F_RMW,0,completo,1963-06-30,2026-07-31,757,12,USD,86.88119473057358,0.07352866300034155,0.07952162549467952,0.38925436768812893,0.5964618013736811,-0.37489077723610276,0.1961335606664815,0.11236805698398941,-0.2364671331295973,13.388271744555624,0.9986182618442243,1.0,1.0,0.01585148858606024,6.974654977866504e-05,1,0.07360370575302211,0.04438160940497915,0.0029,0.0015,2013-12-31|2015-04-30,f3af8b53d8ba66ed,"French CRSP 202607 (3F sha b840dba55d31, Mom sha 7ee14e892b0f, 5F sha b8653b411cc5)","{""comision_por_lado"": 0.0029, ""cortes"": [""2013-12-31"", ""2015-04-30""], ""efectivo_en_mxn"": false, ""exposicion_inicial"": 0.0, ""exposicion_max"": 1.0, ""exposicion_min"": 0.0, ""extras"": [], ""fx"": false, ""max_dias_fx"": 10, ""min_historia"": 1, ""periodos_por_anio"": 12, ""permitir_capturas"": false, ""rebalanceo_con_deriva"": true, ""segmentos"": [""desarrollo"", ""validacion"", ""prueba""], ""senal"": ""senal_comprar_y_mantener"", ""spread_por_lado"": 0.0015, ""usuario"": {""ancla"": ""periodo 0.0 en el fin del mes previo"", ""cortes"": [""2013-12-31"", ""2015-04-30""], ""factor"": ""RMW"", ""inicio"": ""1963-07-31""}, ""variante"": ""F_RMW""}",sensibilidad: costos medio (solo overlay; no incluye la rotacion interna del factor)
2026-09-25T05:56:45.480280Z,R03,6919daa358,F_RMW,0,desarrollo,1963-06-30,2013-12-31,606,12,USD,51.91349004585922,0.08174914051126891,0.07836383144131231,0.4119005229750988,0.6264272861718708,-0.37489077723610276,0.2180612206946453,0.11890543890951048,-0.4563780901142233,15.797091941472335,0.9972844948228426,1.0,1.0,0.01979996747438608,8.711985688729874e-05,1,0.08184359440721622,0.050950534824715454,0.0029,0.0015,2013-12-31|2015-04-30,f3af8b53d8ba66ed,"French CRSP 202607 (3F sha b840dba55d31, Mom sha 7ee14e892b0f, 5F sha b8653b411cc5)","{""comision_por_lado"": 0.0029, ""cortes"": [""2013-12-31"", ""2015-04-30""], ""efectivo_en_mxn"": false, ""exposicion_inicial"": 0.0, ""exposicion_max"": 1.0, ""exposicion_min"": 0.0, ""extras"": [], ""fx"": false, ""max_dias_fx"": 10, ""min_historia"": 1, ""periodos_por_anio"": 12, ""permitir_capturas"": false, ""rebalanceo_con_deriva"": true, ""segmentos"": [""desarrollo"", ""validacion"", ""prueba""], ""senal"": ""senal_comprar_y_mantener"", ""spread_por_lado"": 0.0015, ""usuario"": {""ancla"": ""periodo 0.0 en el fin del mes previo"", ""cortes"": [""2013-12-31"", ""2015-04-30""], ""factor"": ""RMW"", ""inicio"": ""1963-07-31""}, ""variante"": ""F_RMW""}",sensibilidad: costos medio (solo overlay; no incluye la rotacion interna del factor)
2026-09-25T05:56:45.480280Z,R03,6919daa358,F_RMW,0,validacion,2013-12-31,2015-04-30,16,12,USD,0.011921846917991807,0.008965107769165481,0.05983433378922172,0.17673799189028375,0.26067404097918984,-0.04150224999999996,0.21601498157727567,0.05101986359694461,-0.3108855883564137,3.35785903557796,0.577656757751581,1.0,1.0,0.0,0.0,0,0.008965107769165481,0.0,0.0029,0.0015,2013-12-31|2015-04-30,f3af8b53d8ba66ed,"French CRSP 202607 (3F sha b840dba55d31, Mom sha 7ee14e892b0f, 5F sha b8653b411cc5)","{""comision_por_lado"": 0.0029, ""cortes"": [""2013-12-31"", ""2015-04-30""], ""efectivo_en_mxn"": false, ""exposicion_inicial"": 0.0, ""exposicion_max"": 1.0, ""exposicion_min"": 0.0, ""extras"": [], ""fx"": false, ""max_dias_fx"": 10, ""min_historia"": 1, ""periodos_por_anio"": 12, ""permitir_capturas"": false, ""rebalanceo_con_deriva"": true, ""segmentos"": [""desarrollo"", ""validacion"", ""prueba""], ""senal"": ""senal_comprar_y_mantener"", ""spread_por_lado"": 0.0015, ""usuario"": {""ancla"": ""periodo 0.0 en el fin del mes previo"", ""cortes"": [""2013-12-31"", ""2015-04-30""], ""factor"": ""RMW"", ""inicio"": ""1963-07-31""}, ""variante"": ""F_RMW""}",sensibilidad: costos medio (solo overlay; no incluye la rotacion interna del factor)
2026-09-25T05:56:45.480280Z,R03,6919daa358,F_RMW,0,prueba,2015-04-30,2026-07-31,135,12,USD,0.6412796045119622,0.04501608886157382,0.08619223045252643,0.31597707868449665,0.5020102113133955,-0.2051387745480866,0.2194421262423092,0.09121472571812286,0.495775315852727,5.876934727959172,0.8587919948701834,1.0,1.0,0.0,0.0,0,0.04501608886157382,0.02061683518637003,0.0029,0.0015,2013-12-31|2015-04-30,f3af8b53d8ba66ed,"French CRSP 202607 (3F sha b840dba55d31, Mom sha 7ee14e892b0f, 5F sha b8653b411cc5)","{""comision_por_lado"": 0.0029, ""cortes"": [""2013-12-31"", ""2015-04-30""], ""efectivo_en_mxn"": false, ""exposicion_inicial"": 0.0, ""exposicion_max"": 1.0, ""exposicion_min"": 0.0, ""extras"": [], ""fx"": false, ""max_dias_fx"": 10, ""min_historia"": 1, ""periodos_por_anio"": 12, ""permitir_capturas"": false, ""rebalanceo_con_deriva"": true, ""segmentos"": [""desarrollo"", ""validacion"", ""prueba""], ""senal"": ""senal_comprar_y_mantener"", ""spread_por_lado"": 0.0015, ""usuario"": {""ancla"": ""periodo 0.0 en el fin del mes previo"", ""cortes"": [""2013-12-31"", ""2015-04-30""], ""factor"": ""RMW"", ""inicio"": ""1963-07-31""}, ""variante"": ""F_RMW""}",sensibilidad: costos medio (solo overlay; no incluye la rotacion interna del factor)
2026-09-25T05:56:45.490375Z,R03,e6894179fd,REF_MKT_RMW,0,completo,1963-06-30,2026-07-31,757,12,USD,661.7717559471802,0.10846712965326022,0.15406632810326992,0.46483405606587497,0.6828343534533248,-0.5031170717166413,0.21559023883480857,0.13418603369906926,-0.4888857254797046,4.710525754753424,0.9998047684492889,1.0,1.0,0.01585148858606024,6.974654977866504e-05,1,0.10854461470562282,0.04438160940497915,0.0029,0.0015,2013-12-31|2015-04-30,fd0810038f894f82,"French CRSP 202607 (3F sha b840dba55d31, Mom sha 7ee14e892b0f, 5F sha b8653b411cc5)","{""comision_por_lado"": 0.0029, ""cortes"": [""2013-12-31"", ""2015-04-30""], ""efectivo_en_mxn"": false, ""exposicion_inicial"": 0.0, ""exposicion_max"": 1.0, ""exposicion_min"": 0.0, ""extras"": [], ""fx"": false, ""max_dias_fx"": 10, ""min_historia"": 1, ""periodos_por_anio"": 12, ""permitir_capturas"": false, ""rebalanceo_con_deriva"": true, ""segmentos"": [""desarrollo"", ""validacion"", ""prueba""], ""senal"": ""senal_comprar_y_mantener"", ""spread_por_lado"": 0.0015, ""usuario"": {""inicio"": ""1963-07-31"", ""serie"": ""Mkt-RF+RF""}, ""variante"": ""REF_MKT_RMW""}",sensibilidad: costos medio (solo overlay; no incluye la rotacion interna del factor)
2026-09-25T05:56:45.490375Z,R03,e6894179fd,REF_MKT_RMW,0,desarrollo,1963-06-30,2013-12-31,606,12,USD,135.78328178221298,0.10228369738108611,0.15487004656926803,0.3865488203149208,0.5578910191433292,-0.5031170717166413,0.20329999344306274,0.11158703273187592,-0.5305995027122048,4.895287814561209,0.9959959525762168,1.0,1.0,0.01979996747438608,8.711985688729874e-05,1,0.10237994427027486,0.050950534824715454,0.0029,0.0015,2013-12-31|2015-04-30,fd0810038f894f82,"French CRSP 202607 (3F sha b840dba55d31, Mom sha 7ee14e892b0f, 5F sha b8653b411cc5)","{""comision_por_lado"": 0.0029, ""cortes"": [""2013-12-31"", ""2015-04-30""], ""efectivo_en_mxn"": false, ""exposicion_inicial"": 0.0, ""exposicion_max"": 1.0, ""exposicion_min"": 0.0, ""extras"": [], ""fx"": false, ""max_dias_fx"": 10, ""min_historia"": 1, ""periodos_por_anio"": 12, ""permitir_capturas"": false, ""rebalanceo_con_deriva"": true, ""segmentos"": [""desarrollo"", ""validacion"", ""prueba""], ""senal"": ""senal_comprar_y_mantener"", ""spread_por_lado"": 0.0015, ""usuario"": {""inicio"": ""1963-07-31"", ""serie"": ""Mkt-RF+RF""}, ""variante"": ""REF_MKT_RMW""}",sensibilidad: costos medio (solo overlay; no incluye la rotacion interna del factor)
2026-09-25T05:56:45.490375Z,R03,e6894179fd,REF_MKT_RMW,0,validacion,2013-12-31,2015-04-30,16,12,USD,0.1431040250968072,0.10597156739104574,0.09765087813225234,1.0767952322721697,2.2218765579580007,-0.03320000000000001,3.191914680453184,0.3108440086072214,0.1815870121326212,2.0658317776173574,0.8892991699743409,1.0,1.0,0.0,0.0,0,0.10597156739104574,0.0,0.0029,0.0015,2013-12-31|2015-04-30,fd0810038f894f82,"French CRSP 202607 (3F sha b840dba55d31, Mom sha 7ee14e892b0f, 5F sha b8653b411cc5)","{""comision_por_lado"": 0.0029, ""cortes"": [""2013-12-31"", ""2015-04-30""], ""efectivo_en_mxn"": false, ""exposicion_inicial"": 0.0, ""exposicion_max"": 1.0, ""exposicion_min"": 0.0, ""extras"": [], ""fx"": false, ""max_dias_fx"": 10, ""min_historia"": 1, ""periodos_por_anio"": 12, ""permitir_capturas"": false, ""rebalanceo_con_deriva"": true, ""segmentos"": [""desarrollo"", ""validacion"", ""prueba""], ""senal"": ""senal_comprar_y_mantener"", ""spread_por_lado"": 0.0015, ""usuario"": {""inicio"": ""1963-07-31"", ""serie"": ""Mkt-RF+RF""}, ""variante"": ""REF_MKT_RMW""}",sensibilidad: costos medio (solo overlay; no incluye la rotacion interna del factor)
2026-09-25T05:56:45.490375Z,R03,e6894179fd,REF_MKT_RMW,0,prueba,2015-04-30,2026-07-31,135,12,USD,3.238822386472143,0.13695274026838078,0.15649529452126298,0.7725103215549586,1.2209888573864625,-0.24844932247034712,0.5512300814775872,0.22300452105075985,-0.30869233570874094,3.663319073553175,0.9930366432630752,1.0,1.0,0.0,0.0,0,0.13695274026838078,0.02061683518637003,0.0029,0.0015,2013-12-31|2015-04-30,fd0810038f894f82,"French CRSP 202607 (3F sha b840dba55d31, Mom sha 7ee14e892b0f, 5F sha b8653b411cc5)","{""comision_por_lado"": 0.0029, ""cortes"": [""2013-12-31"", ""2015-04-30""], ""efectivo_en_mxn"": false, ""exposicion_inicial"": 0.0, ""exposicion_max"": 1.0, ""exposicion_min"": 0.0, ""extras"": [], ""fx"": false, ""max_dias_fx"": 10, ""min_historia"": 1, ""periodos_por_anio"": 12, ""permitir_capturas"": false, ""rebalanceo_con_deriva"": true, ""segmentos"": [""desarrollo"", ""validacion"", ""prueba""], ""senal"": ""senal_comprar_y_mantener"", ""spread_por_lado"": 0.0015, ""usuario"": {""inicio"": ""1963-07-31"", ""serie"": ""Mkt-RF+RF""}, ""variante"": ""REF_MKT_RMW""}",sensibilidad: costos medio (solo overlay; no incluye la rotacion interna del factor)
2026-09-25T05:56:45.500701Z,R03,944ab081c3,F_CMA,0,completo,1963-06-30,2026-07-31,757,12,USD,82.97963073998028,0.07275617123936118,0.07283160726772106,0.41101878776392003,0.6687140020909491,-0.20959621242835036,0.3471254103135694,0.11865090387874645,0.26107337088555876,4.3170116577025,0.9995066807531514,1.0,1.0,0.01585148858606024,6.974654977866504e-05,1,0.07283115999263767,0.04438160940497915,0.0029,0.0015,2013-12-31|2015-04-30,5f363febd238a56d,"French CRSP 202607 (3F sha b840dba55d31, Mom sha 7ee14e892b0f, 5F sha b8653b411cc5)","{""comision_por_lado"": 0.0029, ""cortes"": [""2013-12-31"", ""2015-04-30""], ""efectivo_en_mxn"": false, ""exposicion_inicial"": 0.0, ""exposicion_max"": 1.0, ""exposicion_min"": 0.0, ""extras"": [], ""fx"": false, ""max_dias_fx"": 10, ""min_historia"": 1, ""periodos_por_anio"": 12, ""permitir_capturas"": false, ""rebalanceo_con_deriva"": true, ""segmentos"": [""desarrollo"", ""validacion"", ""prueba""], ""senal"": ""senal_comprar_y_mantener"", ""spread_por_lado"": 0.0015, ""usuario"": {""ancla"": ""periodo 0.0 en el fin del mes previo"", ""cortes"": [""2013-12-31"", ""2015-04-30""], ""factor"": ""CMA"", ""inicio"": ""1963-07-31""}, ""variante"": ""F_CMA""}",sensibilidad: costos medio (solo overlay; no incluye la rotacion interna del factor)
2026-09-25T05:56:45.500701Z,R03,944ab081c3,F_CMA,0,desarrollo,1963-06-30,2013-12-31,606,12,USD,75.68632500601242,0.08972610208980991,0.07026739684737798,0.5603823745572087,0.9428603777377768,-0.13929215680235318,0.6441576047754477,0.1617684573998631,0.2620809984391482,4.403199823720936,0.9999708570565351,1.0,1.0,0.01979996747438608,8.711985688729874e-05,1,0.08982125250130846,0.050950534824715454,0.0029,0.0015,2013-12-31|2015-04-30,5f363febd238a56d,"French CRSP 202607 (3F sha b840dba55d31, Mom sha 7ee14e892b0f, 5F sha b8653b411cc5)","{""comision_por_lado"": 0.0029, ""cortes"": [""2013-12-31"", ""2015-04-30""], ""efectivo_en_mxn"": false, ""exposicion_inicial"": 0.0, ""exposicion_max"": 1.0, ""exposicion_min"": 0.0, ""extras"": [], ""fx"": false, ""max_dias_fx"": 10, ""min_historia"": 1, ""periodos_por_anio"": 12, ""permitir_capturas"": false, ""rebalanceo_con_deriva"": true, ""segmentos"": [""desarrollo"", ""validacion"", ""prueba""], ""senal"": ""senal_comprar_y_mantener"", ""spread_por_lado"": 0.0015, ""usuario"": {""ancla"": ""periodo 0.0 en el fin del mes previo"", ""cortes"": [""2013-12-31"", ""2015-04-30""], ""factor"": ""CMA"", ""inicio"": ""1963-07-31""}, ""variante"": ""F_CMA""}",sensibilidad: costos medio (solo overlay; no incluye la rotacion interna del factor)
2026-09-25T05:56:45.500701Z,R03,944ab081c3,F_CMA,0,validacion,2013-12-31,2015-04-30,16,12,USD,-0.06154263104819413,-0.04670877409592178,0.037758912855112764,-1.241428750342129,-1.417626020533084,-0.06840623277382063,-0.6828145945466746,-0.3583696115948845,0.43336788733574044,2.4298687961593246,0.10268728339570232,1.0,1.0,0.0,0.0,0,-0.04670877409592178,0.0,0.0029,0.0015,2013-12-31|2015-04-30,5f363febd238a56d,"French CRSP 202607 (3F sha b840dba55d31, Mom sha 7ee14e892b0f, 5F sha b8653b411cc5)","{""comision_por_lado"": 0.0029, ""cortes"": [""2013-12-31"", ""2015-04-30""], ""efectivo_en_mxn"": false, ""exposicion_inicial"": 0.0, ""exposicion_max"": 1.0, ""exposicion_min"": 0.0, ""extras"": [], ""fx"": false, ""max_dias_fx"": 10, ""min_historia"": 1, ""periodos_por_anio"": 12, ""permitir_capturas"": false, ""rebalanceo_con_deriva"": true, ""segmentos"": [""desarrollo"", ""validacion"", ""prueba""], ""senal"": ""senal_comprar_y_mantener"", ""spread_por_lado"": 0.0015, ""usuario"": {""ancla"": ""periodo 0.0 en el fin del mes previo"", ""cortes"": [""2013-12-31"", ""2015-04-30""], ""factor"": ""CMA"", ""inicio"": ""1963-07-31""}, ""variante"": ""F_CMA""}",sensibilidad: costos medio (solo overlay; no incluye la rotacion interna del factor)
2026-09-25T05:56:45.500701Z,R03,944ab081c3,F_CMA,0,prueba,2015-04-30,2026-07-31,135,12,USD,0.16692108205997847,0.013813065502857214,0.08352943318947653,-0.038904397608419614,-0.058013372684659066,-0.1744806664266665,0.079166739706733,-0.01123073221594065,0.31632135777963966,3.756963989568631,0.44837451804706385,1.0,1.0,0.0,0.0,0,0.013813065502857214,0.02061683518637003,0.0029,0.0015,2013-12-31|2015-04-30,5f363febd238a56d,"French CRSP 202607 (3F sha b840dba55d31, Mom sha 7ee14e892b0f, 5F sha b8653b411cc5)","{""comision_por_lado"": 0.0029, ""cortes"": [""2013-12-31"", ""2015-04-30""], ""efectivo_en_mxn"": false, ""exposicion_inicial"": 0.0, ""exposicion_max"": 1.0, ""exposicion_min"": 0.0, ""extras"": [], ""fx"": false, ""max_dias_fx"": 10, ""min_historia"": 1, ""periodos_por_anio"": 12, ""permitir_capturas"": false, ""rebalanceo_con_deriva"": true, ""segmentos"": [""desarrollo"", ""validacion"", ""prueba""], ""senal"": ""senal_comprar_y_mantener"", ""spread_por_lado"": 0.0015, ""usuario"": {""ancla"": ""periodo 0.0 en el fin del mes previo"", ""cortes"": [""2013-12-31"", ""2015-04-30""], ""factor"": ""CMA"", ""inicio"": ""1963-07-31""}, ""variante"": ""F_CMA""}",sensibilidad: costos medio (solo overlay; no incluye la rotacion interna del factor)
2026-09-25T05:56:45.510151Z,R03,ea29454301,REF_MKT_CMA,0,completo,1963-06-30,2026-07-31,757,12,USD,661.7717559471802,0.10846712965326022,0.15406632810326992,0.46483405606587497,0.6828343534533248,-0.5031170717166413,0.21559023883480857,0.13418603369906926,-0.4888857254797046,4.710525754753424,0.9998047684492889,1.0,1.0,0.01585148858606024,6.974654977866504e-05,1,0.10854461470562282,0.04438160940497915,0.0029,0.0015,2013-12-31|2015-04-30,fd0810038f894f82,"French CRSP 202607 (3F sha b840dba55d31, Mom sha 7ee14e892b0f, 5F sha b8653b411cc5)","{""comision_por_lado"": 0.0029, ""cortes"": [""2013-12-31"", ""2015-04-30""], ""efectivo_en_mxn"": false, ""exposicion_inicial"": 0.0, ""exposicion_max"": 1.0, ""exposicion_min"": 0.0, ""extras"": [], ""fx"": false, ""max_dias_fx"": 10, ""min_historia"": 1, ""periodos_por_anio"": 12, ""permitir_capturas"": false, ""rebalanceo_con_deriva"": true, ""segmentos"": [""desarrollo"", ""validacion"", ""prueba""], ""senal"": ""senal_comprar_y_mantener"", ""spread_por_lado"": 0.0015, ""usuario"": {""inicio"": ""1963-07-31"", ""serie"": ""Mkt-RF+RF""}, ""variante"": ""REF_MKT_CMA""}",sensibilidad: costos medio (solo overlay; no incluye la rotacion interna del factor)
2026-09-25T05:56:45.510151Z,R03,ea29454301,REF_MKT_CMA,0,desarrollo,1963-06-30,2013-12-31,606,12,USD,135.78328178221298,0.10228369738108611,0.15487004656926803,0.3865488203149208,0.5578910191433292,-0.5031170717166413,0.20329999344306274,0.11158703273187592,-0.5305995027122048,4.895287814561209,0.9959959525762168,1.0,1.0,0.01979996747438608,8.711985688729874e-05,1,0.10237994427027486,0.050950534824715454,0.0029,0.0015,2013-12-31|2015-04-30,fd0810038f894f82,"French CRSP 202607 (3F sha b840dba55d31, Mom sha 7ee14e892b0f, 5F sha b8653b411cc5)","{""comision_por_lado"": 0.0029, ""cortes"": [""2013-12-31"", ""2015-04-30""], ""efectivo_en_mxn"": false, ""exposicion_inicial"": 0.0, ""exposicion_max"": 1.0, ""exposicion_min"": 0.0, ""extras"": [], ""fx"": false, ""max_dias_fx"": 10, ""min_historia"": 1, ""periodos_por_anio"": 12, ""permitir_capturas"": false, ""rebalanceo_con_deriva"": true, ""segmentos"": [""desarrollo"", ""validacion"", ""prueba""], ""senal"": ""senal_comprar_y_mantener"", ""spread_por_lado"": 0.0015, ""usuario"": {""inicio"": ""1963-07-31"", ""serie"": ""Mkt-RF+RF""}, ""variante"": ""REF_MKT_CMA""}",sensibilidad: costos medio (solo overlay; no incluye la rotacion interna del factor)
2026-09-25T05:56:45.510151Z,R03,ea29454301,REF_MKT_CMA,0,validacion,2013-12-31,2015-04-30,16,12,USD,0.1431040250968072,0.10597156739104574,0.09765087813225234,1.0767952322721697,2.2218765579580007,-0.03320000000000001,3.191914680453184,0.3108440086072214,0.1815870121326212,2.0658317776173574,0.8892991699743409,1.0,1.0,0.0,0.0,0,0.10597156739104574,0.0,0.0029,0.0015,2013-12-31|2015-04-30,fd0810038f894f82,"French CRSP 202607 (3F sha b840dba55d31, Mom sha 7ee14e892b0f, 5F sha b8653b411cc5)","{""comision_por_lado"": 0.0029, ""cortes"": [""2013-12-31"", ""2015-04-30""], ""efectivo_en_mxn"": false, ""exposicion_inicial"": 0.0, ""exposicion_max"": 1.0, ""exposicion_min"": 0.0, ""extras"": [], ""fx"": false, ""max_dias_fx"": 10, ""min_historia"": 1, ""periodos_por_anio"": 12, ""permitir_capturas"": false, ""rebalanceo_con_deriva"": true, ""segmentos"": [""desarrollo"", ""validacion"", ""prueba""], ""senal"": ""senal_comprar_y_mantener"", ""spread_por_lado"": 0.0015, ""usuario"": {""inicio"": ""1963-07-31"", ""serie"": ""Mkt-RF+RF""}, ""variante"": ""REF_MKT_CMA""}",sensibilidad: costos medio (solo overlay; no incluye la rotacion interna del factor)
2026-09-25T05:56:45.510151Z,R03,ea29454301,REF_MKT_CMA,0,prueba,2015-04-30,2026-07-31,135,12,USD,3.238822386472143,0.13695274026838078,0.15649529452126298,0.7725103215549586,1.2209888573864625,-0.24844932247034712,0.5512300814775872,0.22300452105075985,-0.30869233570874094,3.663319073553175,0.9930366432630752,1.0,1.0,0.0,0.0,0,0.13695274026838078,0.02061683518637003,0.0029,0.0015,2013-12-31|2015-04-30,fd0810038f894f82,"French CRSP 202607 (3F sha b840dba55d31, Mom sha 7ee14e892b0f, 5F sha b8653b411cc5)","{""comision_por_lado"": 0.0029, ""cortes"": [""2013-12-31"", ""2015-04-30""], ""efectivo_en_mxn"": false, ""exposicion_inicial"": 0.0, ""exposicion_max"": 1.0, ""exposicion_min"": 0.0, ""extras"": [], ""fx"": false, ""max_dias_fx"": 10, ""min_historia"": 1, ""periodos_por_anio"": 12, ""permitir_capturas"": false, ""rebalanceo_con_deriva"": true, ""segmentos"": [""desarrollo"", ""validacion"", ""prueba""], ""senal"": ""senal_comprar_y_mantener"", ""spread_por_lado"": 0.0015, ""usuario"": {""inicio"": ""1963-07-31"", ""serie"": ""Mkt-RF+RF""}, ""variante"": ""REF_MKT_CMA""}",sensibilidad: costos medio (solo overlay; no incluye la rotacion interna del factor)
2026-09-25T05:56:45.520048Z,R03,b86b6d6d5c,F_EW5,0,completo,1963-06-30,2026-07-31,757,12,USD,149.7393040388197,0.08274985089326026,0.045098549215571666,0.8544926057051723,1.4454651821877158,-0.13453127030892298,0.615097521217502,0.246670767962213,0.13639870572970575,8.41551700621218,0.9999999999668607,1.0,1.0,0.01585148858606024,6.974654977866504e-05,1,0.08282553823359518,0.04438160940497915,0.0029,0.0015,2013-12-31|2015-04-30,c5358aea53419711,"French CRSP 202607 (3F sha b840dba55d31, Mom sha 7ee14e892b0f, 5F sha b8653b411cc5)","{""comision_por_lado"": 0.0029, ""cortes"": [""2013-12-31"", ""2015-04-30""], ""efectivo_en_mxn"": false, ""exposicion_inicial"": 0.0, ""exposicion_max"": 1.0, ""exposicion_min"": 0.0, ""extras"": [], ""fx"": false, ""max_dias_fx"": 10, ""min_historia"": 1, ""periodos_por_anio"": 12, ""permitir_capturas"": false, ""rebalanceo_con_deriva"": true, ""segmentos"": [""desarrollo"", ""validacion"", ""prueba""], ""senal"": ""senal_comprar_y_mantener"", ""spread_por_lado"": 0.0015, ""usuario"": {""ancla"": ""periodo 0.0 en el fin del mes previo"", ""cortes"": [""2013-12-31"", ""2015-04-30""], ""factor"": ""EW5"", ""inicio"": ""1963-07-31""}, ""variante"": ""F_EW5""}",sensibilidad: costos medio (solo overlay; no incluye la rotacion interna del factor)
2026-09-25T05:56:45.520048Z,R03,b86b6d6d5c,F_EW5,0,desarrollo,1963-06-30,2013-12-31,606,12,USD,114.17161535931723,0.09853670653101432,0.044550785183038906,1.0519757594687382,1.8264293823688387,-0.13453127030892298,0.7324446301944919,0.3036792439551185,0.12102559404828624,9.49902600018039,0.9999999999980071,1.0,1.0,0.01979996747438608,8.711985688729874e-05,1,0.0986326262483379,0.050950534824715454,0.0029,0.0015,2013-12-31|2015-04-30,c5358aea53419711,"French CRSP 202607 (3F sha b840dba55d31, Mom sha 7ee14e892b0f, 5F sha b8653b411cc5)","{""comision_por_lado"": 0.0029, ""cortes"": [""2013-12-31"", ""2015-04-30""], ""efectivo_en_mxn"": false, ""exposicion_inicial"": 0.0, ""exposicion_max"": 1.0, ""exposicion_min"": 0.0, ""extras"": [], ""fx"": false, ""max_dias_fx"": 10, ""min_historia"": 1, ""periodos_por_anio"": 12, ""permitir_capturas"": false, ""rebalanceo_con_deriva"": true, ""segmentos"": [""desarrollo"", ""validacion"", ""prueba""], ""senal"": ""senal_comprar_y_mantener"", ""spread_por_lado"": 0.0015, ""usuario"": {""ancla"": ""periodo 0.0 en el fin del mes previo"", ""cortes"": [""2013-12-31"", ""2015-04-30""], ""factor"": ""EW5"", ""inicio"": ""1963-07-31""}, ""variante"": ""F_EW5""}",sensibilidad: costos medio (solo overlay; no incluye la rotacion interna del factor)
2026-09-25T05:56:45.520048Z,R03,b86b6d6d5c,F_EW5,0,validacion,2013-12-31,2015-04-30,16,12,USD,-0.03891780986665405,-0.02945186566661362,0.02785129512248936,-1.0545290576553588,-1.2151487711255433,-0.039264756853750415,-0.7500839945682866,-0.3044163176528019,-0.04762402241794539,2.4156323359125955,0.12133120126296443,1.0,1.0,0.0,0.0,0,-0.02945186566661362,0.0,0.0029,0.0015,2013-12-31|2015-04-30,c5358aea53419711,"French CRSP 202607 (3F sha b840dba55d31, Mom sha 7ee14e892b0f, 5F sha b8653b411cc5)","{""comision_por_lado"": 0.0029, ""cortes"": [""2013-12-31"", ""2015-04-30""], ""efectivo_en_mxn"": false, ""exposicion_inicial"": 0.0, ""exposicion_max"": 1.0, ""exposicion_min"": 0.0, ""extras"": [], ""fx"": false, ""max_dias_fx"": 10, ""min_historia"": 1, ""periodos_por_anio"": 12, ""permitir_capturas"": false, ""rebalanceo_con_deriva"": true, ""segmentos"": [""desarrollo"", ""validacion"", ""prueba""], ""senal"": ""senal_comprar_y_mantener"", ""spread_por_lado"": 0.0015, ""usuario"": {""ancla"": ""periodo 0.0 en el fin del mes previo"", ""cortes"": [""2013-12-31"", ""2015-04-30""], ""factor"": ""EW5"", ""inicio"": ""1963-07-31""}, ""variante"": ""F_EW5""}",sensibilidad: costos medio (solo overlay; no incluye la rotacion interna del factor)
2026-09-25T05:56:45.520048Z,R03,b86b6d6d5c,F_EW5,0,prueba,2015-04-30,2026-07-31,135,12,USD,0.361822540643437,0.027824828511466393,0.04468136974610402,0.17776815258043505,0.2727451104132937,-0.0868997894770065,0.32019442945634274,0.05131724537282832,0.18607378632813046,4.785621820415862,0.7244615308003357,1.0,1.0,0.0,0.0,0,0.027824828511466393,0.02061683518637003,0.0029,0.0015,2013-12-31|2015-04-30,c5358aea53419711,"French CRSP 202607 (3F sha b840dba55d31, Mom sha 7ee14e892b0f, 5F sha b8653b411cc5)","{""comision_por_lado"": 0.0029, ""cortes"": [""2013-12-31"", ""2015-04-30""], ""efectivo_en_mxn"": false, ""exposicion_inicial"": 0.0, ""exposicion_max"": 1.0, ""exposicion_min"": 0.0, ""extras"": [], ""fx"": false, ""max_dias_fx"": 10, ""min_historia"": 1, ""periodos_por_anio"": 12, ""permitir_capturas"": false, ""rebalanceo_con_deriva"": true, ""segmentos"": [""desarrollo"", ""validacion"", ""prueba""], ""senal"": ""senal_comprar_y_mantener"", ""spread_por_lado"": 0.0015, ""usuario"": {""ancla"": ""periodo 0.0 en el fin del mes previo"", ""cortes"": [""2013-12-31"", ""2015-04-30""], ""factor"": ""EW5"", ""inicio"": ""1963-07-31""}, ""variante"": ""F_EW5""}",sensibilidad: costos medio (solo overlay; no incluye la rotacion interna del factor)
2026-09-25T05:56:45.529748Z,R03,26b5802378,REF_MKT_EW5,0,completo,1963-06-30,2026-07-31,757,12,USD,661.7717559471802,0.10846712965326022,0.15406632810326992,0.46483405606587497,0.6828343534533248,-0.5031170717166413,0.21559023883480857,0.13418603369906926,-0.4888857254797046,4.710525754753424,0.9998047684492889,1.0,1.0,0.01585148858606024,6.974654977866504e-05,1,0.10854461470562282,0.04438160940497915,0.0029,0.0015,2013-12-31|2015-04-30,fd0810038f894f82,"French CRSP 202607 (3F sha b840dba55d31, Mom sha 7ee14e892b0f, 5F sha b8653b411cc5)","{""comision_por_lado"": 0.0029, ""cortes"": [""2013-12-31"", ""2015-04-30""], ""efectivo_en_mxn"": false, ""exposicion_inicial"": 0.0, ""exposicion_max"": 1.0, ""exposicion_min"": 0.0, ""extras"": [], ""fx"": false, ""max_dias_fx"": 10, ""min_historia"": 1, ""periodos_por_anio"": 12, ""permitir_capturas"": false, ""rebalanceo_con_deriva"": true, ""segmentos"": [""desarrollo"", ""validacion"", ""prueba""], ""senal"": ""senal_comprar_y_mantener"", ""spread_por_lado"": 0.0015, ""usuario"": {""inicio"": ""1963-07-31"", ""serie"": ""Mkt-RF+RF""}, ""variante"": ""REF_MKT_EW5""}",sensibilidad: costos medio (solo overlay; no incluye la rotacion interna del factor)
2026-09-25T05:56:45.529748Z,R03,26b5802378,REF_MKT_EW5,0,desarrollo,1963-06-30,2013-12-31,606,12,USD,135.78328178221298,0.10228369738108611,0.15487004656926803,0.3865488203149208,0.5578910191433292,-0.5031170717166413,0.20329999344306274,0.11158703273187592,-0.5305995027122048,4.895287814561209,0.9959959525762168,1.0,1.0,0.01979996747438608,8.711985688729874e-05,1,0.10237994427027486,0.050950534824715454,0.0029,0.0015,2013-12-31|2015-04-30,fd0810038f894f82,"French CRSP 202607 (3F sha b840dba55d31, Mom sha 7ee14e892b0f, 5F sha b8653b411cc5)","{""comision_por_lado"": 0.0029, ""cortes"": [""2013-12-31"", ""2015-04-30""], ""efectivo_en_mxn"": false, ""exposicion_inicial"": 0.0, ""exposicion_max"": 1.0, ""exposicion_min"": 0.0, ""extras"": [], ""fx"": false, ""max_dias_fx"": 10, ""min_historia"": 1, ""periodos_por_anio"": 12, ""permitir_capturas"": false, ""rebalanceo_con_deriva"": true, ""segmentos"": [""desarrollo"", ""validacion"", ""prueba""], ""senal"": ""senal_comprar_y_mantener"", ""spread_por_lado"": 0.0015, ""usuario"": {""inicio"": ""1963-07-31"", ""serie"": ""Mkt-RF+RF""}, ""variante"": ""REF_MKT_EW5""}",sensibilidad: costos medio (solo overlay; no incluye la rotacion interna del factor)
2026-09-25T05:56:45.529748Z,R03,26b5802378,REF_MKT_EW5,0,validacion,2013-12-31,2015-04-30,16,12,USD,0.1431040250968072,0.10597156739104574,0.09765087813225234,1.0767952322721697,2.2218765579580007,-0.03320000000000001,3.191914680453184,0.3108440086072214,0.1815870121326212,2.0658317776173574,0.8892991699743409,1.0,1.0,0.0,0.0,0,0.10597156739104574,0.0,0.0029,0.0015,2013-12-31|2015-04-30,fd0810038f894f82,"French CRSP 202607 (3F sha b840dba55d31, Mom sha 7ee14e892b0f, 5F sha b8653b411cc5)","{""comision_por_lado"": 0.0029, ""cortes"": [""2013-12-31"", ""2015-04-30""], ""efectivo_en_mxn"": false, ""exposicion_inicial"": 0.0, ""exposicion_max"": 1.0, ""exposicion_min"": 0.0, ""extras"": [], ""fx"": false, ""max_dias_fx"": 10, ""min_historia"": 1, ""periodos_por_anio"": 12, ""permitir_capturas"": false, ""rebalanceo_con_deriva"": true, ""segmentos"": [""desarrollo"", ""validacion"", ""prueba""], ""senal"": ""senal_comprar_y_mantener"", ""spread_por_lado"": 0.0015, ""usuario"": {""inicio"": ""1963-07-31"", ""serie"": ""Mkt-RF+RF""}, ""variante"": ""REF_MKT_EW5""}",sensibilidad: costos medio (solo overlay; no incluye la rotacion interna del factor)
2026-09-25T05:56:45.529748Z,R03,26b5802378,REF_MKT_EW5,0,prueba,2015-04-30,2026-07-31,135,12,USD,3.238822386472143,0.13695274026838078,0.15649529452126298,0.7725103215549586,1.2209888573864625,-0.24844932247034712,0.5512300814775872,0.22300452105075985,-0.30869233570874094,3.663319073553175,0.9930366432630752,1.0,1.0,0.0,0.0,0,0.13695274026838078,0.02061683518637003,0.0029,0.0015,2013-12-31|2015-04-30,fd0810038f894f82,"French CRSP 202607 (3F sha b840dba55d31, Mom sha 7ee14e892b0f, 5F sha b8653b411cc5)","{""comision_por_lado"": 0.0029, ""cortes"": [""2013-12-31"", ""2015-04-30""], ""efectivo_en_mxn"": false, ""exposicion_inicial"": 0.0, ""exposicion_max"": 1.0, ""exposicion_min"": 0.0, ""extras"": [], ""fx"": false, ""max_dias_fx"": 10, ""min_historia"": 1, ""periodos_por_anio"": 12, ""permitir_capturas"": false, ""rebalanceo_con_deriva"": true, ""segmentos"": [""desarrollo"", ""validacion"", ""prueba""], ""senal"": ""senal_comprar_y_mantener"", ""spread_por_lado"": 0.0015, ""usuario"": {""inicio"": ""1963-07-31"", ""serie"": ""Mkt-RF+RF""}, ""variante"": ""REF_MKT_EW5""}",sensibilidad: costos medio (solo overlay; no incluye la rotacion interna del factor)
2026-09-25T05:56:45.565624Z,R03,babcfd7ede,MOM_ctrl_osovol_50,0,completo,1927-10-31,2026-07-31,1185,12,USD,22247.477105590664,0.10668450182418687,0.1394354946672925,0.5728315304704013,0.8128193197337032,-0.5189484064189867,0.20557824343341818,0.16536221915869576,-1.3599441273522517,13.140231626068887,0.9999996744512218,0.9679324894514768,1.0,0.2559426814605399,0.0011261477984263744,47,0.0940882488135033,0.032877782059419935,0.0029,0.0015,2013-03-31|2016-11-30,52119000c9d85b5b,"French CRSP 202607 (3F sha b840dba55d31, Mom sha 7ee14e892b0f, 5F sha b8653b411cc5)","{""comision_por_lado"": 0.0029, ""cortes"": [""2013-03-31"", ""2016-11-30""], ""efectivo_en_mxn"": false, ""exposicion_inicial"": 0.0, ""exposicion_max"": 1.0, ""exposicion_min"": 0.0, ""extras"": [""mkt"", ""vol""], ""fx"": false, ""max_dias_fx"": 10, ""min_historia"": 10, ""periodos_por_anio"": 12, ""permitir_capturas"": false, ""rebalanceo_con_deriva"": true, ""segmentos"": [""desarrollo"", ""validacion"", ""prueba""], ""senal"": ""senal_osovol_50"", ""spread_por_lado"": 0.0015, ""usuario"": {""meses_oso"": 24, ""min_dias_vol"": 15, ""min_meses_vol"": 60, ""percentil_vol"": 0.8}, ""variante"": ""MOM_ctrl_osovol_50""}",sensibilidad: costos medio (solo overlay; no incluye la rotacion interna del factor)
2026-09-25T05:56:45.565624Z,R03,babcfd7ede,MOM_ctrl_osovol_50,0,desarrollo,1927-10-31,2013-03-31,1025,12,USD,11951.777351525896,0.1161868195676603,0.14102946239308808,0.6127635473800108,0.8676618762205718,-0.5189484064189867,0.22388896108075496,0.17688959951471964,-1.4766519282153894,14.115861013875618,0.9999993734091729,0.9639024390243902,1.0,0.27179703933290883,0.001195906973064798,43,0.10296000234320157,0.03531951942525646,0.0029,0.0015,2013-03-31|2016-11-30,52119000c9d85b5b,"French CRSP 202607 (3F sha b840dba55d31, Mom sha 7ee14e892b0f, 5F sha b8653b411cc5)","{""comision_por_lado"": 0.0029, ""cortes"": [""2013-03-31"", ""2016-11-30""], ""efectivo_en_mxn"": false, ""exposicion_inicial"": 0.0, ""exposicion_max"": 1.0, ""exposicion_min"": 0.0, ""extras"": [""mkt"", ""vol""], ""fx"": false, ""max_dias_fx"": 10, ""min_historia"": 10, ""periodos_por_anio"": 12, ""permitir_capturas"": false, ""rebalanceo_con_deriva"": true, ""segmentos"": [""desarrollo"", ""validacion"", ""prueba""], ""senal"": ""senal_osovol_50"", ""spread_por_lado"": 0.0015, ""usuario"": {""meses_oso"": 24, ""min_dias_vol"": 15, ""min_meses_vol"": 60, ""percentil_vol"": 0.8}, ""variante"": ""MOM_ctrl_osovol_50""}",sensibilidad: costos medio (solo overlay; no incluye la rotacion interna del factor)
2026-09-25T05:56:45.565624Z,R03,babcfd7ede,MOM_ctrl_osovol_50,0,validacion,2013-03-31,2016-11-30,44,12,USD,0.04289977088401731,0.011515314094471707,0.11634822522815752,0.15063094062087903,0.22021219460071997,-0.19074187612943294,0.06037119026058906,0.043483407057875526,0.15247856378497607,3.57160932369634,0.6125283449473046,1.0,1.0,0.0,0.0,0,0.011515314094471707,0.000517980927585926,0.0029,0.0015,2013-03-31|2016-11-30,52119000c9d85b5b,"French CRSP 202607 (3F sha b840dba55d31, Mom sha 7ee14e892b0f, 5F sha b8653b411cc5)","{""comision_por_lado"": 0.0029, ""cortes"": [""2013-03-31"", ""2016-11-30""], ""efectivo_en_mxn"": false, ""exposicion_inicial"": 0.0, ""exposicion_max"": 1.0, ""exposicion_min"": 0.0, ""extras"": [""mkt"", ""vol""], ""fx"": false, ""max_dias_fx"": 10, ""min_historia"": 10, ""periodos_por_anio"": 12, ""permitir_capturas"": false, ""rebalanceo_con_deriva"": true, ""segmentos"": [""desarrollo"", ""validacion"", ""prueba""], ""senal"": ""senal_osovol_50"", ""spread_por_lado"": 0.0015, ""usuario"": {""meses_oso"": 24, ""min_dias_vol"": 15, ""min_meses_vol"": 60, ""percentil_vol"": 0.8}, ""variante"": ""MOM_ctrl_osovol_50""}",sensibilidad: costos medio (solo overlay; no incluye la rotacion interna del factor)
2026-09-25T05:56:45.565624Z,R03,babcfd7ede,MOM_ctrl_osovol_50,0,prueba,2016-11-30,2026-07-31,116,12,USD,0.7847972465200723,0.06177370633567869,0.1323354549107229,0.3427592525383994,0.49280746036868367,-0.25355479043121965,0.24363060240597462,0.09894607336013991,-0.5791825759662081,4.372356180169627,0.8480056096376516,0.9913793103448276,1.0,0.21297920731180187,0.0009371085121719282,4,0.04952030485998571,0.02384344620078771,0.0029,0.0015,2013-03-31|2016-11-30,52119000c9d85b5b,"French CRSP 202607 (3F sha b840dba55d31, Mom sha 7ee14e892b0f, 5F sha b8653b411cc5)","{""comision_por_lado"": 0.0029, ""cortes"": [""2013-03-31"", ""2016-11-30""], ""efectivo_en_mxn"": false, ""exposicion_inicial"": 0.0, ""exposicion_max"": 1.0, ""exposicion_min"": 0.0, ""extras"": [""mkt"", ""vol""], ""fx"": false, ""max_dias_fx"": 10, ""min_historia"": 10, ""periodos_por_anio"": 12, ""permitir_capturas"": false, ""rebalanceo_con_deriva"": true, ""segmentos"": [""desarrollo"", ""validacion"", ""prueba""], ""senal"": ""senal_osovol_50"", ""spread_por_lado"": 0.0015, ""usuario"": {""meses_oso"": 24, ""min_dias_vol"": 15, ""min_meses_vol"": 60, ""percentil_vol"": 0.8}, ""variante"": ""MOM_ctrl_osovol_50""}",sensibilidad: costos medio (solo overlay; no incluye la rotacion interna del factor)
2026-09-25T05:56:45.584362Z,R03,77abd945cc,MOM_ctrl_oso_50,0,completo,1927-10-31,2026-07-31,1185,12,USD,26710.917948148286,0.10873545837168463,0.1266565145352978,0.6311511226210407,0.9263000337319495,-0.4487284083619718,0.24231908732636326,0.18219763527229618,-0.9973724860691524,11.066560561021895,0.9999999875168587,0.919409282700422,1.0,0.259016653161709,0.0011396732739115192,45,0.0940882488135033,0.032877782059419935,0.0029,0.0015,2013-03-31|2016-11-30,52119000c9d85b5b,"French CRSP 202607 (3F sha b840dba55d31, Mom sha 7ee14e892b0f, 5F sha b8653b411cc5)","{""comision_por_lado"": 0.0029, ""cortes"": [""2013-03-31"", ""2016-11-30""], ""efectivo_en_mxn"": false, ""exposicion_inicial"": 0.0, ""exposicion_max"": 1.0, ""exposicion_min"": 0.0, ""extras"": [""mkt"", ""vol""], ""fx"": false, ""max_dias_fx"": 10, ""min_historia"": 10, ""periodos_por_anio"": 12, ""permitir_capturas"": false, ""rebalanceo_con_deriva"": true, ""segmentos"": [""desarrollo"", ""validacion"", ""prueba""], ""senal"": ""senal_oso_50"", ""spread_por_lado"": 0.0015, ""usuario"": {""meses_oso"": 24, ""min_dias_vol"": 15, ""min_meses_vol"": 60, ""percentil_vol"": 0.8}, ""variante"": ""MOM_ctrl_oso_50""}",sensibilidad: costos medio (solo overlay; no incluye la rotacion interna del factor)
2026-09-25T05:56:45.584362Z,R03,77abd945cc,MOM_ctrl_oso_50,0,desarrollo,1927-10-31,2013-03-31,1025,12,USD,14127.755720094048,0.11837451955593736,0.12650148981273068,0.6824874511778452,1.0037739627833473,-0.4487284083619718,0.26379992296019117,0.19701715682803525,-1.0901128543026812,12.195776072614105,0.9999999787724905,0.9107317073170732,1.0,0.25153462141043453,0.001106752334205912,37,0.10296000234320157,0.03531951942525646,0.0029,0.0015,2013-03-31|2016-11-30,52119000c9d85b5b,"French CRSP 202607 (3F sha b840dba55d31, Mom sha 7ee14e892b0f, 5F sha b8653b411cc5)","{""comision_por_lado"": 0.0029, ""cortes"": [""2013-03-31"", ""2016-11-30""], ""efectivo_en_mxn"": false, ""exposicion_inicial"": 0.0, ""exposicion_max"": 1.0, ""exposicion_min"": 0.0, ""extras"": [""mkt"", ""vol""], ""fx"": false, ""max_dias_fx"": 10, ""min_historia"": 10, ""periodos_por_anio"": 12, ""permitir_capturas"": false, ""rebalanceo_con_deriva"": true, ""segmentos"": [""desarrollo"", ""validacion"", ""prueba""], ""senal"": ""senal_oso_50"", ""spread_por_lado"": 0.0015, ""usuario"": {""meses_oso"": 24, ""min_dias_vol"": 15, ""min_meses_vol"": 60, ""percentil_vol"": 0.8}, ""variante"": ""MOM_ctrl_oso_50""}",sensibilidad: costos medio (solo overlay; no incluye la rotacion interna del factor)
2026-09-25T05:56:45.584362Z,R03,77abd945cc,MOM_ctrl_oso_50,0,validacion,2013-03-31,2016-11-30,44,12,USD,0.04289977088401731,0.011515314094471707,0.11634822522815752,0.15063094062087903,0.22021219460071997,-0.19074187612943294,0.06037119026058906,0.043483407057875526,0.15247856378497607,3.57160932369634,0.6125283449473046,1.0,1.0,0.0,0.0,0,0.011515314094471707,0.000517980927585926,0.0029,0.0015,2013-03-31|2016-11-30,52119000c9d85b5b,"French CRSP 202607 (3F sha b840dba55d31, Mom sha 7ee14e892b0f, 5F sha b8653b411cc5)","{""comision_por_lado"": 0.0029, ""cortes"": [""2013-03-31"", ""2016-11-30""], ""efectivo_en_mxn"": false, ""exposicion_inicial"": 0.0, ""exposicion_max"": 1.0, ""exposicion_min"": 0.0, ""extras"": [""mkt"", ""vol""], ""fx"": false, ""max_dias_fx"": 10, ""min_historia"": 10, ""periodos_por_anio"": 12, ""permitir_capturas"": false, ""rebalanceo_con_deriva"": true, ""segmentos"": [""desarrollo"", ""validacion"", ""prueba""], ""senal"": ""senal_oso_50"", ""spread_por_lado"": 0.0015, ""usuario"": {""meses_oso"": 24, ""min_dias_vol"": 15, ""min_meses_vol"": 60, ""percentil_vol"": 0.8}, ""variante"": ""MOM_ctrl_oso_50""}",sensibilidad: costos medio (solo overlay; no incluye la rotacion interna del factor)
2026-09-25T05:56:45.584362Z,R03,77abd945cc,MOM_ctrl_oso_50,0,prueba,2016-11-30,2026-07-31,116,12,USD,0.812836277737887,0.06348759511540858,0.13086096058357224,0.35760269532880673,0.5168783697312965,-0.25355479043121965,0.2503900439326564,0.10323100620551115,-0.5835965808095542,4.529096824555986,0.8577762873396289,0.9655172413793104,1.0,0.42346615509172325,0.0018632510824035827,8,0.04952030485998571,0.02384344620078771,0.0029,0.0015,2013-03-31|2016-11-30,52119000c9d85b5b,"French CRSP 202607 (3F sha b840dba55d31, Mom sha 7ee14e892b0f, 5F sha b8653b411cc5)","{""comision_por_lado"": 0.0029, ""cortes"": [""2013-03-31"", ""2016-11-30""], ""efectivo_en_mxn"": false, ""exposicion_inicial"": 0.0, ""exposicion_max"": 1.0, ""exposicion_min"": 0.0, ""extras"": [""mkt"", ""vol""], ""fx"": false, ""max_dias_fx"": 10, ""min_historia"": 10, ""periodos_por_anio"": 12, ""permitir_capturas"": false, ""rebalanceo_con_deriva"": true, ""segmentos"": [""desarrollo"", ""validacion"", ""prueba""], ""senal"": ""senal_oso_50"", ""spread_por_lado"": 0.0015, ""usuario"": {""meses_oso"": 24, ""min_dias_vol"": 15, ""min_meses_vol"": 60, ""percentil_vol"": 0.8}, ""variante"": ""MOM_ctrl_oso_50""}",sensibilidad: costos medio (solo overlay; no incluye la rotacion interna del factor)
2026-09-25T05:56:45.622491Z,R03,593bf68438,MOM_ctrl_osovol_0,0,completo,1927-10-31,2026-07-31,1185,12,USD,48540.538342231615,0.1154622824364755,0.12993408603515838,0.6652266040162598,0.9950541859303751,-0.49806369653902816,0.23182232160024113,0.1920343794504441,-1.045614305983377,13.263112978044525,0.9999999959114585,0.9358649789029536,0.9358649789029536,0.4759551402905623,0.0020942026172784717,47,0.0940882488135033,0.032877782059419935,0.0029,0.0015,2013-03-31|2016-11-30,52119000c9d85b5b,"French CRSP 202607 (3F sha b840dba55d31, Mom sha 7ee14e892b0f, 5F sha b8653b411cc5)","{""comision_por_lado"": 0.0029, ""cortes"": [""2013-03-31"", ""2016-11-30""], ""efectivo_en_mxn"": false, ""exposicion_inicial"": 0.0, ""exposicion_max"": 1.0, ""exposicion_min"": 0.0, ""extras"": [""mkt"", ""vol""], ""fx"": false, ""max_dias_fx"": 10, ""min_historia"": 10, ""periodos_por_anio"": 12, ""permitir_capturas"": false, ""rebalanceo_con_deriva"": true, ""segmentos"": [""desarrollo"", ""validacion"", ""prueba""], ""senal"": ""senal_osovol_0"", ""spread_por_lado"": 0.0015, ""usuario"": {""meses_oso"": 24, ""min_dias_vol"": 15, ""min_meses_vol"": 60, ""percentil_vol"": 0.8}, ""variante"": ""MOM_ctrl_osovol_0""}",sensibilidad: costos medio (solo overlay; no incluye la rotacion interna del factor)
2026-09-25T05:56:45.622491Z,R03,593bf68438,MOM_ctrl_osovol_0,0,desarrollo,1927-10-31,2013-03-31,1025,12,USD,23499.339011875003,0.12505633226180768,0.13049136085139945,0.7112345062905308,1.066686916850658,-0.49806369653902816,0.2510850181027163,0.20531571683189426,-1.1386851100124462,14.50532495027945,0.9999999893272558,0.9278048780487805,0.9278048780487805,0.503421693698314,0.0022150554522725797,43,0.10296000234320157,0.03531951942525646,0.0029,0.0015,2013-03-31|2016-11-30,52119000c9d85b5b,"French CRSP 202607 (3F sha b840dba55d31, Mom sha 7ee14e892b0f, 5F sha b8653b411cc5)","{""comision_por_lado"": 0.0029, ""cortes"": [""2013-03-31"", ""2016-11-30""], ""efectivo_en_mxn"": false, ""exposicion_inicial"": 0.0, ""exposicion_max"": 1.0, ""exposicion_min"": 0.0, ""extras"": [""mkt"", ""vol""], ""fx"": false, ""max_dias_fx"": 10, ""min_historia"": 10, ""periodos_por_anio"": 12, ""permitir_capturas"": false, ""rebalanceo_con_deriva"": true, ""segmentos"": [""desarrollo"", ""validacion"", ""prueba""], ""senal"": ""senal_osovol_0"", ""spread_por_lado"": 0.0015, ""usuario"": {""meses_oso"": 24, ""min_dias_vol"": 15, ""min_meses_vol"": 60, ""percentil_vol"": 0.8}, ""variante"": ""MOM_ctrl_osovol_0""}",sensibilidad: costos medio (solo overlay; no incluye la rotacion interna del factor)
2026-09-25T05:56:45.622491Z,R03,593bf68438,MOM_ctrl_osovol_0,0,validacion,2013-03-31,2016-11-30,44,12,USD,0.04289977088401731,0.011515314094471707,0.11634822522815752,0.15063094062087903,0.22021219460071997,-0.19074187612943294,0.06037119026058906,0.043483407057875526,0.15247856378497607,3.57160932369634,0.6125283449473046,1.0,1.0,0.0,0.0,0,0.011515314094471707,0.000517980927585926,0.0029,0.0015,2013-03-31|2016-11-30,52119000c9d85b5b,"French CRSP 202607 (3F sha b840dba55d31, Mom sha 7ee14e892b0f, 5F sha b8653b411cc5)","{""comision_por_lado"": 0.0029, ""cortes"": [""2013-03-31"", ""2016-11-30""], ""efectivo_en_mxn"": false, ""exposicion_inicial"": 0.0, ""exposicion_max"": 1.0, ""exposicion_min"": 0.0, ""extras"": [""mkt"", ""vol""], ""fx"": false, ""max_dias_fx"": 10, ""min_historia"": 10, ""periodos_por_anio"": 12, ""permitir_capturas"": false, ""rebalanceo_con_deriva"": true, ""segmentos"": [""desarrollo"", ""validacion"", ""prueba""], ""senal"": ""senal_osovol_0"", ""spread_por_lado"": 0.0015, ""usuario"": {""meses_oso"": 24, ""min_dias_vol"": 15, ""min_meses_vol"": 60, ""percentil_vol"": 0.8}, ""variante"": ""MOM_ctrl_osovol_0""}",sensibilidad: costos medio (solo overlay; no incluye la rotacion interna del factor)
2026-09-25T05:56:45.622491Z,R03,593bf68438,MOM_ctrl_osovol_0,0,prueba,2016-11-30,2026-07-31,116,12,USD,0.9806002800820421,0.07327161661558823,0.12895077552549686,0.43262189413413665,0.6368457233124967,-0.25355479043121976,0.2889774493748489,0.12488718351783479,-0.5789582337326217,4.64277078817953,0.9005765229630132,0.9827586206896551,0.9827586206896551,0.41388101983002834,0.0018210764872521245,4,0.04952030485998571,0.02384344620078771,0.0029,0.0015,2013-03-31|2016-11-30,52119000c9d85b5b,"French CRSP 202607 (3F sha b840dba55d31, Mom sha 7ee14e892b0f, 5F sha b8653b411cc5)","{""comision_por_lado"": 0.0029, ""cortes"": [""2013-03-31"", ""2016-11-30""], ""efectivo_en_mxn"": false, ""exposicion_inicial"": 0.0, ""exposicion_max"": 1.0, ""exposicion_min"": 0.0, ""extras"": [""mkt"", ""vol""], ""fx"": false, ""max_dias_fx"": 10, ""min_historia"": 10, ""periodos_por_anio"": 12, ""permitir_capturas"": false, ""rebalanceo_con_deriva"": true, ""segmentos"": [""desarrollo"", ""validacion"", ""prueba""], ""senal"": ""senal_osovol_0"", ""spread_por_lado"": 0.0015, ""usuario"": {""meses_oso"": 24, ""min_dias_vol"": 15, ""min_meses_vol"": 60, ""percentil_vol"": 0.8}, ""variante"": ""MOM_ctrl_osovol_0""}",sensibilidad: costos medio (solo overlay; no incluye la rotacion interna del factor)
2026-09-25T05:56:45.640491Z,R03,c0efb34a20,MOM_ctrl_oso_0,0,completo,1927-10-31,2026-07-31,1185,12,USD,62290.97433083484,0.11828319868363124,0.11110066806566134,0.7801501465340319,1.2794615476201048,-0.25355479043121953,0.4664995620176117,0.22520994855487467,-0.22295922690649142,9.708744461671078,0.9999999999996833,0.8388185654008439,0.8388185654008439,0.45570173006543196,0.0020050876122878988,45,0.0940882488135033,0.032877782059419935,0.0029,0.0015,2013-03-31|2016-11-30,52119000c9d85b5b,"French CRSP 202607 (3F sha b840dba55d31, Mom sha 7ee14e892b0f, 5F sha b8653b411cc5)","{""comision_por_lado"": 0.0029, ""cortes"": [""2013-03-31"", ""2016-11-30""], ""efectivo_en_mxn"": false, ""exposicion_inicial"": 0.0, ""exposicion_max"": 1.0, ""exposicion_min"": 0.0, ""extras"": [""mkt"", ""vol""], ""fx"": false, ""max_dias_fx"": 10, ""min_historia"": 10, ""periodos_por_anio"": 12, ""permitir_capturas"": false, ""rebalanceo_con_deriva"": true, ""segmentos"": [""desarrollo"", ""validacion"", ""prueba""], ""senal"": ""senal_oso_0"", ""spread_por_lado"": 0.0015, ""usuario"": {""meses_oso"": 24, ""min_dias_vol"": 15, ""min_meses_vol"": 60, ""percentil_vol"": 0.8}, ""variante"": ""MOM_ctrl_oso_0""}",sensibilidad: costos medio (solo overlay; no incluye la rotacion interna del factor)
2026-09-25T05:56:45.640491Z,R03,c0efb34a20,MOM_ctrl_oso_0,0,desarrollo,1927-10-31,2013-03-31,1025,12,USD,29258.432392474886,0.12794707987163467,0.10881667760255107,0.8524982674550118,1.4326431620076594,-0.24819999999999998,0.5154999189026377,0.24609505209942034,-0.1624732774324058,10.937834540717338,0.9999999999997355,0.8214634146341463,0.8214634146341463,0.43317680620552595,0.0019059779473043134,37,0.10296000234320157,0.03531951942525646,0.0029,0.0015,2013-03-31|2016-11-30,52119000c9d85b5b,"French CRSP 202607 (3F sha b840dba55d31, Mom sha 7ee14e892b0f, 5F sha b8653b411cc5)","{""comision_por_lado"": 0.0029, ""cortes"": [""2013-03-31"", ""2016-11-30""], ""efectivo_en_mxn"": false, ""exposicion_inicial"": 0.0, ""exposicion_max"": 1.0, ""exposicion_min"": 0.0, ""extras"": [""mkt"", ""vol""], ""fx"": false, ""max_dias_fx"": 10, ""min_historia"": 10, ""periodos_por_anio"": 12, ""permitir_capturas"": false, ""rebalanceo_con_deriva"": true, ""segmentos"": [""desarrollo"", ""validacion"", ""prueba""], ""senal"": ""senal_oso_0"", ""spread_por_lado"": 0.0015, ""usuario"": {""meses_oso"": 24, ""min_dias_vol"": 15, ""min_meses_vol"": 60, ""percentil_vol"": 0.8}, ""variante"": ""MOM_ctrl_oso_0""}",sensibilidad: costos medio (solo overlay; no incluye la rotacion interna del factor)
2026-09-25T05:56:45.640491Z,R03,c0efb34a20,MOM_ctrl_oso_0,0,validacion,2013-03-31,2016-11-30,44,12,USD,0.04289977088401731,0.011515314094471707,0.11634822522815752,0.15063094062087903,0.22021219460071997,-0.19074187612943294,0.06037119026058906,0.043483407057875526,0.15247856378497607,3.57160932369634,0.6125283449473046,1.0,1.0,0.0,0.0,0,0.011515314094471707,0.000517980927585926,0.0029,0.0015,2013-03-31|2016-11-30,52119000c9d85b5b,"French CRSP 202607 (3F sha b840dba55d31, Mom sha 7ee14e892b0f, 5F sha b8653b411cc5)","{""comision_por_lado"": 0.0029, ""cortes"": [""2013-03-31"", ""2016-11-30""], ""efectivo_en_mxn"": false, ""exposicion_inicial"": 0.0, ""exposicion_max"": 1.0, ""exposicion_min"": 0.0, ""extras"": [""mkt"", ""vol""], ""fx"": false, ""max_dias_fx"": 10, ""min_historia"": 10, ""periodos_por_anio"": 12, ""permitir_capturas"": false, ""rebalanceo_con_deriva"": true, ""segmentos"": [""desarrollo"", ""validacion"", ""prueba""], ""senal"": ""senal_oso_0"", ""spread_por_lado"": 0.0015, ""usuario"": {""meses_oso"": 24, ""min_dias_vol"": 15, ""min_meses_vol"": 60, ""percentil_vol"": 0.8}, ""variante"": ""MOM_ctrl_oso_0""}",sensibilidad: costos medio (solo overlay; no incluye la rotacion interna del factor)
2026-09-25T05:56:45.640491Z,R03,c0efb34a20,MOM_ctrl_oso_0,0,prueba,2016-11-30,2026-07-31,116,12,USD,1.0413789256414376,0.07663346954981765,0.12688179756055032,0.4626180972400902,0.6860226493232383,-0.25355479043121976,0.30223633093063385,0.13354634148677927,-0.5970712899639726,4.90569617051315,0.9142264285106112,0.9310344827586207,0.9310344827586207,0.8277620396600567,0.00364215297450425,8,0.04952030485998571,0.02384344620078771,0.0029,0.0015,2013-03-31|2016-11-30,52119000c9d85b5b,"French CRSP 202607 (3F sha b840dba55d31, Mom sha 7ee14e892b0f, 5F sha b8653b411cc5)","{""comision_por_lado"": 0.0029, ""cortes"": [""2013-03-31"", ""2016-11-30""], ""efectivo_en_mxn"": false, ""exposicion_inicial"": 0.0, ""exposicion_max"": 1.0, ""exposicion_min"": 0.0, ""extras"": [""mkt"", ""vol""], ""fx"": false, ""max_dias_fx"": 10, ""min_historia"": 10, ""periodos_por_anio"": 12, ""permitir_capturas"": false, ""rebalanceo_con_deriva"": true, ""segmentos"": [""desarrollo"", ""validacion"", ""prueba""], ""senal"": ""senal_oso_0"", ""spread_por_lado"": 0.0015, ""usuario"": {""meses_oso"": 24, ""min_dias_vol"": 15, ""min_meses_vol"": 60, ""percentil_vol"": 0.8}, ""variante"": ""MOM_ctrl_oso_0""}",sensibilidad: costos medio (solo overlay; no incluye la rotacion interna del factor)
2026-09-25T05:56:45.656383Z,R03,e752422e62,MOM_ref_siempre,0,completo,1927-10-31,2026-07-31,1185,12,USD,7151.502453466855,0.09403939249920557,0.16386451065603586,0.44758103723397796,0.5811962224617971,-0.7816229703064959,0.12031298474036674,0.12920551616560455,-3.013479415876032,30.258643288599707,0.9998505431505785,1.0,1.0,0.010126705112565155,4.455750249528667e-05,1,0.0940882488135033,0.032877782059419935,0.0029,0.0015,2013-03-31|2016-11-30,52119000c9d85b5b,"French CRSP 202607 (3F sha b840dba55d31, Mom sha 7ee14e892b0f, 5F sha b8653b411cc5)","{""comision_por_lado"": 0.0029, ""cortes"": [""2013-03-31"", ""2016-11-30""], ""efectivo_en_mxn"": false, ""exposicion_inicial"": 0.0, ""exposicion_max"": 1.0, ""exposicion_min"": 0.0, ""extras"": [""mkt"", ""vol""], ""fx"": false, ""max_dias_fx"": 10, ""min_historia"": 10, ""periodos_por_anio"": 12, ""permitir_capturas"": false, ""rebalanceo_con_deriva"": true, ""segmentos"": [""desarrollo"", ""validacion"", ""prueba""], ""senal"": ""senal_comprar_y_mantener"", ""spread_por_lado"": 0.0015, ""usuario"": {}, ""variante"": ""MOM_ref_siempre""}",sensibilidad: costos medio (solo overlay; no incluye la rotacion interna del factor)
2026-09-25T05:56:45.656383Z,R03,e752422e62,MOM_ref_siempre,0,desarrollo,1927-10-31,2013-03-31,1025,12,USD,4297.798038820575,0.10290306176085329,0.16792032057030884,0.47676175432054807,0.6155979401126322,-0.7816229703064959,0.13165306761711745,0.13762926359814334,-3.1888809646926153,31.493707345976492,0.9997674636618505,1.0,1.0,0.011707481248798,5.151291749471119e-05,1,0.10296000234320157,0.03531951942525646,0.0029,0.0015,2013-03-31|2016-11-30,52119000c9d85b5b,"French CRSP 202607 (3F sha b840dba55d31, Mom sha 7ee14e892b0f, 5F sha b8653b411cc5)","{""comision_por_lado"": 0.0029, ""cortes"": [""2013-03-31"", ""2016-11-30""], ""efectivo_en_mxn"": false, ""exposicion_inicial"": 0.0, ""exposicion_max"": 1.0, ""exposicion_min"": 0.0, ""extras"": [""mkt"", ""vol""], ""fx"": false, ""max_dias_fx"": 10, ""min_historia"": 10, ""periodos_por_anio"": 12, ""permitir_capturas"": false, ""rebalanceo_con_deriva"": true, ""segmentos"": [""desarrollo"", ""validacion"", ""prueba""], ""senal"": ""senal_comprar_y_mantener"", ""spread_por_lado"": 0.0015, ""usuario"": {}, ""variante"": ""MOM_ref_siempre""}",sensibilidad: costos medio (solo overlay; no incluye la rotacion interna del factor)
2026-09-25T05:56:45.656383Z,R03,e752422e62,MOM_ref_siempre,0,validacion,2013-03-31,2016-11-30,44,12,USD,0.04289977088401731,0.011515314094471707,0.11634822522815752,0.15063094062087903,0.22021219460071997,-0.19074187612943294,0.06037119026058906,0.043483407057875526,0.15247856378497607,3.57160932369634,0.6125283449473046,1.0,1.0,0.0,0.0,0,0.011515314094471707,0.000517980927585926,0.0029,0.0015,2013-03-31|2016-11-30,52119000c9d85b5b,"French CRSP 202607 (3F sha b840dba55d31, Mom sha 7ee14e892b0f, 5F sha b8653b411cc5)","{""comision_por_lado"": 0.0029, ""cortes"": [""2013-03-31"", ""2016-11-30""], ""efectivo_en_mxn"": false, ""exposicion_inicial"": 0.0, ""exposicion_max"": 1.0, ""exposicion_min"": 0.0, ""extras"": [""mkt"", ""vol""], ""fx"": false, ""max_dias_fx"": 10, ""min_historia"": 10, ""periodos_por_anio"": 12, ""permitir_capturas"": false, ""rebalanceo_con_deriva"": true, ""segmentos"": [""desarrollo"", ""validacion"", ""prueba""], ""senal"": ""senal_comprar_y_mantener"", ""spread_por_lado"": 0.0015, ""usuario"": {}, ""variante"": ""MOM_ref_siempre""}",sensibilidad: costos medio (solo overlay; no incluye la rotacion interna del factor)
2026-09-25T05:56:45.656383Z,R03,e752422e62,MOM_ref_siempre,0,prueba,2016-11-30,2026-07-31,116,12,USD,0.5953956417663824,0.04952030485998571,0.14080086304594427,0.2481863363242803,0.3377709067463342,-0.25355479043121953,0.19530415803135387,0.07164522404300512,-0.9493256586428059,5.620005735533796,0.7707708563194309,1.0,1.0,0.0,0.0,0,0.04952030485998571,0.02384344620078771,0.0029,0.0015,2013-03-31|2016-11-30,52119000c9d85b5b,"French CRSP 202607 (3F sha b840dba55d31, Mom sha 7ee14e892b0f, 5F sha b8653b411cc5)","{""comision_por_lado"": 0.0029, ""cortes"": [""2013-03-31"", ""2016-11-30""], ""efectivo_en_mxn"": false, ""exposicion_inicial"": 0.0, ""exposicion_max"": 1.0, ""exposicion_min"": 0.0, ""extras"": [""mkt"", ""vol""], ""fx"": false, ""max_dias_fx"": 10, ""min_historia"": 10, ""periodos_por_anio"": 12, ""permitir_capturas"": false, ""rebalanceo_con_deriva"": true, ""segmentos"": [""desarrollo"", ""validacion"", ""prueba""], ""senal"": ""senal_comprar_y_mantener"", ""spread_por_lado"": 0.0015, ""usuario"": {}, ""variante"": ""MOM_ref_siempre""}",sensibilidad: costos medio (solo overlay; no incluye la rotacion interna del factor)
2026-09-25T05:56:45.669851Z,R03,d117cdcecc,MOM_ref_efectivo,0,completo,1927-10-31,2026-07-31,1185,12,USD,23.395827653322463,0.032877782059419935,0.008654390525494722,0.0,0.0,-0.0008998599580104516,36.53655412350071,,0.0,3.0,,0.0,0.0,0.0,0.0,0,0.0940882488135033,0.032877782059419935,0.0029,0.0015,2013-03-31|2016-11-30,52119000c9d85b5b,"French CRSP 202607 (3F sha b840dba55d31, Mom sha 7ee14e892b0f, 5F sha b8653b411cc5)","{""comision_por_lado"": 0.0029, ""cortes"": [""2013-03-31"", ""2016-11-30""], ""efectivo_en_mxn"": false, ""exposicion_inicial"": 0.0, ""exposicion_max"": 1.0, ""exposicion_min"": 0.0, ""extras"": [""mkt"", ""vol""], ""fx"": false, ""max_dias_fx"": 10, ""min_historia"": 10, ""periodos_por_anio"": 12, ""permitir_capturas"": false, ""rebalanceo_con_deriva"": true, ""segmentos"": [""desarrollo"", ""validacion"", ""prueba""], ""senal"": ""senal_efectivo"", ""spread_por_lado"": 0.0015, ""usuario"": {}, ""variante"": ""MOM_ref_efectivo""}",sensibilidad: costos medio (solo overlay; no incluye la rotacion interna del factor)
2026-09-25T05:56:45.669851Z,R03,d117cdcecc,MOM_ref_efectivo,0,desarrollo,1927-10-31,2013-03-31,1025,12,USD,18.390415740049722,0.03531951942525646,0.00885380611365365,0.0,0.0,-0.0008998599580104516,39.25001786205297,,0.0,3.0,,0.0,0.0,0.0,0.0,0,0.10296000234320157,0.03531951942525646,0.0029,0.0015,2013-03-31|2016-11-30,52119000c9d85b5b,"French CRSP 202607 (3F sha b840dba55d31, Mom sha 7ee14e892b0f, 5F sha b8653b411cc5)","{""comision_por_lado"": 0.0029, ""cortes"": [""2013-03-31"", ""2016-11-30""], ""efectivo_en_mxn"": false, ""exposicion_inicial"": 0.0, ""exposicion_max"": 1.0, ""exposicion_min"": 0.0, ""extras"": [""mkt"", ""vol""], ""fx"": false, ""max_dias_fx"": 10, ""min_historia"": 10, ""periodos_por_anio"": 12, ""permitir_capturas"": false, ""rebalanceo_con_deriva"": true, ""segmentos"": [""desarrollo"", ""validacion"", ""prueba""], ""senal"": ""senal_efectivo"", ""spread_por_lado"": 0.0015, ""usuario"": {}, ""variante"": ""MOM_ref_efectivo""}",sensibilidad: costos medio (solo overlay; no incluye la rotacion interna del factor)
2026-09-25T05:56:45.669851Z,R03,d117cdcecc,MOM_ref_efectivo,0,validacion,2013-03-31,2016-11-30,44,12,USD,0.0019016408502943172,0.000517980927585926,0.0002630524992014944,0.0,0.0,0.0,inf,,0.0,3.0,,0.0,0.0,0.0,0.0,0,0.011515314094471707,0.000517980927585926,0.0029,0.0015,2013-03-31|2016-11-30,52119000c9d85b5b,"French CRSP 202607 (3F sha b840dba55d31, Mom sha 7ee14e892b0f, 5F sha b8653b411cc5)","{""comision_por_lado"": 0.0029, ""cortes"": [""2013-03-31"", ""2016-11-30""], ""efectivo_en_mxn"": false, ""exposicion_inicial"": 0.0, ""exposicion_max"": 1.0, ""exposicion_min"": 0.0, ""extras"": [""mkt"", ""vol""], ""fx"": false, ""max_dias_fx"": 10, ""min_historia"": 10, ""periodos_por_anio"": 12, ""permitir_capturas"": false, ""rebalanceo_con_deriva"": true, ""segmentos"": [""desarrollo"", ""validacion"", ""prueba""], ""senal"": ""senal_efectivo"", ""spread_por_lado"": 0.0015, ""usuario"": {}, ""variante"": ""MOM_ref_efectivo""}",sensibilidad: costos medio (solo overlay; no incluye la rotacion interna del factor)
2026-09-25T05:56:45.669851Z,R03,d117cdcecc,MOM_ref_efectivo,0,prueba,2016-11-30,2026-07-31,116,12,USD,0.25575046615727604,0.02384344620078771,0.005467680973903269,0.0,0.0,0.0,inf,,0.0,3.0,,0.0,0.0,0.0,0.0,0,0.04952030485998571,0.02384344620078771,0.0029,0.0015,2013-03-31|2016-11-30,52119000c9d85b5b,"French CRSP 202607 (3F sha b840dba55d31, Mom sha 7ee14e892b0f, 5F sha b8653b411cc5)","{""comision_por_lado"": 0.0029, ""cortes"": [""2013-03-31"", ""2016-11-30""], ""efectivo_en_mxn"": false, ""exposicion_inicial"": 0.0, ""exposicion_max"": 1.0, ""exposicion_min"": 0.0, ""extras"": [""mkt"", ""vol""], ""fx"": false, ""max_dias_fx"": 10, ""min_historia"": 10, ""periodos_por_anio"": 12, ""permitir_capturas"": false, ""rebalanceo_con_deriva"": true, ""segmentos"": [""desarrollo"", ""validacion"", ""prueba""], ""senal"": ""senal_efectivo"", ""spread_por_lado"": 0.0015, ""usuario"": {}, ""variante"": ""MOM_ref_efectivo""}",sensibilidad: costos medio (solo overlay; no incluye la rotacion interna del factor)
2026-09-25T05:56:45.687860Z,R03,f6080b906f,MOM_ref_sma10,0,completo,1927-10-31,2026-07-31,1185,12,USD,1823.9402851269292,0.07901058093982494,0.13640080265358,0.39794264633290855,0.5321858431208661,-0.7540961916937604,0.10477520216931589,0.11487614699116841,-2.4532512516591596,27.429939140914563,0.999635356202843,0.7864978902953587,0.7864978902953587,1.2658381390706444,0.005569687811910836,125,0.0940882488135033,0.032877782059419935,0.0029,0.0015,2013-03-31|2016-11-30,52119000c9d85b5b,"French CRSP 202607 (3F sha b840dba55d31, Mom sha 7ee14e892b0f, 5F sha b8653b411cc5)","{""comision_por_lado"": 0.0029, ""cortes"": [""2013-03-31"", ""2016-11-30""], ""efectivo_en_mxn"": false, ""exposicion_inicial"": 0.0, ""exposicion_max"": 1.0, ""exposicion_min"": 0.0, ""extras"": [""mkt"", ""vol""], ""fx"": false, ""max_dias_fx"": 10, ""min_historia"": 10, ""periodos_por_anio"": 12, ""permitir_capturas"": false, ""rebalanceo_con_deriva"": true, ""segmentos"": [""desarrollo"", ""validacion"", ""prueba""], ""senal"": ""media_movil_10"", ""spread_por_lado"": 0.0015, ""usuario"": {}, ""variante"": ""MOM_ref_sma10""}",sensibilidad: costos medio (solo overlay; no incluye la rotacion interna del factor)
2026-09-25T05:56:45.687860Z,R03,f6080b906f,MOM_ref_sma10,0,desarrollo,1927-10-31,2013-03-31,1025,12,USD,1448.3026326115687,0.08895318798120422,0.13892459920598907,0.44372308669782234,0.5929546494829556,-0.7540961916937604,0.11796000160325466,0.1280918217753197,-2.608721787560166,28.947235675396158,0.9996696660129585,0.8078048780487805,0.8078048780487805,1.1941630873773958,0.0052543175844605465,102,0.10296000234320157,0.03531951942525646,0.0029,0.0015,2013-03-31|2016-11-30,52119000c9d85b5b,"French CRSP 202607 (3F sha b840dba55d31, Mom sha 7ee14e892b0f, 5F sha b8653b411cc5)","{""comision_por_lado"": 0.0029, ""cortes"": [""2013-03-31"", ""2016-11-30""], ""efectivo_en_mxn"": false, ""exposicion_inicial"": 0.0, ""exposicion_max"": 1.0, ""exposicion_min"": 0.0, ""extras"": [""mkt"", ""vol""], ""fx"": false, ""max_dias_fx"": 10, ""min_historia"": 10, ""periodos_por_anio"": 12, ""permitir_capturas"": false, ""rebalanceo_con_deriva"": true, ""segmentos"": [""desarrollo"", ""validacion"", ""prueba""], ""senal"": ""media_movil_10"", ""spread_por_lado"": 0.0015, ""usuario"": {}, ""variante"": ""MOM_ref_sma10""}",sensibilidad: costos medio (solo overlay; no incluye la rotacion interna del factor)
2026-09-25T05:56:45.687860Z,R03,f6080b906f,MOM_ref_sma10,0,validacion,2013-03-31,2016-11-30,44,12,USD,0.04052677931618054,0.010887441902009076,0.09715864803285745,0.1532409274626467,0.23497160954414625,-0.11026895229346034,0.09873533461199642,0.0442368453607135,0.48762218833700643,5.972405216897981,0.6151994436205215,0.5454545454545454,0.5454545454545454,1.63544776119403,0.007195970149253731,6,0.011515314094471707,0.000517980927585926,0.0029,0.0015,2013-03-31|2016-11-30,52119000c9d85b5b,"French CRSP 202607 (3F sha b840dba55d31, Mom sha 7ee14e892b0f, 5F sha b8653b411cc5)","{""comision_por_lado"": 0.0029, ""cortes"": [""2013-03-31"", ""2016-11-30""], ""efectivo_en_mxn"": false, ""exposicion_inicial"": 0.0, ""exposicion_max"": 1.0, ""exposicion_min"": 0.0, ""extras"": [""mkt"", ""vol""], ""fx"": false, ""max_dias_fx"": 10, ""min_historia"": 10, ""periodos_por_anio"": 12, ""permitir_capturas"": false, ""rebalanceo_con_deriva"": true, ""segmentos"": [""desarrollo"", ""validacion"", ""prueba""], ""senal"": ""media_movil_10"", ""spread_por_lado"": 0.0015, ""usuario"": {}, ""variante"": ""MOM_ref_sma10""}",sensibilidad: costos medio (solo overlay; no incluye la rotacion interna del factor)
2026-09-25T05:56:45.687860Z,R03,f6080b906f,MOM_ref_sma10,0,prueba,2016-11-30,2026-07-31,116,12,USD,0.21014194762589966,0.019931710748633646,0.12509757249644365,0.03309312761172259,0.04333803208106613,-0.17974758105258692,0.110887226586946,0.009553163067477338,-1.1513650570779592,7.916074845927221,0.5405738404974886,0.6896551724137931,0.6896551724137931,1.7589943342776206,0.007739575070821531,17,0.04952030485998571,0.02384344620078771,0.0029,0.0015,2013-03-31|2016-11-30,52119000c9d85b5b,"French CRSP 202607 (3F sha b840dba55d31, Mom sha 7ee14e892b0f, 5F sha b8653b411cc5)","{""comision_por_lado"": 0.0029, ""cortes"": [""2013-03-31"", ""2016-11-30""], ""efectivo_en_mxn"": false, ""exposicion_inicial"": 0.0, ""exposicion_max"": 1.0, ""exposicion_min"": 0.0, ""extras"": [""mkt"", ""vol""], ""fx"": false, ""max_dias_fx"": 10, ""min_historia"": 10, ""periodos_por_anio"": 12, ""permitir_capturas"": false, ""rebalanceo_con_deriva"": true, ""segmentos"": [""desarrollo"", ""validacion"", ""prueba""], ""senal"": ""media_movil_10"", ""spread_por_lado"": 0.0015, ""usuario"": {}, ""variante"": ""MOM_ref_sma10""}",sensibilidad: costos medio (solo overlay; no incluye la rotacion interna del factor)
2026-09-25T05:56:45.704387Z,R03,aef5987c3b,MKT_ref_mom,0,completo,1927-10-31,2026-07-31,1185,12,USD,14339.03361025119,0.10177308240677463,0.18414398944952579,0.44338253301233677,0.6689493305934415,-0.8365224657023862,0.1216621030271086,0.12799351239432538,0.15869965696040897,10.327205060585195,0.9999936525069844,1.0,1.0,0.010126705112565155,4.455750249528667e-05,1,0.10182228408302851,0.032877782059419935,0.0029,0.0015,2013-03-31|2016-11-30,82f2fbc97fc9b25c,"French CRSP 202607 (3F sha b840dba55d31, Mom sha 7ee14e892b0f, 5F sha b8653b411cc5)","{""comision_por_lado"": 0.0029, ""cortes"": [""2013-03-31"", ""2016-11-30""], ""efectivo_en_mxn"": false, ""exposicion_inicial"": 0.0, ""exposicion_max"": 1.0, ""exposicion_min"": 0.0, ""extras"": [""mkt"", ""vol""], ""fx"": false, ""max_dias_fx"": 10, ""min_historia"": 10, ""periodos_por_anio"": 12, ""permitir_capturas"": false, ""rebalanceo_con_deriva"": true, ""segmentos"": [""desarrollo"", ""validacion"", ""prueba""], ""senal"": ""senal_comprar_y_mantener"", ""spread_por_lado"": 0.0015, ""usuario"": {}, ""variante"": ""MKT_ref_mom""}",sensibilidad: costos medio (solo overlay; no incluye la rotacion interna del factor)
2026-09-25T05:56:45.704387Z,R03,aef5987c3b,MKT_ref_mom,0,desarrollo,1927-10-31,2013-03-31,1025,12,USD,2434.892469498526,0.09559296864294975,0.18913056868708086,0.3941333189333775,0.5912891130971042,-0.8365224657023862,0.11427423955994427,0.11377648889139307,0.2067798903630264,10.5201685340894,0.9998569998811475,1.0,1.0,0.011707481248798,5.151291749471119e-05,1,0.09564953182045288,0.03531951942525646,0.0029,0.0015,2013-03-31|2016-11-30,82f2fbc97fc9b25c,"French CRSP 202607 (3F sha b840dba55d31, Mom sha 7ee14e892b0f, 5F sha b8653b411cc5)","{""comision_por_lado"": 0.0029, ""cortes"": [""2013-03-31"", ""2016-11-30""], ""efectivo_en_mxn"": false, ""exposicion_inicial"": 0.0, ""exposicion_max"": 1.0, ""exposicion_min"": 0.0, ""extras"": [""mkt"", ""vol""], ""fx"": false, ""max_dias_fx"": 10, ""min_historia"": 10, ""periodos_por_anio"": 12, ""permitir_capturas"": false, ""rebalanceo_con_deriva"": true, ""segmentos"": [""desarrollo"", ""validacion"", ""prueba""], ""senal"": ""senal_comprar_y_mantener"", ""spread_por_lado"": 0.0015, ""usuario"": {}, ""variante"": ""MKT_ref_mom""}",sensibilidad: costos medio (solo overlay; no incluye la rotacion interna del factor)
2026-09-25T05:56:45.704387Z,R03,aef5987c3b,MKT_ref_mom,0,validacion,2013-03-31,2016-11-30,44,12,USD,0.5173917242342867,0.12037301772303999,0.1100454675395776,1.0869875777886766,2.023163958276706,-0.08960649435040957,1.3433514902649442,0.31378628532103586,-0.04581330842519386,2.6428993407377406,0.9774358069541196,1.0,1.0,0.0,0.0,0,0.12037301772303999,0.000517980927585926,0.0029,0.0015,2013-03-31|2016-11-30,82f2fbc97fc9b25c,"French CRSP 202607 (3F sha b840dba55d31, Mom sha 7ee14e892b0f, 5F sha b8653b411cc5)","{""comision_por_lado"": 0.0029, ""cortes"": [""2013-03-31"", ""2016-11-30""], ""efectivo_en_mxn"": false, ""exposicion_inicial"": 0.0, ""exposicion_max"": 1.0, ""exposicion_min"": 0.0, ""extras"": [""mkt"", ""vol""], ""fx"": false, ""max_dias_fx"": 10, ""min_historia"": 10, ""periodos_por_anio"": 12, ""permitir_capturas"": false, ""rebalanceo_con_deriva"": true, ""segmentos"": [""desarrollo"", ""validacion"", ""prueba""], ""senal"": ""senal_comprar_y_mantener"", ""spread_por_lado"": 0.0015, ""usuario"": {}, ""variante"": ""MKT_ref_mom""}",sensibilidad: costos medio (solo overlay; no incluye la rotacion interna del factor)
2026-09-25T05:56:45.704387Z,R03,aef5987c3b,MKT_ref_mom,0,prueba,2016-11-30,2026-07-31,116,12,USD,2.8796660577977704,0.1505955791299589,0.1610122804967516,0.8096733946140892,1.274334808823219,-0.248449322470347,0.6061420398839399,0.23373257616806126,-0.3640318350722767,3.6636966980932817,0.9910304729752037,1.0,1.0,0.0,0.0,0,0.1505955791299589,0.02384344620078771,0.0029,0.0015,2013-03-31|2016-11-30,82f2fbc97fc9b25c,"French CRSP 202607 (3F sha b840dba55d31, Mom sha 7ee14e892b0f, 5F sha b8653b411cc5)","{""comision_por_lado"": 0.0029, ""cortes"": [""2013-03-31"", ""2016-11-30""], ""efectivo_en_mxn"": false, ""exposicion_inicial"": 0.0, ""exposicion_max"": 1.0, ""exposicion_min"": 0.0, ""extras"": [""mkt"", ""vol""], ""fx"": false, ""max_dias_fx"": 10, ""min_historia"": 10, ""periodos_por_anio"": 12, ""permitir_capturas"": false, ""rebalanceo_con_deriva"": true, ""segmentos"": [""desarrollo"", ""validacion"", ""prueba""], ""senal"": ""senal_comprar_y_mantener"", ""spread_por_lado"": 0.0015, ""usuario"": {}, ""variante"": ""MKT_ref_mom""}",sensibilidad: costos medio (solo overlay; no incluye la rotacion interna del factor)
2026-09-25T05:56:45.738880Z,R03,e4eb115a34,F_SMB_altfecha,0,completo,1935-12-31,2026-07-31,1087,12,USD,66.94703178814282,0.04767528053627501,0.10010984353126423,0.17734882335454288,0.27714536054629896,-0.31226607310500276,0.15267518517851825,0.05119619545210437,0.7000845990456092,9.370244703440497,0.9566761221711062,1.0,1.0,0.011039746108508388,0.0,1,0.04767528053627501,0.034343917744822594,0.0,0.0,1975-12-31|1979-06-30,76374c05c782890a,"French CRSP 202607 (3F sha b840dba55d31, Mom sha 7ee14e892b0f, 5F sha b8653b411cc5)","{""comision_por_lado"": 0.0, ""cortes"": [""1975-12-31"", ""1979-06-30""], ""efectivo_en_mxn"": false, ""exposicion_inicial"": 0.0, ""exposicion_max"": 1.0, ""exposicion_min"": 0.0, ""extras"": [], ""fx"": false, ""max_dias_fx"": 10, ""min_historia"": 1, ""periodos_por_anio"": 12, ""permitir_capturas"": false, ""rebalanceo_con_deriva"": true, ""segmentos"": [""desarrollo"", ""validacion"", ""prueba""], ""senal"": ""senal_comprar_y_mantener"", ""spread_por_lado"": 0.0, ""usuario"": {""corte_pub"": ""1979-06-30"", ""factor"": ""SMB""}, ""variante"": ""F_SMB_altfecha""}",sensibilidad: fecha de publicacion alternativa
2026-09-25T05:56:45.738880Z,R03,e4eb115a34,F_SMB_altfecha,0,desarrollo,1935-12-31,1975-12-31,480,12,USD,3.593040905503992,0.03884919559307698,0.09748576424096542,0.1935582125108708,0.3185163368722796,-0.31226607310500276,0.12441055541763427,0.05587544304850703,1.1422042204016016,9.375500142191154,0.8960751649136592,1.0,1.0,0.025,0.0,1,0.03884919559307698,0.024163680708613855,0.0,0.0,1975-12-31|1979-06-30,76374c05c782890a,"French CRSP 202607 (3F sha b840dba55d31, Mom sha 7ee14e892b0f, 5F sha b8653b411cc5)","{""comision_por_lado"": 0.0, ""cortes"": [""1975-12-31"", ""1979-06-30""], ""efectivo_en_mxn"": false, ""exposicion_inicial"": 0.0, ""exposicion_max"": 1.0, ""exposicion_min"": 0.0, ""extras"": [], ""fx"": false, ""max_dias_fx"": 10, ""min_historia"": 1, ""periodos_por_anio"": 12, ""permitir_capturas"": false, ""rebalanceo_con_deriva"": true, ""segmentos"": [""desarrollo"", ""validacion"", ""prueba""], ""senal"": ""senal_comprar_y_mantener"", ""spread_por_lado"": 0.0, ""usuario"": {""corte_pub"": ""1979-06-30"", ""factor"": ""SMB""}, ""variante"": ""F_SMB_altfecha""}",sensibilidad: fecha de publicacion alternativa
2026-09-25T05:56:45.738880Z,R03,e4eb115a34,F_SMB_altfecha,0,validacion,1975-12-31,1979-06-30,42,12,USD,1.1946904759936832,0.25210353848069067,0.09123153070688855,1.8448326653675626,3.0562111960976526,-0.09209999999999996,2.7372805481073916,0.5325573179798886,-1.573222303528303,9.348896419433915,0.9856514975690773,1.0,1.0,0.0,0.0,0,0.25210353848069067,0.06381964650494676,0.0,0.0,1975-12-31|1979-06-30,76374c05c782890a,"French CRSP 202607 (3F sha b840dba55d31, Mom sha 7ee14e892b0f, 5F sha b8653b411cc5)","{""comision_por_lado"": 0.0, ""cortes"": [""1975-12-31"", ""1979-06-30""], ""efectivo_en_mxn"": false, ""exposicion_inicial"": 0.0, ""exposicion_max"": 1.0, ""exposicion_min"": 0.0, ""extras"": [], ""fx"": false, ""max_dias_fx"": 10, ""min_historia"": 1, ""periodos_por_anio"": 12, ""permitir_capturas"": false, ""rebalanceo_con_deriva"": true, ""segmentos"": [""desarrollo"", ""validacion"", ""prueba""], ""senal"": ""senal_comprar_y_mantener"", ""spread_por_lado"": 0.0, ""usuario"": {""corte_pub"": ""1979-06-30"", ""factor"": ""SMB""}, ""variante"": ""F_SMB_altfecha""}",sensibilidad: fecha de publicacion alternativa
2026-09-25T05:56:45.738880Z,R03,e4eb115a34,F_SMB_altfecha,0,prueba,1979-06-30,2026-07-31,565,12,USD,5.740574256949974,0.041357407254910106,0.10204776887500669,0.05424141987771625,0.08102254774988531,-0.30579594747323124,0.135245112293486,0.0156581491838135,0.518806971187892,9.706866829109208,0.6455298623737579,1.0,1.0,0.0,0.0,0,0.041357407254910106,0.04089767110581022,0.0,0.0,1975-12-31|1979-06-30,76374c05c782890a,"French CRSP 202607 (3F sha b840dba55d31, Mom sha 7ee14e892b0f, 5F sha b8653b411cc5)","{""comision_por_lado"": 0.0, ""cortes"": [""1975-12-31"", ""1979-06-30""], ""efectivo_en_mxn"": false, ""exposicion_inicial"": 0.0, ""exposicion_max"": 1.0, ""exposicion_min"": 0.0, ""extras"": [], ""fx"": false, ""max_dias_fx"": 10, ""min_historia"": 1, ""periodos_por_anio"": 12, ""permitir_capturas"": false, ""rebalanceo_con_deriva"": true, ""segmentos"": [""desarrollo"", ""validacion"", ""prueba""], ""senal"": ""senal_comprar_y_mantener"", ""spread_por_lado"": 0.0, ""usuario"": {""corte_pub"": ""1979-06-30"", ""factor"": ""SMB""}, ""variante"": ""F_SMB_altfecha""}",sensibilidad: fecha de publicacion alternativa
2026-09-25T05:56:45.748974Z,R03,2a400c5bbd,F_RMW_altfecha,0,completo,1963-06-30,2026-07-31,757,12,USD,87.2695808864738,0.07360370575302211,0.07952223108167984,0.3901373956009953,0.5978257447577591,-0.3748907772361024,0.19633373297595752,0.11262296518558709,-0.23721930095793153,13.387543292497284,0.998646688142826,1.0,1.0,0.01585148858606024,0.0,1,0.07360370575302211,0.04438160940497915,0.0,0.0,2013-12-31|2014-10-31,f3af8b53d8ba66ed,"French CRSP 202607 (3F sha b840dba55d31, Mom sha 7ee14e892b0f, 5F sha b8653b411cc5)","{""comision_por_lado"": 0.0, ""cortes"": [""2013-12-31"", ""2014-10-31""], ""efectivo_en_mxn"": false, ""exposicion_inicial"": 0.0, ""exposicion_max"": 1.0, ""exposicion_min"": 0.0, ""extras"": [], ""fx"": false, ""max_dias_fx"": 10, ""min_historia"": 1, ""periodos_por_anio"": 12, ""permitir_capturas"": false, ""rebalanceo_con_deriva"": true, ""segmentos"": [""desarrollo"", ""validacion"", ""prueba""], ""senal"": ""senal_comprar_y_mantener"", ""spread_por_lado"": 0.0, ""usuario"": {""corte_pub"": ""2014-10-31"", ""factor"": ""RMW""}, ""variante"": ""F_RMW_altfecha""}",sensibilidad: fecha de publicacion alternativa
2026-09-25T05:56:45.748974Z,R03,2a400c5bbd,F_RMW_altfecha,0,desarrollo,1963-06-30,2013-12-31,606,12,USD,52.14733833453103,0.08184359440721622,0.07836388686810083,0.4130203241629643,0.6281440069132564,-0.3748907772361024,0.2183131711337672,0.11922869766813697,-0.45731900590658564,15.79631073404267,0.997341455120533,1.0,1.0,0.01979996747438608,0.0,1,0.08184359440721622,0.050950534824715454,0.0,0.0,2013-12-31|2014-10-31,f3af8b53d8ba66ed,"French CRSP 202607 (3F sha b840dba55d31, Mom sha 7ee14e892b0f, 5F sha b8653b411cc5)","{""comision_por_lado"": 0.0, ""cortes"": [""2013-12-31"", ""2014-10-31""], ""efectivo_en_mxn"": false, ""exposicion_inicial"": 0.0, ""exposicion_max"": 1.0, ""exposicion_min"": 0.0, ""extras"": [], ""fx"": false, ""max_dias_fx"": 10, ""min_historia"": 1, ""periodos_por_anio"": 12, ""permitir_capturas"": false, ""rebalanceo_con_deriva"": true, ""segmentos"": [""desarrollo"", ""validacion"", ""prueba""], ""senal"": ""senal_comprar_y_mantener"", ""spread_por_lado"": 0.0, ""usuario"": {""corte_pub"": ""2014-10-31"", ""factor"": ""RMW""}, ""variante"": ""F_RMW_altfecha""}",sensibilidad: fecha de publicacion alternativa
2026-09-25T05:56:45.748974Z,R03,2a400c5bbd,F_RMW_altfecha,0,validacion,2013-12-31,2014-10-31,10,12,USD,0.0026354169262878813,0.0031672414881556143,0.07043961953332797,0.07666140214520932,0.11229752060972016,-0.04150224999999996,0.07631493444706293,0.02213024058249538,-0.29479707387478393,2.9002561410633794,0.5263777900100802,1.0,1.0,0.0,0.0,0,0.0031672414881556143,0.0,0.0,0.0,2013-12-31|2014-10-31,f3af8b53d8ba66ed,"French CRSP 202607 (3F sha b840dba55d31, Mom sha 7ee14e892b0f, 5F sha b8653b411cc5)","{""comision_por_lado"": 0.0, ""cortes"": [""2013-12-31"", ""2014-10-31""], ""efectivo_en_mxn"": false, ""exposicion_inicial"": 0.0, ""exposicion_max"": 1.0, ""exposicion_min"": 0.0, ""extras"": [], ""fx"": false, ""max_dias_fx"": 10, ""min_historia"": 1, ""periodos_por_anio"": 12, ""permitir_capturas"": false, ""rebalanceo_con_deriva"": true, ""segmentos"": [""desarrollo"", ""validacion"", ""prueba""], ""senal"": ""senal_comprar_y_mantener"", ""spread_por_lado"": 0.0, ""usuario"": {""corte_pub"": ""2014-10-31"", ""factor"": ""RMW""}, ""variante"": ""F_RMW_altfecha""}",sensibilidad: fecha de publicacion alternativa
2026-09-25T05:56:45.748974Z,R03,2a400c5bbd,F_RMW_altfecha,0,prueba,2014-10-31,2026-07-31,141,12,USD,0.656481170192571,0.04389582165367445,0.08472127596904869,0.31746193594403765,0.5045335078951555,-0.2051387745480866,0.2139811049879545,0.09164336708737494,0.5032355824196186,6.034257837837635,0.8652341437569919,1.0,1.0,0.0,0.0,0,0.04389582165367445,0.01973866441106953,0.0,0.0,2013-12-31|2014-10-31,f3af8b53d8ba66ed,"French CRSP 202607 (3F sha b840dba55d31, Mom sha 7ee14e892b0f, 5F sha b8653b411cc5)","{""comision_por_lado"": 0.0, ""cortes"": [""2013-12-31"", ""2014-10-31""], ""efectivo_en_mxn"": false, ""exposicion_inicial"": 0.0, ""exposicion_max"": 1.0, ""exposicion_min"": 0.0, ""extras"": [], ""fx"": false, ""max_dias_fx"": 10, ""min_historia"": 1, ""periodos_por_anio"": 12, ""permitir_capturas"": false, ""rebalanceo_con_deriva"": true, ""segmentos"": [""desarrollo"", ""validacion"", ""prueba""], ""senal"": ""senal_comprar_y_mantener"", ""spread_por_lado"": 0.0, ""usuario"": {""corte_pub"": ""2014-10-31"", ""factor"": ""RMW""}, ""variante"": ""F_RMW_altfecha""}",sensibilidad: fecha de publicacion alternativa
2026-09-25T05:56:45.758662Z,R03,41d004bd46,F_CMA_altfecha,0,completo,1963-06-30,2026-07-31,757,12,USD,83.35077414622367,0.07283115999263767,0.0728153782703803,0.41207071986062693,0.6706057696475941,-0.20959621242834992,0.3474831875482238,0.11895457051834792,0.2609184639473981,4.319928841915448,0.9995212486546872,1.0,1.0,0.01585148858606024,0.0,1,0.07283115999263767,0.04438160940497915,0.0,0.0,2013-12-31|2014-10-31,5f363febd238a56d,"French CRSP 202607 (3F sha b840dba55d31, Mom sha 7ee14e892b0f, 5F sha b8653b411cc5)","{""comision_por_lado"": 0.0, ""cortes"": [""2013-12-31"", ""2014-10-31""], ""efectivo_en_mxn"": false, ""exposicion_inicial"": 0.0, ""exposicion_max"": 1.0, ""exposicion_min"": 0.0, ""extras"": [], ""fx"": false, ""max_dias_fx"": 10, ""min_historia"": 1, ""periodos_por_anio"": 12, ""permitir_capturas"": false, ""rebalanceo_con_deriva"": true, ""segmentos"": [""desarrollo"", ""validacion"", ""prueba""], ""senal"": ""senal_comprar_y_mantener"", ""spread_por_lado"": 0.0, ""usuario"": {""corte_pub"": ""2014-10-31"", ""factor"": ""CMA""}, ""variante"": ""F_CMA_altfecha""}",sensibilidad: fecha de publicacion alternativa
2026-09-25T05:56:45.758662Z,R03,41d004bd46,F_CMA_altfecha,0,desarrollo,1963-06-30,2013-12-31,606,12,USD,76.02523604460863,0.08982125250130846,0.07024477286287506,0.5617995948152729,0.9456154396116733,-0.1392921568023533,0.6448407043388602,0.16217757364861024,0.2620187908981858,4.407304940993827,0.9999720787147683,1.0,1.0,0.01979996747438608,0.0,1,0.08982125250130846,0.050950534824715454,0.0,0.0,2013-12-31|2014-10-31,5f363febd238a56d,"French CRSP 202607 (3F sha b840dba55d31, Mom sha 7ee14e892b0f, 5F sha b8653b411cc5)","{""comision_por_lado"": 0.0, ""cortes"": [""2013-12-31"", ""2014-10-31""], ""efectivo_en_mxn"": false, ""exposicion_inicial"": 0.0, ""exposicion_max"": 1.0, ""exposicion_min"": 0.0, ""extras"": [], ""fx"": false, ""max_dias_fx"": 10, ""min_historia"": 1, ""periodos_por_anio"": 12, ""permitir_capturas"": false, ""rebalanceo_con_deriva"": true, ""segmentos"": [""desarrollo"", ""validacion"", ""prueba""], ""senal"": ""senal_comprar_y_mantener"", ""spread_por_lado"": 0.0, ""usuario"": {""corte_pub"": ""2014-10-31"", ""factor"": ""CMA""}, ""variante"": ""F_CMA_altfecha""}",sensibilidad: fecha de publicacion alternativa
2026-09-25T05:56:45.758662Z,R03,41d004bd46,F_CMA_altfecha,0,validacion,2013-12-31,2014-10-31,10,12,USD,-0.026879253556136518,-0.032206810562211974,0.04034028590214336,-0.7912685615920244,-1.0265565602412348,-0.036020729517808436,-0.8941187753093428,-0.22841955851822165,0.42686877246604515,2.3841577136172374,0.2582351598657223,1.0,1.0,0.0,0.0,0,-0.032206810562211974,0.0,0.0,0.0,2013-12-31|2014-10-31,5f363febd238a56d,"French CRSP 202607 (3F sha b840dba55d31, Mom sha 7ee14e892b0f, 5F sha b8653b411cc5)","{""comision_por_lado"": 0.0, ""cortes"": [""2013-12-31"", ""2014-10-31""], ""efectivo_en_mxn"": false, ""exposicion_inicial"": 0.0, ""exposicion_max"": 1.0, ""exposicion_min"": 0.0, ""extras"": [], ""fx"": false, ""max_dias_fx"": 10, ""min_historia"": 1, ""periodos_por_anio"": 12, ""permitir_capturas"": false, ""rebalanceo_con_deriva"": true, ""segmentos"": [""desarrollo"", ""validacion"", ""prueba""], ""senal"": ""senal_comprar_y_mantener"", ""spread_por_lado"": 0.0, ""usuario"": {""corte_pub"": ""2014-10-31"", ""factor"": ""CMA""}, ""variante"": ""F_CMA_altfecha""}",sensibilidad: fecha de publicacion alternativa
2026-09-25T05:56:45.758662Z,R03,41d004bd46,F_CMA_altfecha,0,prueba,2014-10-31,2026-07-31,141,12,USD,0.12535437400375593,0.01010319883657984,0.08215720766942164,-0.07488138544873645,-0.11113447087666431,-0.17448066642666638,0.05790440306935772,-0.021616394023060058,0.3449375133021119,3.8716918756149266,0.3994472979856655,1.0,1.0,0.0,0.0,0,0.01010319883657984,0.01973866441106953,0.0,0.0,2013-12-31|2014-10-31,5f363febd238a56d,"French CRSP 202607 (3F sha b840dba55d31, Mom sha 7ee14e892b0f, 5F sha b8653b411cc5)","{""comision_por_lado"": 0.0, ""cortes"": [""2013-12-31"", ""2014-10-31""], ""efectivo_en_mxn"": false, ""exposicion_inicial"": 0.0, ""exposicion_max"": 1.0, ""exposicion_min"": 0.0, ""extras"": [], ""fx"": false, ""max_dias_fx"": 10, ""min_historia"": 1, ""periodos_por_anio"": 12, ""permitir_capturas"": false, ""rebalanceo_con_deriva"": true, ""segmentos"": [""desarrollo"", ""validacion"", ""prueba""], ""senal"": ""senal_comprar_y_mantener"", ""spread_por_lado"": 0.0, ""usuario"": {""corte_pub"": ""2014-10-31"", ""factor"": ""CMA""}, ""variante"": ""F_CMA_altfecha""}",sensibilidad: fecha de publicacion alternativa
2026-09-25T05:56:45.769394Z,R03,7ae3c18bb7,F_SMB_ff5,0,completo,1963-06-30,2026-07-31,757,12,USD,44.31567703121471,0.062316687688665384,0.10471972624072505,0.2147612021357766,0.33256934176267394,-0.31338510301387124,0.19885019131208378,0.06199621893228913,0.3618836648420454,6.069711740759965,0.9572641681629449,1.0,1.0,0.01585148858606024,0.0,1,0.062316687688665384,0.04438160940497915,0.0,0.0,1975-12-31|1981-03-31,c9c26d3ac85c2136,"French CRSP 202607 (3F sha b840dba55d31, Mom sha 7ee14e892b0f, 5F sha b8653b411cc5)","{""comision_por_lado"": 0.0, ""cortes"": [""1975-12-31"", ""1981-03-31""], ""efectivo_en_mxn"": false, ""exposicion_inicial"": 0.0, ""exposicion_max"": 1.0, ""exposicion_min"": 0.0, ""extras"": [], ""fx"": false, ""max_dias_fx"": 10, ""min_historia"": 1, ""periodos_por_anio"": 12, ""permitir_capturas"": false, ""rebalanceo_con_deriva"": true, ""segmentos"": [""desarrollo"", ""validacion"", ""prueba""], ""senal"": ""senal_comprar_y_mantener"", ""spread_por_lado"": 0.0, ""usuario"": {""factor"": ""SMB5""}, ""variante"": ""F_SMB_ff5""}",sensibilidad: archivo de 5 factores
2026-09-25T05:56:45.769394Z,R03,7ae3c18bb7,F_SMB_ff5,0,desarrollo,1963-06-30,1975-12-31,150,12,USD,1.5512394106840577,0.07778044667583917,0.11761899542976058,0.26206726572798655,0.4333285092861197,-0.27910919575171855,0.2786738948759994,0.07565230320692112,0.6194224022073925,4.0771525808059,0.8273398413523709,1.0,1.0,0.07997591416684914,0.0,1,0.07778044667583917,0.05216671786590732,0.0,0.0,1975-12-31|1981-03-31,c9c26d3ac85c2136,"French CRSP 202607 (3F sha b840dba55d31, Mom sha 7ee14e892b0f, 5F sha b8653b411cc5)","{""comision_por_lado"": 0.0, ""cortes"": [""1975-12-31"", ""1981-03-31""], ""efectivo_en_mxn"": false, ""exposicion_inicial"": 0.0, ""exposicion_max"": 1.0, ""exposicion_min"": 0.0, ""extras"": [], ""fx"": false, ""max_dias_fx"": 10, ""min_historia"": 1, ""periodos_por_anio"": 12, ""permitir_capturas"": false, ""rebalanceo_con_deriva"": true, ""segmentos"": [""desarrollo"", ""validacion"", ""prueba""], ""senal"": ""senal_comprar_y_mantener"", ""spread_por_lado"": 0.0, ""usuario"": {""factor"": ""SMB5""}, ""variante"": ""F_SMB_ff5""}",sensibilidad: archivo de 5 factores
2026-09-25T05:56:45.769394Z,R03,7ae3c18bb7,F_SMB_ff5,0,validacion,1975-12-31,1981-03-31,63,12,USD,2.2894643647728437,0.25466833644688314,0.09569329462373369,1.5974368635797211,2.6287744854550734,-0.09360000000000002,2.7208155603299478,0.4611403016005918,-1.1710207530573413,6.890428157391681,0.9961769111710845,1.0,1.0,0.0,0.0,0,0.25466833644688314,0.08075162339801767,0.0,0.0,1975-12-31|1981-03-31,c9c26d3ac85c2136,"French CRSP 202607 (3F sha b840dba55d31, Mom sha 7ee14e892b0f, 5F sha b8653b411cc5)","{""comision_por_lado"": 0.0, ""cortes"": [""1975-12-31"", ""1981-03-31""], ""efectivo_en_mxn"": false, ""exposicion_inicial"": 0.0, ""exposicion_max"": 1.0, ""exposicion_min"": 0.0, ""extras"": [], ""fx"": false, ""max_dias_fx"": 10, ""min_historia"": 1, ""periodos_por_anio"": 12, ""permitir_capturas"": false, ""rebalanceo_con_deriva"": true, ""segmentos"": [""desarrollo"", ""validacion"", ""prueba""], ""senal"": ""senal_comprar_y_mantener"", ""spread_por_lado"": 0.0, ""usuario"": {""factor"": ""SMB5""}, ""variante"": ""F_SMB_ff5""}",sensibilidad: archivo de 5 factores
2026-09-25T05:56:45.769394Z,R03,7ae3c18bb7,F_SMB_ff5,0,prueba,1981-03-31,2026-07-31,544,12,USD,4.3997303384082,0.03789941290330101,0.10050906084806949,0.04704711474693821,0.0702898847117896,-0.3133851030138717,0.12093559182876484,0.013581332181869993,0.40961623906415906,7.204220045540818,0.624497871406619,1.0,1.0,0.0,0.0,0,0.03789941290330101,0.03812205746060382,0.0,0.0,1975-12-31|1981-03-31,c9c26d3ac85c2136,"French CRSP 202607 (3F sha b840dba55d31, Mom sha 7ee14e892b0f, 5F sha b8653b411cc5)","{""comision_por_lado"": 0.0, ""cortes"": [""1975-12-31"", ""1981-03-31""], ""efectivo_en_mxn"": false, ""exposicion_inicial"": 0.0, ""exposicion_max"": 1.0, ""exposicion_min"": 0.0, ""extras"": [], ""fx"": false, ""max_dias_fx"": 10, ""min_historia"": 1, ""periodos_por_anio"": 12, ""permitir_capturas"": false, ""rebalanceo_con_deriva"": true, ""segmentos"": [""desarrollo"", ""validacion"", ""prueba""], ""senal"": ""senal_comprar_y_mantener"", ""spread_por_lado"": 0.0, ""usuario"": {""factor"": ""SMB5""}, ""variante"": ""F_SMB_ff5""}",sensibilidad: archivo de 5 factores
2026-09-25T05:56:45.779360Z,R03,fa20e34257,F_HML_ff5,0,completo,1963-06-30,2026-07-31,757,12,USD,104.52353378762933,0.07664641530843563,0.1037980599014808,0.3489018789932932,0.544272347221935,-0.5247302663601936,0.1460682187061472,0.10071929687877204,0.09021299067863131,5.144443091464616,0.9971743189796197,1.0,1.0,0.01585148858606024,0.0,1,0.07664641530843563,0.04438160940497915,0.0,0.0,1990-12-31|1992-06-30,871711900fb3f8df,"French CRSP 202607 (3F sha b840dba55d31, Mom sha 7ee14e892b0f, 5F sha b8653b411cc5)","{""comision_por_lado"": 0.0, ""cortes"": [""1990-12-31"", ""1992-06-30""], ""efectivo_en_mxn"": false, ""exposicion_inicial"": 0.0, ""exposicion_max"": 1.0, ""exposicion_min"": 0.0, ""extras"": [], ""fx"": false, ""max_dias_fx"": 10, ""min_historia"": 1, ""periodos_por_anio"": 12, ""permitir_capturas"": false, ""rebalanceo_con_deriva"": true, ""segmentos"": [""desarrollo"", ""validacion"", ""prueba""], ""senal"": ""senal_comprar_y_mantener"", ""spread_por_lado"": 0.0, ""usuario"": {""factor"": ""HML5""}, ""variante"": ""F_HML_ff5""}",sensibilidad: archivo de 5 factores
2026-09-25T05:56:45.779360Z,R03,fa20e34257,F_HML_ff5,0,desarrollo,1963-06-30,1990-12-31,330,12,USD,21.542310680135913,0.11993285245884655,0.08950946853361653,0.5752460372465755,0.9221428306227178,-0.1919595816089512,0.6247817975721927,0.16605922722728794,-0.047299521229263244,4.208216549853622,0.9985007590800776,1.0,1.0,0.03635775433008163,0.0,1,0.11993285245884655,0.06883334280542375,0.0,0.0,1990-12-31|1992-06-30,871711900fb3f8df,"French CRSP 202607 (3F sha b840dba55d31, Mom sha 7ee14e892b0f, 5F sha b8653b411cc5)","{""comision_por_lado"": 0.0, ""cortes"": [""1990-12-31"", ""1992-06-30""], ""efectivo_en_mxn"": false, ""exposicion_inicial"": 0.0, ""exposicion_max"": 1.0, ""exposicion_min"": 0.0, ""extras"": [], ""fx"": false, ""max_dias_fx"": 10, ""min_historia"": 1, ""periodos_por_anio"": 12, ""permitir_capturas"": false, ""rebalanceo_con_deriva"": true, ""segmentos"": [""desarrollo"", ""validacion"", ""prueba""], ""senal"": ""senal_comprar_y_mantener"", ""spread_por_lado"": 0.0, ""usuario"": {""factor"": ""HML5""}, ""variante"": ""F_HML_ff5""}",sensibilidad: archivo de 5 factores
2026-09-25T05:56:45.779360Z,R03,fa20e34257,F_HML_ff5,0,validacion,1990-12-31,1992-06-30,18,12,USD,0.20799862702950356,0.13448426833011728,0.09471716410699059,0.849110797219753,1.8437659058155442,-0.06986455387664836,1.9249284632599295,0.2451171736733211,0.4945495752716725,2.4811332230028382,0.8564955566595717,1.0,1.0,0.0,0.0,0,0.13448426833011728,0.05012410939334888,0.0,0.0,1990-12-31|1992-06-30,871711900fb3f8df,"French CRSP 202607 (3F sha b840dba55d31, Mom sha 7ee14e892b0f, 5F sha b8653b411cc5)","{""comision_por_lado"": 0.0, ""cortes"": [""1990-12-31"", ""1992-06-30""], ""efectivo_en_mxn"": false, ""exposicion_inicial"": 0.0, ""exposicion_max"": 1.0, ""exposicion_min"": 0.0, ""extras"": [], ""fx"": false, ""max_dias_fx"": 10, ""min_historia"": 1, ""periodos_por_anio"": 12, ""permitir_capturas"": false, ""rebalanceo_con_deriva"": true, ""segmentos"": [""desarrollo"", ""validacion"", ""prueba""], ""senal"": ""senal_comprar_y_mantener"", ""spread_por_lado"": 0.0, ""usuario"": {""factor"": ""HML5""}, ""variante"": ""F_HML_ff5""}",sensibilidad: archivo de 5 factores
2026-09-25T05:56:45.779360Z,R03,fa20e34257,F_HML_ff5,0,prueba,1992-06-30,2026-07-31,409,12,USD,2.875113745941851,0.04054314614096821,0.11370257396909222,0.1912745244893277,0.29244174405224815,-0.5247302663601934,0.0772647372186036,0.055216199101515505,0.1720291921436883,5.165179824593542,0.8683992166114234,1.0,1.0,0.0,0.0,0,0.04054314614096821,0.024811233835770663,0.0,0.0,1990-12-31|1992-06-30,871711900fb3f8df,"French CRSP 202607 (3F sha b840dba55d31, Mom sha 7ee14e892b0f, 5F sha b8653b411cc5)","{""comision_por_lado"": 0.0, ""cortes"": [""1990-12-31"", ""1992-06-30""], ""efectivo_en_mxn"": false, ""exposicion_inicial"": 0.0, ""exposicion_max"": 1.0, ""exposicion_min"": 0.0, ""extras"": [], ""fx"": false, ""max_dias_fx"": 10, ""min_historia"": 1, ""periodos_por_anio"": 12, ""permitir_capturas"": false, ""rebalanceo_con_deriva"": true, ""segmentos"": [""desarrollo"", ""validacion"", ""prueba""], ""senal"": ""senal_comprar_y_mantener"", ""spread_por_lado"": 0.0, ""usuario"": {""factor"": ""HML5""}, ""variante"": ""F_HML_ff5""}",sensibilidad: archivo de 5 factores
2026-09-25T05:56:45.795304Z,R03,eb00ad2303,F_SMB_hist,0,completo,1926-06-30,2026-07-31,1201,12,USD,103.795527160605,0.047577819981504677,0.10887581932399915,0.18233153867749996,0.3007195935144854,-0.35188464012227527,0.13520857280093843,0.05263458146860663,1.7817344945315217,20.830592052264677,0.9713480384528059,1.0,1.0,0.009991519859940913,0.0,1,0.047577819981504677,0.032871816260235276,0.0,0.0,1975-12-31|1981-03-31,e5651ea3cdaa15d4,"French CRSP 202607 (3F sha b840dba55d31, Mom sha 7ee14e892b0f, 5F sha b8653b411cc5)","{""comision_por_lado"": 0.0, ""cortes"": [""1975-12-31"", ""1981-03-31""], ""efectivo_en_mxn"": false, ""exposicion_inicial"": 0.0, ""exposicion_max"": 1.0, ""exposicion_min"": 0.0, ""extras"": [], ""fx"": false, ""max_dias_fx"": 10, ""min_historia"": 1, ""periodos_por_anio"": 12, ""permitir_capturas"": false, ""rebalanceo_con_deriva"": true, ""segmentos"": [""desarrollo"", ""validacion"", ""prueba""], ""senal"": ""senal_comprar_y_mantener"", ""spread_por_lado"": 0.0, ""usuario"": {""factor"": ""SMB"", ""inicio"": ""1926-07-31""}, ""variante"": ""F_SMB_hist""}",sensibilidad: historia completa (desarrollo incluye pre-muestra)
2026-09-25T05:56:45.795304Z,R03,eb00ad2303,F_SMB_hist,0,desarrollo,1926-06-30,1975-12-31,594,12,USD,6.083902420686878,0.040342055054101156,0.1153816557416308,0.19847659583838123,0.35572516009003574,-0.35188464012227527,0.11464568342648553,0.057295258017564986,2.7294094710199888,27.320028765061238,0.933189186365192,1.0,1.0,0.020200763232122117,0.0,1,0.040342055054101156,0.023159731629841085,0.0,0.0,1975-12-31|1981-03-31,e5651ea3cdaa15d4,"French CRSP 202607 (3F sha b840dba55d31, Mom sha 7ee14e892b0f, 5F sha b8653b411cc5)","{""comision_por_lado"": 0.0, ""cortes"": [""1975-12-31"", ""1981-03-31""], ""efectivo_en_mxn"": false, ""exposicion_inicial"": 0.0, ""exposicion_max"": 1.0, ""exposicion_min"": 0.0, ""extras"": [], ""fx"": false, ""max_dias_fx"": 10, ""min_historia"": 1, ""periodos_por_anio"": 12, ""permitir_capturas"": false, ""rebalanceo_con_deriva"": true, ""segmentos"": [""desarrollo"", ""validacion"", ""prueba""], ""senal"": ""senal_comprar_y_mantener"", ""spread_por_lado"": 0.0, ""usuario"": {""factor"": ""SMB"", ""inicio"": ""1926-07-31""}, ""variante"": ""F_SMB_hist""}",sensibilidad: historia completa (desarrollo incluye pre-muestra)
2026-09-25T05:56:45.795304Z,R03,eb00ad2303,F_SMB_hist,0,validacion,1975-12-31,1981-03-31,63,12,USD,2.1500438016647223,0.24435786640016466,0.09147318947779817,1.5809699913385422,2.523364266191221,-0.09209999999999996,2.6531798740517347,0.4563867250400139,-1.397647387598812,7.164098747991076,0.9948798544826561,1.0,1.0,0.0,0.0,0,0.24435786640016466,0.08075162339801767,0.0,0.0,1975-12-31|1981-03-31,e5651ea3cdaa15d4,"French CRSP 202607 (3F sha b840dba55d31, Mom sha 7ee14e892b0f, 5F sha b8653b411cc5)","{""comision_por_lado"": 0.0, ""cortes"": [""1975-12-31"", ""1981-03-31""], ""efectivo_en_mxn"": false, ""exposicion_inicial"": 0.0, ""exposicion_max"": 1.0, ""exposicion_min"": 0.0, ""extras"": [], ""fx"": false, ""max_dias_fx"": 10, ""min_historia"": 1, ""periodos_por_anio"": 12, ""permitir_capturas"": false, ""rebalanceo_con_deriva"": true, ""segmentos"": [""desarrollo"", ""validacion"", ""prueba""], ""senal"": ""senal_comprar_y_mantener"", ""spread_por_lado"": 0.0, ""usuario"": {""factor"": ""SMB"", ""inicio"": ""1926-07-31""}, ""variante"": ""F_SMB_hist""}",sensibilidad: historia completa (desarrollo incluye pre-muestra)
2026-09-25T05:56:45.795304Z,R03,eb00ad2303,F_SMB_hist,0,prueba,1981-03-31,2026-07-31,544,12,USD,3.6962756888137003,0.03470868340902311,0.10196652901160279,0.017479212344082416,0.026078635843779,-0.305795947473231,0.11350275795287137,0.005045813976039306,0.5740891869562245,9.96728587563175,0.5468658088383638,1.0,1.0,0.0,0.0,0,0.03470868340902311,0.03812205746060382,0.0,0.0,1975-12-31|1981-03-31,e5651ea3cdaa15d4,"French CRSP 202607 (3F sha b840dba55d31, Mom sha 7ee14e892b0f, 5F sha b8653b411cc5)","{""comision_por_lado"": 0.0, ""cortes"": [""1975-12-31"", ""1981-03-31""], ""efectivo_en_mxn"": false, ""exposicion_inicial"": 0.0, ""exposicion_max"": 1.0, ""exposicion_min"": 0.0, ""extras"": [], ""fx"": false, ""max_dias_fx"": 10, ""min_historia"": 1, ""periodos_por_anio"": 12, ""permitir_capturas"": false, ""rebalanceo_con_deriva"": true, ""segmentos"": [""desarrollo"", ""validacion"", ""prueba""], ""senal"": ""senal_comprar_y_mantener"", ""spread_por_lado"": 0.0, ""usuario"": {""factor"": ""SMB"", ""inicio"": ""1926-07-31""}, ""variante"": ""F_SMB_hist""}",sensibilidad: historia completa (desarrollo incluye pre-muestra)
2026-09-25T05:56:45.809323Z,R03,b845e34b34,F_HML_hist,0,completo,1926-06-30,2026-07-31,1201,12,USD,860.4062543659928,0.06986058837265885,0.12349616589193498,0.3461870619642814,0.6126356155070977,-0.5247302663601934,0.13313618986998565,0.09993559670752176,2.037882054140271,20.78803206674792,0.9999165085150659,1.0,1.0,0.009991519859940913,0.0,1,0.06986058837265885,0.032871816260235276,0.0,0.0,1990-12-31|1992-06-30,53d00c7b790e070f,"French CRSP 202607 (3F sha b840dba55d31, Mom sha 7ee14e892b0f, 5F sha b8653b411cc5)","{""comision_por_lado"": 0.0, ""cortes"": [""1990-12-31"", ""1992-06-30""], ""efectivo_en_mxn"": false, ""exposicion_inicial"": 0.0, ""exposicion_max"": 1.0, ""exposicion_min"": 0.0, ""extras"": [], ""fx"": false, ""max_dias_fx"": 10, ""min_historia"": 1, ""periodos_por_anio"": 12, ""permitir_capturas"": false, ""rebalanceo_con_deriva"": true, ""segmentos"": [""desarrollo"", ""validacion"", ""prueba""], ""senal"": ""senal_comprar_y_mantener"", ""spread_por_lado"": 0.0, ""usuario"": {""factor"": ""HML"", ""inicio"": ""1926-07-31""}, ""variante"": ""F_HML_hist""}",sensibilidad: historia completa (desarrollo incluye pre-muestra)
2026-09-25T05:56:45.809323Z,R03,b845e34b34,F_HML_hist,0,desarrollo,1926-06-30,1990-12-31,774,12,USD,183.01665212245544,0.08420652002528839,0.12882633353596953,0.4106751454504072,0.7815423288692361,-0.4350428978959484,0.1935591189571115,0.11855170288764065,2.7025445557457,25.294615418870595,0.9999179029588736,1.0,1.0,0.015502971137521223,0.0,1,0.08420652002528839,0.03675774696953926,0.0,0.0,1990-12-31|1992-06-30,53d00c7b790e070f,"French CRSP 202607 (3F sha b840dba55d31, Mom sha 7ee14e892b0f, 5F sha b8653b411cc5)","{""comision_por_lado"": 0.0, ""cortes"": [""1990-12-31"", ""1992-06-30""], ""efectivo_en_mxn"": false, ""exposicion_inicial"": 0.0, ""exposicion_max"": 1.0, ""exposicion_min"": 0.0, ""extras"": [], ""fx"": false, ""max_dias_fx"": 10, ""min_historia"": 1, ""periodos_por_anio"": 12, ""permitir_capturas"": false, ""rebalanceo_con_deriva"": true, ""segmentos"": [""desarrollo"", ""validacion"", ""prueba""], ""senal"": ""senal_comprar_y_mantener"", ""spread_por_lado"": 0.0, ""usuario"": {""factor"": ""HML"", ""inicio"": ""1926-07-31""}, ""variante"": ""F_HML_hist""}",sensibilidad: historia completa (desarrollo incluye pre-muestra)
2026-09-25T05:56:45.809323Z,R03,b845e34b34,F_HML_hist,0,validacion,1990-12-31,1992-06-30,18,12,USD,0.20799862702950356,0.13448426833011728,0.09471716410699059,0.849110797219753,1.8437659058155442,-0.06986455387664836,1.9249284632599295,0.2451171736733211,0.4945495752716725,2.4811332230028382,0.8564955566595717,1.0,1.0,0.0,0.0,0,0.13448426833011728,0.05012410939334888,0.0,0.0,1990-12-31|1992-06-30,53d00c7b790e070f,"French CRSP 202607 (3F sha b840dba55d31, Mom sha 7ee14e892b0f, 5F sha b8653b411cc5)","{""comision_por_lado"": 0.0, ""cortes"": [""1990-12-31"", ""1992-06-30""], ""efectivo_en_mxn"": false, ""exposicion_inicial"": 0.0, ""exposicion_max"": 1.0, ""exposicion_min"": 0.0, ""extras"": [], ""fx"": false, ""max_dias_fx"": 10, ""min_historia"": 1, ""periodos_por_anio"": 12, ""permitir_capturas"": false, ""rebalanceo_con_deriva"": true, ""segmentos"": [""desarrollo"", ""validacion"", ""prueba""], ""senal"": ""senal_comprar_y_mantener"", ""spread_por_lado"": 0.0, ""usuario"": {""factor"": ""HML"", ""inicio"": ""1926-07-31""}, ""variante"": ""F_HML_hist""}",sensibilidad: historia completa (desarrollo incluye pre-muestra)
2026-09-25T05:56:45.809323Z,R03,b845e34b34,F_HML_hist,0,prueba,1992-06-30,2026-07-31,409,12,USD,2.875113745941851,0.04054314614096821,0.11370257396909222,0.1912745244893277,0.29244174405224815,-0.5247302663601934,0.0772647372186036,0.055216199101515505,0.1720291921436883,5.165179824593542,0.8683992166114234,1.0,1.0,0.0,0.0,0,0.04054314614096821,0.024811233835770663,0.0,0.0,1990-12-31|1992-06-30,53d00c7b790e070f,"French CRSP 202607 (3F sha b840dba55d31, Mom sha 7ee14e892b0f, 5F sha b8653b411cc5)","{""comision_por_lado"": 0.0, ""cortes"": [""1990-12-31"", ""1992-06-30""], ""efectivo_en_mxn"": false, ""exposicion_inicial"": 0.0, ""exposicion_max"": 1.0, ""exposicion_min"": 0.0, ""extras"": [], ""fx"": false, ""max_dias_fx"": 10, ""min_historia"": 1, ""periodos_por_anio"": 12, ""permitir_capturas"": false, ""rebalanceo_con_deriva"": true, ""segmentos"": [""desarrollo"", ""validacion"", ""prueba""], ""senal"": ""senal_comprar_y_mantener"", ""spread_por_lado"": 0.0, ""usuario"": {""factor"": ""HML"", ""inicio"": ""1926-07-31""}, ""variante"": ""F_HML_hist""}",sensibilidad: historia completa (desarrollo incluye pre-muestra)
2026-09-25T05:56:45.823600Z,R03,e29183002c,F_MOM_hist,0,completo,1926-12-31,2026-07-31,1195,12,USD,8695.951926720907,0.09536631548805352,0.16332531641746206,0.4559578765039352,0.5925606550820152,-0.7816229703064959,0.12201063570413977,0.13162370136933857,-3.0228758568952685,30.427783686237046,0.9998845603194474,1.0,1.0,0.010042065324975256,0.0,1,0.09536631548805352,0.03287404936871585,0.0,0.0,1989-12-31|1993-03-31,404fc0377014d373,"French CRSP 202607 (3F sha b840dba55d31, Mom sha 7ee14e892b0f, 5F sha b8653b411cc5)","{""comision_por_lado"": 0.0, ""cortes"": [""1989-12-31"", ""1993-03-31""], ""efectivo_en_mxn"": false, ""exposicion_inicial"": 0.0, ""exposicion_max"": 1.0, ""exposicion_min"": 0.0, ""extras"": [], ""fx"": false, ""max_dias_fx"": 10, ""min_historia"": 1, ""periodos_por_anio"": 12, ""permitir_capturas"": false, ""rebalanceo_con_deriva"": true, ""segmentos"": [""desarrollo"", ""validacion"", ""prueba""], ""senal"": ""senal_comprar_y_mantener"", ""spread_por_lado"": 0.0, ""usuario"": {""factor"": ""MOM"", ""inicio"": ""1927-01-31""}, ""variante"": ""F_MOM_hist""}",sensibilidad: historia completa (desarrollo incluye pre-muestra)
2026-09-25T05:56:45.823600Z,R03,e29183002c,F_MOM_hist,0,desarrollo,1926-12-31,1989-12-31,756,12,USD,725.5533051725045,0.11023892783264522,0.16376107928059067,0.5228146472310407,0.6641776939840667,-0.7816229703064959,0.14103849556700912,0.15092358865756028,-3.9296443014653137,40.57601466445315,0.9989483834112465,1.0,1.0,0.015872843422710878,0.0,1,0.11023892783264522,0.03614443139426715,0.0,0.0,1989-12-31|1993-03-31,404fc0377014d373,"French CRSP 202607 (3F sha b840dba55d31, Mom sha 7ee14e892b0f, 5F sha b8653b411cc5)","{""comision_por_lado"": 0.0, ""cortes"": [""1989-12-31"", ""1993-03-31""], ""efectivo_en_mxn"": false, ""exposicion_inicial"": 0.0, ""exposicion_max"": 1.0, ""exposicion_min"": 0.0, ""extras"": [], ""fx"": false, ""max_dias_fx"": 10, ""min_historia"": 1, ""periodos_por_anio"": 12, ""permitir_capturas"": false, ""rebalanceo_con_deriva"": true, ""segmentos"": [""desarrollo"", ""validacion"", ""prueba""], ""senal"": ""senal_comprar_y_mantener"", ""spread_por_lado"": 0.0, ""usuario"": {""factor"": ""MOM"", ""inicio"": ""1927-01-31""}, ""variante"": ""F_MOM_hist""}",sensibilidad: historia completa (desarrollo incluye pre-muestra)
2026-09-25T05:56:45.823600Z,R03,e29183002c,F_MOM_hist,0,validacion,1989-12-31,1993-03-31,39,12,USD,0.8262627299164584,0.20379657207745172,0.11315798350434329,1.2419044209907575,2.269573651163579,-0.13766266589660558,1.4804055315223765,0.3585069258834001,-0.2269184404976001,3.006279278046437,0.9805186130323,1.0,1.0,0.0,0.0,0,0.20379657207745172,0.05419639713938906,0.0,0.0,1989-12-31|1993-03-31,404fc0377014d373,"French CRSP 202607 (3F sha b840dba55d31, Mom sha 7ee14e892b0f, 5F sha b8653b411cc5)","{""comision_por_lado"": 0.0, ""cortes"": [""1989-12-31"", ""1993-03-31""], ""efectivo_en_mxn"": false, ""exposicion_inicial"": 0.0, ""exposicion_max"": 1.0, ""exposicion_min"": 0.0, ""extras"": [], ""fx"": false, ""max_dias_fx"": 10, ""min_historia"": 1, ""periodos_por_anio"": 12, ""permitir_capturas"": false, ""rebalanceo_con_deriva"": true, ""segmentos"": [""desarrollo"", ""validacion"", ""prueba""], ""senal"": ""senal_comprar_y_mantener"", ""spread_por_lado"": 0.0, ""usuario"": {""factor"": ""MOM"", ""inicio"": ""1927-01-31""}, ""variante"": ""F_MOM_hist""}",sensibilidad: historia completa (desarrollo incluye pre-muestra)
2026-09-25T05:56:45.823600Z,R03,e29183002c,F_MOM_hist,0,prueba,1993-03-31,2026-07-31,400,12,USD,5.554451142141734,0.058025390230886265,0.16631898511301274,0.2817070586330031,0.3780573490482103,-0.5773885346666299,0.10049626334265317,0.08132182306719102,-1.431716332690314,12.621309086174437,0.9362840321018018,1.0,1.0,0.0,0.0,0,0.058025390230886265,0.024679485423620307,0.0,0.0,1989-12-31|1993-03-31,404fc0377014d373,"French CRSP 202607 (3F sha b840dba55d31, Mom sha 7ee14e892b0f, 5F sha b8653b411cc5)","{""comision_por_lado"": 0.0, ""cortes"": [""1989-12-31"", ""1993-03-31""], ""efectivo_en_mxn"": false, ""exposicion_inicial"": 0.0, ""exposicion_max"": 1.0, ""exposicion_min"": 0.0, ""extras"": [], ""fx"": false, ""max_dias_fx"": 10, ""min_historia"": 1, ""periodos_por_anio"": 12, ""permitir_capturas"": false, ""rebalanceo_con_deriva"": true, ""segmentos"": [""desarrollo"", ""validacion"", ""prueba""], ""senal"": ""senal_comprar_y_mantener"", ""spread_por_lado"": 0.0, ""usuario"": {""factor"": ""MOM"", ""inicio"": ""1927-01-31""}, ""variante"": ""F_MOM_hist""}",sensibilidad: historia completa (desarrollo incluye pre-muestra)
