fecha_registro_utc,id_replica,corrida,variante,es_prueba,segmento,fecha_inicio,fecha_fin,n_periodos,periodos_por_anio,moneda,rendimiento_total,cagr,vol_anual,sharpe,sortino,mdd,calmar,sharpe_periodo,asimetria,curtosis,psr,exposicion_media,tiempo_invertido,rotacion_anual,costo_anual,n_cambios_senal,cagr_activo_sin_costos,cagr_efectivo,comision_por_lado,spread_por_lado,cortes,huella_datos,fuente_datos,parametros_json,nota
2026-09-25T05:49:04.988969Z,R04,9374bef22e,US_nov_abr,1,completo,1927-04-30,2026-07-31,1191,12,USD,1876.1373403877612,0.07890070032928098,0.12138519867222293,0.4210276214688893,0.6652342668144243,-0.5760368373789817,0.13697162266268614,0.12154020529566555,0.6525713476702695,19.901732784617824,0.9999873873923685,0.4987405541561713,0.4987405541561713,1.9949106256206555,0.006782696127110213,198,0.10280315253340455,0.03287447481675665,0.0029,0.0005,2002-12-31,e85ac74d630dff95,French F-F_Research_Data_Factors CRSP 202607 sha256 b840dba55d319f48,"{""comision_por_lado"": 0.0029, ""cortes"": [""2002-12-31""], ""efectivo_en_mxn"": false, ""exposicion_inicial"": 0.0, ""exposicion_max"": 1.0, ""exposicion_min"": 0.0, ""extras"": [], ""fx"": false, ""max_dias_fx"": 10, ""min_historia"": 10, ""periodos_por_anio"": 12, ""permitir_capturas"": false, ""rebalanceo_con_deriva"": true, ""segmentos"": [""dentro_muestra"", ""fuera_muestra""], ""senal"": ""calendario_nov_abr"", ""spread_por_lado"": 0.0005, ""usuario"": {""escenario_costos"": ""defecto"", ""familia"": ""US"", ""meses"": [1, 2, 3, 4, 11, 12], ""tipo"": ""calendario""}, ""variante"": ""US_nov_abr""}",
2026-09-25T05:49:04.988969Z,R04,9374bef22e,US_nov_abr,1,dentro_muestra,1927-04-30,2002-12-31,908,12,USD,390.65269241368486,0.08209464030075342,0.12532184991539985,0.3962097544126654,0.6240250208879373,-0.5760368373789817,0.14251630273211563,0.11437590418285395,0.7694357782870318,21.758693633178876,0.9997490774634816,0.4977973568281938,0.4977973568281938,1.9954683599261913,0.006784592423749056,151,0.09800323791271204,0.03794339388484569,0.0029,0.0005,2002-12-31,e85ac74d630dff95,French F-F_Research_Data_Factors CRSP 202607 sha256 b840dba55d319f48,"{""comision_por_lado"": 0.0029, ""cortes"": [""2002-12-31""], ""efectivo_en_mxn"": false, ""exposicion_inicial"": 0.0, ""exposicion_max"": 1.0, ""exposicion_min"": 0.0, ""extras"": [], ""fx"": false, ""max_dias_fx"": 10, ""min_historia"": 10, ""periodos_por_anio"": 12, ""permitir_capturas"": false, ""rebalanceo_con_deriva"": true, ""segmentos"": [""dentro_muestra"", ""fuera_muestra""], ""senal"": ""calendario_nov_abr"", ""spread_por_lado"": 0.0005, ""usuario"": {""escenario_costos"": ""defecto"", ""familia"": ""US"", ""meses"": [1, 2, 3, 4, 11, 12], ""tipo"": ""calendario""}, ""variante"": ""US_nov_abr""}",
2026-09-25T05:49:04.988969Z,R04,9374bef22e,US_nov_abr,1,fuera_muestra,2002-12-31,2026-07-31,283,12,USD,3.7928620860980278,0.06871491753028258,0.10793305392527466,0.5161445622259447,0.8285461576606693,-0.3032050092335491,0.2266285695740392,0.14899810097095537,0.06108520381566379,7.397681676436928,0.9932388347827439,0.5017667844522968,0.5017667844522968,1.9931208638105191,0.006776610936955759,47,0.11834817299653566,0.01677495754826608,0.0029,0.0005,2002-12-31,e85ac74d630dff95,French F-F_Research_Data_Factors CRSP 202607 sha256 b840dba55d319f48,"{""comision_por_lado"": 0.0029, ""cortes"": [""2002-12-31""], ""efectivo_en_mxn"": false, ""exposicion_inicial"": 0.0, ""exposicion_max"": 1.0, ""exposicion_min"": 0.0, ""extras"": [], ""fx"": false, ""max_dias_fx"": 10, ""min_historia"": 10, ""periodos_por_anio"": 12, ""permitir_capturas"": false, ""rebalanceo_con_deriva"": true, ""segmentos"": [""dentro_muestra"", ""fuera_muestra""], ""senal"": ""calendario_nov_abr"", ""spread_por_lado"": 0.0005, ""usuario"": {""escenario_costos"": ""defecto"", ""familia"": ""US"", ""meses"": [1, 2, 3, 4, 11, 12], ""tipo"": ""calendario""}, ""variante"": ""US_nov_abr""}",
2026-09-25T05:49:05.003205Z,R04,fc511138a6,US_oct_abr,1,completo,1927-04-30,2026-07-31,1191,12,USD,1890.012747907159,0.0789807584431017,0.1357359200494413,0.3908782814691426,0.5896918524301696,-0.6852395698914002,0.11526006657148963,0.1128368405132939,0.08962772714182726,15.611546156219438,0.9999342158353509,0.5818639798488665,0.5818639798488665,1.9949106256206555,0.006782696127110213,198,0.10280315253340455,0.03287447481675665,0.0029,0.0005,2002-12-31,e85ac74d630dff95,French F-F_Research_Data_Factors CRSP 202607 sha256 b840dba55d319f48,"{""comision_por_lado"": 0.0029, ""cortes"": [""2002-12-31""], ""efectivo_en_mxn"": false, ""exposicion_inicial"": 0.0, ""exposicion_max"": 1.0, ""exposicion_min"": 0.0, ""extras"": [], ""fx"": false, ""max_dias_fx"": 10, ""min_historia"": 10, ""periodos_por_anio"": 12, ""permitir_capturas"": false, ""rebalanceo_con_deriva"": true, ""segmentos"": [""dentro_muestra"", ""fuera_muestra""], ""senal"": ""calendario_oct_abr"", ""spread_por_lado"": 0.0005, ""usuario"": {""escenario_costos"": ""defecto"", ""familia"": ""US"", ""meses"": [1, 2, 3, 4, 10, 11, 12], ""tipo"": ""calendario""}, ""variante"": ""US_oct_abr""}",
2026-09-25T05:49:05.003205Z,R04,fc511138a6,US_oct_abr,1,dentro_muestra,1927-04-30,2002-12-31,908,12,USD,323.808645336482,0.07942187339837936,0.13972755433373485,0.3515347428418178,0.5271193712452101,-0.6852395698914002,0.115903804870706,0.10147933920461469,0.183938871248879,16.91815574496959,0.9987471676089875,0.5814977973568282,0.5814977973568282,1.9954683599261913,0.006784592423749056,151,0.09800323791271204,0.03794339388484569,0.0029,0.0005,2002-12-31,e85ac74d630dff95,French F-F_Research_Data_Factors CRSP 202607 sha256 b840dba55d319f48,"{""comision_por_lado"": 0.0029, ""cortes"": [""2002-12-31""], ""efectivo_en_mxn"": false, ""exposicion_inicial"": 0.0, ""exposicion_max"": 1.0, ""exposicion_min"": 0.0, ""extras"": [], ""fx"": false, ""max_dias_fx"": 10, ""min_historia"": 10, ""periodos_por_anio"": 12, ""permitir_capturas"": false, ""rebalanceo_con_deriva"": true, ""segmentos"": [""dentro_muestra"", ""fuera_muestra""], ""senal"": ""calendario_oct_abr"", ""spread_por_lado"": 0.0005, ""usuario"": {""escenario_costos"": ""defecto"", ""familia"": ""US"", ""meses"": [1, 2, 3, 4, 10, 11, 12], ""tipo"": ""calendario""}, ""variante"": ""US_oct_abr""}",
2026-09-25T05:49:05.003205Z,R04,fc511138a6,US_oct_abr,1,fuera_muestra,2002-12-31,2026-07-31,283,12,USD,4.821928618766241,0.07756644356196762,0.12227860415542918,0.5370014776205414,0.8328039577171152,-0.42098930894694786,0.18424801274880445,0.15501897382972318,-0.3353255862095278,7.50585920106591,0.9936523523370666,0.5830388692579506,0.5830388692579506,1.9931208638105191,0.006776610936955759,47,0.11834817299653566,0.01677495754826608,0.0029,0.0005,2002-12-31,e85ac74d630dff95,French F-F_Research_Data_Factors CRSP 202607 sha256 b840dba55d319f48,"{""comision_por_lado"": 0.0029, ""cortes"": [""2002-12-31""], ""efectivo_en_mxn"": false, ""exposicion_inicial"": 0.0, ""exposicion_max"": 1.0, ""exposicion_min"": 0.0, ""extras"": [], ""fx"": false, ""max_dias_fx"": 10, ""min_historia"": 10, ""periodos_por_anio"": 12, ""permitir_capturas"": false, ""rebalanceo_con_deriva"": true, ""segmentos"": [""dentro_muestra"", ""fuera_muestra""], ""senal"": ""calendario_oct_abr"", ""spread_por_lado"": 0.0005, ""usuario"": {""escenario_costos"": ""defecto"", ""familia"": ""US"", ""meses"": [1, 2, 3, 4, 10, 11, 12], ""tipo"": ""calendario""}, ""variante"": ""US_oct_abr""}",
2026-09-25T05:49:05.017552Z,R04,f8b21b7fd1,US_nov_may,1,completo,1927-04-30,2026-07-31,1191,12,USD,2320.2850866410818,0.08121172082421468,0.13328762717677387,0.41133643776728407,0.6276307630692597,-0.7076945959401704,0.11475532141986351,0.11874260153622161,0.24730763310699824,16.466674654035245,0.9999739081483683,0.5827036104114189,0.5827036104114189,2.015061238000662,0.006851208209202235,200,0.10280315253340455,0.03287447481675665,0.0029,0.0005,2002-12-31,e85ac74d630dff95,French F-F_Research_Data_Factors CRSP 202607 sha256 b840dba55d319f48,"{""comision_por_lado"": 0.0029, ""cortes"": [""2002-12-31""], ""efectivo_en_mxn"": false, ""exposicion_inicial"": 0.0, ""exposicion_max"": 1.0, ""exposicion_min"": 0.0, ""extras"": [], ""fx"": false, ""max_dias_fx"": 10, ""min_historia"": 10, ""periodos_por_anio"": 12, ""permitir_capturas"": false, ""rebalanceo_con_deriva"": true, ""segmentos"": [""dentro_muestra"", ""fuera_muestra""], ""senal"": ""calendario_nov_may"", ""spread_por_lado"": 0.0005, ""usuario"": {""escenario_costos"": ""defecto"", ""familia"": ""US"", ""meses"": [1, 2, 3, 4, 5, 11, 12], ""tipo"": ""calendario""}, ""variante"": ""US_nov_may""}",
2026-09-25T05:49:05.017552Z,R04,f8b21b7fd1,US_nov_may,1,dentro_muestra,1927-04-30,2002-12-31,908,12,USD,371.49536540234016,0.0813777253365251,0.13856674126937885,0.3665838688168497,0.5547273358525336,-0.7076945959401704,0.11498989225488575,0.10582364767099131,0.31320173187205314,17.623413765087523,0.9992269732274455,0.5814977973568282,0.5814977973568282,2.021898404428525,0.006874454575056989,153,0.09800323791271204,0.03794339388484569,0.0029,0.0005,2002-12-31,e85ac74d630dff95,French F-F_Research_Data_Factors CRSP 202607 sha256 b840dba55d319f48,"{""comision_por_lado"": 0.0029, ""cortes"": [""2002-12-31""], ""efectivo_en_mxn"": false, ""exposicion_inicial"": 0.0, ""exposicion_max"": 1.0, ""exposicion_min"": 0.0, ""extras"": [], ""fx"": false, ""max_dias_fx"": 10, ""min_historia"": 10, ""periodos_por_anio"": 12, ""permitir_capturas"": false, ""rebalanceo_con_deriva"": true, ""segmentos"": [""dentro_muestra"", ""fuera_muestra""], ""senal"": ""calendario_nov_may"", ""spread_por_lado"": 0.0005, ""usuario"": {""escenario_costos"": ""defecto"", ""familia"": ""US"", ""meses"": [1, 2, 3, 4, 5, 11, 12], ""tipo"": ""calendario""}, ""variante"": ""US_nov_may""}",
2026-09-25T05:49:05.017552Z,R04,f8b21b7fd1,US_nov_may,1,fuera_muestra,2002-12-31,2026-07-31,283,12,USD,5.231715350696553,0.08067918667855611,0.11494278176456031,0.5893969385927611,0.93775117669557,-0.29019835488404544,0.2780139353677353,0.17014424057803598,-0.09098611132975044,6.190694246753189,0.9973179290694312,0.5865724381625441,0.5865724381625441,1.9931208638105191,0.006776610936955759,47,0.11834817299653566,0.01677495754826608,0.0029,0.0005,2002-12-31,e85ac74d630dff95,French F-F_Research_Data_Factors CRSP 202607 sha256 b840dba55d319f48,"{""comision_por_lado"": 0.0029, ""cortes"": [""2002-12-31""], ""efectivo_en_mxn"": false, ""exposicion_inicial"": 0.0, ""exposicion_max"": 1.0, ""exposicion_min"": 0.0, ""extras"": [], ""fx"": false, ""max_dias_fx"": 10, ""min_historia"": 10, ""periodos_por_anio"": 12, ""permitir_capturas"": false, ""rebalanceo_con_deriva"": true, ""segmentos"": [""dentro_muestra"", ""fuera_muestra""], ""senal"": ""calendario_nov_may"", ""spread_por_lado"": 0.0005, ""usuario"": {""escenario_costos"": ""defecto"", ""familia"": ""US"", ""meses"": [1, 2, 3, 4, 5, 11, 12], ""tipo"": ""calendario""}, ""variante"": ""US_nov_may""}",
2026-09-25T05:49:05.030644Z,R04,8268196313,US_dic_abr,1,completo,1927-04-30,2026-07-31,1191,12,USD,474.90831464853824,0.0640863374163334,0.10967597799431182,0.32662117757335424,0.5146261420380555,-0.5284317261808816,0.12127647573226275,0.09428741239750432,1.0153337135190763,28.208676778782383,0.9995359827766463,0.4156171284634761,0.4156171284634761,1.9949106256206555,0.006782696127110213,198,0.10280315253340455,0.03287447481675665,0.0029,0.0005,2002-12-31,e85ac74d630dff95,French F-F_Research_Data_Factors CRSP 202607 sha256 b840dba55d319f48,"{""comision_por_lado"": 0.0029, ""cortes"": [""2002-12-31""], ""efectivo_en_mxn"": false, ""exposicion_inicial"": 0.0, ""exposicion_max"": 1.0, ""exposicion_min"": 0.0, ""extras"": [], ""fx"": false, ""max_dias_fx"": 10, ""min_historia"": 10, ""periodos_por_anio"": 12, ""permitir_capturas"": false, ""rebalanceo_con_deriva"": true, ""segmentos"": [""dentro_muestra"", ""fuera_muestra""], ""senal"": ""calendario_dic_abr"", ""spread_por_lado"": 0.0005, ""usuario"": {""escenario_costos"": ""defecto"", ""familia"": ""US"", ""meses"": [1, 2, 3, 4, 12], ""tipo"": ""calendario""}, ""variante"": ""US_dic_abr""}",
2026-09-25T05:49:05.030644Z,R04,8268196313,US_dic_abr,1,dentro_muestra,1927-04-30,2002-12-31,908,12,USD,168.25703899497518,0.07016389502116827,0.11293705707323885,0.3274682752308718,0.5204691389715264,-0.5284317261808816,0.13277759745475848,0.09453194842780316,1.2267676944077734,31.314106525249876,0.9982398813687767,0.41409691629955947,0.41409691629955947,1.9954683599261913,0.006784592423749056,151,0.09800323791271204,0.03794339388484569,0.0029,0.0005,2002-12-31,e85ac74d630dff95,French F-F_Research_Data_Factors CRSP 202607 sha256 b840dba55d319f48,"{""comision_por_lado"": 0.0029, ""cortes"": [""2002-12-31""], ""efectivo_en_mxn"": false, ""exposicion_inicial"": 0.0, ""exposicion_max"": 1.0, ""exposicion_min"": 0.0, ""extras"": [], ""fx"": false, ""max_dias_fx"": 10, ""min_historia"": 10, ""periodos_por_anio"": 12, ""permitir_capturas"": false, ""rebalanceo_con_deriva"": true, ""segmentos"": [""dentro_muestra"", ""fuera_muestra""], ""senal"": ""calendario_dic_abr"", ""spread_por_lado"": 0.0005, ""usuario"": {""escenario_costos"": ""defecto"", ""familia"": ""US"", ""meses"": [1, 2, 3, 4, 12], ""tipo"": ""calendario""}, ""variante"": ""US_dic_abr""}",
2026-09-25T05:49:05.030644Z,R04,8268196313,US_dic_abr,1,fuera_muestra,2002-12-31,2026-07-31,283,12,USD,1.8117490266544656,0.044815654392721394,0.09846341078729039,0.3252751184342776,0.49576566538916267,-0.2095117738586163,0.21390518330947883,0.0938988385943588,-0.03701764565029535,8.97973655849762,0.9406766788895957,0.4204946996466431,0.4204946996466431,1.9931208638105191,0.006776610936955759,47,0.11834817299653566,0.01677495754826608,0.0029,0.0005,2002-12-31,e85ac74d630dff95,French F-F_Research_Data_Factors CRSP 202607 sha256 b840dba55d319f48,"{""comision_por_lado"": 0.0029, ""cortes"": [""2002-12-31""], ""efectivo_en_mxn"": false, ""exposicion_inicial"": 0.0, ""exposicion_max"": 1.0, ""exposicion_min"": 0.0, ""extras"": [], ""fx"": false, ""max_dias_fx"": 10, ""min_historia"": 10, ""periodos_por_anio"": 12, ""permitir_capturas"": false, ""rebalanceo_con_deriva"": true, ""segmentos"": [""dentro_muestra"", ""fuera_muestra""], ""senal"": ""calendario_dic_abr"", ""spread_por_lado"": 0.0005, ""usuario"": {""escenario_costos"": ""defecto"", ""familia"": ""US"", ""meses"": [1, 2, 3, 4, 12], ""tipo"": ""calendario""}, ""variante"": ""US_dic_abr""}",
2026-09-25T05:49:05.043299Z,R04,780e2ebe8e,US_nov_mar,1,completo,1927-04-30,2026-07-31,1191,12,USD,734.5496964058584,0.0687644359088484,0.10343609846740578,0.3844040902517731,0.5745867575527672,-0.5501274214008316,0.124997288325945,0.1109679024922272,-0.5850781225875094,11.544305765250977,0.9998710031848201,0.4156171284634761,0.4156171284634761,1.9949106256206555,0.006782696127110213,198,0.10280315253340455,0.03287447481675665,0.0029,0.0005,2002-12-31,e85ac74d630dff95,French F-F_Research_Data_Factors CRSP 202607 sha256 b840dba55d319f48,"{""comision_por_lado"": 0.0029, ""cortes"": [""2002-12-31""], ""efectivo_en_mxn"": false, ""exposicion_inicial"": 0.0, ""exposicion_max"": 1.0, ""exposicion_min"": 0.0, ""extras"": [], ""fx"": false, ""max_dias_fx"": 10, ""min_historia"": 10, ""periodos_por_anio"": 12, ""permitir_capturas"": false, ""rebalanceo_con_deriva"": true, ""segmentos"": [""dentro_muestra"", ""fuera_muestra""], ""senal"": ""calendario_nov_mar"", ""spread_por_lado"": 0.0005, ""usuario"": {""escenario_costos"": ""defecto"", ""familia"": ""US"", ""meses"": [1, 2, 3, 11, 12], ""tipo"": ""calendario""}, ""variante"": ""US_nov_mar""}",
2026-09-25T05:49:05.043299Z,R04,780e2ebe8e,US_nov_mar,1,dentro_muestra,1927-04-30,2002-12-31,908,12,USD,242.0707095800566,0.07529471127098031,0.10596627646308668,0.38932144143745895,0.5820195471695214,-0.5501274214008316,0.13686776616088617,0.11238741950760503,-0.6395733618931868,12.063553486533518,0.9993528522589115,0.41519823788546256,0.41519823788546256,1.9954683599261913,0.006784592423749056,151,0.09800323791271204,0.03794339388484569,0.0029,0.0005,2002-12-31,e85ac74d630dff95,French F-F_Research_Data_Factors CRSP 202607 sha256 b840dba55d319f48,"{""comision_por_lado"": 0.0029, ""cortes"": [""2002-12-31""], ""efectivo_en_mxn"": false, ""exposicion_inicial"": 0.0, ""exposicion_max"": 1.0, ""exposicion_min"": 0.0, ""extras"": [], ""fx"": false, ""max_dias_fx"": 10, ""min_historia"": 10, ""periodos_por_anio"": 12, ""permitir_capturas"": false, ""rebalanceo_con_deriva"": true, ""segmentos"": [""dentro_muestra"", ""fuera_muestra""], ""senal"": ""calendario_nov_mar"", ""spread_por_lado"": 0.0005, ""usuario"": {""escenario_costos"": ""defecto"", ""familia"": ""US"", ""meses"": [1, 2, 3, 11, 12], ""tipo"": ""calendario""}, ""variante"": ""US_nov_mar""}",
2026-09-25T05:49:05.043299Z,R04,780e2ebe8e,US_nov_mar,1,fuera_muestra,2002-12-31,2026-07-31,283,12,USD,2.0260729385150476,0.04807550039646835,0.09479745838660707,0.36798453525377284,0.5506857016597391,-0.33385893525161736,0.1439994420405001,0.10622798524319255,-0.3432388800380607,8.457297899433591,0.9586026926535998,0.4169611307420495,0.4169611307420495,1.9931208638105191,0.006776610936955759,47,0.11834817299653566,0.01677495754826608,0.0029,0.0005,2002-12-31,e85ac74d630dff95,French F-F_Research_Data_Factors CRSP 202607 sha256 b840dba55d319f48,"{""comision_por_lado"": 0.0029, ""cortes"": [""2002-12-31""], ""efectivo_en_mxn"": false, ""exposicion_inicial"": 0.0, ""exposicion_max"": 1.0, ""exposicion_min"": 0.0, ""extras"": [], ""fx"": false, ""max_dias_fx"": 10, ""min_historia"": 10, ""periodos_por_anio"": 12, ""permitir_capturas"": false, ""rebalanceo_con_deriva"": true, ""segmentos"": [""dentro_muestra"", ""fuera_muestra""], ""senal"": ""calendario_nov_mar"", ""spread_por_lado"": 0.0005, ""usuario"": {""escenario_costos"": ""defecto"", ""familia"": ""US"", ""meses"": [1, 2, 3, 11, 12], ""tipo"": ""calendario""}, ""variante"": ""US_nov_mar""}",
2026-09-25T05:49:05.056475Z,R04,bf6326e441,US_ref_comprar_mantener,0,completo,1927-04-30,2026-07-31,1191,12,USD,16463.79614961022,0.10276531114462073,0.18401054780670065,0.44853003936042907,0.67737452045224,-0.8365224657023862,0.12284823822195119,0.12947946948218858,0.1559333673482653,10.308310751605442,0.9999951805522356,1.0,1.0,0.01007530619000331,3.4256041046011254e-05,1,0.10280315253340455,0.03287447481675665,0.0029,0.0005,2002-12-31,e85ac74d630dff95,French F-F_Research_Data_Factors CRSP 202607 sha256 b840dba55d319f48,"{""comision_por_lado"": 0.0029, ""cortes"": [""2002-12-31""], ""efectivo_en_mxn"": false, ""exposicion_inicial"": 0.0, ""exposicion_max"": 1.0, ""exposicion_min"": 0.0, ""extras"": [], ""fx"": false, ""max_dias_fx"": 10, ""min_historia"": 10, ""periodos_por_anio"": 12, ""permitir_capturas"": false, ""rebalanceo_con_deriva"": true, ""segmentos"": [""dentro_muestra"", ""fuera_muestra""], ""senal"": ""senal_comprar_y_mantener"", ""spread_por_lado"": 0.0005, ""usuario"": {""escenario_costos"": ""defecto"", ""familia"": ""US"", ""tipo"": ""referencia""}, ""variante"": ""US_ref_comprar_mantener""}",referencia
2026-09-25T05:49:05.056475Z,R04,bf6326e441,US_ref_comprar_mantener,0,dentro_muestra,1927-04-30,2002-12-31,908,12,USD,1176.7580080680254,0.09795382049906842,0.19358145725076886,0.38739452244040284,0.5840432299597267,-0.8365224657023862,0.11709646126099134,0.11183116590677655,0.26129887068410074,10.587892008213753,0.9996196120955636,1.0,1.0,0.01321502225116683,4.493107565396722e-05,1,0.09800323791271204,0.03794339388484569,0.0029,0.0005,2002-12-31,e85ac74d630dff95,French F-F_Research_Data_Factors CRSP 202607 sha256 b840dba55d319f48,"{""comision_por_lado"": 0.0029, ""cortes"": [""2002-12-31""], ""efectivo_en_mxn"": false, ""exposicion_inicial"": 0.0, ""exposicion_max"": 1.0, ""exposicion_min"": 0.0, ""extras"": [], ""fx"": false, ""max_dias_fx"": 10, ""min_historia"": 10, ""periodos_por_anio"": 12, ""permitir_capturas"": false, ""rebalanceo_con_deriva"": true, ""segmentos"": [""dentro_muestra"", ""fuera_muestra""], ""senal"": ""senal_comprar_y_mantener"", ""spread_por_lado"": 0.0005, ""usuario"": {""escenario_costos"": ""defecto"", ""familia"": ""US"", ""tipo"": ""referencia""}, ""variante"": ""US_ref_comprar_mantener""}",referencia
2026-09-25T05:49:05.056475Z,R04,bf6326e441,US_ref_comprar_mantener,0,fuera_muestra,2002-12-31,2026-07-31,283,12,USD,12.979778559620067,0.11834817299653566,0.1494946437322211,0.7148774051681889,1.0904613708573518,-0.5031170717166413,0.23522988912447418,0.2063673311557175,-0.5043807300674077,4.341255886389995,0.9994152515983912,1.0,1.0,0.0,0.0,0,0.11834817299653566,0.01677495754826608,0.0029,0.0005,2002-12-31,e85ac74d630dff95,French F-F_Research_Data_Factors CRSP 202607 sha256 b840dba55d319f48,"{""comision_por_lado"": 0.0029, ""cortes"": [""2002-12-31""], ""efectivo_en_mxn"": false, ""exposicion_inicial"": 0.0, ""exposicion_max"": 1.0, ""exposicion_min"": 0.0, ""extras"": [], ""fx"": false, ""max_dias_fx"": 10, ""min_historia"": 10, ""periodos_por_anio"": 12, ""permitir_capturas"": false, ""rebalanceo_con_deriva"": true, ""segmentos"": [""dentro_muestra"", ""fuera_muestra""], ""senal"": ""senal_comprar_y_mantener"", ""spread_por_lado"": 0.0005, ""usuario"": {""escenario_costos"": ""defecto"", ""familia"": ""US"", ""tipo"": ""referencia""}, ""variante"": ""US_ref_comprar_mantener""}",referencia
2026-09-25T05:49:05.066654Z,R04,9025d8d460,US_ref_efectivo,0,completo,1927-04-30,2026-07-31,1191,12,USD,23.788765072417313,0.03287447481675665,0.00863289616871206,0.0,0.0,-0.0008998599580104516,36.53287883754777,,0.0,3.0,,0.0,0.0,0.0,0.0,0,0.10280315253340455,0.03287447481675665,0.0029,0.0005,2002-12-31,e85ac74d630dff95,French F-F_Research_Data_Factors CRSP 202607 sha256 b840dba55d319f48,"{""comision_por_lado"": 0.0029, ""cortes"": [""2002-12-31""], ""efectivo_en_mxn"": false, ""exposicion_inicial"": 0.0, ""exposicion_max"": 1.0, ""exposicion_min"": 0.0, ""extras"": [], ""fx"": false, ""max_dias_fx"": 10, ""min_historia"": 10, ""periodos_por_anio"": 12, ""permitir_capturas"": false, ""rebalanceo_con_deriva"": true, ""segmentos"": [""dentro_muestra"", ""fuera_muestra""], ""senal"": ""senal_efectivo"", ""spread_por_lado"": 0.0005, ""usuario"": {""escenario_costos"": ""defecto"", ""familia"": ""US"", ""tipo"": ""referencia""}, ""variante"": ""US_ref_efectivo""}",referencia
2026-09-25T05:49:05.066654Z,R04,9025d8d460,US_ref_efectivo,0,dentro_muestra,1927-04-30,2002-12-31,908,12,USD,15.744998863388759,0.03794339388484569,0.00896452686505721,0.0,0.0,-0.0008998599580104516,42.16588764404715,,0.0,3.0,,0.0,0.0,0.0,0.0,0,0.09800323791271204,0.03794339388484569,0.0029,0.0005,2002-12-31,e85ac74d630dff95,French F-F_Research_Data_Factors CRSP 202607 sha256 b840dba55d319f48,"{""comision_por_lado"": 0.0029, ""cortes"": [""2002-12-31""], ""efectivo_en_mxn"": false, ""exposicion_inicial"": 0.0, ""exposicion_max"": 1.0, ""exposicion_min"": 0.0, ""extras"": [], ""fx"": false, ""max_dias_fx"": 10, ""min_historia"": 10, ""periodos_por_anio"": 12, ""permitir_capturas"": false, ""rebalanceo_con_deriva"": true, ""segmentos"": [""dentro_muestra"", ""fuera_muestra""], ""senal"": ""senal_efectivo"", ""spread_por_lado"": 0.0005, ""usuario"": {""escenario_costos"": ""defecto"", ""familia"": ""US"", ""tipo"": ""referencia""}, ""variante"": ""US_ref_efectivo""}",referencia
2026-09-25T05:49:05.066654Z,R04,9025d8d460,US_ref_efectivo,0,fuera_muestra,2002-12-31,2026-07-31,283,12,USD,0.48036827441149765,0.01677495754826608,0.005362007878265376,0.0,0.0,0.0,inf,,0.0,3.0,,0.0,0.0,0.0,0.0,0,0.11834817299653566,0.01677495754826608,0.0029,0.0005,2002-12-31,e85ac74d630dff95,French F-F_Research_Data_Factors CRSP 202607 sha256 b840dba55d319f48,"{""comision_por_lado"": 0.0029, ""cortes"": [""2002-12-31""], ""efectivo_en_mxn"": false, ""exposicion_inicial"": 0.0, ""exposicion_max"": 1.0, ""exposicion_min"": 0.0, ""extras"": [], ""fx"": false, ""max_dias_fx"": 10, ""min_historia"": 10, ""periodos_por_anio"": 12, ""permitir_capturas"": false, ""rebalanceo_con_deriva"": true, ""segmentos"": [""dentro_muestra"", ""fuera_muestra""], ""senal"": ""senal_efectivo"", ""spread_por_lado"": 0.0005, ""usuario"": {""escenario_costos"": ""defecto"", ""familia"": ""US"", ""tipo"": ""referencia""}, ""variante"": ""US_ref_efectivo""}",referencia
2026-09-25T05:49:05.082347Z,R04,a0cab02e48,US_ref_sma10,0,completo,1927-04-30,2026-07-31,1191,12,USD,6452.451357421312,0.09240787271514539,0.12527500131197422,0.5115853105287199,0.7586758335128508,-0.43498166341962907,0.21244084633057056,0.14768195837360737,-0.6746983450093287,8.64672723643858,0.9999990726270422,0.7304785894206549,0.7304785894206549,1.4810700099304865,0.00503563803376366,147,0.10280315253340455,0.03287447481675665,0.0029,0.0005,2002-12-31,e85ac74d630dff95,French F-F_Research_Data_Factors CRSP 202607 sha256 b840dba55d319f48,"{""comision_por_lado"": 0.0029, ""cortes"": [""2002-12-31""], ""efectivo_en_mxn"": false, ""exposicion_inicial"": 0.0, ""exposicion_max"": 1.0, ""exposicion_min"": 0.0, ""extras"": [], ""fx"": false, ""max_dias_fx"": 10, ""min_historia"": 10, ""periodos_por_anio"": 12, ""permitir_capturas"": false, ""rebalanceo_con_deriva"": true, ""segmentos"": [""dentro_muestra"", ""fuera_muestra""], ""senal"": ""media_movil_10"", ""spread_por_lado"": 0.0005, ""usuario"": {""escenario_costos"": ""defecto"", ""familia"": ""US"", ""tipo"": ""referencia"", ""ventana"": 10}, ""variante"": ""US_ref_sma10""}",referencia
2026-09-25T05:49:05.082347Z,R04,a0cab02e48,US_ref_sma10,0,dentro_muestra,1927-04-30,2002-12-31,908,12,USD,729.0248368870975,0.0910359741137221,0.13128659027726625,0.44748924722805694,0.6545566785688406,-0.43498166341962907,0.20928692349474792,0.12917901867329085,-0.7146098289628703,8.865801364083273,0.9998776330336153,0.7092511013215859,0.7092511013215859,1.5065125366330185,0.005122142624552264,114,0.09800323791271204,0.03794339388484569,0.0029,0.0005,2002-12-31,e85ac74d630dff95,French F-F_Research_Data_Factors CRSP 202607 sha256 b840dba55d319f48,"{""comision_por_lado"": 0.0029, ""cortes"": [""2002-12-31""], ""efectivo_en_mxn"": false, ""exposicion_inicial"": 0.0, ""exposicion_max"": 1.0, ""exposicion_min"": 0.0, ""extras"": [], ""fx"": false, ""max_dias_fx"": 10, ""min_historia"": 10, ""periodos_por_anio"": 12, ""permitir_capturas"": false, ""rebalanceo_con_deriva"": true, ""segmentos"": [""dentro_muestra"", ""fuera_muestra""], ""senal"": ""media_movil_10"", ""spread_por_lado"": 0.0005, ""usuario"": {""escenario_costos"": ""defecto"", ""familia"": ""US"", ""tipo"": ""referencia"", ""ventana"": 10}, ""variante"": ""US_ref_sma10""}",referencia
2026-09-25T05:49:05.082347Z,R04,a0cab02e48,US_ref_sma10,0,fuera_muestra,2002-12-31,2026-07-31,283,12,USD,7.840043559256845,0.09682193733234246,0.10386810688437284,0.7823031946165654,1.2537765181427352,-0.19307574579550812,0.5014712590305841,0.22583147999988912,-0.2738024028033082,4.315506874279035,0.9998463929146688,0.7985865724381626,0.7985865724381626,1.399425287356322,0.004758045977011494,33,0.11834817299653566,0.01677495754826608,0.0029,0.0005,2002-12-31,e85ac74d630dff95,French F-F_Research_Data_Factors CRSP 202607 sha256 b840dba55d319f48,"{""comision_por_lado"": 0.0029, ""cortes"": [""2002-12-31""], ""efectivo_en_mxn"": false, ""exposicion_inicial"": 0.0, ""exposicion_max"": 1.0, ""exposicion_min"": 0.0, ""extras"": [], ""fx"": false, ""max_dias_fx"": 10, ""min_historia"": 10, ""periodos_por_anio"": 12, ""permitir_capturas"": false, ""rebalanceo_con_deriva"": true, ""segmentos"": [""dentro_muestra"", ""fuera_muestra""], ""senal"": ""media_movil_10"", ""spread_por_lado"": 0.0005, ""usuario"": {""escenario_costos"": ""defecto"", ""familia"": ""US"", ""tipo"": ""referencia"", ""ventana"": 10}, ""variante"": ""US_ref_sma10""}",referencia
2026-09-25T05:49:05.095138Z,R04,a4d5075335,US_ref_verano,0,completo,1927-04-30,2026-07-31,1191,12,USD,55.43971388987997,0.04147237119892533,0.13930990501928833,0.1287984067464152,0.18707445013326549,-0.6967894666624586,0.059519228092774164,0.03718089740311887,0.4052737593822037,20.270460122081296,0.9011327393298361,0.5012594458438288,0.5012594458438288,2.004985931810659,0.006816952168156224,199,0.10280315253340455,0.03287447481675665,0.0029,0.0005,2002-12-31,e85ac74d630dff95,French F-F_Research_Data_Factors CRSP 202607 sha256 b840dba55d319f48,"{""comision_por_lado"": 0.0029, ""cortes"": [""2002-12-31""], ""efectivo_en_mxn"": false, ""exposicion_inicial"": 0.0, ""exposicion_max"": 1.0, ""exposicion_min"": 0.0, ""extras"": [], ""fx"": false, ""max_dias_fx"": 10, ""min_historia"": 10, ""periodos_por_anio"": 12, ""permitir_capturas"": false, ""rebalanceo_con_deriva"": true, ""segmentos"": [""dentro_muestra"", ""fuera_muestra""], ""senal"": ""calendario_may_oct"", ""spread_por_lado"": 0.0005, ""usuario"": {""escenario_costos"": ""defecto"", ""familia"": ""US"", ""meses"": [5, 6, 7, 8, 9, 10], ""tipo"": ""referencia""}, ""variante"": ""US_ref_verano""}",referencia
2026-09-25T05:49:05.095138Z,R04,a4d5075335,US_ref_verano,0,dentro_muestra,1927-04-30,2002-12-31,908,12,USD,17.003074886588433,0.03893752916447357,0.14837898249255269,0.08005095551724002,0.11624723561842737,-0.6967894666624586,0.05588134009972892,0.023108720358382642,0.5261015235043971,20.008461588088228,0.7578252857483889,0.5022026431718062,0.5022026431718062,2.008683382177358,0.006829523499403023,152,0.09800323791271204,0.03794339388484569,0.0029,0.0005,2002-12-31,e85ac74d630dff95,French F-F_Research_Data_Factors CRSP 202607 sha256 b840dba55d319f48,"{""comision_por_lado"": 0.0029, ""cortes"": [""2002-12-31""], ""efectivo_en_mxn"": false, ""exposicion_inicial"": 0.0, ""exposicion_max"": 1.0, ""exposicion_min"": 0.0, ""extras"": [], ""fx"": false, ""max_dias_fx"": 10, ""min_historia"": 10, ""periodos_por_anio"": 12, ""permitir_capturas"": false, ""rebalanceo_con_deriva"": true, ""segmentos"": [""dentro_muestra"", ""fuera_muestra""], ""senal"": ""calendario_may_oct"", ""spread_por_lado"": 0.0005, ""usuario"": {""escenario_costos"": ""defecto"", ""familia"": ""US"", ""meses"": [5, 6, 7, 8, 9, 10], ""tipo"": ""referencia""}, ""variante"": ""US_ref_verano""}",referencia
2026-09-25T05:49:05.095138Z,R04,a4d5075335,US_ref_verano,0,fuera_muestra,2002-12-31,2026-07-31,283,12,USD,2.1350041170980916,0.049648486413920834,0.10527560234548265,0.35640281006939667,0.518495206565952,-0.3216049537446559,0.15437724399400934,0.10288462916675262,-0.6250958303357446,8.710715851279252,0.9514306719969137,0.49823321554770317,0.49823321554770317,1.9931208638105191,0.006776610936955759,47,0.11834817299653566,0.01677495754826608,0.0029,0.0005,2002-12-31,e85ac74d630dff95,French F-F_Research_Data_Factors CRSP 202607 sha256 b840dba55d319f48,"{""comision_por_lado"": 0.0029, ""cortes"": [""2002-12-31""], ""efectivo_en_mxn"": false, ""exposicion_inicial"": 0.0, ""exposicion_max"": 1.0, ""exposicion_min"": 0.0, ""extras"": [], ""fx"": false, ""max_dias_fx"": 10, ""min_historia"": 10, ""periodos_por_anio"": 12, ""permitir_capturas"": false, ""rebalanceo_con_deriva"": true, ""segmentos"": [""dentro_muestra"", ""fuera_muestra""], ""senal"": ""calendario_may_oct"", ""spread_por_lado"": 0.0005, ""usuario"": {""escenario_costos"": ""defecto"", ""familia"": ""US"", ""meses"": [5, 6, 7, 8, 9, 10], ""tipo"": ""referencia""}, ""variante"": ""US_ref_verano""}",referencia
2026-09-25T05:49:05.100493Z,R04,38692a42d0,MX_nov_abr,1,completo,1992-09-30,2026-07-31,406,12,MXN,84.44104064638233,0.14050312532709075,0.15743949491979742,0.23094455235705882,0.3313434928697417,-0.4682934801439549,0.30003220477017883,0.06666794973561277,-0.6447250294549771,9.700136145591856,0.9045096765079359,0.5024630541871922,0.5024630541871922,2.0099538722991017,0.006833843165816934,68,0.12287264728498704,0.11393327261297626,0.0029,0.0005,2002-12-31,88e4d9f1c178a318,"Yahoo ^MXX 1mo (precio, sin dividendos) 1991-11-30 a 2026-08-31; CETES FRED INTGSTMXM193N 1986-10-01 a 2026-07-01 (descarga 2026-09-25)","{""comision_por_lado"": 0.0029, ""cortes"": [""2002-12-31""], ""efectivo_en_mxn"": false, ""exposicion_inicial"": 0.0, ""exposicion_max"": 1.0, ""exposicion_min"": 0.0, ""extras"": [], ""fx"": false, ""max_dias_fx"": 10, ""min_historia"": 10, ""periodos_por_anio"": 12, ""permitir_capturas"": false, ""rebalanceo_con_deriva"": true, ""segmentos"": [""dentro_muestra"", ""fuera_muestra""], ""senal"": ""calendario_nov_abr"", ""spread_por_lado"": 0.0005, ""usuario"": {""escenario_costos"": ""defecto"", ""familia"": ""MX"", ""meses"": [1, 2, 3, 4, 11, 12], ""tipo"": ""calendario""}, ""variante"": ""MX_nov_abr""}",
2026-09-25T05:49:05.100493Z,R04,38692a42d0,MX_nov_abr,1,dentro_muestra,1992-09-30,2002-12-31,123,12,MXN,7.653740830111875,0.23432619648873754,0.21886844599655628,0.11871187683592059,0.1637398248838806,-0.4682934801439549,0.5003832135709105,0.034269167023612226,-0.6931064184723599,7.048654052743119,0.645713962363351,0.5040650406504065,0.5040650406504065,2.0486778846153846,0.006965504807692307,21,0.16094447081691632,0.231600039807218,0.0029,0.0005,2002-12-31,88e4d9f1c178a318,"Yahoo ^MXX 1mo (precio, sin dividendos) 1991-11-30 a 2026-08-31; CETES FRED INTGSTMXM193N 1986-10-01 a 2026-07-01 (descarga 2026-09-25)","{""comision_por_lado"": 0.0029, ""cortes"": [""2002-12-31""], ""efectivo_en_mxn"": false, ""exposicion_inicial"": 0.0, ""exposicion_max"": 1.0, ""exposicion_min"": 0.0, ""extras"": [], ""fx"": false, ""max_dias_fx"": 10, ""min_historia"": 10, ""periodos_por_anio"": 12, ""permitir_capturas"": false, ""rebalanceo_con_deriva"": true, ""segmentos"": [""dentro_muestra"", ""fuera_muestra""], ""senal"": ""calendario_nov_abr"", ""spread_por_lado"": 0.0005, ""usuario"": {""escenario_costos"": ""defecto"", ""familia"": ""MX"", ""meses"": [1, 2, 3, 4, 11, 12], ""tipo"": ""calendario""}, ""variante"": ""MX_nov_abr""}",
2026-09-25T05:49:05.100493Z,R04,38692a42d0,MX_nov_abr,1,fuera_muestra,2002-12-31,2026-07-31,283,12,MXN,8.87330708461693,0.10197566794530766,0.12014471750682608,0.3356346952900563,0.514552533987965,-0.2165981341915192,0.47080584662441877,0.09688939083754601,-0.18768077380598697,6.975552982539186,0.9453628817812445,0.5017667844522968,0.5017667844522968,1.9931208638105191,0.006776610936955759,47,0.10671489637168041,0.06635557576522633,0.0029,0.0005,2002-12-31,88e4d9f1c178a318,"Yahoo ^MXX 1mo (precio, sin dividendos) 1991-11-30 a 2026-08-31; CETES FRED INTGSTMXM193N 1986-10-01 a 2026-07-01 (descarga 2026-09-25)","{""comision_por_lado"": 0.0029, ""cortes"": [""2002-12-31""], ""efectivo_en_mxn"": false, ""exposicion_inicial"": 0.0, ""exposicion_max"": 1.0, ""exposicion_min"": 0.0, ""extras"": [], ""fx"": false, ""max_dias_fx"": 10, ""min_historia"": 10, ""periodos_por_anio"": 12, ""permitir_capturas"": false, ""rebalanceo_con_deriva"": true, ""segmentos"": [""dentro_muestra"", ""fuera_muestra""], ""senal"": ""calendario_nov_abr"", ""spread_por_lado"": 0.0005, ""usuario"": {""escenario_costos"": ""defecto"", ""familia"": ""MX"", ""meses"": [1, 2, 3, 4, 11, 12], ""tipo"": ""calendario""}, ""variante"": ""MX_nov_abr""}",
2026-09-25T05:49:05.105681Z,R04,82d2d599ef,MX_oct_abr,1,completo,1992-09-30,2026-07-31,406,12,MXN,89.52561947852597,0.14245350984273464,0.17372334504515566,0.23456028443934876,0.3359534207564449,-0.5115762129828316,0.2784599952607948,0.0677117216811266,-0.5569997595837554,7.97613794007219,0.9086611919398004,0.5862068965517241,0.5862068965517241,2.0099538722991017,0.006833843165816934,68,0.12287264728498704,0.11393327261297626,0.0029,0.0005,2002-12-31,88e4d9f1c178a318,"Yahoo ^MXX 1mo (precio, sin dividendos) 1991-11-30 a 2026-08-31; CETES FRED INTGSTMXM193N 1986-10-01 a 2026-07-01 (descarga 2026-09-25)","{""comision_por_lado"": 0.0029, ""cortes"": [""2002-12-31""], ""efectivo_en_mxn"": false, ""exposicion_inicial"": 0.0, ""exposicion_max"": 1.0, ""exposicion_min"": 0.0, ""extras"": [], ""fx"": false, ""max_dias_fx"": 10, ""min_historia"": 10, ""periodos_por_anio"": 12, ""permitir_capturas"": false, ""rebalanceo_con_deriva"": true, ""segmentos"": [""dentro_muestra"", ""fuera_muestra""], ""senal"": ""calendario_oct_abr"", ""spread_por_lado"": 0.0005, ""usuario"": {""escenario_costos"": ""defecto"", ""familia"": ""MX"", ""meses"": [1, 2, 3, 4, 10, 11, 12], ""tipo"": ""calendario""}, ""variante"": ""MX_oct_abr""}",
2026-09-25T05:49:05.105681Z,R04,82d2d599ef,MX_oct_abr,1,dentro_muestra,1992-09-30,2002-12-31,123,12,MXN,8.841010943335254,0.24990519040305692,0.23861949743409253,0.18097891160821997,0.2565176738010427,-0.5115762129828316,0.48850041120157334,0.05224411166732565,-0.48250606529025203,5.661996098636094,0.7153335911409959,0.5934959349593496,0.5934959349593496,2.0486778846153846,0.006965504807692307,21,0.16094447081691632,0.231600039807218,0.0029,0.0005,2002-12-31,88e4d9f1c178a318,"Yahoo ^MXX 1mo (precio, sin dividendos) 1991-11-30 a 2026-08-31; CETES FRED INTGSTMXM193N 1986-10-01 a 2026-07-01 (descarga 2026-09-25)","{""comision_por_lado"": 0.0029, ""cortes"": [""2002-12-31""], ""efectivo_en_mxn"": false, ""exposicion_inicial"": 0.0, ""exposicion_max"": 1.0, ""exposicion_min"": 0.0, ""extras"": [], ""fx"": false, ""max_dias_fx"": 10, ""min_historia"": 10, ""periodos_por_anio"": 12, ""permitir_capturas"": false, ""rebalanceo_con_deriva"": true, ""segmentos"": [""dentro_muestra"", ""fuera_muestra""], ""senal"": ""calendario_oct_abr"", ""spread_por_lado"": 0.0005, ""usuario"": {""escenario_costos"": ""defecto"", ""familia"": ""MX"", ""meses"": [1, 2, 3, 4, 10, 11, 12], ""tipo"": ""calendario""}, ""variante"": ""MX_oct_abr""}",
2026-09-25T05:49:05.105681Z,R04,82d2d599ef,MX_oct_abr,1,fuera_muestra,2002-12-31,2026-07-31,283,12,MXN,8.198813008112097,0.09867389908548985,0.1346869366245336,0.2906214029407157,0.4241234442281371,-0.2950225811956493,0.33446219162475754,0.08389517261004446,-0.546064146897683,7.175836132119639,0.9147399359663511,0.5830388692579506,0.5830388692579506,1.9931208638105191,0.006776610936955759,47,0.10671489637168041,0.06635557576522633,0.0029,0.0005,2002-12-31,88e4d9f1c178a318,"Yahoo ^MXX 1mo (precio, sin dividendos) 1991-11-30 a 2026-08-31; CETES FRED INTGSTMXM193N 1986-10-01 a 2026-07-01 (descarga 2026-09-25)","{""comision_por_lado"": 0.0029, ""cortes"": [""2002-12-31""], ""efectivo_en_mxn"": false, ""exposicion_inicial"": 0.0, ""exposicion_max"": 1.0, ""exposicion_min"": 0.0, ""extras"": [], ""fx"": false, ""max_dias_fx"": 10, ""min_historia"": 10, ""periodos_por_anio"": 12, ""permitir_capturas"": false, ""rebalanceo_con_deriva"": true, ""segmentos"": [""dentro_muestra"", ""fuera_muestra""], ""senal"": ""calendario_oct_abr"", ""spread_por_lado"": 0.0005, ""usuario"": {""escenario_costos"": ""defecto"", ""familia"": ""MX"", ""meses"": [1, 2, 3, 4, 10, 11, 12], ""tipo"": ""calendario""}, ""variante"": ""MX_oct_abr""}",
2026-09-25T05:49:05.111120Z,R04,c767964b69,MX_nov_may,1,completo,1992-09-30,2026-07-31,406,12,MXN,57.60655213740583,0.12786523328694566,0.16689647817796477,0.15784829886920446,0.22282105889896048,-0.4340633073370027,0.29457738335775124,0.04556687892162985,-0.5751402641859125,7.932079088102874,0.8169088825384194,0.5862068965517241,0.5862068965517241,2.0099538722991017,0.006833843165816934,68,0.12287264728498704,0.11393327261297626,0.0029,0.0005,2002-12-31,88e4d9f1c178a318,"Yahoo ^MXX 1mo (precio, sin dividendos) 1991-11-30 a 2026-08-31; CETES FRED INTGSTMXM193N 1986-10-01 a 2026-07-01 (descarga 2026-09-25)","{""comision_por_lado"": 0.0029, ""cortes"": [""2002-12-31""], ""efectivo_en_mxn"": false, ""exposicion_inicial"": 0.0, ""exposicion_max"": 1.0, ""exposicion_min"": 0.0, ""extras"": [], ""fx"": false, ""max_dias_fx"": 10, ""min_historia"": 10, ""periodos_por_anio"": 12, ""permitir_capturas"": false, ""rebalanceo_con_deriva"": true, ""segmentos"": [""dentro_muestra"", ""fuera_muestra""], ""senal"": ""calendario_nov_may"", ""spread_por_lado"": 0.0005, ""usuario"": {""escenario_costos"": ""defecto"", ""familia"": ""MX"", ""meses"": [1, 2, 3, 4, 5, 11, 12], ""tipo"": ""calendario""}, ""variante"": ""MX_nov_may""}",
2026-09-25T05:49:05.111120Z,R04,c767964b69,MX_nov_may,1,dentro_muestra,1992-09-30,2002-12-31,123,12,MXN,5.620215103218769,0.20248888939496057,0.23033194106882282,0.00718978915720176,0.009724653210418693,-0.4340633073370027,0.4664962137372051,0.0020755133526635444,-0.5964741780139496,5.834902367794349,0.5091391905425904,0.5853658536585366,0.5853658536585366,2.0486778846153846,0.006965504807692307,21,0.16094447081691632,0.231600039807218,0.0029,0.0005,2002-12-31,88e4d9f1c178a318,"Yahoo ^MXX 1mo (precio, sin dividendos) 1991-11-30 a 2026-08-31; CETES FRED INTGSTMXM193N 1986-10-01 a 2026-07-01 (descarga 2026-09-25)","{""comision_por_lado"": 0.0029, ""cortes"": [""2002-12-31""], ""efectivo_en_mxn"": false, ""exposicion_inicial"": 0.0, ""exposicion_max"": 1.0, ""exposicion_min"": 0.0, ""extras"": [], ""fx"": false, ""max_dias_fx"": 10, ""min_historia"": 10, ""periodos_por_anio"": 12, ""permitir_capturas"": false, ""rebalanceo_con_deriva"": true, ""segmentos"": [""dentro_muestra"", ""fuera_muestra""], ""senal"": ""calendario_nov_may"", ""spread_por_lado"": 0.0005, ""usuario"": {""escenario_costos"": ""defecto"", ""familia"": ""MX"", ""meses"": [1, 2, 3, 4, 5, 11, 12], ""tipo"": ""calendario""}, ""variante"": ""MX_nov_may""}",
2026-09-25T05:49:05.111120Z,R04,c767964b69,MX_nov_may,1,fuera_muestra,2002-12-31,2026-07-31,283,12,MXN,7.852665845995112,0.09688830534469761,0.12937563878898212,0.28410484577679845,0.42938991059400605,-0.2762435976991582,0.35073502572252685,0.08201400459365586,-0.16419260903516283,5.8220364273410015,0.9135002080670849,0.5865724381625441,0.5865724381625441,1.9931208638105191,0.006776610936955759,47,0.10671489637168041,0.06635557576522633,0.0029,0.0005,2002-12-31,88e4d9f1c178a318,"Yahoo ^MXX 1mo (precio, sin dividendos) 1991-11-30 a 2026-08-31; CETES FRED INTGSTMXM193N 1986-10-01 a 2026-07-01 (descarga 2026-09-25)","{""comision_por_lado"": 0.0029, ""cortes"": [""2002-12-31""], ""efectivo_en_mxn"": false, ""exposicion_inicial"": 0.0, ""exposicion_max"": 1.0, ""exposicion_min"": 0.0, ""extras"": [], ""fx"": false, ""max_dias_fx"": 10, ""min_historia"": 10, ""periodos_por_anio"": 12, ""permitir_capturas"": false, ""rebalanceo_con_deriva"": true, ""segmentos"": [""dentro_muestra"", ""fuera_muestra""], ""senal"": ""calendario_nov_may"", ""spread_por_lado"": 0.0005, ""usuario"": {""escenario_costos"": ""defecto"", ""familia"": ""MX"", ""meses"": [1, 2, 3, 4, 5, 11, 12], ""tipo"": ""calendario""}, ""variante"": ""MX_nov_may""}",
2026-09-25T05:49:05.116461Z,R04,2ac4851f10,MX_dic_abr,1,completo,1992-09-30,2026-07-31,406,12,MXN,50.77118174993585,0.12373851022265758,0.14396431531337245,0.13313275651640236,0.1854203208425961,-0.4703409400771347,0.2630825847360104,0.03843211640635091,-0.850284001572186,12.577699241734532,0.7762307844853178,0.4187192118226601,0.4187192118226601,2.0099538722991017,0.006833843165816934,68,0.12287264728498704,0.11393327261297626,0.0029,0.0005,2002-12-31,88e4d9f1c178a318,"Yahoo ^MXX 1mo (precio, sin dividendos) 1991-11-30 a 2026-08-31; CETES FRED INTGSTMXM193N 1986-10-01 a 2026-07-01 (descarga 2026-09-25)","{""comision_por_lado"": 0.0029, ""cortes"": [""2002-12-31""], ""efectivo_en_mxn"": false, ""exposicion_inicial"": 0.0, ""exposicion_max"": 1.0, ""exposicion_min"": 0.0, ""extras"": [], ""fx"": false, ""max_dias_fx"": 10, ""min_historia"": 10, ""periodos_por_anio"": 12, ""permitir_capturas"": false, ""rebalanceo_con_deriva"": true, ""segmentos"": [""dentro_muestra"", ""fuera_muestra""], ""senal"": ""calendario_dic_abr"", ""spread_por_lado"": 0.0005, ""usuario"": {""escenario_costos"": ""defecto"", ""familia"": ""MX"", ""meses"": [1, 2, 3, 4, 12], ""tipo"": ""calendario""}, ""variante"": ""MX_dic_abr""}",
2026-09-25T05:49:05.116461Z,R04,2ac4851f10,MX_dic_abr,1,dentro_muestra,1992-09-30,2002-12-31,123,12,MXN,5.867593560155949,0.20680022691644262,0.20195880352244436,-0.0039386593727186005,-0.005314641050783612,-0.4703409400771347,0.43968153587167624,-0.0011369930245426632,-0.7932518201824654,8.909386171146046,0.4949877613847089,0.4146341463414634,0.4146341463414634,2.0486778846153846,0.006965504807692307,21,0.16094447081691632,0.231600039807218,0.0029,0.0005,2002-12-31,88e4d9f1c178a318,"Yahoo ^MXX 1mo (precio, sin dividendos) 1991-11-30 a 2026-08-31; CETES FRED INTGSTMXM193N 1986-10-01 a 2026-07-01 (descarga 2026-09-25)","{""comision_por_lado"": 0.0029, ""cortes"": [""2002-12-31""], ""efectivo_en_mxn"": false, ""exposicion_inicial"": 0.0, ""exposicion_max"": 1.0, ""exposicion_min"": 0.0, ""extras"": [], ""fx"": false, ""max_dias_fx"": 10, ""min_historia"": 10, ""periodos_por_anio"": 12, ""permitir_capturas"": false, ""rebalanceo_con_deriva"": true, ""segmentos"": [""dentro_muestra"", ""fuera_muestra""], ""senal"": ""calendario_dic_abr"", ""spread_por_lado"": 0.0005, ""usuario"": {""escenario_costos"": ""defecto"", ""familia"": ""MX"", ""meses"": [1, 2, 3, 4, 12], ""tipo"": ""calendario""}, ""variante"": ""MX_dic_abr""}",
2026-09-25T05:49:05.116461Z,R04,2ac4851f10,MX_dic_abr,1,fuera_muestra,2002-12-31,2026-07-31,283,12,MXN,6.538474910673122,0.08943872671919162,0.10847287576690472,0.2533695720022725,0.3727505453341434,-0.21659813419151908,0.4129247329531872,0.07314149529998615,-0.45544400652928885,8.947551364684184,0.88534286133968,0.4204946996466431,0.4204946996466431,1.9931208638105191,0.006776610936955759,47,0.10671489637168041,0.06635557576522633,0.0029,0.0005,2002-12-31,88e4d9f1c178a318,"Yahoo ^MXX 1mo (precio, sin dividendos) 1991-11-30 a 2026-08-31; CETES FRED INTGSTMXM193N 1986-10-01 a 2026-07-01 (descarga 2026-09-25)","{""comision_por_lado"": 0.0029, ""cortes"": [""2002-12-31""], ""efectivo_en_mxn"": false, ""exposicion_inicial"": 0.0, ""exposicion_max"": 1.0, ""exposicion_min"": 0.0, ""extras"": [], ""fx"": false, ""max_dias_fx"": 10, ""min_historia"": 10, ""periodos_por_anio"": 12, ""permitir_capturas"": false, ""rebalanceo_con_deriva"": true, ""segmentos"": [""dentro_muestra"", ""fuera_muestra""], ""senal"": ""calendario_dic_abr"", ""spread_por_lado"": 0.0005, ""usuario"": {""escenario_costos"": ""defecto"", ""familia"": ""MX"", ""meses"": [1, 2, 3, 4, 12], ""tipo"": ""calendario""}, ""variante"": ""MX_dic_abr""}",
2026-09-25T05:49:05.121833Z,R04,218752606c,MX_nov_mar,1,completo,1992-09-30,2026-07-31,406,12,MXN,84.70373099450312,0.14060661670701546,0.1490549628620847,0.23609505798602473,0.3391520507722589,-0.4343326521388595,0.3237302468847367,0.06815477264128585,-0.7237222347756895,11.581411109233608,0.9084370662640515,0.4187192118226601,0.4187192118226601,2.0099538722991017,0.006833843165816934,68,0.12287264728498704,0.11393327261297626,0.0029,0.0005,2002-12-31,88e4d9f1c178a318,"Yahoo ^MXX 1mo (precio, sin dividendos) 1991-11-30 a 2026-08-31; CETES FRED INTGSTMXM193N 1986-10-01 a 2026-07-01 (descarga 2026-09-25)","{""comision_por_lado"": 0.0029, ""cortes"": [""2002-12-31""], ""efectivo_en_mxn"": false, ""exposicion_inicial"": 0.0, ""exposicion_max"": 1.0, ""exposicion_min"": 0.0, ""extras"": [], ""fx"": false, ""max_dias_fx"": 10, ""min_historia"": 10, ""periodos_por_anio"": 12, ""permitir_capturas"": false, ""rebalanceo_con_deriva"": true, ""segmentos"": [""dentro_muestra"", ""fuera_muestra""], ""senal"": ""calendario_nov_mar"", ""spread_por_lado"": 0.0005, ""usuario"": {""escenario_costos"": ""defecto"", ""familia"": ""MX"", ""meses"": [1, 2, 3, 11, 12], ""tipo"": ""calendario""}, ""variante"": ""MX_nov_mar""}",
2026-09-25T05:49:05.121833Z,R04,218752606c,MX_nov_mar,1,dentro_muestra,1992-09-30,2002-12-31,123,12,MXN,8.950008477979264,0.25124903087038497,0.21036875527721954,0.18092774775844073,0.2533029676395943,-0.4343326521388595,0.5784714311326027,0.052229341936104234,-0.7434581969354908,7.992830800812165,0.7138654159967001,0.42276422764227645,0.42276422764227645,2.0486778846153846,0.006965504807692307,21,0.16094447081691632,0.231600039807218,0.0029,0.0005,2002-12-31,88e4d9f1c178a318,"Yahoo ^MXX 1mo (precio, sin dividendos) 1991-11-30 a 2026-08-31; CETES FRED INTGSTMXM193N 1986-10-01 a 2026-07-01 (descarga 2026-09-25)","{""comision_por_lado"": 0.0029, ""cortes"": [""2002-12-31""], ""efectivo_en_mxn"": false, ""exposicion_inicial"": 0.0, ""exposicion_max"": 1.0, ""exposicion_min"": 0.0, ""extras"": [], ""fx"": false, ""max_dias_fx"": 10, ""min_historia"": 10, ""periodos_por_anio"": 12, ""permitir_capturas"": false, ""rebalanceo_con_deriva"": true, ""segmentos"": [""dentro_muestra"", ""fuera_muestra""], ""senal"": ""calendario_nov_mar"", ""spread_por_lado"": 0.0005, ""usuario"": {""escenario_costos"": ""defecto"", ""familia"": ""MX"", ""meses"": [1, 2, 3, 11, 12], ""tipo"": ""calendario""}, ""variante"": ""MX_nov_mar""}",
2026-09-25T05:49:05.121833Z,R04,218752606c,MX_nov_mar,1,fuera_muestra,2002-12-31,2026-07-31,283,12,MXN,7.6134329618087495,0.09561471999552662,0.11039353639487089,0.3021845198045178,0.45546444990202056,-0.22328524473024358,0.428217816681264,0.08723315692703809,-0.3156699606049833,8.494507491760636,0.9243862101620989,0.4169611307420495,0.4169611307420495,1.9931208638105191,0.006776610936955759,47,0.10671489637168041,0.06635557576522633,0.0029,0.0005,2002-12-31,88e4d9f1c178a318,"Yahoo ^MXX 1mo (precio, sin dividendos) 1991-11-30 a 2026-08-31; CETES FRED INTGSTMXM193N 1986-10-01 a 2026-07-01 (descarga 2026-09-25)","{""comision_por_lado"": 0.0029, ""cortes"": [""2002-12-31""], ""efectivo_en_mxn"": false, ""exposicion_inicial"": 0.0, ""exposicion_max"": 1.0, ""exposicion_min"": 0.0, ""extras"": [], ""fx"": false, ""max_dias_fx"": 10, ""min_historia"": 10, ""periodos_por_anio"": 12, ""permitir_capturas"": false, ""rebalanceo_con_deriva"": true, ""segmentos"": [""dentro_muestra"", ""fuera_muestra""], ""senal"": ""calendario_nov_mar"", ""spread_por_lado"": 0.0005, ""usuario"": {""escenario_costos"": ""defecto"", ""familia"": ""MX"", ""meses"": [1, 2, 3, 11, 12], ""tipo"": ""calendario""}, ""variante"": ""MX_nov_mar""}",
2026-09-25T05:49:05.127033Z,R04,226a09110c,MX_ref_comprar_mantener,0,completo,1992-09-30,2026-07-31,406,12,MXN,49.26705420939309,0.12275961458891249,0.2184803049050495,0.14585961397872402,0.20273647891739152,-0.44914313071728995,0.2733195861035726,0.04210604369725561,-0.5705688471429721,5.519036449552391,0.7985775296332622,1.0,1.0,0.029558145180869144,0.00010049769361495509,1,0.12287264728498704,0.11393327261297626,0.0029,0.0005,2002-12-31,88e4d9f1c178a318,"Yahoo ^MXX 1mo (precio, sin dividendos) 1991-11-30 a 2026-08-31; CETES FRED INTGSTMXM193N 1986-10-01 a 2026-07-01 (descarga 2026-09-25)","{""comision_por_lado"": 0.0029, ""cortes"": [""2002-12-31""], ""efectivo_en_mxn"": false, ""exposicion_inicial"": 0.0, ""exposicion_max"": 1.0, ""exposicion_min"": 0.0, ""extras"": [], ""fx"": false, ""max_dias_fx"": 10, ""min_historia"": 10, ""periodos_por_anio"": 12, ""permitir_capturas"": false, ""rebalanceo_con_deriva"": true, ""segmentos"": [""dentro_muestra"", ""fuera_muestra""], ""senal"": ""senal_comprar_y_mantener"", ""spread_por_lado"": 0.0005, ""usuario"": {""escenario_costos"": ""defecto"", ""familia"": ""MX"", ""tipo"": ""referencia""}, ""variante"": ""MX_ref_comprar_mantener""}",referencia
2026-09-25T05:49:05.127033Z,R04,226a09110c,MX_ref_comprar_mantener,0,dentro_muestra,1992-09-30,2002-12-31,123,12,MXN,3.6012040167397563,0.1605588042860593,0.31260026773061056,-0.03768422460604746,-0.050850678246099366,-0.44914313071728995,0.35747803607648165,-0.01087849861025191,-0.45168115059514596,3.670533083584858,0.45206395361111473,1.0,1.0,0.09755608974358976,0.0003316907051282051,1,0.16094447081691632,0.231600039807218,0.0029,0.0005,2002-12-31,88e4d9f1c178a318,"Yahoo ^MXX 1mo (precio, sin dividendos) 1991-11-30 a 2026-08-31; CETES FRED INTGSTMXM193N 1986-10-01 a 2026-07-01 (descarga 2026-09-25)","{""comision_por_lado"": 0.0029, ""cortes"": [""2002-12-31""], ""efectivo_en_mxn"": false, ""exposicion_inicial"": 0.0, ""exposicion_max"": 1.0, ""exposicion_min"": 0.0, ""extras"": [], ""fx"": false, ""max_dias_fx"": 10, ""min_historia"": 10, ""periodos_por_anio"": 12, ""permitir_capturas"": false, ""rebalanceo_con_deriva"": true, ""segmentos"": [""dentro_muestra"", ""fuera_muestra""], ""senal"": ""senal_comprar_y_mantener"", ""spread_por_lado"": 0.0005, ""usuario"": {""escenario_costos"": ""defecto"", ""familia"": ""MX"", ""tipo"": ""referencia""}, ""variante"": ""MX_ref_comprar_mantener""}",referencia
2026-09-25T05:49:05.127033Z,R04,226a09110c,MX_ref_comprar_mantener,0,fuera_muestra,2002-12-31,2026-07-31,283,12,MXN,9.924761003101635,0.10671489637168041,0.16154910219895394,0.31150622660162613,0.45709033834121593,-0.44481881588798433,0.23990643506985482,0.08992410189134671,-0.35469073773052145,4.214250467653615,0.9308169388851417,1.0,1.0,0.0,0.0,0,0.10671489637168041,0.06635557576522633,0.0029,0.0005,2002-12-31,88e4d9f1c178a318,"Yahoo ^MXX 1mo (precio, sin dividendos) 1991-11-30 a 2026-08-31; CETES FRED INTGSTMXM193N 1986-10-01 a 2026-07-01 (descarga 2026-09-25)","{""comision_por_lado"": 0.0029, ""cortes"": [""2002-12-31""], ""efectivo_en_mxn"": false, ""exposicion_inicial"": 0.0, ""exposicion_max"": 1.0, ""exposicion_min"": 0.0, ""extras"": [], ""fx"": false, ""max_dias_fx"": 10, ""min_historia"": 10, ""periodos_por_anio"": 12, ""permitir_capturas"": false, ""rebalanceo_con_deriva"": true, ""segmentos"": [""dentro_muestra"", ""fuera_muestra""], ""senal"": ""senal_comprar_y_mantener"", ""spread_por_lado"": 0.0005, ""usuario"": {""escenario_costos"": ""defecto"", ""familia"": ""MX"", ""tipo"": ""referencia""}, ""variante"": ""MX_ref_comprar_mantener""}",referencia
2026-09-25T05:49:05.131276Z,R04,497d7c5108,MX_ref_efectivo,0,completo,1992-09-30,2026-07-31,406,12,MXN,37.48769903435884,0.11393327261297626,0.02856669819897409,0.0,0.0,0.0,inf,,0.0,3.0,,0.0,0.0,0.0,0.0,0,0.12287264728498704,0.11393327261297626,0.0029,0.0005,2002-12-31,88e4d9f1c178a318,"Yahoo ^MXX 1mo (precio, sin dividendos) 1991-11-30 a 2026-08-31; CETES FRED INTGSTMXM193N 1986-10-01 a 2026-07-01 (descarga 2026-09-25)","{""comision_por_lado"": 0.0029, ""cortes"": [""2002-12-31""], ""efectivo_en_mxn"": false, ""exposicion_inicial"": 0.0, ""exposicion_max"": 1.0, ""exposicion_min"": 0.0, ""extras"": [], ""fx"": false, ""max_dias_fx"": 10, ""min_historia"": 10, ""periodos_por_anio"": 12, ""permitir_capturas"": false, ""rebalanceo_con_deriva"": true, ""segmentos"": [""dentro_muestra"", ""fuera_muestra""], ""senal"": ""senal_efectivo"", ""spread_por_lado"": 0.0005, ""usuario"": {""escenario_costos"": ""defecto"", ""familia"": ""MX"", ""tipo"": ""referencia""}, ""variante"": ""MX_ref_efectivo""}",referencia
2026-09-25T05:49:05.131276Z,R04,497d7c5108,MX_ref_efectivo,0,dentro_muestra,1992-09-30,2002-12-31,123,12,MXN,7.45981388277044,0.231600039807218,0.0367172167633525,0.0,0.0,0.0,inf,,0.0,3.0,,0.0,0.0,0.0,0.0,0,0.16094447081691632,0.231600039807218,0.0029,0.0005,2002-12-31,88e4d9f1c178a318,"Yahoo ^MXX 1mo (precio, sin dividendos) 1991-11-30 a 2026-08-31; CETES FRED INTGSTMXM193N 1986-10-01 a 2026-07-01 (descarga 2026-09-25)","{""comision_por_lado"": 0.0029, ""cortes"": [""2002-12-31""], ""efectivo_en_mxn"": false, ""exposicion_inicial"": 0.0, ""exposicion_max"": 1.0, ""exposicion_min"": 0.0, ""extras"": [], ""fx"": false, ""max_dias_fx"": 10, ""min_historia"": 10, ""periodos_por_anio"": 12, ""permitir_capturas"": false, ""rebalanceo_con_deriva"": true, ""segmentos"": [""dentro_muestra"", ""fuera_muestra""], ""senal"": ""senal_efectivo"", ""spread_por_lado"": 0.0005, ""usuario"": {""escenario_costos"": ""defecto"", ""familia"": ""MX"", ""tipo"": ""referencia""}, ""variante"": ""MX_ref_efectivo""}",referencia
2026-09-25T05:49:05.131276Z,R04,497d7c5108,MX_ref_efectivo,0,fuera_muestra,2002-12-31,2026-07-31,283,12,MXN,3.5494734952436993,0.06635557576522633,0.006786089323222169,0.0,0.0,0.0,inf,,0.0,3.0,,0.0,0.0,0.0,0.0,0,0.10671489637168041,0.06635557576522633,0.0029,0.0005,2002-12-31,88e4d9f1c178a318,"Yahoo ^MXX 1mo (precio, sin dividendos) 1991-11-30 a 2026-08-31; CETES FRED INTGSTMXM193N 1986-10-01 a 2026-07-01 (descarga 2026-09-25)","{""comision_por_lado"": 0.0029, ""cortes"": [""2002-12-31""], ""efectivo_en_mxn"": false, ""exposicion_inicial"": 0.0, ""exposicion_max"": 1.0, ""exposicion_min"": 0.0, ""extras"": [], ""fx"": false, ""max_dias_fx"": 10, ""min_historia"": 10, ""periodos_por_anio"": 12, ""permitir_capturas"": false, ""rebalanceo_con_deriva"": true, ""segmentos"": [""dentro_muestra"", ""fuera_muestra""], ""senal"": ""senal_efectivo"", ""spread_por_lado"": 0.0005, ""usuario"": {""escenario_costos"": ""defecto"", ""familia"": ""MX"", ""tipo"": ""referencia""}, ""variante"": ""MX_ref_efectivo""}",referencia
2026-09-25T05:49:05.137534Z,R04,9a0f68b618,MX_ref_sma10,0,completo,1992-09-30,2026-07-31,406,12,MXN,41.042087272264936,0.11684549145501366,0.1579558874187372,0.09352065960286553,0.13396113307506413,-0.3636416018189427,0.32132047287920346,0.026997088998252886,-0.07195618359682798,4.776545256693573,0.7062948654562996,0.6650246305418719,0.6650246305418719,1.9803957271182326,0.006733345472201979,67,0.12287264728498704,0.11393327261297626,0.0029,0.0005,2002-12-31,88e4d9f1c178a318,"Yahoo ^MXX 1mo (precio, sin dividendos) 1991-11-30 a 2026-08-31; CETES FRED INTGSTMXM193N 1986-10-01 a 2026-07-01 (descarga 2026-09-25)","{""comision_por_lado"": 0.0029, ""cortes"": [""2002-12-31""], ""efectivo_en_mxn"": false, ""exposicion_inicial"": 0.0, ""exposicion_max"": 1.0, ""exposicion_min"": 0.0, ""extras"": [], ""fx"": false, ""max_dias_fx"": 10, ""min_historia"": 10, ""periodos_por_anio"": 12, ""permitir_capturas"": false, ""rebalanceo_con_deriva"": true, ""segmentos"": [""dentro_muestra"", ""fuera_muestra""], ""senal"": ""media_movil_10"", ""spread_por_lado"": 0.0005, ""usuario"": {""escenario_costos"": ""defecto"", ""familia"": ""MX"", ""tipo"": ""referencia"", ""ventana"": 10}, ""variante"": ""MX_ref_sma10""}",referencia
2026-09-25T05:49:05.137534Z,R04,9a0f68b618,MX_ref_sma10,0,dentro_muestra,1992-09-30,2002-12-31,123,12,MXN,3.383686146499225,0.15508873194634232,0.22858202712888373,-0.17970981807231715,-0.2473148191083761,-0.3636416018189427,0.42648786929379184,-0.05187775592003549,0.0903708611336899,3.0410681407392186,0.2839050141158212,0.6829268292682927,0.6829268292682927,1.951121794871795,0.006633814102564102,20,0.16094447081691632,0.231600039807218,0.0029,0.0005,2002-12-31,88e4d9f1c178a318,"Yahoo ^MXX 1mo (precio, sin dividendos) 1991-11-30 a 2026-08-31; CETES FRED INTGSTMXM193N 1986-10-01 a 2026-07-01 (descarga 2026-09-25)","{""comision_por_lado"": 0.0029, ""cortes"": [""2002-12-31""], ""efectivo_en_mxn"": false, ""exposicion_inicial"": 0.0, ""exposicion_max"": 1.0, ""exposicion_min"": 0.0, ""extras"": [], ""fx"": false, ""max_dias_fx"": 10, ""min_historia"": 10, ""periodos_por_anio"": 12, ""permitir_capturas"": false, ""rebalanceo_con_deriva"": true, ""segmentos"": [""dentro_muestra"", ""fuera_muestra""], ""senal"": ""media_movil_10"", ""spread_por_lado"": 0.0005, ""usuario"": {""escenario_costos"": ""defecto"", ""familia"": ""MX"", ""tipo"": ""referencia"", ""ventana"": 10}, ""variante"": ""MX_ref_sma10""}",referencia
2026-09-25T05:49:05.137534Z,R04,9a0f68b618,MX_ref_sma10,0,fuera_muestra,2002-12-31,2026-07-31,283,12,MXN,8.590578765735644,0.1006187906526439,0.1145031672568654,0.33430621419660517,0.515148687742879,-0.21252095653132597,0.47345349980961765,0.09650589137908736,-0.04775693332059642,4.561758220080228,0.9463289190472475,0.657243816254417,0.657243816254417,1.9931208638105191,0.006776610936955759,47,0.10671489637168041,0.06635557576522633,0.0029,0.0005,2002-12-31,88e4d9f1c178a318,"Yahoo ^MXX 1mo (precio, sin dividendos) 1991-11-30 a 2026-08-31; CETES FRED INTGSTMXM193N 1986-10-01 a 2026-07-01 (descarga 2026-09-25)","{""comision_por_lado"": 0.0029, ""cortes"": [""2002-12-31""], ""efectivo_en_mxn"": false, ""exposicion_inicial"": 0.0, ""exposicion_max"": 1.0, ""exposicion_min"": 0.0, ""extras"": [], ""fx"": false, ""max_dias_fx"": 10, ""min_historia"": 10, ""periodos_por_anio"": 12, ""permitir_capturas"": false, ""rebalanceo_con_deriva"": true, ""segmentos"": [""dentro_muestra"", ""fuera_muestra""], ""senal"": ""media_movil_10"", ""spread_por_lado"": 0.0005, ""usuario"": {""escenario_costos"": ""defecto"", ""familia"": ""MX"", ""tipo"": ""referencia"", ""ventana"": 10}, ""variante"": ""MX_ref_sma10""}",referencia
2026-09-25T05:49:05.143768Z,R04,dd37121a29,MX_ref_verano,0,completo,1992-09-30,2026-07-31,406,12,MXN,13.248820622081498,0.08169186810431084,0.15381028538198074,-0.1188775088331391,-0.15784378582651573,-0.4400752103875315,0.18563160608926993,-0.03431698086270249,-0.8007485726995562,12.259704102283992,0.24224028169299816,0.4975369458128079,0.4975369458128079,2.039512017479971,0.006934340859431888,69,0.12287264728498704,0.11393327261297626,0.0029,0.0005,2002-12-31,88e4d9f1c178a318,"Yahoo ^MXX 1mo (precio, sin dividendos) 1991-11-30 a 2026-08-31; CETES FRED INTGSTMXM193N 1986-10-01 a 2026-07-01 (descarga 2026-09-25)","{""comision_por_lado"": 0.0029, ""cortes"": [""2002-12-31""], ""efectivo_en_mxn"": false, ""exposicion_inicial"": 0.0, ""exposicion_max"": 1.0, ""exposicion_min"": 0.0, ""extras"": [], ""fx"": false, ""max_dias_fx"": 10, ""min_historia"": 10, ""periodos_por_anio"": 12, ""permitir_capturas"": false, ""rebalanceo_con_deriva"": true, ""segmentos"": [""dentro_muestra"", ""fuera_muestra""], ""senal"": ""calendario_may_oct"", ""spread_por_lado"": 0.0005, ""usuario"": {""escenario_costos"": ""defecto"", ""familia"": ""MX"", ""meses"": [5, 6, 7, 8, 9, 10], ""tipo"": ""referencia""}, ""variante"": ""MX_ref_verano""}",referencia
2026-09-25T05:49:05.143768Z,R04,dd37121a29,MX_ref_verano,0,dentro_muestra,1992-09-30,2002-12-31,123,12,MXN,2.8985714091773964,0.14194826589916087,0.2254789705435117,-0.23374032207298984,-0.30567296706094577,-0.4400752103875315,0.3225545601038532,-0.06747501893465525,-0.6188911767491857,7.675613417302981,0.22412024155639876,0.4959349593495935,0.4959349593495935,2.1462339743589745,0.007297195512820513,22,0.16094447081691632,0.231600039807218,0.0029,0.0005,2002-12-31,88e4d9f1c178a318,"Yahoo ^MXX 1mo (precio, sin dividendos) 1991-11-30 a 2026-08-31; CETES FRED INTGSTMXM193N 1986-10-01 a 2026-07-01 (descarga 2026-09-25)","{""comision_por_lado"": 0.0029, ""cortes"": [""2002-12-31""], ""efectivo_en_mxn"": false, ""exposicion_inicial"": 0.0, ""exposicion_max"": 1.0, ""exposicion_min"": 0.0, ""extras"": [], ""fx"": false, ""max_dias_fx"": 10, ""min_historia"": 10, ""periodos_por_anio"": 12, ""permitir_capturas"": false, ""rebalanceo_con_deriva"": true, ""segmentos"": [""dentro_muestra"", ""fuera_muestra""], ""senal"": ""calendario_may_oct"", ""spread_por_lado"": 0.0005, ""usuario"": {""escenario_costos"": ""defecto"", ""familia"": ""MX"", ""meses"": [5, 6, 7, 8, 9, 10], ""tipo"": ""referencia""}, ""variante"": ""MX_ref_verano""}",referencia
2026-09-25T05:49:05.143768Z,R04,dd37121a29,MX_ref_verano,0,fuera_muestra,2002-12-31,2026-07-31,283,12,MXN,2.6548825522444455,0.05650042458968918,0.10833401716656542,-0.031660061508807735,-0.04338118409831109,-0.36059360932247797,0.1566872599207963,-0.009139472517335129,-0.5264018400866426,9.765552759877783,0.4388702229808895,0.49823321554770317,0.49823321554770317,1.9931208638105191,0.006776610936955759,47,0.10671489637168041,0.06635557576522633,0.0029,0.0005,2002-12-31,88e4d9f1c178a318,"Yahoo ^MXX 1mo (precio, sin dividendos) 1991-11-30 a 2026-08-31; CETES FRED INTGSTMXM193N 1986-10-01 a 2026-07-01 (descarga 2026-09-25)","{""comision_por_lado"": 0.0029, ""cortes"": [""2002-12-31""], ""efectivo_en_mxn"": false, ""exposicion_inicial"": 0.0, ""exposicion_max"": 1.0, ""exposicion_min"": 0.0, ""extras"": [], ""fx"": false, ""max_dias_fx"": 10, ""min_historia"": 10, ""periodos_por_anio"": 12, ""permitir_capturas"": false, ""rebalanceo_con_deriva"": true, ""segmentos"": [""dentro_muestra"", ""fuera_muestra""], ""senal"": ""calendario_may_oct"", ""spread_por_lado"": 0.0005, ""usuario"": {""escenario_costos"": ""defecto"", ""familia"": ""MX"", ""meses"": [5, 6, 7, 8, 9, 10], ""tipo"": ""referencia""}, ""variante"": ""MX_ref_verano""}",referencia
2026-09-25T05:49:05.158765Z,R04,d40f17bfff,US_nov_abr,0,completo,1927-04-30,2026-07-31,1191,12,USD,1537.7535183619914,0.07674212503503752,0.12137080281017609,0.4044506536582307,0.6370480480410102,-0.5777359161469611,0.13283253280641863,0.1167548468817498,0.6514466087578693,19.92423999941325,0.9999745131815183,0.4987405541561713,0.4987405541561713,1.9949106256206555,0.008777606752730855,198,0.10280315253340455,0.03287447481675665,0.0029,0.0015,2002-12-31,e85ac74d630dff95,French F-F_Research_Data_Factors CRSP 202607 sha256 b840dba55d319f48,"{""comision_por_lado"": 0.0029, ""cortes"": [""2002-12-31""], ""efectivo_en_mxn"": false, ""exposicion_inicial"": 0.0, ""exposicion_max"": 1.0, ""exposicion_min"": 0.0, ""extras"": [], ""fx"": false, ""max_dias_fx"": 10, ""min_historia"": 10, ""periodos_por_anio"": 12, ""permitir_capturas"": false, ""rebalanceo_con_deriva"": true, ""segmentos"": [""dentro_muestra"", ""fuera_muestra""], ""senal"": ""calendario_nov_abr"", ""spread_por_lado"": 0.0015, ""usuario"": {""escenario_costos"": ""medio"", ""familia"": ""US"", ""meses"": [1, 2, 3, 4, 11, 12], ""tipo"": ""calendario""}, ""variante"": ""US_nov_abr""}",sensibilidad: spread medio 0.15% por lado
2026-09-25T05:49:05.158765Z,R04,d40f17bfff,US_nov_abr,0,dentro_muestra,1927-04-30,2002-12-31,908,12,USD,335.56262538476483,0.07992907016362971,0.12532544656299838,0.3800995687188813,0.5967808742509709,-0.5777359161469611,0.13834879904419484,0.10972529415935339,0.7678885085879913,21.77646954861923,0.9995826446994164,0.4977973568281938,0.4977973568281938,1.9954683599261913,0.008780060783675228,151,0.09800323791271204,0.03794339388484569,0.0029,0.0015,2002-12-31,e85ac74d630dff95,French F-F_Research_Data_Factors CRSP 202607 sha256 b840dba55d319f48,"{""comision_por_lado"": 0.0029, ""cortes"": [""2002-12-31""], ""efectivo_en_mxn"": false, ""exposicion_inicial"": 0.0, ""exposicion_max"": 1.0, ""exposicion_min"": 0.0, ""extras"": [], ""fx"": false, ""max_dias_fx"": 10, ""min_historia"": 10, ""periodos_por_anio"": 12, ""permitir_capturas"": false, ""rebalanceo_con_deriva"": true, ""segmentos"": [""dentro_muestra"", ""fuera_muestra""], ""senal"": ""calendario_nov_abr"", ""spread_por_lado"": 0.0015, ""usuario"": {""escenario_costos"": ""medio"", ""familia"": ""US"", ""meses"": [1, 2, 3, 4, 11, 12], ""tipo"": ""calendario""}, ""variante"": ""US_nov_abr""}",sensibilidad: spread medio 0.15% por lado
2026-09-25T05:49:05.158765Z,R04,d40f17bfff,US_nov_abr,0,fuera_muestra,2002-12-31,2026-07-31,283,12,USD,3.5719678963249626,0.06657863750197657,0.10785123189040081,0.49782687732292846,0.7966821247636767,-0.3053004217935815,0.21807581237798435,0.14371024081611178,0.060586498752161475,7.390067536905687,0.9914493771929347,0.5017667844522968,0.5017667844522968,1.9931208638105191,0.008769731800766276,47,0.11834817299653566,0.01677495754826608,0.0029,0.0015,2002-12-31,e85ac74d630dff95,French F-F_Research_Data_Factors CRSP 202607 sha256 b840dba55d319f48,"{""comision_por_lado"": 0.0029, ""cortes"": [""2002-12-31""], ""efectivo_en_mxn"": false, ""exposicion_inicial"": 0.0, ""exposicion_max"": 1.0, ""exposicion_min"": 0.0, ""extras"": [], ""fx"": false, ""max_dias_fx"": 10, ""min_historia"": 10, ""periodos_por_anio"": 12, ""permitir_capturas"": false, ""rebalanceo_con_deriva"": true, ""segmentos"": [""dentro_muestra"", ""fuera_muestra""], ""senal"": ""calendario_nov_abr"", ""spread_por_lado"": 0.0015, ""usuario"": {""escenario_costos"": ""medio"", ""familia"": ""US"", ""meses"": [1, 2, 3, 4, 11, 12], ""tipo"": ""calendario""}, ""variante"": ""US_nov_abr""}",sensibilidad: spread medio 0.15% por lado
2026-09-25T05:49:05.173469Z,R04,5130f6e96f,US_oct_abr,0,completo,1927-04-30,2026-07-31,1191,12,USD,1549.1276632792597,0.07682202297520502,0.13581535572146744,0.37590139873850176,0.5657531025978548,-0.6921051094892701,0.11099762438091929,0.10851338687521543,0.08779263046372847,15.606485271529381,0.9998843855329942,0.5818639798488665,0.5818639798488665,1.9949106256206555,0.008777606752730855,198,0.10280315253340455,0.03287447481675665,0.0029,0.0015,2002-12-31,e85ac74d630dff95,French F-F_Research_Data_Factors CRSP 202607 sha256 b840dba55d319f48,"{""comision_por_lado"": 0.0029, ""cortes"": [""2002-12-31""], ""efectivo_en_mxn"": false, ""exposicion_inicial"": 0.0, ""exposicion_max"": 1.0, ""exposicion_min"": 0.0, ""extras"": [], ""fx"": false, ""max_dias_fx"": 10, ""min_historia"": 10, ""periodos_por_anio"": 12, ""permitir_capturas"": false, ""rebalanceo_con_deriva"": true, ""segmentos"": [""dentro_muestra"", ""fuera_muestra""], ""senal"": ""calendario_oct_abr"", ""spread_por_lado"": 0.0015, ""usuario"": {""escenario_costos"": ""medio"", ""familia"": ""US"", ""meses"": [1, 2, 3, 4, 10, 11, 12], ""tipo"": ""calendario""}, ""variante"": ""US_oct_abr""}",sensibilidad: spread medio 0.15% por lado
2026-09-25T05:49:05.173469Z,R04,5130f6e96f,US_oct_abr,0,dentro_muestra,1927-04-30,2002-12-31,908,12,USD,278.12089598671156,0.0772616522057672,0.13981673663299052,0.33698342256042224,0.5041643250005882,-0.6921051094892701,0.11163283025432572,0.0972787348638506,0.18233211076196443,16.9073395129328,0.9981399644173825,0.5814977973568282,0.5814977973568282,1.9954683599261913,0.008780060783675228,151,0.09800323791271204,0.03794339388484569,0.0029,0.0015,2002-12-31,e85ac74d630dff95,French F-F_Research_Data_Factors CRSP 202607 sha256 b840dba55d319f48,"{""comision_por_lado"": 0.0029, ""cortes"": [""2002-12-31""], ""efectivo_en_mxn"": false, ""exposicion_inicial"": 0.0, ""exposicion_max"": 1.0, ""exposicion_min"": 0.0, ""extras"": [], ""fx"": false, ""max_dias_fx"": 10, ""min_historia"": 10, ""periodos_por_anio"": 12, ""permitir_capturas"": false, ""rebalanceo_con_deriva"": true, ""segmentos"": [""dentro_muestra"", ""fuera_muestra""], ""senal"": ""calendario_oct_abr"", ""spread_por_lado"": 0.0015, ""usuario"": {""escenario_costos"": ""medio"", ""familia"": ""US"", ""meses"": [1, 2, 3, 4, 10, 11, 12], ""tipo"": ""calendario""}, ""variante"": ""US_oct_abr""}",sensibilidad: spread medio 0.15% por lado
2026-09-25T05:49:05.173469Z,R04,5130f6e96f,US_oct_abr,0,fuera_muestra,2002-12-31,2026-07-31,283,12,USD,4.553606647038911,0.07541247000475915,0.12232292054840671,0.5204357916965906,0.8047715931887994,-0.42215069806601513,0.1786387428713106,0.1502368722159713,-0.33855787978137575,7.519029959133382,0.9922208546741667,0.5830388692579506,0.5830388692579506,1.9931208638105191,0.008769731800766276,47,0.11834817299653566,0.01677495754826608,0.0029,0.0015,2002-12-31,e85ac74d630dff95,French F-F_Research_Data_Factors CRSP 202607 sha256 b840dba55d319f48,"{""comision_por_lado"": 0.0029, ""cortes"": [""2002-12-31""], ""efectivo_en_mxn"": false, ""exposicion_inicial"": 0.0, ""exposicion_max"": 1.0, ""exposicion_min"": 0.0, ""extras"": [], ""fx"": false, ""max_dias_fx"": 10, ""min_historia"": 10, ""periodos_por_anio"": 12, ""permitir_capturas"": false, ""rebalanceo_con_deriva"": true, ""segmentos"": [""dentro_muestra"", ""fuera_muestra""], ""senal"": ""calendario_oct_abr"", ""spread_por_lado"": 0.0015, ""usuario"": {""escenario_costos"": ""medio"", ""familia"": ""US"", ""meses"": [1, 2, 3, 4, 10, 11, 12], ""tipo"": ""calendario""}, ""variante"": ""US_oct_abr""}",sensibilidad: spread medio 0.15% por lado
2026-09-25T05:49:05.187635Z,R04,36c9fa1c51,US_nov_may,0,completo,1927-04-30,2026-07-31,1191,12,USD,1898.0198377698443,0.07902669343012558,0.13327671597573706,0.39607948954832223,0.6028922885502591,-0.7093318179890464,0.11141005017111176,0.11433829995560671,0.24862661182971008,16.477309753346336,0.9999521559856863,0.5827036104114189,0.5827036104114189,2.015061238000662,0.008866269447202884,200,0.10280315253340455,0.03287447481675665,0.0029,0.0015,2002-12-31,e85ac74d630dff95,French F-F_Research_Data_Factors CRSP 202607 sha256 b840dba55d319f48,"{""comision_por_lado"": 0.0029, ""cortes"": [""2002-12-31""], ""efectivo_en_mxn"": false, ""exposicion_inicial"": 0.0, ""exposicion_max"": 1.0, ""exposicion_min"": 0.0, ""extras"": [], ""fx"": false, ""max_dias_fx"": 10, ""min_historia"": 10, ""periodos_por_anio"": 12, ""permitir_capturas"": false, ""rebalanceo_con_deriva"": true, ""segmentos"": [""dentro_muestra"", ""fuera_muestra""], ""senal"": ""calendario_nov_may"", ""spread_por_lado"": 0.0015, ""usuario"": {""escenario_costos"": ""medio"", ""familia"": ""US"", ""meses"": [1, 2, 3, 4, 5, 11, 12], ""tipo"": ""calendario""}, ""variante"": ""US_nov_may""}",sensibilidad: spread medio 0.15% por lado
2026-09-25T05:49:05.187635Z,R04,36c9fa1c51,US_nov_may,0,dentro_muestra,1927-04-30,2002-12-31,908,12,USD,318.45791596661616,0.07918495498063227,0.13856818209043706,0.3518306144300129,0.5311332986490788,-0.7093318179890464,0.1116331637358682,0.1015647499751597,0.3144509020161143,17.63231180314215,0.9988255283779748,0.5814977973568282,0.5814977973568282,2.021898404428525,0.008896352979485496,153,0.09800323791271204,0.03794339388484569,0.0029,0.0015,2002-12-31,e85ac74d630dff95,French F-F_Research_Data_Factors CRSP 202607 sha256 b840dba55d319f48,"{""comision_por_lado"": 0.0029, ""cortes"": [""2002-12-31""], ""efectivo_en_mxn"": false, ""exposicion_inicial"": 0.0, ""exposicion_max"": 1.0, ""exposicion_min"": 0.0, ""extras"": [], ""fx"": false, ""max_dias_fx"": 10, ""min_historia"": 10, ""periodos_por_anio"": 12, ""permitir_capturas"": false, ""rebalanceo_con_deriva"": true, ""segmentos"": [""dentro_muestra"", ""fuera_muestra""], ""senal"": ""calendario_nov_may"", ""spread_por_lado"": 0.0015, ""usuario"": {""escenario_costos"": ""medio"", ""familia"": ""US"", ""meses"": [1, 2, 3, 4, 5, 11, 12], ""tipo"": ""calendario""}, ""variante"": ""US_nov_may""}",sensibilidad: spread medio 0.15% por lado
2026-09-25T05:49:05.187635Z,R04,36c9fa1c51,US_nov_may,0,fuera_muestra,2002-12-31,2026-07-31,283,12,USD,4.944507062921856,0.07851899098404602,0.11488383471627941,0.5721216397473586,0.9079622639746441,-0.29233288125409274,0.26859445522242886,0.1651572913586738,-0.08976512433375343,6.178861917091164,0.9965995594980045,0.5865724381625441,0.5865724381625441,1.9931208638105191,0.008769731800766276,47,0.11834817299653566,0.01677495754826608,0.0029,0.0015,2002-12-31,e85ac74d630dff95,French F-F_Research_Data_Factors CRSP 202607 sha256 b840dba55d319f48,"{""comision_por_lado"": 0.0029, ""cortes"": [""2002-12-31""], ""efectivo_en_mxn"": false, ""exposicion_inicial"": 0.0, ""exposicion_max"": 1.0, ""exposicion_min"": 0.0, ""extras"": [], ""fx"": false, ""max_dias_fx"": 10, ""min_historia"": 10, ""periodos_por_anio"": 12, ""permitir_capturas"": false, ""rebalanceo_con_deriva"": true, ""segmentos"": [""dentro_muestra"", ""fuera_muestra""], ""senal"": ""calendario_nov_may"", ""spread_por_lado"": 0.0015, ""usuario"": {""escenario_costos"": ""medio"", ""familia"": ""US"", ""meses"": [1, 2, 3, 4, 5, 11, 12], ""tipo"": ""calendario""}, ""variante"": ""US_nov_may""}",sensibilidad: spread medio 0.15% por lado
2026-09-25T05:49:05.200603Z,R04,ba7a1c919e,US_dic_abr,0,completo,1927-04-30,2026-07-31,1191,12,USD,389.11828161272985,0.06195740147423212,0.10966927384143685,0.30825939393020596,0.48432664945575366,-0.5391955162175754,0.11490711552807341,0.08898682203291766,1.0196376994005056,28.24012638645837,0.9991194815721227,0.4156171284634761,0.4156171284634761,1.9949106256206555,0.008777606752730855,198,0.10280315253340455,0.03287447481675665,0.0029,0.0015,2002-12-31,e85ac74d630dff95,French F-F_Research_Data_Factors CRSP 202607 sha256 b840dba55d319f48,"{""comision_por_lado"": 0.0029, ""cortes"": [""2002-12-31""], ""efectivo_en_mxn"": false, ""exposicion_inicial"": 0.0, ""exposicion_max"": 1.0, ""exposicion_min"": 0.0, ""extras"": [], ""fx"": false, ""max_dias_fx"": 10, ""min_historia"": 10, ""periodos_por_anio"": 12, ""permitir_capturas"": false, ""rebalanceo_con_deriva"": true, ""segmentos"": [""dentro_muestra"", ""fuera_muestra""], ""senal"": ""calendario_dic_abr"", ""spread_por_lado"": 0.0015, ""usuario"": {""escenario_costos"": ""medio"", ""familia"": ""US"", ""meses"": [1, 2, 3, 4, 12], ""tipo"": ""calendario""}, ""variante"": ""US_dic_abr""}",sensibilidad: spread medio 0.15% por lado
2026-09-25T05:49:05.200603Z,R04,ba7a1c919e,US_dic_abr,0,dentro_muestra,1927-04-30,2002-12-31,908,12,USD,144.4492577541894,0.06802220159937877,0.1129199234684406,0.3096358262918123,0.49077636728275503,-0.5391955162175754,0.12615498377388315,0.08938416383016502,1.2314723240095697,31.358625948673904,0.9971191708867915,0.41409691629955947,0.41409691629955947,1.9954683599261913,0.008780060783675228,151,0.09800323791271204,0.03794339388484569,0.0029,0.0015,2002-12-31,e85ac74d630dff95,French F-F_Research_Data_Factors CRSP 202607 sha256 b840dba55d319f48,"{""comision_por_lado"": 0.0029, ""cortes"": [""2002-12-31""], ""efectivo_en_mxn"": false, ""exposicion_inicial"": 0.0, ""exposicion_max"": 1.0, ""exposicion_min"": 0.0, ""extras"": [], ""fx"": false, ""max_dias_fx"": 10, ""min_historia"": 10, ""periodos_por_anio"": 12, ""permitir_capturas"": false, ""rebalanceo_con_deriva"": true, ""segmentos"": [""dentro_muestra"", ""fuera_muestra""], ""senal"": ""calendario_dic_abr"", ""spread_por_lado"": 0.0015, ""usuario"": {""escenario_costos"": ""medio"", ""familia"": ""US"", ""meses"": [1, 2, 3, 4, 12], ""tipo"": ""calendario""}, ""variante"": ""US_dic_abr""}",sensibilidad: spread medio 0.15% por lado
2026-09-25T05:49:05.200603Z,R04,ba7a1c919e,US_dic_abr,0,fuera_muestra,2002-12-31,2026-07-31,283,12,USD,1.682160690514035,0.04272714717800152,0.09849529046688334,0.30485980020293474,0.4632231813351355,-0.21188894214995568,0.20164878235015748,0.08800544385612996,-0.03305272272607679,8.985646805405628,0.9284674948345037,0.4204946996466431,0.4204946996466431,1.9931208638105191,0.008769731800766276,47,0.11834817299653566,0.01677495754826608,0.0029,0.0015,2002-12-31,e85ac74d630dff95,French F-F_Research_Data_Factors CRSP 202607 sha256 b840dba55d319f48,"{""comision_por_lado"": 0.0029, ""cortes"": [""2002-12-31""], ""efectivo_en_mxn"": false, ""exposicion_inicial"": 0.0, ""exposicion_max"": 1.0, ""exposicion_min"": 0.0, ""extras"": [], ""fx"": false, ""max_dias_fx"": 10, ""min_historia"": 10, ""periodos_por_anio"": 12, ""permitir_capturas"": false, ""rebalanceo_con_deriva"": true, ""segmentos"": [""dentro_muestra"", ""fuera_muestra""], ""senal"": ""calendario_dic_abr"", ""spread_por_lado"": 0.0015, ""usuario"": {""escenario_costos"": ""medio"", ""familia"": ""US"", ""meses"": [1, 2, 3, 4, 12], ""tipo"": ""calendario""}, ""variante"": ""US_dic_abr""}",sensibilidad: spread medio 0.15% por lado
2026-09-25T05:49:05.214264Z,R04,a05399ec58,US_nov_mar,0,completo,1927-04-30,2026-07-31,1191,12,USD,601.9551801685465,0.06662614041417059,0.10340067031282285,0.36499857708670363,0.5433724606361752,-0.5608370997165117,0.11879766949769965,0.10536601336741937,-0.5943928194120969,11.544329975823704,0.9997478229837189,0.4156171284634761,0.4156171284634761,1.9949106256206555,0.008777606752730855,198,0.10280315253340455,0.03287447481675665,0.0029,0.0015,2002-12-31,e85ac74d630dff95,French F-F_Research_Data_Factors CRSP 202607 sha256 b840dba55d319f48,"{""comision_por_lado"": 0.0029, ""cortes"": [""2002-12-31""], ""efectivo_en_mxn"": false, ""exposicion_inicial"": 0.0, ""exposicion_max"": 1.0, ""exposicion_min"": 0.0, ""extras"": [], ""fx"": false, ""max_dias_fx"": 10, ""min_historia"": 10, ""periodos_por_anio"": 12, ""permitir_capturas"": false, ""rebalanceo_con_deriva"": true, ""segmentos"": [""dentro_muestra"", ""fuera_muestra""], ""senal"": ""calendario_nov_mar"", ""spread_por_lado"": 0.0015, ""usuario"": {""escenario_costos"": ""medio"", ""familia"": ""US"", ""meses"": [1, 2, 3, 11, 12], ""tipo"": ""calendario""}, ""variante"": ""US_nov_mar""}",sensibilidad: spread medio 0.15% por lado
2026-09-25T05:49:05.214264Z,R04,a05399ec58,US_nov_mar,0,dentro_muestra,1927-04-30,2002-12-31,908,12,USD,207.88025987062764,0.07314274966927758,0.10595698325886042,0.3703008469787364,0.551336444743388,-0.5608370997165117,0.13041710276700544,0.10689664684215994,-0.6488404647692101,12.062509350890958,0.9989231872691762,0.41519823788546256,0.41519823788546256,1.9954683599261913,0.008780060783675228,151,0.09800323791271204,0.03794339388484569,0.0029,0.0015,2002-12-31,e85ac74d630dff95,French F-F_Research_Data_Factors CRSP 202607 sha256 b840dba55d319f48,"{""comision_por_lado"": 0.0029, ""cortes"": [""2002-12-31""], ""efectivo_en_mxn"": false, ""exposicion_inicial"": 0.0, ""exposicion_max"": 1.0, ""exposicion_min"": 0.0, ""extras"": [], ""fx"": false, ""max_dias_fx"": 10, ""min_historia"": 10, ""periodos_por_anio"": 12, ""permitir_capturas"": false, ""rebalanceo_con_deriva"": true, ""segmentos"": [""dentro_muestra"", ""fuera_muestra""], ""senal"": ""calendario_nov_mar"", ""spread_por_lado"": 0.0015, ""usuario"": {""escenario_costos"": ""medio"", ""familia"": ""US"", ""meses"": [1, 2, 3, 11, 12], ""tipo"": ""calendario""}, ""variante"": ""US_nov_mar""}",sensibilidad: spread medio 0.15% por lado
2026-09-25T05:49:05.214264Z,R04,a05399ec58,US_nov_mar,0,fuera_muestra,2002-12-31,2026-07-31,283,12,USD,1.886606807852465,0.04598047699693719,0.09466759116333327,0.3471590937199789,0.5174468258236617,-0.33586216485619824,0.1369028185018222,0.10021619810542817,-0.35160225524685257,8.43594959680488,0.9494257724568056,0.4169611307420495,0.4169611307420495,1.9931208638105191,0.008769731800766276,47,0.11834817299653566,0.01677495754826608,0.0029,0.0015,2002-12-31,e85ac74d630dff95,French F-F_Research_Data_Factors CRSP 202607 sha256 b840dba55d319f48,"{""comision_por_lado"": 0.0029, ""cortes"": [""2002-12-31""], ""efectivo_en_mxn"": false, ""exposicion_inicial"": 0.0, ""exposicion_max"": 1.0, ""exposicion_min"": 0.0, ""extras"": [], ""fx"": false, ""max_dias_fx"": 10, ""min_historia"": 10, ""periodos_por_anio"": 12, ""permitir_capturas"": false, ""rebalanceo_con_deriva"": true, ""segmentos"": [""dentro_muestra"", ""fuera_muestra""], ""senal"": ""calendario_nov_mar"", ""spread_por_lado"": 0.0015, ""usuario"": {""escenario_costos"": ""medio"", ""familia"": ""US"", ""meses"": [1, 2, 3, 11, 12], ""tipo"": ""calendario""}, ""variante"": ""US_nov_mar""}",sensibilidad: spread medio 0.15% por lado
2026-09-25T05:49:05.233344Z,R04,01a9e2e60d,US_ref_comprar_mantener,0,completo,1927-04-30,2026-07-31,1191,12,USD,16447.27518217136,0.10275415700055102,0.18400801045190648,0.44847836371162136,0.6772872384779974,-0.8365224657023862,0.12283490427752407,0.12946455200731374,0.15595636252502473,10.308847286313839,0.9999951695164528,1.0,1.0,0.01007530619000331,4.433134723601456e-05,1,0.10280315253340455,0.03287447481675665,0.0029,0.0015,2002-12-31,e85ac74d630dff95,French F-F_Research_Data_Factors CRSP 202607 sha256 b840dba55d319f48,"{""comision_por_lado"": 0.0029, ""cortes"": [""2002-12-31""], ""efectivo_en_mxn"": false, ""exposicion_inicial"": 0.0, ""exposicion_max"": 1.0, ""exposicion_min"": 0.0, ""extras"": [], ""fx"": false, ""max_dias_fx"": 10, ""min_historia"": 10, ""periodos_por_anio"": 12, ""permitir_capturas"": false, ""rebalanceo_con_deriva"": true, ""segmentos"": [""dentro_muestra"", ""fuera_muestra""], ""senal"": ""senal_comprar_y_mantener"", ""spread_por_lado"": 0.0015, ""usuario"": {""escenario_costos"": ""medio"", ""familia"": ""US"", ""tipo"": ""referencia""}, ""variante"": ""US_ref_comprar_mantener""}",referencia; sensibilidad: spread medio 0.15% por lado
2026-09-25T05:49:05.233344Z,R04,01a9e2e60d,US_ref_comprar_mantener,0,dentro_muestra,1927-04-30,2002-12-31,908,12,USD,1175.5762320214017,0.0979392543017581,0.1935782768672713,0.3873288190062621,0.5839345925807753,-0.8365224657023862,0.11707904846228294,0.11181219895908263,0.261335363691067,10.588567917539576,0.9996188404746706,1.0,1.0,0.01321502225116683,5.814609790513404e-05,1,0.09800323791271204,0.03794339388484569,0.0029,0.0015,2002-12-31,e85ac74d630dff95,French F-F_Research_Data_Factors CRSP 202607 sha256 b840dba55d319f48,"{""comision_por_lado"": 0.0029, ""cortes"": [""2002-12-31""], ""efectivo_en_mxn"": false, ""exposicion_inicial"": 0.0, ""exposicion_max"": 1.0, ""exposicion_min"": 0.0, ""extras"": [], ""fx"": false, ""max_dias_fx"": 10, ""min_historia"": 10, ""periodos_por_anio"": 12, ""permitir_capturas"": false, ""rebalanceo_con_deriva"": true, ""segmentos"": [""dentro_muestra"", ""fuera_muestra""], ""senal"": ""senal_comprar_y_mantener"", ""spread_por_lado"": 0.0015, ""usuario"": {""escenario_costos"": ""medio"", ""familia"": ""US"", ""tipo"": ""referencia""}, ""variante"": ""US_ref_comprar_mantener""}",referencia; sensibilidad: spread medio 0.15% por lado
2026-09-25T05:49:05.233344Z,R04,01a9e2e60d,US_ref_comprar_mantener,0,fuera_muestra,2002-12-31,2026-07-31,283,12,USD,12.979778559620067,0.11834817299653566,0.1494946437322211,0.7148774051681889,1.0904613708573518,-0.5031170717166413,0.23522988912447418,0.2063673311557175,-0.5043807300674077,4.341255886389995,0.9994152515983912,1.0,1.0,0.0,0.0,0,0.11834817299653566,0.01677495754826608,0.0029,0.0015,2002-12-31,e85ac74d630dff95,French F-F_Research_Data_Factors CRSP 202607 sha256 b840dba55d319f48,"{""comision_por_lado"": 0.0029, ""cortes"": [""2002-12-31""], ""efectivo_en_mxn"": false, ""exposicion_inicial"": 0.0, ""exposicion_max"": 1.0, ""exposicion_min"": 0.0, ""extras"": [], ""fx"": false, ""max_dias_fx"": 10, ""min_historia"": 10, ""periodos_por_anio"": 12, ""permitir_capturas"": false, ""rebalanceo_con_deriva"": true, ""segmentos"": [""dentro_muestra"", ""fuera_muestra""], ""senal"": ""senal_comprar_y_mantener"", ""spread_por_lado"": 0.0015, ""usuario"": {""escenario_costos"": ""medio"", ""familia"": ""US"", ""tipo"": ""referencia""}, ""variante"": ""US_ref_comprar_mantener""}",referencia; sensibilidad: spread medio 0.15% por lado
2026-09-25T05:49:05.243516Z,R04,4c219ac0d9,US_ref_efectivo,0,completo,1927-04-30,2026-07-31,1191,12,USD,23.788765072417313,0.03287447481675665,0.00863289616871206,0.0,0.0,-0.0008998599580104516,36.53287883754777,,0.0,3.0,,0.0,0.0,0.0,0.0,0,0.10280315253340455,0.03287447481675665,0.0029,0.0015,2002-12-31,e85ac74d630dff95,French F-F_Research_Data_Factors CRSP 202607 sha256 b840dba55d319f48,"{""comision_por_lado"": 0.0029, ""cortes"": [""2002-12-31""], ""efectivo_en_mxn"": false, ""exposicion_inicial"": 0.0, ""exposicion_max"": 1.0, ""exposicion_min"": 0.0, ""extras"": [], ""fx"": false, ""max_dias_fx"": 10, ""min_historia"": 10, ""periodos_por_anio"": 12, ""permitir_capturas"": false, ""rebalanceo_con_deriva"": true, ""segmentos"": [""dentro_muestra"", ""fuera_muestra""], ""senal"": ""senal_efectivo"", ""spread_por_lado"": 0.0015, ""usuario"": {""escenario_costos"": ""medio"", ""familia"": ""US"", ""tipo"": ""referencia""}, ""variante"": ""US_ref_efectivo""}",referencia; sensibilidad: spread medio 0.15% por lado
2026-09-25T05:49:05.243516Z,R04,4c219ac0d9,US_ref_efectivo,0,dentro_muestra,1927-04-30,2002-12-31,908,12,USD,15.744998863388759,0.03794339388484569,0.00896452686505721,0.0,0.0,-0.0008998599580104516,42.16588764404715,,0.0,3.0,,0.0,0.0,0.0,0.0,0,0.09800323791271204,0.03794339388484569,0.0029,0.0015,2002-12-31,e85ac74d630dff95,French F-F_Research_Data_Factors CRSP 202607 sha256 b840dba55d319f48,"{""comision_por_lado"": 0.0029, ""cortes"": [""2002-12-31""], ""efectivo_en_mxn"": false, ""exposicion_inicial"": 0.0, ""exposicion_max"": 1.0, ""exposicion_min"": 0.0, ""extras"": [], ""fx"": false, ""max_dias_fx"": 10, ""min_historia"": 10, ""periodos_por_anio"": 12, ""permitir_capturas"": false, ""rebalanceo_con_deriva"": true, ""segmentos"": [""dentro_muestra"", ""fuera_muestra""], ""senal"": ""senal_efectivo"", ""spread_por_lado"": 0.0015, ""usuario"": {""escenario_costos"": ""medio"", ""familia"": ""US"", ""tipo"": ""referencia""}, ""variante"": ""US_ref_efectivo""}",referencia; sensibilidad: spread medio 0.15% por lado
2026-09-25T05:49:05.243516Z,R04,4c219ac0d9,US_ref_efectivo,0,fuera_muestra,2002-12-31,2026-07-31,283,12,USD,0.48036827441149765,0.01677495754826608,0.005362007878265376,0.0,0.0,0.0,inf,,0.0,3.0,,0.0,0.0,0.0,0.0,0,0.11834817299653566,0.01677495754826608,0.0029,0.0015,2002-12-31,e85ac74d630dff95,French F-F_Research_Data_Factors CRSP 202607 sha256 b840dba55d319f48,"{""comision_por_lado"": 0.0029, ""cortes"": [""2002-12-31""], ""efectivo_en_mxn"": false, ""exposicion_inicial"": 0.0, ""exposicion_max"": 1.0, ""exposicion_min"": 0.0, ""extras"": [], ""fx"": false, ""max_dias_fx"": 10, ""min_historia"": 10, ""periodos_por_anio"": 12, ""permitir_capturas"": false, ""rebalanceo_con_deriva"": true, ""segmentos"": [""dentro_muestra"", ""fuera_muestra""], ""senal"": ""senal_efectivo"", ""spread_por_lado"": 0.0015, ""usuario"": {""escenario_costos"": ""medio"", ""familia"": ""US"", ""tipo"": ""referencia""}, ""variante"": ""US_ref_efectivo""}",referencia; sensibilidad: spread medio 0.15% por lado
2026-09-25T05:49:05.258461Z,R04,87876221de,US_ref_sma10,0,completo,1927-04-30,2026-07-31,1191,12,USD,5567.020054964776,0.09078481233586988,0.1253284810854673,0.4995014857183155,0.7396372735037472,-0.436680795208474,0.20789742377502238,0.14419365862004374,-0.6726564256527169,8.610743314749424,0.9999984627995233,0.7304785894206549,0.7304785894206549,1.4810700099304865,0.006516708043694133,147,0.10280315253340455,0.03287447481675665,0.0029,0.0015,2002-12-31,e85ac74d630dff95,French F-F_Research_Data_Factors CRSP 202607 sha256 b840dba55d319f48,"{""comision_por_lado"": 0.0029, ""cortes"": [""2002-12-31""], ""efectivo_en_mxn"": false, ""exposicion_inicial"": 0.0, ""exposicion_max"": 1.0, ""exposicion_min"": 0.0, ""extras"": [], ""fx"": false, ""max_dias_fx"": 10, ""min_historia"": 10, ""periodos_por_anio"": 12, ""permitir_capturas"": false, ""rebalanceo_con_deriva"": true, ""segmentos"": [""dentro_muestra"", ""fuera_muestra""], ""senal"": ""media_movil_10"", ""spread_por_lado"": 0.0015, ""usuario"": {""escenario_costos"": ""medio"", ""familia"": ""US"", ""tipo"": ""referencia"", ""ventana"": 10}, ""variante"": ""US_ref_sma10""}",referencia; sensibilidad: spread medio 0.15% por lado
2026-09-25T05:49:05.258461Z,R04,87876221de,US_ref_sma10,0,dentro_muestra,1927-04-30,2002-12-31,908,12,USD,650.0797941497018,0.0893871264147692,0.13133543660998373,0.4358009856696093,0.6365632297185821,-0.436680795208474,0.20469671988230043,0.1258049081947266,-0.7123528019384666,8.827252478790182,0.9998276345168098,0.7092511013215859,0.7092511013215859,1.5065125366330185,0.006628655161185288,114,0.09800323791271204,0.03794339388484569,0.0029,0.0015,2002-12-31,e85ac74d630dff95,French F-F_Research_Data_Factors CRSP 202607 sha256 b840dba55d319f48,"{""comision_por_lado"": 0.0029, ""cortes"": [""2002-12-31""], ""efectivo_en_mxn"": false, ""exposicion_inicial"": 0.0, ""exposicion_max"": 1.0, ""exposicion_min"": 0.0, ""extras"": [], ""fx"": false, ""max_dias_fx"": 10, ""min_historia"": 10, ""periodos_por_anio"": 12, ""permitir_capturas"": false, ""rebalanceo_con_deriva"": true, ""segmentos"": [""dentro_muestra"", ""fuera_muestra""], ""senal"": ""media_movil_10"", ""spread_por_lado"": 0.0015, ""usuario"": {""escenario_costos"": ""medio"", ""familia"": ""US"", ""tipo"": ""referencia"", ""ventana"": 10}, ""variante"": ""US_ref_sma10""}",referencia; sensibilidad: spread medio 0.15% por lado
2026-09-25T05:49:05.258461Z,R04,87876221de,US_ref_sma10,0,fuera_muestra,2002-12-31,2026-07-31,283,12,USD,7.551977967979353,0.09528208914428826,0.10394158058491909,0.7682364421995665,1.228503398733232,-0.1979216384349265,0.48141319917183034,0.22177075835260007,-0.27365218756966103,4.322160524702824,0.9998061920147645,0.7985865724381626,0.7985865724381626,1.399425287356322,0.006157471264367815,33,0.11834817299653566,0.01677495754826608,0.0029,0.0015,2002-12-31,e85ac74d630dff95,French F-F_Research_Data_Factors CRSP 202607 sha256 b840dba55d319f48,"{""comision_por_lado"": 0.0029, ""cortes"": [""2002-12-31""], ""efectivo_en_mxn"": false, ""exposicion_inicial"": 0.0, ""exposicion_max"": 1.0, ""exposicion_min"": 0.0, ""extras"": [], ""fx"": false, ""max_dias_fx"": 10, ""min_historia"": 10, ""periodos_por_anio"": 12, ""permitir_capturas"": false, ""rebalanceo_con_deriva"": true, ""segmentos"": [""dentro_muestra"", ""fuera_muestra""], ""senal"": ""media_movil_10"", ""spread_por_lado"": 0.0015, ""usuario"": {""escenario_costos"": ""medio"", ""familia"": ""US"", ""tipo"": ""referencia"", ""ventana"": 10}, ""variante"": ""US_ref_sma10""}",referencia; sensibilidad: spread medio 0.15% por lado
2026-09-25T05:49:05.272382Z,R04,f061704dea,US_ref_verano,0,completo,1927-04-30,2026-07-31,1191,12,USD,45.21913557514616,0.039378166301981654,0.1393380592653465,0.11435106191128032,0.16573694955228482,-0.6986103633377523,0.05636642164001762,0.03301030818829863,0.4063572313491625,20.271998014652564,0.873566409158097,0.5012594458438288,0.5012594458438288,2.004985931810659,0.00882193809996687,199,0.10280315253340455,0.03287447481675665,0.0029,0.0015,2002-12-31,e85ac74d630dff95,French F-F_Research_Data_Factors CRSP 202607 sha256 b840dba55d319f48,"{""comision_por_lado"": 0.0029, ""cortes"": [""2002-12-31""], ""efectivo_en_mxn"": false, ""exposicion_inicial"": 0.0, ""exposicion_max"": 1.0, ""exposicion_min"": 0.0, ""extras"": [], ""fx"": false, ""max_dias_fx"": 10, ""min_historia"": 10, ""periodos_por_anio"": 12, ""permitir_capturas"": false, ""rebalanceo_con_deriva"": true, ""segmentos"": [""dentro_muestra"", ""fuera_muestra""], ""senal"": ""calendario_may_oct"", ""spread_por_lado"": 0.0015, ""usuario"": {""escenario_costos"": ""medio"", ""familia"": ""US"", ""meses"": [5, 6, 7, 8, 9, 10], ""tipo"": ""referencia""}, ""variante"": ""US_ref_verano""}",referencia; sensibilidad: spread medio 0.15% por lado
2026-09-25T05:49:05.272382Z,R04,f061704dea,US_ref_verano,0,dentro_muestra,1927-04-30,2002-12-31,908,12,USD,14.455229677962082,0.03684457265900787,0.14841303142624135,0.06648277610756817,0.09634970989194876,-0.6986103633377523,0.05273980260323576,0.019191924341089052,0.5269221266213534,20.00869199828495,0.7191857666362764,0.5022026431718062,0.5022026431718062,2.008683382177358,0.008838206881580362,152,0.09800323791271204,0.03794339388484569,0.0029,0.0015,2002-12-31,e85ac74d630dff95,French F-F_Research_Data_Factors CRSP 202607 sha256 b840dba55d319f48,"{""comision_por_lado"": 0.0029, ""cortes"": [""2002-12-31""], ""efectivo_en_mxn"": false, ""exposicion_inicial"": 0.0, ""exposicion_max"": 1.0, ""exposicion_min"": 0.0, ""extras"": [], ""fx"": false, ""max_dias_fx"": 10, ""min_historia"": 10, ""periodos_por_anio"": 12, ""permitir_capturas"": false, ""rebalanceo_con_deriva"": true, ""segmentos"": [""dentro_muestra"", ""fuera_muestra""], ""senal"": ""calendario_may_oct"", ""spread_por_lado"": 0.0015, ""usuario"": {""escenario_costos"": ""medio"", ""familia"": ""US"", ""meses"": [5, 6, 7, 8, 9, 10], ""tipo"": ""referencia""}, ""variante"": ""US_ref_verano""}",referencia; sensibilidad: spread medio 0.15% por lado
2026-09-25T05:49:05.272382Z,R04,f061704dea,US_ref_verano,0,fuera_muestra,2002-12-31,2026-07-31,283,12,USD,1.9905175489595601,0.04755031873469573,0.10527844102935177,0.33730168877549155,0.4892999025810501,-0.3256789787155717,0.14600364727937598,0.09737061040632272,-0.6224595410029493,8.706704548611873,0.9422822143533376,0.49823321554770317,0.49823321554770317,1.9931208638105191,0.008769731800766276,47,0.11834817299653566,0.01677495754826608,0.0029,0.0015,2002-12-31,e85ac74d630dff95,French F-F_Research_Data_Factors CRSP 202607 sha256 b840dba55d319f48,"{""comision_por_lado"": 0.0029, ""cortes"": [""2002-12-31""], ""efectivo_en_mxn"": false, ""exposicion_inicial"": 0.0, ""exposicion_max"": 1.0, ""exposicion_min"": 0.0, ""extras"": [], ""fx"": false, ""max_dias_fx"": 10, ""min_historia"": 10, ""periodos_por_anio"": 12, ""permitir_capturas"": false, ""rebalanceo_con_deriva"": true, ""segmentos"": [""dentro_muestra"", ""fuera_muestra""], ""senal"": ""calendario_may_oct"", ""spread_por_lado"": 0.0015, ""usuario"": {""escenario_costos"": ""medio"", ""familia"": ""US"", ""meses"": [5, 6, 7, 8, 9, 10], ""tipo"": ""referencia""}, ""variante"": ""US_ref_verano""}",referencia; sensibilidad: spread medio 0.15% por lado
2026-09-25T05:49:05.278695Z,R04,409bdd36c9,MX_nov_abr,0,completo,1992-09-30,2026-07-31,406,12,MXN,78.8029372102765,0.13820411154071555,0.1573923708311298,0.21781839802788863,0.3118442266164559,-0.46935998578234794,0.29445226633529786,0.06287875536792728,-0.6448639035323477,9.69424462175811,0.8916627236955057,0.5024630541871922,0.5024630541871922,2.0099538722991017,0.008843797038116044,68,0.12287264728498704,0.11393327261297626,0.0029,0.0015,2002-12-31,88e4d9f1c178a318,"Yahoo ^MXX 1mo (precio, sin dividendos) 1991-11-30 a 2026-08-31; CETES FRED INTGSTMXM193N 1986-10-01 a 2026-07-01 (descarga 2026-09-25)","{""comision_por_lado"": 0.0029, ""cortes"": [""2002-12-31""], ""efectivo_en_mxn"": false, ""exposicion_inicial"": 0.0, ""exposicion_max"": 1.0, ""exposicion_min"": 0.0, ""extras"": [], ""fx"": false, ""max_dias_fx"": 10, ""min_historia"": 10, ""periodos_por_anio"": 12, ""permitir_capturas"": false, ""rebalanceo_con_deriva"": true, ""segmentos"": [""dentro_muestra"", ""fuera_muestra""], ""senal"": ""calendario_nov_abr"", ""spread_por_lado"": 0.0015, ""usuario"": {""escenario_costos"": ""medio"", ""familia"": ""MX"", ""meses"": [1, 2, 3, 4, 11, 12], ""tipo"": ""calendario""}, ""variante"": ""MX_nov_abr""}",sensibilidad: spread medio 0.15% por lado
2026-09-25T05:49:05.278695Z,R04,409bdd36c9,MX_nov_abr,0,dentro_muestra,1992-09-30,2002-12-31,123,12,MXN,7.4732104187113375,0.23179016762645221,0.21876905434833735,0.10897820268430565,0.15008716289111987,-0.46935998578234794,0.4938430514908405,0.031459297327792735,-0.6926566388387959,7.0523763253226015,0.6343897979257278,0.5040650406504065,0.5040650406504065,2.0486778846153846,0.009014182692307695,21,0.16094447081691632,0.231600039807218,0.0029,0.0015,2002-12-31,88e4d9f1c178a318,"Yahoo ^MXX 1mo (precio, sin dividendos) 1991-11-30 a 2026-08-31; CETES FRED INTGSTMXM193N 1986-10-01 a 2026-07-01 (descarga 2026-09-25)","{""comision_por_lado"": 0.0029, ""cortes"": [""2002-12-31""], ""efectivo_en_mxn"": false, ""exposicion_inicial"": 0.0, ""exposicion_max"": 1.0, ""exposicion_min"": 0.0, ""extras"": [], ""fx"": false, ""max_dias_fx"": 10, ""min_historia"": 10, ""periodos_por_anio"": 12, ""permitir_capturas"": false, ""rebalanceo_con_deriva"": true, ""segmentos"": [""dentro_muestra"", ""fuera_muestra""], ""senal"": ""calendario_nov_abr"", ""spread_por_lado"": 0.0015, ""usuario"": {""escenario_costos"": ""medio"", ""familia"": ""MX"", ""meses"": [1, 2, 3, 4, 11, 12], ""tipo"": ""calendario""}, ""variante"": ""MX_nov_abr""}",sensibilidad: spread medio 0.15% por lado
2026-09-25T05:49:05.278695Z,R04,409bdd36c9,MX_nov_abr,0,fuera_muestra,2002-12-31,2026-07-31,283,12,MXN,8.418264538084431,0.0997729022006777,0.1201369970129209,0.31883728037751885,0.48720149400594415,-0.2165981341915193,0.46063601874084936,0.09204039482682436,-0.18952747963174177,6.948512839124188,0.9361099410927122,0.5017667844522968,0.5017667844522968,1.9931208638105191,0.008769731800766276,47,0.10671489637168041,0.06635557576522633,0.0029,0.0015,2002-12-31,88e4d9f1c178a318,"Yahoo ^MXX 1mo (precio, sin dividendos) 1991-11-30 a 2026-08-31; CETES FRED INTGSTMXM193N 1986-10-01 a 2026-07-01 (descarga 2026-09-25)","{""comision_por_lado"": 0.0029, ""cortes"": [""2002-12-31""], ""efectivo_en_mxn"": false, ""exposicion_inicial"": 0.0, ""exposicion_max"": 1.0, ""exposicion_min"": 0.0, ""extras"": [], ""fx"": false, ""max_dias_fx"": 10, ""min_historia"": 10, ""periodos_por_anio"": 12, ""permitir_capturas"": false, ""rebalanceo_con_deriva"": true, ""segmentos"": [""dentro_muestra"", ""fuera_muestra""], ""senal"": ""calendario_nov_abr"", ""spread_por_lado"": 0.0015, ""usuario"": {""escenario_costos"": ""medio"", ""familia"": ""MX"", ""meses"": [1, 2, 3, 4, 11, 12], ""tipo"": ""calendario""}, ""variante"": ""MX_nov_abr""}",sensibilidad: spread medio 0.15% por lado
2026-09-25T05:49:05.285136Z,R04,f45bf828b2,MX_oct_abr,0,completo,1992-09-30,2026-07-31,406,12,MXN,83.55199366151531,0.14015056449248142,0.17375073307397917,0.222673559614058,0.31835065196219364,-0.5125559014074161,0.27343469094326106,0.06428031979229429,-0.557366457008045,7.964997497362268,0.8973608529388291,0.5862068965517241,0.5862068965517241,2.0099538722991017,0.008843797038116044,68,0.12287264728498704,0.11393327261297626,0.0029,0.0015,2002-12-31,88e4d9f1c178a318,"Yahoo ^MXX 1mo (precio, sin dividendos) 1991-11-30 a 2026-08-31; CETES FRED INTGSTMXM193N 1986-10-01 a 2026-07-01 (descarga 2026-09-25)","{""comision_por_lado"": 0.0029, ""cortes"": [""2002-12-31""], ""efectivo_en_mxn"": false, ""exposicion_inicial"": 0.0, ""exposicion_max"": 1.0, ""exposicion_min"": 0.0, ""extras"": [], ""fx"": false, ""max_dias_fx"": 10, ""min_historia"": 10, ""periodos_por_anio"": 12, ""permitir_capturas"": false, ""rebalanceo_con_deriva"": true, ""segmentos"": [""dentro_muestra"", ""fuera_muestra""], ""senal"": ""calendario_oct_abr"", ""spread_por_lado"": 0.0015, ""usuario"": {""escenario_costos"": ""medio"", ""familia"": ""MX"", ""meses"": [1, 2, 3, 4, 10, 11, 12], ""tipo"": ""calendario""}, ""variante"": ""MX_oct_abr""}",sensibilidad: spread medio 0.15% por lado
2026-09-25T05:49:05.285136Z,R04,f45bf828b2,MX_oct_abr,0,dentro_muestra,1992-09-30,2002-12-31,123,12,MXN,8.635712241990335,0.2473371531637929,0.23857571880264777,0.17210978520728754,0.24359155051849393,-0.5125559014074161,0.48255644405738995,0.04968381540979807,-0.48258653298100496,5.653917876300591,0.7059370388792785,0.5934959349593496,0.5934959349593496,2.0486778846153846,0.009014182692307695,21,0.16094447081691632,0.231600039807218,0.0029,0.0015,2002-12-31,88e4d9f1c178a318,"Yahoo ^MXX 1mo (precio, sin dividendos) 1991-11-30 a 2026-08-31; CETES FRED INTGSTMXM193N 1986-10-01 a 2026-07-01 (descarga 2026-09-25)","{""comision_por_lado"": 0.0029, ""cortes"": [""2002-12-31""], ""efectivo_en_mxn"": false, ""exposicion_inicial"": 0.0, ""exposicion_max"": 1.0, ""exposicion_min"": 0.0, ""extras"": [], ""fx"": false, ""max_dias_fx"": 10, ""min_historia"": 10, ""periodos_por_anio"": 12, ""permitir_capturas"": false, ""rebalanceo_con_deriva"": true, ""segmentos"": [""dentro_muestra"", ""fuera_muestra""], ""senal"": ""calendario_oct_abr"", ""spread_por_lado"": 0.0015, ""usuario"": {""escenario_costos"": ""medio"", ""familia"": ""MX"", ""meses"": [1, 2, 3, 4, 10, 11, 12], ""tipo"": ""calendario""}, ""variante"": ""MX_oct_abr""}",sensibilidad: spread medio 0.15% por lado
2026-09-25T05:49:05.285136Z,R04,f45bf828b2,MX_oct_abr,0,fuera_muestra,2002-12-31,2026-07-31,283,12,MXN,7.774856651805788,0.0964777333262794,0.13477398296464863,0.275578538612833,0.401227635193942,-0.2964366364385642,0.32545819735838954,0.07955267172550141,-0.5469706921152053,7.185315980864708,0.9034867062864391,0.5830388692579506,0.5830388692579506,1.9931208638105191,0.008769731800766276,47,0.10671489637168041,0.06635557576522633,0.0029,0.0015,2002-12-31,88e4d9f1c178a318,"Yahoo ^MXX 1mo (precio, sin dividendos) 1991-11-30 a 2026-08-31; CETES FRED INTGSTMXM193N 1986-10-01 a 2026-07-01 (descarga 2026-09-25)","{""comision_por_lado"": 0.0029, ""cortes"": [""2002-12-31""], ""efectivo_en_mxn"": false, ""exposicion_inicial"": 0.0, ""exposicion_max"": 1.0, ""exposicion_min"": 0.0, ""extras"": [], ""fx"": false, ""max_dias_fx"": 10, ""min_historia"": 10, ""periodos_por_anio"": 12, ""permitir_capturas"": false, ""rebalanceo_con_deriva"": true, ""segmentos"": [""dentro_muestra"", ""fuera_muestra""], ""senal"": ""calendario_oct_abr"", ""spread_por_lado"": 0.0015, ""usuario"": {""escenario_costos"": ""medio"", ""familia"": ""MX"", ""meses"": [1, 2, 3, 4, 10, 11, 12], ""tipo"": ""calendario""}, ""variante"": ""MX_oct_abr""}",sensibilidad: spread medio 0.15% por lado
2026-09-25T05:49:05.291805Z,R04,05bd07f1a1,MX_nov_may,0,completo,1992-09-30,2026-07-31,406,12,MXN,53.73920922486113,0.12559169482578936,0.1668452800127417,0.14552478293330756,0.20503737388609228,-0.43519847241615583,0.2885848705500351,0.04200938630015349,-0.5740807117375648,7.9276055757369726,0.7979060168720297,0.5862068965517241,0.5862068965517241,2.0099538722991017,0.008843797038116044,68,0.12287264728498704,0.11393327261297626,0.0029,0.0015,2002-12-31,88e4d9f1c178a318,"Yahoo ^MXX 1mo (precio, sin dividendos) 1991-11-30 a 2026-08-31; CETES FRED INTGSTMXM193N 1986-10-01 a 2026-07-01 (descarga 2026-09-25)","{""comision_por_lado"": 0.0029, ""cortes"": [""2002-12-31""], ""efectivo_en_mxn"": false, ""exposicion_inicial"": 0.0, ""exposicion_max"": 1.0, ""exposicion_min"": 0.0, ""extras"": [], ""fx"": false, ""max_dias_fx"": 10, ""min_historia"": 10, ""periodos_por_anio"": 12, ""permitir_capturas"": false, ""rebalanceo_con_deriva"": true, ""segmentos"": [""dentro_muestra"", ""fuera_muestra""], ""senal"": ""calendario_nov_may"", ""spread_por_lado"": 0.0015, ""usuario"": {""escenario_costos"": ""medio"", ""familia"": ""MX"", ""meses"": [1, 2, 3, 4, 5, 11, 12], ""tipo"": ""calendario""}, ""variante"": ""MX_nov_may""}",sensibilidad: spread medio 0.15% por lado
2026-09-25T05:49:05.291805Z,R04,05bd07f1a1,MX_nov_may,0,dentro_muestra,1992-09-30,2002-12-31,123,12,MXN,5.482107182077249,0.20001827300623098,0.23022469809729015,-0.0020634814967114127,-0.0027870911016621637,-0.43519847241615583,0.45960242437378035,-0.000595675798797073,-0.5954115372149055,5.838193593892068,0.49737473143050664,0.5853658536585366,0.5853658536585366,2.0486778846153846,0.009014182692307695,21,0.16094447081691632,0.231600039807218,0.0029,0.0015,2002-12-31,88e4d9f1c178a318,"Yahoo ^MXX 1mo (precio, sin dividendos) 1991-11-30 a 2026-08-31; CETES FRED INTGSTMXM193N 1986-10-01 a 2026-07-01 (descarga 2026-09-25)","{""comision_por_lado"": 0.0029, ""cortes"": [""2002-12-31""], ""efectivo_en_mxn"": false, ""exposicion_inicial"": 0.0, ""exposicion_max"": 1.0, ""exposicion_min"": 0.0, ""extras"": [], ""fx"": false, ""max_dias_fx"": 10, ""min_historia"": 10, ""periodos_por_anio"": 12, ""permitir_capturas"": false, ""rebalanceo_con_deriva"": true, ""segmentos"": [""dentro_muestra"", ""fuera_muestra""], ""senal"": ""calendario_nov_may"", ""spread_por_lado"": 0.0015, ""usuario"": {""escenario_costos"": ""medio"", ""familia"": ""MX"", ""meses"": [1, 2, 3, 4, 5, 11, 12], ""tipo"": ""calendario""}, ""variante"": ""MX_nov_may""}",sensibilidad: spread medio 0.15% por lado
2026-09-25T05:49:05.291805Z,R04,05bd07f1a1,MX_nov_may,0,fuera_muestra,2002-12-31,2026-07-31,283,12,MXN,7.4446627751254635,0.09469570885188805,0.12936542763506187,0.26853038462776496,0.40472462084341165,-0.27914413068116617,0.33923589444926544,0.07751804492521693,-0.16379805619897922,5.802148386158223,0.901297462311813,0.5865724381625441,0.5865724381625441,1.9931208638105191,0.008769731800766276,47,0.10671489637168041,0.06635557576522633,0.0029,0.0015,2002-12-31,88e4d9f1c178a318,"Yahoo ^MXX 1mo (precio, sin dividendos) 1991-11-30 a 2026-08-31; CETES FRED INTGSTMXM193N 1986-10-01 a 2026-07-01 (descarga 2026-09-25)","{""comision_por_lado"": 0.0029, ""cortes"": [""2002-12-31""], ""efectivo_en_mxn"": false, ""exposicion_inicial"": 0.0, ""exposicion_max"": 1.0, ""exposicion_min"": 0.0, ""extras"": [], ""fx"": false, ""max_dias_fx"": 10, ""min_historia"": 10, ""periodos_por_anio"": 12, ""permitir_capturas"": false, ""rebalanceo_con_deriva"": true, ""segmentos"": [""dentro_muestra"", ""fuera_muestra""], ""senal"": ""calendario_nov_may"", ""spread_por_lado"": 0.0015, ""usuario"": {""escenario_costos"": ""medio"", ""familia"": ""MX"", ""meses"": [1, 2, 3, 4, 5, 11, 12], ""tipo"": ""calendario""}, ""variante"": ""MX_nov_may""}",sensibilidad: spread medio 0.15% por lado
2026-09-25T05:49:05.298301Z,R04,5ddc4b5d1b,MX_dic_abr,0,completo,1992-09-30,2026-07-31,406,12,MXN,47.35489286221468,0.12147329036493737,0.14384866822508013,0.11875089189705938,0.16504628544528016,-0.471403338886889,0.25768440811592197,0.034280429701637694,-0.851681871326611,12.573188356289519,0.751400737086664,0.4187192118226601,0.4187192118226601,2.0099538722991017,0.008843797038116044,68,0.12287264728498704,0.11393327261297626,0.0029,0.0015,2002-12-31,88e4d9f1c178a318,"Yahoo ^MXX 1mo (precio, sin dividendos) 1991-11-30 a 2026-08-31; CETES FRED INTGSTMXM193N 1986-10-01 a 2026-07-01 (descarga 2026-09-25)","{""comision_por_lado"": 0.0029, ""cortes"": [""2002-12-31""], ""efectivo_en_mxn"": false, ""exposicion_inicial"": 0.0, ""exposicion_max"": 1.0, ""exposicion_min"": 0.0, ""extras"": [], ""fx"": false, ""max_dias_fx"": 10, ""min_historia"": 10, ""periodos_por_anio"": 12, ""permitir_capturas"": false, ""rebalanceo_con_deriva"": true, ""segmentos"": [""dentro_muestra"", ""fuera_muestra""], ""senal"": ""calendario_dic_abr"", ""spread_por_lado"": 0.0015, ""usuario"": {""escenario_costos"": ""medio"", ""familia"": ""MX"", ""meses"": [1, 2, 3, 4, 12], ""tipo"": ""calendario""}, ""variante"": ""MX_dic_abr""}",sensibilidad: spread medio 0.15% por lado
2026-09-25T05:49:05.298301Z,R04,5ddc4b5d1b,MX_dic_abr,0,dentro_muestra,1992-09-30,2002-12-31,123,12,MXN,5.724324941984199,0.20432075251560855,0.2018000861570241,-0.014591734003106366,-0.019657352686339932,-0.471403338886889,0.4334308556194472,-0.0042122707773184385,-0.7955956884392704,8.903867746967949,0.48141466555157664,0.4146341463414634,0.4146341463414634,2.0486778846153846,0.009014182692307695,21,0.16094447081691632,0.231600039807218,0.0029,0.0015,2002-12-31,88e4d9f1c178a318,"Yahoo ^MXX 1mo (precio, sin dividendos) 1991-11-30 a 2026-08-31; CETES FRED INTGSTMXM193N 1986-10-01 a 2026-07-01 (descarga 2026-09-25)","{""comision_por_lado"": 0.0029, ""cortes"": [""2002-12-31""], ""efectivo_en_mxn"": false, ""exposicion_inicial"": 0.0, ""exposicion_max"": 1.0, ""exposicion_min"": 0.0, ""extras"": [], ""fx"": false, ""max_dias_fx"": 10, ""min_historia"": 10, ""periodos_por_anio"": 12, ""permitir_capturas"": false, ""rebalanceo_con_deriva"": true, ""segmentos"": [""dentro_muestra"", ""fuera_muestra""], ""senal"": ""calendario_dic_abr"", ""spread_por_lado"": 0.0015, ""usuario"": {""escenario_costos"": ""medio"", ""familia"": ""MX"", ""meses"": [1, 2, 3, 4, 12], ""tipo"": ""calendario""}, ""variante"": ""MX_dic_abr""}",sensibilidad: spread medio 0.15% por lado
2026-09-25T05:49:05.298301Z,R04,5ddc4b5d1b,MX_dic_abr,0,fuera_muestra,2002-12-31,2026-07-31,283,12,MXN,6.191040480555102,0.08726102136879588,0.10838287111772771,0.2348562749670768,0.34452219430046255,-0.21659813419151908,0.40287060502394945,0.06779716678655728,-0.45300044177579785,8.952284977192786,0.8678915025516594,0.4204946996466431,0.4204946996466431,1.9931208638105191,0.008769731800766276,47,0.10671489637168041,0.06635557576522633,0.0029,0.0015,2002-12-31,88e4d9f1c178a318,"Yahoo ^MXX 1mo (precio, sin dividendos) 1991-11-30 a 2026-08-31; CETES FRED INTGSTMXM193N 1986-10-01 a 2026-07-01 (descarga 2026-09-25)","{""comision_por_lado"": 0.0029, ""cortes"": [""2002-12-31""], ""efectivo_en_mxn"": false, ""exposicion_inicial"": 0.0, ""exposicion_max"": 1.0, ""exposicion_min"": 0.0, ""extras"": [], ""fx"": false, ""max_dias_fx"": 10, ""min_historia"": 10, ""periodos_por_anio"": 12, ""permitir_capturas"": false, ""rebalanceo_con_deriva"": true, ""segmentos"": [""dentro_muestra"", ""fuera_muestra""], ""senal"": ""calendario_dic_abr"", ""spread_por_lado"": 0.0015, ""usuario"": {""escenario_costos"": ""medio"", ""familia"": ""MX"", ""meses"": [1, 2, 3, 4, 12], ""tipo"": ""calendario""}, ""variante"": ""MX_dic_abr""}",sensibilidad: spread medio 0.15% por lado
2026-09-25T05:49:05.304339Z,R04,b364a44651,MX_nov_mar,0,completo,1992-09-30,2026-07-31,406,12,MXN,79.04829308607364,0.13830739430384287,0.14900041588013094,0.22221958151464744,0.31845389962004667,-0.43546727696180143,0.3176068596216817,0.06414926760334384,-0.7253796544820731,11.575922018881364,0.8953409608118785,0.4187192118226601,0.4187192118226601,2.0099538722991017,0.008843797038116044,68,0.12287264728498704,0.11393327261297626,0.0029,0.0015,2002-12-31,88e4d9f1c178a318,"Yahoo ^MXX 1mo (precio, sin dividendos) 1991-11-30 a 2026-08-31; CETES FRED INTGSTMXM193N 1986-10-01 a 2026-07-01 (descarga 2026-09-25)","{""comision_por_lado"": 0.0029, ""cortes"": [""2002-12-31""], ""efectivo_en_mxn"": false, ""exposicion_inicial"": 0.0, ""exposicion_max"": 1.0, ""exposicion_min"": 0.0, ""extras"": [], ""fx"": false, ""max_dias_fx"": 10, ""min_historia"": 10, ""periodos_por_anio"": 12, ""permitir_capturas"": false, ""rebalanceo_con_deriva"": true, ""segmentos"": [""dentro_muestra"", ""fuera_muestra""], ""senal"": ""calendario_nov_mar"", ""spread_por_lado"": 0.0015, ""usuario"": {""escenario_costos"": ""medio"", ""familia"": ""MX"", ""meses"": [1, 2, 3, 11, 12], ""tipo"": ""calendario""}, ""variante"": ""MX_nov_mar""}",sensibilidad: spread medio 0.15% por lado
2026-09-25T05:49:05.304339Z,R04,b364a44651,MX_nov_mar,0,dentro_muestra,1992-09-30,2002-12-31,123,12,MXN,8.74243591956404,0.24867823259581123,0.2102666659653865,0.17084835916959837,0.23880671914506788,-0.43546727696180143,0.5710606646056322,0.04931967307858674,-0.7434950145569236,7.99722095508078,0.703307684702406,0.42276422764227645,0.42276422764227645,2.0486778846153846,0.009014182692307695,21,0.16094447081691632,0.231600039807218,0.0029,0.0015,2002-12-31,88e4d9f1c178a318,"Yahoo ^MXX 1mo (precio, sin dividendos) 1991-11-30 a 2026-08-31; CETES FRED INTGSTMXM193N 1986-10-01 a 2026-07-01 (descarga 2026-09-25)","{""comision_por_lado"": 0.0029, ""cortes"": [""2002-12-31""], ""efectivo_en_mxn"": false, ""exposicion_inicial"": 0.0, ""exposicion_max"": 1.0, ""exposicion_min"": 0.0, ""extras"": [], ""fx"": false, ""max_dias_fx"": 10, ""min_historia"": 10, ""periodos_por_anio"": 12, ""permitir_capturas"": false, ""rebalanceo_con_deriva"": true, ""segmentos"": [""dentro_muestra"", ""fuera_muestra""], ""senal"": ""calendario_nov_mar"", ""spread_por_lado"": 0.0015, ""usuario"": {""escenario_costos"": ""medio"", ""familia"": ""MX"", ""meses"": [1, 2, 3, 11, 12], ""tipo"": ""calendario""}, ""variante"": ""MX_nov_mar""}",sensibilidad: spread medio 0.15% por lado
2026-09-25T05:49:05.304339Z,R04,b364a44651,MX_nov_mar,0,fuera_muestra,2002-12-31,2026-07-31,283,12,MXN,7.216455694137704,0.09342466930319282,0.11037527238828423,0.283939582097567,0.42632221301938605,-0.2263980141069427,0.412656752629739,0.08196629707881008,-0.3210940525292994,8.45684425584348,0.9115672932444887,0.4169611307420495,0.4169611307420495,1.9931208638105191,0.008769731800766276,47,0.10671489637168041,0.06635557576522633,0.0029,0.0015,2002-12-31,88e4d9f1c178a318,"Yahoo ^MXX 1mo (precio, sin dividendos) 1991-11-30 a 2026-08-31; CETES FRED INTGSTMXM193N 1986-10-01 a 2026-07-01 (descarga 2026-09-25)","{""comision_por_lado"": 0.0029, ""cortes"": [""2002-12-31""], ""efectivo_en_mxn"": false, ""exposicion_inicial"": 0.0, ""exposicion_max"": 1.0, ""exposicion_min"": 0.0, ""extras"": [], ""fx"": false, ""max_dias_fx"": 10, ""min_historia"": 10, ""periodos_por_anio"": 12, ""permitir_capturas"": false, ""rebalanceo_con_deriva"": true, ""segmentos"": [""dentro_muestra"", ""fuera_muestra""], ""senal"": ""calendario_nov_mar"", ""spread_por_lado"": 0.0015, ""usuario"": {""escenario_costos"": ""medio"", ""familia"": ""MX"", ""meses"": [1, 2, 3, 11, 12], ""tipo"": ""calendario""}, ""variante"": ""MX_nov_mar""}",sensibilidad: spread medio 0.15% por lado
2026-09-25T05:49:05.310189Z,R04,162bb93fd8,MX_ref_comprar_mantener,0,completo,1992-09-30,2026-07-31,406,12,MXN,49.2166156641297,0.12272629845389149,0.21844974496365951,0.14571543271417278,0.20250850086645886,-0.44914313071728984,0.2732454090033512,0.04206442215130523,-0.5718329864961446,5.517441644897383,0.7983421171571055,1.0,1.0,0.029558145180869144,0.0001300558387958242,1,0.12287264728498704,0.11393327261297626,0.0029,0.0015,2002-12-31,88e4d9f1c178a318,"Yahoo ^MXX 1mo (precio, sin dividendos) 1991-11-30 a 2026-08-31; CETES FRED INTGSTMXM193N 1986-10-01 a 2026-07-01 (descarga 2026-09-25)","{""comision_por_lado"": 0.0029, ""cortes"": [""2002-12-31""], ""efectivo_en_mxn"": false, ""exposicion_inicial"": 0.0, ""exposicion_max"": 1.0, ""exposicion_min"": 0.0, ""extras"": [], ""fx"": false, ""max_dias_fx"": 10, ""min_historia"": 10, ""periodos_por_anio"": 12, ""permitir_capturas"": false, ""rebalanceo_con_deriva"": true, ""segmentos"": [""dentro_muestra"", ""fuera_muestra""], ""senal"": ""senal_comprar_y_mantener"", ""spread_por_lado"": 0.0015, ""usuario"": {""escenario_costos"": ""medio"", ""familia"": ""MX"", ""tipo"": ""referencia""}, ""variante"": ""MX_ref_comprar_mantener""}",referencia; sensibilidad: spread medio 0.15% por lado
2026-09-25T05:49:05.310189Z,R04,162bb93fd8,MX_ref_comprar_mantener,0,dentro_muestra,1992-09-30,2002-12-31,123,12,MXN,3.5965871152579796,0.1604451469782584,0.31253121380606536,-0.038073208279437325,-0.051363879358298406,-0.44914313071728984,0.3572249824282619,-0.010990788524522914,-0.4530681580799878,3.6697968518812694,0.451570015892872,1.0,1.0,0.09755608974358976,0.00042924679487179484,1,0.16094447081691632,0.231600039807218,0.0029,0.0015,2002-12-31,88e4d9f1c178a318,"Yahoo ^MXX 1mo (precio, sin dividendos) 1991-11-30 a 2026-08-31; CETES FRED INTGSTMXM193N 1986-10-01 a 2026-07-01 (descarga 2026-09-25)","{""comision_por_lado"": 0.0029, ""cortes"": [""2002-12-31""], ""efectivo_en_mxn"": false, ""exposicion_inicial"": 0.0, ""exposicion_max"": 1.0, ""exposicion_min"": 0.0, ""extras"": [], ""fx"": false, ""max_dias_fx"": 10, ""min_historia"": 10, ""periodos_por_anio"": 12, ""permitir_capturas"": false, ""rebalanceo_con_deriva"": true, ""segmentos"": [""dentro_muestra"", ""fuera_muestra""], ""senal"": ""senal_comprar_y_mantener"", ""spread_por_lado"": 0.0015, ""usuario"": {""escenario_costos"": ""medio"", ""familia"": ""MX"", ""tipo"": ""referencia""}, ""variante"": ""MX_ref_comprar_mantener""}",referencia; sensibilidad: spread medio 0.15% por lado
2026-09-25T05:49:05.310189Z,R04,162bb93fd8,MX_ref_comprar_mantener,0,fuera_muestra,2002-12-31,2026-07-31,283,12,MXN,9.924761003101635,0.10671489637168041,0.16154910219895394,0.31150622660162613,0.45709033834121593,-0.44481881588798433,0.23990643506985482,0.08992410189134671,-0.35469073773052145,4.214250467653615,0.9308169388851417,1.0,1.0,0.0,0.0,0,0.10671489637168041,0.06635557576522633,0.0029,0.0015,2002-12-31,88e4d9f1c178a318,"Yahoo ^MXX 1mo (precio, sin dividendos) 1991-11-30 a 2026-08-31; CETES FRED INTGSTMXM193N 1986-10-01 a 2026-07-01 (descarga 2026-09-25)","{""comision_por_lado"": 0.0029, ""cortes"": [""2002-12-31""], ""efectivo_en_mxn"": false, ""exposicion_inicial"": 0.0, ""exposicion_max"": 1.0, ""exposicion_min"": 0.0, ""extras"": [], ""fx"": false, ""max_dias_fx"": 10, ""min_historia"": 10, ""periodos_por_anio"": 12, ""permitir_capturas"": false, ""rebalanceo_con_deriva"": true, ""segmentos"": [""dentro_muestra"", ""fuera_muestra""], ""senal"": ""senal_comprar_y_mantener"", ""spread_por_lado"": 0.0015, ""usuario"": {""escenario_costos"": ""medio"", ""familia"": ""MX"", ""tipo"": ""referencia""}, ""variante"": ""MX_ref_comprar_mantener""}",referencia; sensibilidad: spread medio 0.15% por lado
2026-09-25T05:49:05.314829Z,R04,305119a88b,MX_ref_efectivo,0,completo,1992-09-30,2026-07-31,406,12,MXN,37.48769903435884,0.11393327261297626,0.02856669819897409,0.0,0.0,0.0,inf,,0.0,3.0,,0.0,0.0,0.0,0.0,0,0.12287264728498704,0.11393327261297626,0.0029,0.0015,2002-12-31,88e4d9f1c178a318,"Yahoo ^MXX 1mo (precio, sin dividendos) 1991-11-30 a 2026-08-31; CETES FRED INTGSTMXM193N 1986-10-01 a 2026-07-01 (descarga 2026-09-25)","{""comision_por_lado"": 0.0029, ""cortes"": [""2002-12-31""], ""efectivo_en_mxn"": false, ""exposicion_inicial"": 0.0, ""exposicion_max"": 1.0, ""exposicion_min"": 0.0, ""extras"": [], ""fx"": false, ""max_dias_fx"": 10, ""min_historia"": 10, ""periodos_por_anio"": 12, ""permitir_capturas"": false, ""rebalanceo_con_deriva"": true, ""segmentos"": [""dentro_muestra"", ""fuera_muestra""], ""senal"": ""senal_efectivo"", ""spread_por_lado"": 0.0015, ""usuario"": {""escenario_costos"": ""medio"", ""familia"": ""MX"", ""tipo"": ""referencia""}, ""variante"": ""MX_ref_efectivo""}",referencia; sensibilidad: spread medio 0.15% por lado
2026-09-25T05:49:05.314829Z,R04,305119a88b,MX_ref_efectivo,0,dentro_muestra,1992-09-30,2002-12-31,123,12,MXN,7.45981388277044,0.231600039807218,0.0367172167633525,0.0,0.0,0.0,inf,,0.0,3.0,,0.0,0.0,0.0,0.0,0,0.16094447081691632,0.231600039807218,0.0029,0.0015,2002-12-31,88e4d9f1c178a318,"Yahoo ^MXX 1mo (precio, sin dividendos) 1991-11-30 a 2026-08-31; CETES FRED INTGSTMXM193N 1986-10-01 a 2026-07-01 (descarga 2026-09-25)","{""comision_por_lado"": 0.0029, ""cortes"": [""2002-12-31""], ""efectivo_en_mxn"": false, ""exposicion_inicial"": 0.0, ""exposicion_max"": 1.0, ""exposicion_min"": 0.0, ""extras"": [], ""fx"": false, ""max_dias_fx"": 10, ""min_historia"": 10, ""periodos_por_anio"": 12, ""permitir_capturas"": false, ""rebalanceo_con_deriva"": true, ""segmentos"": [""dentro_muestra"", ""fuera_muestra""], ""senal"": ""senal_efectivo"", ""spread_por_lado"": 0.0015, ""usuario"": {""escenario_costos"": ""medio"", ""familia"": ""MX"", ""tipo"": ""referencia""}, ""variante"": ""MX_ref_efectivo""}",referencia; sensibilidad: spread medio 0.15% por lado
2026-09-25T05:49:05.314829Z,R04,305119a88b,MX_ref_efectivo,0,fuera_muestra,2002-12-31,2026-07-31,283,12,MXN,3.5494734952436993,0.06635557576522633,0.006786089323222169,0.0,0.0,0.0,inf,,0.0,3.0,,0.0,0.0,0.0,0.0,0,0.10671489637168041,0.06635557576522633,0.0029,0.0015,2002-12-31,88e4d9f1c178a318,"Yahoo ^MXX 1mo (precio, sin dividendos) 1991-11-30 a 2026-08-31; CETES FRED INTGSTMXM193N 1986-10-01 a 2026-07-01 (descarga 2026-09-25)","{""comision_por_lado"": 0.0029, ""cortes"": [""2002-12-31""], ""efectivo_en_mxn"": false, ""exposicion_inicial"": 0.0, ""exposicion_max"": 1.0, ""exposicion_min"": 0.0, ""extras"": [], ""fx"": false, ""max_dias_fx"": 10, ""min_historia"": 10, ""periodos_por_anio"": 12, ""permitir_capturas"": false, ""rebalanceo_con_deriva"": true, ""segmentos"": [""dentro_muestra"", ""fuera_muestra""], ""senal"": ""senal_efectivo"", ""spread_por_lado"": 0.0015, ""usuario"": {""escenario_costos"": ""medio"", ""familia"": ""MX"", ""tipo"": ""referencia""}, ""variante"": ""MX_ref_efectivo""}",referencia; sensibilidad: spread medio 0.15% por lado
2026-09-25T05:49:05.321327Z,R04,fccdc209e3,MX_ref_sma10,0,completo,1992-09-30,2026-07-31,406,12,MXN,38.30724549962481,0.11462724128906543,0.15801026690166475,0.08066886487749494,0.11536160128001477,-0.3674631804388815,0.31194211390692206,0.02328709542612163,-0.06764809674707767,4.766466558517149,0.6801633873141959,0.6650246305418719,0.6650246305418719,1.9803957271182326,0.008713741199320219,67,0.12287264728498704,0.11393327261297626,0.0029,0.0015,2002-12-31,88e4d9f1c178a318,"Yahoo ^MXX 1mo (precio, sin dividendos) 1991-11-30 a 2026-08-31; CETES FRED INTGSTMXM193N 1986-10-01 a 2026-07-01 (descarga 2026-09-25)","{""comision_por_lado"": 0.0029, ""cortes"": [""2002-12-31""], ""efectivo_en_mxn"": false, ""exposicion_inicial"": 0.0, ""exposicion_max"": 1.0, ""exposicion_min"": 0.0, ""extras"": [], ""fx"": false, ""max_dias_fx"": 10, ""min_historia"": 10, ""periodos_por_anio"": 12, ""permitir_capturas"": false, ""rebalanceo_con_deriva"": true, ""segmentos"": [""dentro_muestra"", ""fuera_muestra""], ""senal"": ""media_movil_10"", ""spread_por_lado"": 0.0015, ""usuario"": {""escenario_costos"": ""medio"", ""familia"": ""MX"", ""tipo"": ""referencia"", ""ventana"": 10}, ""variante"": ""MX_ref_sma10""}",referencia; sensibilidad: spread medio 0.15% por lado
2026-09-25T05:49:05.321327Z,R04,fccdc209e3,MX_ref_sma10,0,dentro_muestra,1992-09-30,2002-12-31,123,12,MXN,3.2965468817892027,0.15282840348426707,0.22851517558534698,-0.1887374085709975,-0.2593714720007462,-0.3674631804388815,0.41590127016735584,-0.054483796822308896,0.09297064421899759,3.041301065073036,0.27431212225744794,0.6829268292682927,0.6829268292682927,1.951121794871795,0.008584935897435898,20,0.16094447081691632,0.231600039807218,0.0029,0.0015,2002-12-31,88e4d9f1c178a318,"Yahoo ^MXX 1mo (precio, sin dividendos) 1991-11-30 a 2026-08-31; CETES FRED INTGSTMXM193N 1986-10-01 a 2026-07-01 (descarga 2026-09-25)","{""comision_por_lado"": 0.0029, ""cortes"": [""2002-12-31""], ""efectivo_en_mxn"": false, ""exposicion_inicial"": 0.0, ""exposicion_max"": 1.0, ""exposicion_min"": 0.0, ""extras"": [], ""fx"": false, ""max_dias_fx"": 10, ""min_historia"": 10, ""periodos_por_anio"": 12, ""permitir_capturas"": false, ""rebalanceo_con_deriva"": true, ""segmentos"": [""dentro_muestra"", ""fuera_muestra""], ""senal"": ""media_movil_10"", ""spread_por_lado"": 0.0015, ""usuario"": {""escenario_costos"": ""medio"", ""familia"": ""MX"", ""tipo"": ""referencia"", ""ventana"": 10}, ""variante"": ""MX_ref_sma10""}",referencia; sensibilidad: spread medio 0.15% por lado
2026-09-25T05:49:05.321327Z,R04,fccdc209e3,MX_ref_sma10,0,fuera_muestra,2002-12-31,2026-07-31,283,12,MXN,8.148566646910698,0.09841873720276473,0.11466850442880588,0.31643152911359274,0.4864283633163533,-0.2235114134299081,0.4403298055006407,0.09134591425690884,-0.04123654155211889,4.544705057956027,0.9364289704420616,0.657243816254417,0.657243816254417,1.9931208638105191,0.008769731800766276,47,0.10671489637168041,0.06635557576522633,0.0029,0.0015,2002-12-31,88e4d9f1c178a318,"Yahoo ^MXX 1mo (precio, sin dividendos) 1991-11-30 a 2026-08-31; CETES FRED INTGSTMXM193N 1986-10-01 a 2026-07-01 (descarga 2026-09-25)","{""comision_por_lado"": 0.0029, ""cortes"": [""2002-12-31""], ""efectivo_en_mxn"": false, ""exposicion_inicial"": 0.0, ""exposicion_max"": 1.0, ""exposicion_min"": 0.0, ""extras"": [], ""fx"": false, ""max_dias_fx"": 10, ""min_historia"": 10, ""periodos_por_anio"": 12, ""permitir_capturas"": false, ""rebalanceo_con_deriva"": true, ""segmentos"": [""dentro_muestra"", ""fuera_muestra""], ""senal"": ""media_movil_10"", ""spread_por_lado"": 0.0015, ""usuario"": {""escenario_costos"": ""medio"", ""familia"": ""MX"", ""tipo"": ""referencia"", ""ventana"": 10}, ""variante"": ""MX_ref_sma10""}",referencia; sensibilidad: spread medio 0.15% por lado
2026-09-25T05:49:05.334802Z,R04,14bf9143ce,MX_ref_verano,0,completo,1992-09-30,2026-07-31,406,12,MXN,12.295212134253596,0.07947937259804694,0.1538389585705359,-0.13242317385303867,-0.17543610100455376,-0.441198316693167,0.1801443241981387,-0.03822727753549825,-0.8016609740305848,12.224549895854379,0.21777563948881123,0.4975369458128079,0.4975369458128079,2.039512017479971,0.008973852876911869,69,0.12287264728498704,0.11393327261297626,0.0029,0.0015,2002-12-31,88e4d9f1c178a318,"Yahoo ^MXX 1mo (precio, sin dividendos) 1991-11-30 a 2026-08-31; CETES FRED INTGSTMXM193N 1986-10-01 a 2026-07-01 (descarga 2026-09-25)","{""comision_por_lado"": 0.0029, ""cortes"": [""2002-12-31""], ""efectivo_en_mxn"": false, ""exposicion_inicial"": 0.0, ""exposicion_max"": 1.0, ""exposicion_min"": 0.0, ""extras"": [], ""fx"": false, ""max_dias_fx"": 10, ""min_historia"": 10, ""periodos_por_anio"": 12, ""permitir_capturas"": false, ""rebalanceo_con_deriva"": true, ""segmentos"": [""dentro_muestra"", ""fuera_muestra""], ""senal"": ""calendario_may_oct"", ""spread_por_lado"": 0.0015, ""usuario"": {""escenario_costos"": ""medio"", ""familia"": ""MX"", ""meses"": [5, 6, 7, 8, 9, 10], ""tipo"": ""referencia""}, ""variante"": ""MX_ref_verano""}",referencia; sensibilidad: spread medio 0.15% por lado
2026-09-25T05:49:05.334802Z,R04,14bf9143ce,MX_ref_verano,0,dentro_muestra,1992-09-30,2002-12-31,123,12,MXN,2.8134109187598644,0.1394904304622202,0.22546175542851568,-0.24365713509219822,-0.3180917712983137,-0.441198316693167,0.3161626533566975,-0.07033775626772683,-0.6194596575271732,7.660082413958645,0.21447017338245,0.4959349593495935,0.4959349593495935,2.1462339743589745,0.00944342948717949,22,0.16094447081691632,0.231600039807218,0.0029,0.0015,2002-12-31,88e4d9f1c178a318,"Yahoo ^MXX 1mo (precio, sin dividendos) 1991-11-30 a 2026-08-31; CETES FRED INTGSTMXM193N 1986-10-01 a 2026-07-01 (descarga 2026-09-25)","{""comision_por_lado"": 0.0029, ""cortes"": [""2002-12-31""], ""efectivo_en_mxn"": false, ""exposicion_inicial"": 0.0, ""exposicion_max"": 1.0, ""exposicion_min"": 0.0, ""extras"": [], ""fx"": false, ""max_dias_fx"": 10, ""min_historia"": 10, ""periodos_por_anio"": 12, ""permitir_capturas"": false, ""rebalanceo_con_deriva"": true, ""segmentos"": [""dentro_muestra"", ""fuera_muestra""], ""senal"": ""calendario_may_oct"", ""spread_por_lado"": 0.0015, ""usuario"": {""escenario_costos"": ""medio"", ""familia"": ""MX"", ""meses"": [5, 6, 7, 8, 9, 10], ""tipo"": ""referencia""}, ""variante"": ""MX_ref_verano""}",referencia; sensibilidad: spread medio 0.15% por lado
2026-09-25T05:49:05.334802Z,R04,14bf9143ce,MX_ref_verano,0,fuera_muestra,2002-12-31,2026-07-31,283,12,MXN,2.486435744138805,0.054388560405961295,0.10841206101225266,-0.04997806263926758,-0.0682549249897513,-0.3605936093224781,0.1508306276091591,-0.014427423959178558,-0.52816090616128,9.730313591975246,0.4039444503834354,0.49823321554770317,0.49823321554770317,1.9931208638105191,0.008769731800766276,47,0.10671489637168041,0.06635557576522633,0.0029,0.0015,2002-12-31,88e4d9f1c178a318,"Yahoo ^MXX 1mo (precio, sin dividendos) 1991-11-30 a 2026-08-31; CETES FRED INTGSTMXM193N 1986-10-01 a 2026-07-01 (descarga 2026-09-25)","{""comision_por_lado"": 0.0029, ""cortes"": [""2002-12-31""], ""efectivo_en_mxn"": false, ""exposicion_inicial"": 0.0, ""exposicion_max"": 1.0, ""exposicion_min"": 0.0, ""extras"": [], ""fx"": false, ""max_dias_fx"": 10, ""min_historia"": 10, ""periodos_por_anio"": 12, ""permitir_capturas"": false, ""rebalanceo_con_deriva"": true, ""segmentos"": [""dentro_muestra"", ""fuera_muestra""], ""senal"": ""calendario_may_oct"", ""spread_por_lado"": 0.0015, ""usuario"": {""escenario_costos"": ""medio"", ""familia"": ""MX"", ""meses"": [5, 6, 7, 8, 9, 10], ""tipo"": ""referencia""}, ""variante"": ""MX_ref_verano""}",referencia; sensibilidad: spread medio 0.15% por lado
2026-09-25T05:49:05.351265Z,R04,f2072a52ff,US_nov_abr,0,completo,1927-04-30,2026-07-31,1191,12,USD,3683.3531187074213,0.0862559830869074,0.12153892502039214,0.4769465189476905,0.7611050421585853,-0.570221592962981,0.15126747943497673,0.13768260055175205,0.655160039568768,19.76807950310989,0.9999989956426736,0.4987405541561713,0.4987405541561713,1.9949106256206555,0.0,198,0.10280315253340455,0.03287447481675665,0.0,0.0,2002-12-31,e85ac74d630dff95,French F-F_Research_Data_Factors CRSP 202607 sha256 b840dba55d319f48,"{""comision_por_lado"": 0.0, ""cortes"": [""2002-12-31""], ""efectivo_en_mxn"": false, ""exposicion_inicial"": 0.0, ""exposicion_max"": 1.0, ""exposicion_min"": 0.0, ""extras"": [], ""fx"": false, ""max_dias_fx"": 10, ""min_historia"": 10, ""periodos_por_anio"": 12, ""permitir_capturas"": false, ""rebalanceo_con_deriva"": true, ""segmentos"": [""dentro_muestra"", ""fuera_muestra""], ""senal"": ""calendario_nov_abr"", ""spread_por_lado"": 0.0, ""usuario"": {""escenario_costos"": ""bruto"", ""familia"": ""US"", ""meses"": [1, 2, 3, 4, 11, 12], ""tipo"": ""calendario""}, ""variante"": ""US_nov_abr""}",sensibilidad: bruto (sin comision ni spread)
2026-09-25T05:49:05.351265Z,R04,f2072a52ff,US_nov_abr,0,dentro_muestra,1927-04-30,2002-12-31,908,12,USD,654.0098159391611,0.08947376686429953,0.12541105645699865,0.45062437774386516,0.7168460015857601,-0.570221592962981,0.15691052034591788,0.13008405289691408,0.7731433756458292,21.63836363002895,0.9999599183727073,0.4977973568281938,0.4977973568281938,1.9954683599261913,0.0,151,0.09800323791271204,0.03794339388484569,0.0,0.0,2002-12-31,e85ac74d630dff95,French F-F_Research_Data_Factors CRSP 202607 sha256 b840dba55d319f48,"{""comision_por_lado"": 0.0, ""cortes"": [""2002-12-31""], ""efectivo_en_mxn"": false, ""exposicion_inicial"": 0.0, ""exposicion_max"": 1.0, ""exposicion_min"": 0.0, ""extras"": [], ""fx"": false, ""max_dias_fx"": 10, ""min_historia"": 10, ""periodos_por_anio"": 12, ""permitir_capturas"": false, ""rebalanceo_con_deriva"": true, ""segmentos"": [""dentro_muestra"", ""fuera_muestra""], ""senal"": ""calendario_nov_abr"", ""spread_por_lado"": 0.0, ""usuario"": {""escenario_costos"": ""bruto"", ""familia"": ""US"", ""meses"": [1, 2, 3, 4, 11, 12], ""tipo"": ""calendario""}, ""variante"": ""US_nov_abr""}",sensibilidad: bruto (sin comision ni spread)
2026-09-25T05:49:05.351265Z,R04,f2072a52ff,US_nov_abr,0,fuera_muestra,2002-12-31,2026-07-31,283,12,USD,4.624882298022895,0.07599420106713217,0.10832923140715467,0.5775897581942264,0.9361256135161297,-0.2960490953554613,0.25669458971285547,0.16673580118730374,0.06371838651922397,7.404834880681672,0.9970536812693829,0.5017667844522968,0.5017667844522968,1.9931208638105191,0.0,47,0.11834817299653566,0.01677495754826608,0.0,0.0,2002-12-31,e85ac74d630dff95,French F-F_Research_Data_Factors CRSP 202607 sha256 b840dba55d319f48,"{""comision_por_lado"": 0.0, ""cortes"": [""2002-12-31""], ""efectivo_en_mxn"": false, ""exposicion_inicial"": 0.0, ""exposicion_max"": 1.0, ""exposicion_min"": 0.0, ""extras"": [], ""fx"": false, ""max_dias_fx"": 10, ""min_historia"": 10, ""periodos_por_anio"": 12, ""permitir_capturas"": false, ""rebalanceo_con_deriva"": true, ""segmentos"": [""dentro_muestra"", ""fuera_muestra""], ""senal"": ""calendario_nov_abr"", ""spread_por_lado"": 0.0, ""usuario"": {""escenario_costos"": ""bruto"", ""familia"": ""US"", ""meses"": [1, 2, 3, 4, 11, 12], ""tipo"": ""calendario""}, ""variante"": ""US_nov_abr""}",sensibilidad: bruto (sin comision ni spread)
2026-09-25T05:49:05.365438Z,R04,7f64230d6d,US_oct_abr,0,completo,1927-04-30,2026-07-31,1191,12,USD,3710.5870881498954,0.08633658698780922,0.13555827299344697,0.441631569578644,0.6713063207273648,-0.6776453419062429,0.1274067445737043,0.12748805278943354,0.09556511963390711,15.594325474288361,0.999991374534358,0.5818639798488665,0.5818639798488665,1.9949106256206555,0.0,198,0.10280315253340455,0.03287447481675665,0.0,0.0,2002-12-31,e85ac74d630dff95,French F-F_Research_Data_Factors CRSP 202607 sha256 b840dba55d319f48,"{""comision_por_lado"": 0.0, ""cortes"": [""2002-12-31""], ""efectivo_en_mxn"": false, ""exposicion_inicial"": 0.0, ""exposicion_max"": 1.0, ""exposicion_min"": 0.0, ""extras"": [], ""fx"": false, ""max_dias_fx"": 10, ""min_historia"": 10, ""periodos_por_anio"": 12, ""permitir_capturas"": false, ""rebalanceo_con_deriva"": true, ""segmentos"": [""dentro_muestra"", ""fuera_muestra""], ""senal"": ""calendario_oct_abr"", ""spread_por_lado"": 0.0, ""usuario"": {""escenario_costos"": ""bruto"", ""familia"": ""US"", ""meses"": [1, 2, 3, 4, 10, 11, 12], ""tipo"": ""calendario""}, ""variante"": ""US_oct_abr""}",sensibilidad: bruto (sin comision ni spread)
2026-09-25T05:49:05.365438Z,R04,7f64230d6d,US_oct_abr,0,dentro_muestra,1927-04-30,2002-12-31,908,12,USD,542.2181499535735,0.08678277356608843,0.13951396355174228,0.4008928449650734,0.6054497058173434,-0.6776453419062429,0.12806518129670175,0.11572779597839002,0.18887781638939696,16.91892301027646,0.9997001789206408,0.5814977973568282,0.5814977973568282,1.9954683599261913,0.0,151,0.09800323791271204,0.03794339388484569,0.0,0.0,2002-12-31,e85ac74d630dff95,French F-F_Research_Data_Factors CRSP 202607 sha256 b840dba55d319f48,"{""comision_por_lado"": 0.0, ""cortes"": [""2002-12-31""], ""efectivo_en_mxn"": false, ""exposicion_inicial"": 0.0, ""exposicion_max"": 1.0, ""exposicion_min"": 0.0, ""extras"": [], ""fx"": false, ""max_dias_fx"": 10, ""min_historia"": 10, ""periodos_por_anio"": 12, ""permitir_capturas"": false, ""rebalanceo_con_deriva"": true, ""segmentos"": [""dentro_muestra"", ""fuera_muestra""], ""senal"": ""calendario_oct_abr"", ""spread_por_lado"": 0.0, ""usuario"": {""escenario_costos"": ""bruto"", ""familia"": ""US"", ""meses"": [1, 2, 3, 4, 10, 11, 12], ""tipo"": ""calendario""}, ""variante"": ""US_oct_abr""}",sensibilidad: bruto (sin comision ni spread)
2026-09-25T05:49:05.365438Z,R04,7f64230d6d,US_oct_abr,0,fuera_muestra,2002-12-31,2026-07-31,283,12,USD,5.83259034785033,0.08490601704767231,0.12223142689247891,0.5929138014681401,0.9280180128389457,-0.4170318647388155,0.2035959940395644,0.17115947144193752,-0.32337994798140535,7.447127780441638,0.9969027397796295,0.5830388692579506,0.5830388692579506,1.9931208638105191,0.0,47,0.11834817299653566,0.01677495754826608,0.0,0.0,2002-12-31,e85ac74d630dff95,French F-F_Research_Data_Factors CRSP 202607 sha256 b840dba55d319f48,"{""comision_por_lado"": 0.0, ""cortes"": [""2002-12-31""], ""efectivo_en_mxn"": false, ""exposicion_inicial"": 0.0, ""exposicion_max"": 1.0, ""exposicion_min"": 0.0, ""extras"": [], ""fx"": false, ""max_dias_fx"": 10, ""min_historia"": 10, ""periodos_por_anio"": 12, ""permitir_capturas"": false, ""rebalanceo_con_deriva"": true, ""segmentos"": [""dentro_muestra"", ""fuera_muestra""], ""senal"": ""calendario_oct_abr"", ""spread_por_lado"": 0.0, ""usuario"": {""escenario_costos"": ""bruto"", ""familia"": ""US"", ""meses"": [1, 2, 3, 4, 10, 11, 12], ""tipo"": ""calendario""}, ""variante"": ""US_oct_abr""}",sensibilidad: bruto (sin comision ni spread)
2026-09-25T05:49:05.380450Z,R04,fa5e31ce38,US_nov_may,0,completo,1927-04-30,2026-07-31,1191,12,USD,4586.244770365037,0.08865746941199126,0.13342097305415107,0.4628550830235376,0.7117005786198679,-0.703685220790176,0.12599023937498188,0.13361475338971301,0.2426501096563138,16.39114752487677,0.9999970204914532,0.5827036104114189,0.5827036104114189,2.015061238000662,0.0,200,0.10280315253340455,0.03287447481675665,0.0,0.0,2002-12-31,e85ac74d630dff95,French F-F_Research_Data_Factors CRSP 202607 sha256 b840dba55d319f48,"{""comision_por_lado"": 0.0, ""cortes"": [""2002-12-31""], ""efectivo_en_mxn"": false, ""exposicion_inicial"": 0.0, ""exposicion_max"": 1.0, ""exposicion_min"": 0.0, ""extras"": [], ""fx"": false, ""max_dias_fx"": 10, ""min_historia"": 10, ""periodos_por_anio"": 12, ""permitir_capturas"": false, ""rebalanceo_con_deriva"": true, ""segmentos"": [""dentro_muestra"", ""fuera_muestra""], ""senal"": ""calendario_nov_may"", ""spread_por_lado"": 0.0, ""usuario"": {""escenario_costos"": ""bruto"", ""familia"": ""US"", ""meses"": [1, 2, 3, 4, 5, 11, 12], ""tipo"": ""calendario""}, ""variante"": ""US_nov_may""}",sensibilidad: bruto (sin comision ni spread)
2026-09-25T05:49:05.380450Z,R04,fa5e31ce38,US_nov_may,0,dentro_muestra,1927-04-30,2002-12-31,908,12,USD,626.2285234858664,0.0888499717493818,0.1386545942707727,0.41646589686192065,0.6350428498877191,-0.703685220790176,0.12626380251330444,0.12022334883076441,0.30859300380079463,17.553375017893977,0.9998283779553319,0.5814977973568282,0.5814977973568282,2.021898404428525,0.0,153,0.09800323791271204,0.03794339388484569,0.0,0.0,2002-12-31,e85ac74d630dff95,French F-F_Research_Data_Factors CRSP 202607 sha256 b840dba55d319f48,"{""comision_por_lado"": 0.0, ""cortes"": [""2002-12-31""], ""efectivo_en_mxn"": false, ""exposicion_inicial"": 0.0, ""exposicion_max"": 1.0, ""exposicion_min"": 0.0, ""extras"": [], ""fx"": false, ""max_dias_fx"": 10, ""min_historia"": 10, ""periodos_por_anio"": 12, ""permitir_capturas"": false, ""rebalanceo_con_deriva"": true, ""segmentos"": [""dentro_muestra"", ""fuera_muestra""], ""senal"": ""calendario_nov_may"", ""spread_por_lado"": 0.0, ""usuario"": {""escenario_costos"": ""bruto"", ""familia"": ""US"", ""meses"": [1, 2, 3, 4, 5, 11, 12], ""tipo"": ""calendario""}, ""variante"": ""US_nov_may""}",sensibilidad: bruto (sin comision ni spread)
2026-09-25T05:49:05.380450Z,R04,fa5e31ce38,US_nov_may,0,fuera_muestra,2002-12-31,2026-07-31,283,12,USD,6.313514291204582,0.08803996183306051,0.11525429419940782,0.6473759141347565,1.0381325958518302,-0.2829088658517154,0.31119548540131653,0.18688132914629088,-0.09400700395292783,6.217718450242986,0.9988314640432147,0.5865724381625441,0.5865724381625441,1.9931208638105191,0.0,47,0.11834817299653566,0.01677495754826608,0.0,0.0,2002-12-31,e85ac74d630dff95,French F-F_Research_Data_Factors CRSP 202607 sha256 b840dba55d319f48,"{""comision_por_lado"": 0.0, ""cortes"": [""2002-12-31""], ""efectivo_en_mxn"": false, ""exposicion_inicial"": 0.0, ""exposicion_max"": 1.0, ""exposicion_min"": 0.0, ""extras"": [], ""fx"": false, ""max_dias_fx"": 10, ""min_historia"": 10, ""periodos_por_anio"": 12, ""permitir_capturas"": false, ""rebalanceo_con_deriva"": true, ""segmentos"": [""dentro_muestra"", ""fuera_muestra""], ""senal"": ""calendario_nov_may"", ""spread_por_lado"": 0.0, ""usuario"": {""escenario_costos"": ""bruto"", ""familia"": ""US"", ""meses"": [1, 2, 3, 4, 5, 11, 12], ""tipo"": ""calendario""}, ""variante"": ""US_nov_may""}",sensibilidad: bruto (sin comision ni spread)
2026-09-25T05:49:05.395022Z,R04,807c9b2be0,US_dic_abr,0,completo,1927-04-30,2026-07-31,1191,12,USD,933.0895019071606,0.07134062494050974,0.10981441040980759,0.3886253906142166,0.6177094376291015,-0.49752972019855146,0.14338967511737694,0.1121864869425207,0.9979474250848537,27.993353371633123,0.9999563462187664,0.4156171284634761,0.4156171284634761,1.9949106256206555,0.0,198,0.10280315253340455,0.03287447481675665,0.0,0.0,2002-12-31,e85ac74d630dff95,French F-F_Research_Data_Factors CRSP 202607 sha256 b840dba55d319f48,"{""comision_por_lado"": 0.0, ""cortes"": [""2002-12-31""], ""efectivo_en_mxn"": false, ""exposicion_inicial"": 0.0, ""exposicion_max"": 1.0, ""exposicion_min"": 0.0, ""extras"": [], ""fx"": false, ""max_dias_fx"": 10, ""min_historia"": 10, ""periodos_por_anio"": 12, ""permitir_capturas"": false, ""rebalanceo_con_deriva"": true, ""segmentos"": [""dentro_muestra"", ""fuera_muestra""], ""senal"": ""calendario_dic_abr"", ""spread_por_lado"": 0.0, ""usuario"": {""escenario_costos"": ""bruto"", ""familia"": ""US"", ""meses"": [1, 2, 3, 4, 12], ""tipo"": ""calendario""}, ""variante"": ""US_dic_abr""}",sensibilidad: bruto (sin comision ni spread)
2026-09-25T05:49:05.395022Z,R04,807c9b2be0,US_dic_abr,0,dentro_muestra,1927-04-30,2002-12-31,908,12,USD,282.0697301613449,0.07746166226905316,0.11310786371331163,0.3876725161356262,0.6214495915690545,-0.49752972019855146,0.1556925327760122,0.11191141577416167,1.2076427867702342,31.048243623559188,0.9997110561773788,0.41409691629955947,0.41409691629955947,1.9954683599261913,0.0,151,0.09800323791271204,0.03794339388484569,0.0,0.0,2002-12-31,e85ac74d630dff95,French F-F_Research_Data_Factors CRSP 202607 sha256 b840dba55d319f48,"{""comision_por_lado"": 0.0, ""cortes"": [""2002-12-31""], ""efectivo_en_mxn"": false, ""exposicion_inicial"": 0.0, ""exposicion_max"": 1.0, ""exposicion_min"": 0.0, ""extras"": [], ""fx"": false, ""max_dias_fx"": 10, ""min_historia"": 10, ""periodos_por_anio"": 12, ""permitir_capturas"": false, ""rebalanceo_con_deriva"": true, ""segmentos"": [""dentro_muestra"", ""fuera_muestra""], ""senal"": ""calendario_dic_abr"", ""spread_por_lado"": 0.0, ""usuario"": {""escenario_costos"": ""bruto"", ""familia"": ""US"", ""meses"": [1, 2, 3, 4, 12], ""tipo"": ""calendario""}, ""variante"": ""US_dic_abr""}",sensibilidad: bruto (sin comision ni spread)
2026-09-25T05:49:05.395022Z,R04,807c9b2be0,US_dic_abr,0,fuera_muestra,2002-12-31,2026-07-31,283,12,USD,2.29985654550469,0.05193215409466201,0.09848325025688029,0.3942742078204758,0.6066542296655729,-0.20216025000000004,0.25688607970489746,0.11381716000983907,-0.05026194741043138,8.92547384071818,0.9700824751874899,0.4204946996466431,0.4204946996466431,1.9931208638105191,0.0,47,0.11834817299653566,0.01677495754826608,0.0,0.0,2002-12-31,e85ac74d630dff95,French F-F_Research_Data_Factors CRSP 202607 sha256 b840dba55d319f48,"{""comision_por_lado"": 0.0, ""cortes"": [""2002-12-31""], ""efectivo_en_mxn"": false, ""exposicion_inicial"": 0.0, ""exposicion_max"": 1.0, ""exposicion_min"": 0.0, ""extras"": [], ""fx"": false, ""max_dias_fx"": 10, ""min_historia"": 10, ""periodos_por_anio"": 12, ""permitir_capturas"": false, ""rebalanceo_con_deriva"": true, ""segmentos"": [""dentro_muestra"", ""fuera_muestra""], ""senal"": ""calendario_dic_abr"", ""spread_por_lado"": 0.0, ""usuario"": {""escenario_costos"": ""bruto"", ""familia"": ""US"", ""meses"": [1, 2, 3, 4, 12], ""tipo"": ""calendario""}, ""variante"": ""US_dic_abr""}",sensibilidad: bruto (sin comision ni spread)
2026-09-25T05:49:05.409791Z,R04,bdb00fbd4a,US_nov_mar,0,completo,1927-04-30,2026-07-31,1191,12,USD,1442.7008734573494,0.07605061583718231,0.10367932855682195,0.4497462887487314,0.6811042768860666,-0.5134668943987653,0.14811201397167464,0.12983057043805762,-0.5506327243244145,11.509509479535568,0.9999888221083814,0.4156171284634761,0.4156171284634761,1.9949106256206555,0.0,198,0.10280315253340455,0.03287447481675665,0.0,0.0,2002-12-31,e85ac74d630dff95,French F-F_Research_Data_Factors CRSP 202607 sha256 b840dba55d319f48,"{""comision_por_lado"": 0.0, ""cortes"": [""2002-12-31""], ""efectivo_en_mxn"": false, ""exposicion_inicial"": 0.0, ""exposicion_max"": 1.0, ""exposicion_min"": 0.0, ""extras"": [], ""fx"": false, ""max_dias_fx"": 10, ""min_historia"": 10, ""periodos_por_anio"": 12, ""permitir_capturas"": false, ""rebalanceo_con_deriva"": true, ""segmentos"": [""dentro_muestra"", ""fuera_muestra""], ""senal"": ""calendario_nov_mar"", ""spread_por_lado"": 0.0, ""usuario"": {""escenario_costos"": ""bruto"", ""familia"": ""US"", ""meses"": [1, 2, 3, 11, 12], ""tipo"": ""calendario""}, ""variante"": ""US_nov_mar""}",sensibilidad: bruto (sin comision ni spread)
2026-09-25T05:49:05.409791Z,R04,bdb00fbd4a,US_nov_mar,0,dentro_muestra,1927-04-30,2002-12-31,908,12,USD,405.5175698423739,0.08262746708739854,0.10611776706821652,0.4534500848771215,0.6868633507771333,-0.5134668943987653,0.1609207292402944,0.13089976428393238,-0.6053641662682908,12.031875304327174,0.9998981168689053,0.41519823788546256,0.41519823788546256,1.9954683599261913,0.0,151,0.09800323791271204,0.03794339388484569,0.0,0.0,2002-12-31,e85ac74d630dff95,French F-F_Research_Data_Factors CRSP 202607 sha256 b840dba55d319f48,"{""comision_por_lado"": 0.0, ""cortes"": [""2002-12-31""], ""efectivo_en_mxn"": false, ""exposicion_inicial"": 0.0, ""exposicion_max"": 1.0, ""exposicion_min"": 0.0, ""extras"": [], ""fx"": false, ""max_dias_fx"": 10, ""min_historia"": 10, ""periodos_por_anio"": 12, ""permitir_capturas"": false, ""rebalanceo_con_deriva"": true, ""segmentos"": [""dentro_muestra"", ""fuera_muestra""], ""senal"": ""calendario_nov_mar"", ""spread_por_lado"": 0.0, ""usuario"": {""escenario_costos"": ""bruto"", ""familia"": ""US"", ""meses"": [1, 2, 3, 11, 12], ""tipo"": ""calendario""}, ""variante"": ""US_nov_mar""}",sensibilidad: bruto (sin comision ni spread)
2026-09-25T05:49:05.409791Z,R04,bdb00fbd4a,US_nov_mar,0,fuera_muestra,2002-12-31,2026-07-31,283,12,USD,2.5513861652207126,0.055214203721619004,0.09537223399825659,0.437752952497082,0.6635160982681084,-0.3270178296851812,0.16884156981524065,0.12636839248137188,-0.31183124227357656,8.5024329509345,0.9799207407026371,0.4169611307420495,0.4169611307420495,1.9931208638105191,0.0,47,0.11834817299653566,0.01677495754826608,0.0,0.0,2002-12-31,e85ac74d630dff95,French F-F_Research_Data_Factors CRSP 202607 sha256 b840dba55d319f48,"{""comision_por_lado"": 0.0, ""cortes"": [""2002-12-31""], ""efectivo_en_mxn"": false, ""exposicion_inicial"": 0.0, ""exposicion_max"": 1.0, ""exposicion_min"": 0.0, ""extras"": [], ""fx"": false, ""max_dias_fx"": 10, ""min_historia"": 10, ""periodos_por_anio"": 12, ""permitir_capturas"": false, ""rebalanceo_con_deriva"": true, ""segmentos"": [""dentro_muestra"", ""fuera_muestra""], ""senal"": ""calendario_nov_mar"", ""spread_por_lado"": 0.0, ""usuario"": {""escenario_costos"": ""bruto"", ""familia"": ""US"", ""meses"": [1, 2, 3, 11, 12], ""tipo"": ""calendario""}, ""variante"": ""US_nov_mar""}",sensibilidad: bruto (sin comision ni spread)
2026-09-25T05:49:05.423870Z,R04,a32cafd911,US_ref_comprar_mantener,0,completo,1927-04-30,2026-07-31,1191,12,USD,16519.967438902517,0.10280315253340455,0.1840196325541897,0.4487046140767012,0.6776712791646651,-0.8365224657023862,0.12289347477008387,0.1295298648619053,0.15586657181173746,10.306405810326522,0.9999952177420717,1.0,1.0,0.01007530619000331,0.0,1,0.10280315253340455,0.03287447481675665,0.0,0.0,2002-12-31,e85ac74d630dff95,French F-F_Research_Data_Factors CRSP 202607 sha256 b840dba55d319f48,"{""comision_por_lado"": 0.0, ""cortes"": [""2002-12-31""], ""efectivo_en_mxn"": false, ""exposicion_inicial"": 0.0, ""exposicion_max"": 1.0, ""exposicion_min"": 0.0, ""extras"": [], ""fx"": false, ""max_dias_fx"": 10, ""min_historia"": 10, ""periodos_por_anio"": 12, ""permitir_capturas"": false, ""rebalanceo_con_deriva"": true, ""segmentos"": [""dentro_muestra"", ""fuera_muestra""], ""senal"": ""senal_comprar_y_mantener"", ""spread_por_lado"": 0.0, ""usuario"": {""escenario_costos"": ""bruto"", ""familia"": ""US"", ""tipo"": ""referencia""}, ""variante"": ""US_ref_comprar_mantener""}",referencia; sensibilidad: bruto (sin comision ni spread)
2026-09-25T05:49:05.423870Z,R04,a32cafd911,US_ref_comprar_mantener,0,dentro_muestra,1927-04-30,2002-12-31,908,12,USD,1180.7760466265574,0.09800323791271204,0.1935928412072152,0.38761675973958126,0.5844125970481612,-0.8365224657023862,0.11715553608046092,0.11189532028902888,0.2611868332616735,10.585493309064613,0.9996222149975107,1.0,1.0,0.01321502225116683,0.0,1,0.09800323791271204,0.03794339388484569,0.0,0.0,2002-12-31,e85ac74d630dff95,French F-F_Research_Data_Factors CRSP 202607 sha256 b840dba55d319f48,"{""comision_por_lado"": 0.0, ""cortes"": [""2002-12-31""], ""efectivo_en_mxn"": false, ""exposicion_inicial"": 0.0, ""exposicion_max"": 1.0, ""exposicion_min"": 0.0, ""extras"": [], ""fx"": false, ""max_dias_fx"": 10, ""min_historia"": 10, ""periodos_por_anio"": 12, ""permitir_capturas"": false, ""rebalanceo_con_deriva"": true, ""segmentos"": [""dentro_muestra"", ""fuera_muestra""], ""senal"": ""senal_comprar_y_mantener"", ""spread_por_lado"": 0.0, ""usuario"": {""escenario_costos"": ""bruto"", ""familia"": ""US"", ""tipo"": ""referencia""}, ""variante"": ""US_ref_comprar_mantener""}",referencia; sensibilidad: bruto (sin comision ni spread)
2026-09-25T05:49:05.423870Z,R04,a32cafd911,US_ref_comprar_mantener,0,fuera_muestra,2002-12-31,2026-07-31,283,12,USD,12.979778559620067,0.11834817299653566,0.1494946437322211,0.7148774051681889,1.0904613708573518,-0.5031170717166413,0.23522988912447418,0.2063673311557175,-0.5043807300674077,4.341255886389995,0.9994152515983912,1.0,1.0,0.0,0.0,0,0.11834817299653566,0.01677495754826608,0.0,0.0,2002-12-31,e85ac74d630dff95,French F-F_Research_Data_Factors CRSP 202607 sha256 b840dba55d319f48,"{""comision_por_lado"": 0.0, ""cortes"": [""2002-12-31""], ""efectivo_en_mxn"": false, ""exposicion_inicial"": 0.0, ""exposicion_max"": 1.0, ""exposicion_min"": 0.0, ""extras"": [], ""fx"": false, ""max_dias_fx"": 10, ""min_historia"": 10, ""periodos_por_anio"": 12, ""permitir_capturas"": false, ""rebalanceo_con_deriva"": true, ""segmentos"": [""dentro_muestra"", ""fuera_muestra""], ""senal"": ""senal_comprar_y_mantener"", ""spread_por_lado"": 0.0, ""usuario"": {""escenario_costos"": ""bruto"", ""familia"": ""US"", ""tipo"": ""referencia""}, ""variante"": ""US_ref_comprar_mantener""}",referencia; sensibilidad: bruto (sin comision ni spread)
2026-09-25T05:49:05.435171Z,R04,947f29a111,US_ref_efectivo,0,completo,1927-04-30,2026-07-31,1191,12,USD,23.788765072417313,0.03287447481675665,0.00863289616871206,0.0,0.0,-0.0008998599580104516,36.53287883754777,,0.0,3.0,,0.0,0.0,0.0,0.0,0,0.10280315253340455,0.03287447481675665,0.0,0.0,2002-12-31,e85ac74d630dff95,French F-F_Research_Data_Factors CRSP 202607 sha256 b840dba55d319f48,"{""comision_por_lado"": 0.0, ""cortes"": [""2002-12-31""], ""efectivo_en_mxn"": false, ""exposicion_inicial"": 0.0, ""exposicion_max"": 1.0, ""exposicion_min"": 0.0, ""extras"": [], ""fx"": false, ""max_dias_fx"": 10, ""min_historia"": 10, ""periodos_por_anio"": 12, ""permitir_capturas"": false, ""rebalanceo_con_deriva"": true, ""segmentos"": [""dentro_muestra"", ""fuera_muestra""], ""senal"": ""senal_efectivo"", ""spread_por_lado"": 0.0, ""usuario"": {""escenario_costos"": ""bruto"", ""familia"": ""US"", ""tipo"": ""referencia""}, ""variante"": ""US_ref_efectivo""}",referencia; sensibilidad: bruto (sin comision ni spread)
2026-09-25T05:49:05.435171Z,R04,947f29a111,US_ref_efectivo,0,dentro_muestra,1927-04-30,2002-12-31,908,12,USD,15.744998863388759,0.03794339388484569,0.00896452686505721,0.0,0.0,-0.0008998599580104516,42.16588764404715,,0.0,3.0,,0.0,0.0,0.0,0.0,0,0.09800323791271204,0.03794339388484569,0.0,0.0,2002-12-31,e85ac74d630dff95,French F-F_Research_Data_Factors CRSP 202607 sha256 b840dba55d319f48,"{""comision_por_lado"": 0.0, ""cortes"": [""2002-12-31""], ""efectivo_en_mxn"": false, ""exposicion_inicial"": 0.0, ""exposicion_max"": 1.0, ""exposicion_min"": 0.0, ""extras"": [], ""fx"": false, ""max_dias_fx"": 10, ""min_historia"": 10, ""periodos_por_anio"": 12, ""permitir_capturas"": false, ""rebalanceo_con_deriva"": true, ""segmentos"": [""dentro_muestra"", ""fuera_muestra""], ""senal"": ""senal_efectivo"", ""spread_por_lado"": 0.0, ""usuario"": {""escenario_costos"": ""bruto"", ""familia"": ""US"", ""tipo"": ""referencia""}, ""variante"": ""US_ref_efectivo""}",referencia; sensibilidad: bruto (sin comision ni spread)
2026-09-25T05:49:05.435171Z,R04,947f29a111,US_ref_efectivo,0,fuera_muestra,2002-12-31,2026-07-31,283,12,USD,0.48036827441149765,0.01677495754826608,0.005362007878265376,0.0,0.0,0.0,inf,,0.0,3.0,,0.0,0.0,0.0,0.0,0,0.11834817299653566,0.01677495754826608,0.0,0.0,2002-12-31,e85ac74d630dff95,French F-F_Research_Data_Factors CRSP 202607 sha256 b840dba55d319f48,"{""comision_por_lado"": 0.0, ""cortes"": [""2002-12-31""], ""efectivo_en_mxn"": false, ""exposicion_inicial"": 0.0, ""exposicion_max"": 1.0, ""exposicion_min"": 0.0, ""extras"": [], ""fx"": false, ""max_dias_fx"": 10, ""min_historia"": 10, ""periodos_por_anio"": 12, ""permitir_capturas"": false, ""rebalanceo_con_deriva"": true, ""segmentos"": [""dentro_muestra"", ""fuera_muestra""], ""senal"": ""senal_efectivo"", ""spread_por_lado"": 0.0, ""usuario"": {""escenario_costos"": ""bruto"", ""familia"": ""US"", ""tipo"": ""referencia""}, ""variante"": ""US_ref_efectivo""}",referencia; sensibilidad: bruto (sin comision ni spread)
2026-09-25T05:49:05.450565Z,R04,719fbea853,US_ref_sma10,0,completo,1927-04-30,2026-07-31,1191,12,USD,10645.877670480699,0.09793213733309103,0.1251717565171789,0.5524020977047895,0.8231079904257127,-0.42940730058164756,0.2280635126613787,0.15946474990538712,-0.6805624627380434,8.75502393481194,0.9999998408713466,0.7304785894206549,0.7304785894206549,1.4810700099304865,0.0,147,0.10280315253340455,0.03287447481675665,0.0,0.0,2002-12-31,e85ac74d630dff95,French F-F_Research_Data_Factors CRSP 202607 sha256 b840dba55d319f48,"{""comision_por_lado"": 0.0, ""cortes"": [""2002-12-31""], ""efectivo_en_mxn"": false, ""exposicion_inicial"": 0.0, ""exposicion_max"": 1.0, ""exposicion_min"": 0.0, ""extras"": [], ""fx"": false, ""max_dias_fx"": 10, ""min_historia"": 10, ""periodos_por_anio"": 12, ""permitir_capturas"": false, ""rebalanceo_con_deriva"": true, ""segmentos"": [""dentro_muestra"", ""fuera_muestra""], ""senal"": ""media_movil_10"", ""spread_por_lado"": 0.0, ""usuario"": {""escenario_costos"": ""bruto"", ""familia"": ""US"", ""tipo"": ""referencia"", ""ventana"": 10}, ""variante"": ""US_ref_sma10""}",referencia; sensibilidad: bruto (sin comision ni spread)
2026-09-25T05:49:05.450565Z,R04,719fbea853,US_ref_sma10,0,dentro_muestra,1927-04-30,2002-12-31,908,12,USD,1075.3586188287381,0.09664832372782906,0.1311966754790192,0.48701169220362384,0.7155191146868082,-0.42940730058164756,0.22507377866402234,0.1405881657961287,-0.7211758950171482,8.983272449786153,0.9999631579032293,0.7092511013215859,0.7092511013215859,1.5065125366330185,0.0,114,0.09800323791271204,0.03794339388484569,0.0,0.0,2002-12-31,e85ac74d630dff95,French F-F_Research_Data_Factors CRSP 202607 sha256 b840dba55d319f48,"{""comision_por_lado"": 0.0, ""cortes"": [""2002-12-31""], ""efectivo_en_mxn"": false, ""exposicion_inicial"": 0.0, ""exposicion_max"": 1.0, ""exposicion_min"": 0.0, ""extras"": [], ""fx"": false, ""max_dias_fx"": 10, ""min_historia"": 10, ""periodos_por_anio"": 12, ""permitir_capturas"": false, ""rebalanceo_con_deriva"": true, ""segmentos"": [""dentro_muestra"", ""fuera_muestra""], ""senal"": ""media_movil_10"", ""spread_por_lado"": 0.0, ""usuario"": {""escenario_costos"": ""bruto"", ""familia"": ""US"", ""tipo"": ""referencia"", ""ventana"": 10}, ""variante"": ""US_ref_sma10""}",referencia; sensibilidad: bruto (sin comision ni spread)
2026-09-25T05:49:05.450565Z,R04,719fbea853,US_ref_sma10,0,fuera_muestra,2002-12-31,2026-07-31,283,12,USD,8.891570972940533,0.10206203617624854,0.10370853718069253,0.8295638944079409,1.3389057478228101,-0.17641681233830986,0.5785278331666421,0.23947446887320947,-0.27408531479331183,4.2878445388378985,0.9999311434689344,0.7985865724381626,0.7985865724381626,1.399425287356322,0.0,33,0.11834817299653566,0.01677495754826608,0.0,0.0,2002-12-31,e85ac74d630dff95,French F-F_Research_Data_Factors CRSP 202607 sha256 b840dba55d319f48,"{""comision_por_lado"": 0.0, ""cortes"": [""2002-12-31""], ""efectivo_en_mxn"": false, ""exposicion_inicial"": 0.0, ""exposicion_max"": 1.0, ""exposicion_min"": 0.0, ""extras"": [], ""fx"": false, ""max_dias_fx"": 10, ""min_historia"": 10, ""periodos_por_anio"": 12, ""permitir_capturas"": false, ""rebalanceo_con_deriva"": true, ""segmentos"": [""dentro_muestra"", ""fuera_muestra""], ""senal"": ""media_movil_10"", ""spread_por_lado"": 0.0, ""usuario"": {""escenario_costos"": ""bruto"", ""familia"": ""US"", ""tipo"": ""referencia"", ""ventana"": 10}, ""variante"": ""US_ref_sma10""}",referencia; sensibilidad: bruto (sin comision ni spread)
2026-09-25T05:49:05.463893Z,R04,9eeb2119ec,US_ref_verano,0,completo,1927-04-30,2026-07-31,1191,12,USD,110.15502977512905,0.048608472343919074,0.13930490238913604,0.17784702044454662,0.26008929520734725,-0.6905296918792958,0.07039302279910624,0.05134001256411594,0.40090211395996483,20.219553806628706,0.9623060817003444,0.5012594458438288,0.5012594458438288,2.004985931810659,0.0,199,0.10280315253340455,0.03287447481675665,0.0,0.0,2002-12-31,e85ac74d630dff95,French F-F_Research_Data_Factors CRSP 202607 sha256 b840dba55d319f48,"{""comision_por_lado"": 0.0, ""cortes"": [""2002-12-31""], ""efectivo_en_mxn"": false, ""exposicion_inicial"": 0.0, ""exposicion_max"": 1.0, ""exposicion_min"": 0.0, ""extras"": [], ""fx"": false, ""max_dias_fx"": 10, ""min_historia"": 10, ""periodos_por_anio"": 12, ""permitir_capturas"": false, ""rebalanceo_con_deriva"": true, ""segmentos"": [""dentro_muestra"", ""fuera_muestra""], ""senal"": ""calendario_may_oct"", ""spread_por_lado"": 0.0, ""usuario"": {""escenario_costos"": ""bruto"", ""familia"": ""US"", ""meses"": [5, 6, 7, 8, 9, 10], ""tipo"": ""referencia""}, ""variante"": ""US_ref_verano""}",referencia; sensibilidad: bruto (sin comision ni spread)
2026-09-25T05:49:05.463893Z,R04,9eeb2119ec,US_ref_verano,0,dentro_muestra,1927-04-30,2002-12-31,908,12,USD,29.211514508631325,0.046069434545294774,0.148348409695521,0.12615636439973646,0.18438966827120223,-0.6905296918792958,0.06671608054957857,0.03641820547308618,0.5224756293908357,19.968013423685306,0.8651686861174428,0.5022026431718062,0.5022026431718062,2.008683382177358,0.0,152,0.09800323791271204,0.03794339388484569,0.0,0.0,2002-12-31,e85ac74d630dff95,French F-F_Research_Data_Factors CRSP 202607 sha256 b840dba55d319f48,"{""comision_por_lado"": 0.0, ""cortes"": [""2002-12-31""], ""efectivo_en_mxn"": false, ""exposicion_inicial"": 0.0, ""exposicion_max"": 1.0, ""exposicion_min"": 0.0, ""extras"": [], ""fx"": false, ""max_dias_fx"": 10, ""min_historia"": 10, ""periodos_por_anio"": 12, ""permitir_capturas"": false, ""rebalanceo_con_deriva"": true, ""segmentos"": [""dentro_muestra"", ""fuera_muestra""], ""senal"": ""calendario_may_oct"", ""spread_por_lado"": 0.0, ""usuario"": {""escenario_costos"": ""bruto"", ""familia"": ""US"", ""meses"": [5, 6, 7, 8, 9, 10], ""tipo"": ""referencia""}, ""variante"": ""US_ref_verano""}",referencia; sensibilidad: bruto (sin comision ni spread)
2026-09-25T05:49:05.463893Z,R04,9eeb2119ec,US_ref_verano,0,fuera_muestra,2002-12-31,2026-07-31,283,12,USD,2.6792273271627116,0.056797903738691646,0.10538627289784756,0.42087291295069723,0.6179635687626606,-0.3075995029549754,0.18464888009589986,0.12149554479335349,-0.631508896544233,8.696317282918594,0.9738581856981463,0.49823321554770317,0.49823321554770317,1.9931208638105191,0.0,47,0.11834817299653566,0.01677495754826608,0.0,0.0,2002-12-31,e85ac74d630dff95,French F-F_Research_Data_Factors CRSP 202607 sha256 b840dba55d319f48,"{""comision_por_lado"": 0.0, ""cortes"": [""2002-12-31""], ""efectivo_en_mxn"": false, ""exposicion_inicial"": 0.0, ""exposicion_max"": 1.0, ""exposicion_min"": 0.0, ""extras"": [], ""fx"": false, ""max_dias_fx"": 10, ""min_historia"": 10, ""periodos_por_anio"": 12, ""permitir_capturas"": false, ""rebalanceo_con_deriva"": true, ""segmentos"": [""dentro_muestra"", ""fuera_muestra""], ""senal"": ""calendario_may_oct"", ""spread_por_lado"": 0.0, ""usuario"": {""escenario_costos"": ""bruto"", ""familia"": ""US"", ""meses"": [5, 6, 7, 8, 9, 10], ""tipo"": ""referencia""}, ""variante"": ""US_ref_verano""}",referencia; sensibilidad: bruto (sin comision ni spread)
2026-09-25T05:49:05.469934Z,R04,d05254553c,MX_nov_abr,0,completo,1992-09-30,2026-07-31,406,12,MXN,106.70763663088259,0.1483372082227561,0.15768221543761451,0.2753673256451985,0.3978294081405043,-0.46465935227732846,0.3192386153334586,0.07949169979364135,-0.6427804059402573,9.705529510300408,0.9394608322260558,0.5024630541871922,0.5024630541871922,2.0099538722991017,0.0,68,0.12287264728498704,0.11393327261297626,0.0,0.0,2002-12-31,88e4d9f1c178a318,"Yahoo ^MXX 1mo (precio, sin dividendos) 1991-11-30 a 2026-08-31; CETES FRED INTGSTMXM193N 1986-10-01 a 2026-07-01 (descarga 2026-09-25)","{""comision_por_lado"": 0.0, ""cortes"": [""2002-12-31""], ""efectivo_en_mxn"": false, ""exposicion_inicial"": 0.0, ""exposicion_max"": 1.0, ""exposicion_min"": 0.0, ""extras"": [], ""fx"": false, ""max_dias_fx"": 10, ""min_historia"": 10, ""periodos_por_anio"": 12, ""permitir_capturas"": false, ""rebalanceo_con_deriva"": true, ""segmentos"": [""dentro_muestra"", ""fuera_muestra""], ""senal"": ""calendario_nov_abr"", ""spread_por_lado"": 0.0, ""usuario"": {""escenario_costos"": ""bruto"", ""familia"": ""MX"", ""meses"": [1, 2, 3, 4, 11, 12], ""tipo"": ""calendario""}, ""variante"": ""MX_nov_abr""}",sensibilidad: bruto (sin comision ni spread)
2026-09-25T05:49:05.469934Z,R04,d05254553c,MX_nov_abr,0,dentro_muestra,1992-09-30,2002-12-31,123,12,MXN,8.295341393255448,0.24296866666484185,0.2192683482907463,0.1516961106305403,0.21029445268760946,-0.46465935227732846,0.5228963228094629,0.04379089515378085,-0.6936617003663172,7.030869077780939,0.6829044262606203,0.5040650406504065,0.5040650406504065,2.0486778846153846,0.0,21,0.16094447081691632,0.231600039807218,0.0,0.0,2002-12-31,88e4d9f1c178a318,"Yahoo ^MXX 1mo (precio, sin dividendos) 1991-11-30 a 2026-08-31; CETES FRED INTGSTMXM193N 1986-10-01 a 2026-07-01 (descarga 2026-09-25)","{""comision_por_lado"": 0.0, ""cortes"": [""2002-12-31""], ""efectivo_en_mxn"": false, ""exposicion_inicial"": 0.0, ""exposicion_max"": 1.0, ""exposicion_min"": 0.0, ""extras"": [], ""fx"": false, ""max_dias_fx"": 10, ""min_historia"": 10, ""periodos_por_anio"": 12, ""permitir_capturas"": false, ""rebalanceo_con_deriva"": true, ""segmentos"": [""dentro_muestra"", ""fuera_muestra""], ""senal"": ""calendario_nov_abr"", ""spread_por_lado"": 0.0, ""usuario"": {""escenario_costos"": ""bruto"", ""familia"": ""MX"", ""meses"": [1, 2, 3, 4, 11, 12], ""tipo"": ""calendario""}, ""variante"": ""MX_nov_abr""}",sensibilidad: bruto (sin comision ni spread)
2026-09-25T05:49:05.469934Z,R04,d05254553c,MX_nov_abr,0,fuera_muestra,2002-12-31,2026-07-31,283,12,MXN,10.587270663241428,0.10948149873900559,0.12027734846542835,0.3923797137089579,0.6078113147016904,-0.2165981341915193,0.5054591035498044,0.11327026666720758,-0.18048266157941104,7.054621187887518,0.968931390748963,0.5017667844522968,0.5017667844522968,1.9931208638105191,0.0,47,0.10671489637168041,0.06635557576522633,0.0,0.0,2002-12-31,88e4d9f1c178a318,"Yahoo ^MXX 1mo (precio, sin dividendos) 1991-11-30 a 2026-08-31; CETES FRED INTGSTMXM193N 1986-10-01 a 2026-07-01 (descarga 2026-09-25)","{""comision_por_lado"": 0.0, ""cortes"": [""2002-12-31""], ""efectivo_en_mxn"": false, ""exposicion_inicial"": 0.0, ""exposicion_max"": 1.0, ""exposicion_min"": 0.0, ""extras"": [], ""fx"": false, ""max_dias_fx"": 10, ""min_historia"": 10, ""periodos_por_anio"": 12, ""permitir_capturas"": false, ""rebalanceo_con_deriva"": true, ""segmentos"": [""dentro_muestra"", ""fuera_muestra""], ""senal"": ""calendario_nov_abr"", ""spread_por_lado"": 0.0, ""usuario"": {""escenario_costos"": ""bruto"", ""familia"": ""MX"", ""meses"": [1, 2, 3, 4, 11, 12], ""tipo"": ""calendario""}, ""variante"": ""MX_nov_abr""}",sensibilidad: bruto (sin comision ni spread)
2026-09-25T05:49:05.476103Z,R04,a3a91c36ef,MX_oct_abr,0,completo,1992-09-30,2026-07-31,406,12,MXN,113.11729603028282,0.15030098987308071,0.17370431162735214,0.27488474274670177,0.3960294639948665,-0.5082379155784611,0.2957295889701827,0.07935239011046466,-0.5549121937450794,8.005629795976269,0.9399920688220869,0.5862068965517241,0.5862068965517241,2.0099538722991017,0.0,68,0.12287264728498704,0.11393327261297626,0.0,0.0,2002-12-31,88e4d9f1c178a318,"Yahoo ^MXX 1mo (precio, sin dividendos) 1991-11-30 a 2026-08-31; CETES FRED INTGSTMXM193N 1986-10-01 a 2026-07-01 (descarga 2026-09-25)","{""comision_por_lado"": 0.0, ""cortes"": [""2002-12-31""], ""efectivo_en_mxn"": false, ""exposicion_inicial"": 0.0, ""exposicion_max"": 1.0, ""exposicion_min"": 0.0, ""extras"": [], ""fx"": false, ""max_dias_fx"": 10, ""min_historia"": 10, ""periodos_por_anio"": 12, ""permitir_capturas"": false, ""rebalanceo_con_deriva"": true, ""segmentos"": [""dentro_muestra"", ""fuera_muestra""], ""senal"": ""calendario_oct_abr"", ""spread_por_lado"": 0.0, ""usuario"": {""escenario_costos"": ""bruto"", ""familia"": ""MX"", ""meses"": [1, 2, 3, 4, 10, 11, 12], ""tipo"": ""calendario""}, ""variante"": ""MX_oct_abr""}",sensibilidad: bruto (sin comision ni spread)
2026-09-25T05:49:05.476103Z,R04,a3a91c36ef,MX_oct_abr,0,dentro_muestra,1992-09-30,2002-12-31,123,12,MXN,9.57063738895004,0.2586567411371705,0.23882501565117437,0.2110571166765844,0.3005965812952198,-0.5082379155784611,0.508928462849481,0.06092694156380613,-0.4816641788784278,5.686855621234205,0.7459826023507526,0.5934959349593496,0.5934959349593496,2.0486778846153846,0.0,21,0.16094447081691632,0.231600039807218,0.0,0.0,2002-12-31,88e4d9f1c178a318,"Yahoo ^MXX 1mo (precio, sin dividendos) 1991-11-30 a 2026-08-31; CETES FRED INTGSTMXM193N 1986-10-01 a 2026-07-01 (descarga 2026-09-25)","{""comision_por_lado"": 0.0, ""cortes"": [""2002-12-31""], ""efectivo_en_mxn"": false, ""exposicion_inicial"": 0.0, ""exposicion_max"": 1.0, ""exposicion_min"": 0.0, ""extras"": [], ""fx"": false, ""max_dias_fx"": 10, ""min_historia"": 10, ""periodos_por_anio"": 12, ""permitir_capturas"": false, ""rebalanceo_con_deriva"": true, ""segmentos"": [""dentro_muestra"", ""fuera_muestra""], ""senal"": ""calendario_oct_abr"", ""spread_por_lado"": 0.0, ""usuario"": {""escenario_costos"": ""bruto"", ""familia"": ""MX"", ""meses"": [1, 2, 3, 4, 10, 11, 12], ""tipo"": ""calendario""}, ""variante"": ""MX_oct_abr""}",sensibilidad: bruto (sin comision ni spread)
2026-09-25T05:49:05.476103Z,R04,a3a91c36ef,MX_oct_abr,0,fuera_muestra,2002-12-31,2026-07-31,283,12,MXN,9.795687320574887,0.10615724070896149,0.13448445651031574,0.3416758547862284,0.5023674140552039,-0.2902041748241927,0.3658019074786644,0.09863332336821223,-0.5420084663920703,7.1317845544139225,0.945472827949255,0.5830388692579506,0.5830388692579506,1.9931208638105191,0.0,47,0.10671489637168041,0.06635557576522633,0.0,0.0,2002-12-31,88e4d9f1c178a318,"Yahoo ^MXX 1mo (precio, sin dividendos) 1991-11-30 a 2026-08-31; CETES FRED INTGSTMXM193N 1986-10-01 a 2026-07-01 (descarga 2026-09-25)","{""comision_por_lado"": 0.0, ""cortes"": [""2002-12-31""], ""efectivo_en_mxn"": false, ""exposicion_inicial"": 0.0, ""exposicion_max"": 1.0, ""exposicion_min"": 0.0, ""extras"": [], ""fx"": false, ""max_dias_fx"": 10, ""min_historia"": 10, ""periodos_por_anio"": 12, ""permitir_capturas"": false, ""rebalanceo_con_deriva"": true, ""segmentos"": [""dentro_muestra"", ""fuera_muestra""], ""senal"": ""calendario_oct_abr"", ""spread_por_lado"": 0.0, ""usuario"": {""escenario_costos"": ""bruto"", ""familia"": ""MX"", ""meses"": [1, 2, 3, 4, 10, 11, 12], ""tipo"": ""calendario""}, ""variante"": ""MX_oct_abr""}",sensibilidad: bruto (sin comision ni spread)
2026-09-25T05:49:05.482251Z,R04,02ec331ee4,MX_nov_may,0,completo,1992-09-30,2026-07-31,406,12,MXN,72.87987288134522,0.13561250686865955,0.1671483187679,0.1995948105177266,0.2834911378145488,-0.43019522178839986,0.31523480503780044,0.0576180587906309,-0.577508483447877,7.937260163350275,0.8723463619547208,0.5862068965517241,0.5862068965517241,2.0099538722991017,0.0,68,0.12287264728498704,0.11393327261297626,0.0,0.0,2002-12-31,88e4d9f1c178a318,"Yahoo ^MXX 1mo (precio, sin dividendos) 1991-11-30 a 2026-08-31; CETES FRED INTGSTMXM193N 1986-10-01 a 2026-07-01 (descarga 2026-09-25)","{""comision_por_lado"": 0.0, ""cortes"": [""2002-12-31""], ""efectivo_en_mxn"": false, ""exposicion_inicial"": 0.0, ""exposicion_max"": 1.0, ""exposicion_min"": 0.0, ""extras"": [], ""fx"": false, ""max_dias_fx"": 10, ""min_historia"": 10, ""periodos_por_anio"": 12, ""permitir_capturas"": false, ""rebalanceo_con_deriva"": true, ""segmentos"": [""dentro_muestra"", ""fuera_muestra""], ""senal"": ""calendario_nov_may"", ""spread_por_lado"": 0.0, ""usuario"": {""escenario_costos"": ""bruto"", ""familia"": ""MX"", ""meses"": [1, 2, 3, 4, 5, 11, 12], ""tipo"": ""calendario""}, ""variante"": ""MX_nov_may""}",sensibilidad: bruto (sin comision ni spread)
2026-09-25T05:49:05.482251Z,R04,02ec331ee4,MX_nov_may,0,dentro_muestra,1992-09-30,2002-12-31,123,12,MXN,6.111047197886649,0.21090844201667114,0.23075533024250655,0.03857326354124127,0.052417957399411914,-0.43019522178839986,0.490262167812758,0.011135142044529013,-0.5992534191164667,5.820212491344195,0.5487778817461587,0.5853658536585366,0.5853658536585366,2.0486778846153846,0.0,21,0.16094447081691632,0.231600039807218,0.0,0.0,2002-12-31,88e4d9f1c178a318,"Yahoo ^MXX 1mo (precio, sin dividendos) 1991-11-30 a 2026-08-31; CETES FRED INTGSTMXM193N 1986-10-01 a 2026-07-01 (descarga 2026-09-25)","{""comision_por_lado"": 0.0, ""cortes"": [""2002-12-31""], ""efectivo_en_mxn"": false, ""exposicion_inicial"": 0.0, ""exposicion_max"": 1.0, ""exposicion_min"": 0.0, ""extras"": [], ""fx"": false, ""max_dias_fx"": 10, ""min_historia"": 10, ""periodos_por_anio"": 12, ""permitir_capturas"": false, ""rebalanceo_con_deriva"": true, ""segmentos"": [""dentro_muestra"", ""fuera_muestra""], ""senal"": ""calendario_nov_may"", ""spread_por_lado"": 0.0, ""usuario"": {""escenario_costos"": ""bruto"", ""familia"": ""MX"", ""meses"": [1, 2, 3, 4, 5, 11, 12], ""tipo"": ""calendario""}, ""variante"": ""MX_nov_may""}",sensibilidad: bruto (sin comision ni spread)
2026-09-25T05:49:05.482251Z,R04,02ec331ee4,MX_nov_may,0,fuera_muestra,2002-12-31,2026-07-31,283,12,MXN,9.3894505022132,0.10435948484438162,0.12950912679327284,0.33677834265860984,0.5134983014477406,-0.26631627205368225,0.3918629681904887,0.09721953339559222,-0.16477130745620905,5.880948185990403,0.9463618575983712,0.5865724381625441,0.5865724381625441,1.9931208638105191,0.0,47,0.10671489637168041,0.06635557576522633,0.0,0.0,2002-12-31,88e4d9f1c178a318,"Yahoo ^MXX 1mo (precio, sin dividendos) 1991-11-30 a 2026-08-31; CETES FRED INTGSTMXM193N 1986-10-01 a 2026-07-01 (descarga 2026-09-25)","{""comision_por_lado"": 0.0, ""cortes"": [""2002-12-31""], ""efectivo_en_mxn"": false, ""exposicion_inicial"": 0.0, ""exposicion_max"": 1.0, ""exposicion_min"": 0.0, ""extras"": [], ""fx"": false, ""max_dias_fx"": 10, ""min_historia"": 10, ""periodos_por_anio"": 12, ""permitir_capturas"": false, ""rebalanceo_con_deriva"": true, ""segmentos"": [""dentro_muestra"", ""fuera_muestra""], ""senal"": ""calendario_nov_may"", ""spread_por_lado"": 0.0, ""usuario"": {""escenario_costos"": ""bruto"", ""familia"": ""MX"", ""meses"": [1, 2, 3, 4, 5, 11, 12], ""tipo"": ""calendario""}, ""variante"": ""MX_nov_may""}",sensibilidad: bruto (sin comision ni spread)
2026-09-25T05:49:05.488325Z,R04,8def85beaf,MX_dic_abr,0,completo,1992-09-30,2026-07-31,406,12,MXN,64.26315210686255,0.1314574374633093,0.14444758285488643,0.18174109480829465,0.25482929230380236,-0.46672080626723156,0.2816618322947453,0.05246413500519311,-0.843078752176468,12.567853689574807,0.8483310081676707,0.4187192118226601,0.4187192118226601,2.0099538722991017,0.0,68,0.12287264728498704,0.11393327261297626,0.0,0.0,2002-12-31,88e4d9f1c178a318,"Yahoo ^MXX 1mo (precio, sin dividendos) 1991-11-30 a 2026-08-31; CETES FRED INTGSTMXM193N 1986-10-01 a 2026-07-01 (descarga 2026-09-25)","{""comision_por_lado"": 0.0, ""cortes"": [""2002-12-31""], ""efectivo_en_mxn"": false, ""exposicion_inicial"": 0.0, ""exposicion_max"": 1.0, ""exposicion_min"": 0.0, ""extras"": [], ""fx"": false, ""max_dias_fx"": 10, ""min_historia"": 10, ""periodos_por_anio"": 12, ""permitir_capturas"": false, ""rebalanceo_con_deriva"": true, ""segmentos"": [""dentro_muestra"", ""fuera_muestra""], ""senal"": ""calendario_dic_abr"", ""spread_por_lado"": 0.0, ""usuario"": {""escenario_costos"": ""bruto"", ""familia"": ""MX"", ""meses"": [1, 2, 3, 4, 12], ""tipo"": ""calendario""}, ""variante"": ""MX_dic_abr""}",sensibilidad: bruto (sin comision ni spread)
2026-09-25T05:49:05.488325Z,R04,8def85beaf,MX_dic_abr,0,dentro_muestra,1992-09-30,2002-12-31,123,12,MXN,6.376766642888577,0.21524996653900796,0.20256532439554267,0.032142868992349076,0.04360588991363602,-0.46672080626723156,0.46119642331900185,0.009278847032629807,-0.7839547309047773,8.919991694395874,0.5406648565703893,0.4146341463414634,0.4146341463414634,2.0486778846153846,0.0,21,0.16094447081691632,0.231600039807218,0.0,0.0,2002-12-31,88e4d9f1c178a318,"Yahoo ^MXX 1mo (precio, sin dividendos) 1991-11-30 a 2026-08-31; CETES FRED INTGSTMXM193N 1986-10-01 a 2026-07-01 (descarga 2026-09-25)","{""comision_por_lado"": 0.0, ""cortes"": [""2002-12-31""], ""efectivo_en_mxn"": false, ""exposicion_inicial"": 0.0, ""exposicion_max"": 1.0, ""exposicion_min"": 0.0, ""extras"": [], ""fx"": false, ""max_dias_fx"": 10, ""min_historia"": 10, ""periodos_por_anio"": 12, ""permitir_capturas"": false, ""rebalanceo_con_deriva"": true, ""segmentos"": [""dentro_muestra"", ""fuera_muestra""], ""senal"": ""calendario_dic_abr"", ""spread_por_lado"": 0.0, ""usuario"": {""escenario_costos"": ""bruto"", ""familia"": ""MX"", ""meses"": [1, 2, 3, 4, 12], ""tipo"": ""calendario""}, ""variante"": ""MX_dic_abr""}",sensibilidad: bruto (sin comision ni spread)
2026-09-25T05:49:05.488325Z,R04,8def85beaf,MX_dic_abr,0,fuera_muestra,2002-12-31,2026-07-31,283,12,MXN,7.847121681662269,0.09685916528305083,0.10889666762852593,0.315745975135505,0.4687371740378876,-0.2165981341915192,0.44718374719426973,0.09114801187001235,-0.460984263942277,8.903553803143536,0.9315961128996715,0.4204946996466431,0.4204946996466431,1.9931208638105191,0.0,47,0.10671489637168041,0.06635557576522633,0.0,0.0,2002-12-31,88e4d9f1c178a318,"Yahoo ^MXX 1mo (precio, sin dividendos) 1991-11-30 a 2026-08-31; CETES FRED INTGSTMXM193N 1986-10-01 a 2026-07-01 (descarga 2026-09-25)","{""comision_por_lado"": 0.0, ""cortes"": [""2002-12-31""], ""efectivo_en_mxn"": false, ""exposicion_inicial"": 0.0, ""exposicion_max"": 1.0, ""exposicion_min"": 0.0, ""extras"": [], ""fx"": false, ""max_dias_fx"": 10, ""min_historia"": 10, ""periodos_por_anio"": 12, ""permitir_capturas"": false, ""rebalanceo_con_deriva"": true, ""segmentos"": [""dentro_muestra"", ""fuera_muestra""], ""senal"": ""calendario_dic_abr"", ""spread_por_lado"": 0.0, ""usuario"": {""escenario_costos"": ""bruto"", ""familia"": ""MX"", ""meses"": [1, 2, 3, 4, 12], ""tipo"": ""calendario""}, ""variante"": ""MX_dic_abr""}",sensibilidad: bruto (sin comision ni spread)
2026-09-25T05:49:05.494319Z,R04,2ea634b23a,MX_nov_mar,0,completo,1992-09-30,2026-07-31,406,12,MXN,107.03878611534316,0.14844141048196824,0.1493275431578235,0.28303099462881026,0.4097634630752078,-0.430466407518313,0.34483854695596244,0.08170401046897557,-0.716295689137812,11.579837412281721,0.943516420145034,0.4187192118226601,0.4187192118226601,2.0099538722991017,0.0,68,0.12287264728498704,0.11393327261297626,0.0,0.0,2002-12-31,88e4d9f1c178a318,"Yahoo ^MXX 1mo (precio, sin dividendos) 1991-11-30 a 2026-08-31; CETES FRED INTGSTMXM193N 1986-10-01 a 2026-07-01 (descarga 2026-09-25)","{""comision_por_lado"": 0.0, ""cortes"": [""2002-12-31""], ""efectivo_en_mxn"": false, ""exposicion_inicial"": 0.0, ""exposicion_max"": 1.0, ""exposicion_min"": 0.0, ""extras"": [], ""fx"": false, ""max_dias_fx"": 10, ""min_historia"": 10, ""periodos_por_anio"": 12, ""permitir_capturas"": false, ""rebalanceo_con_deriva"": true, ""segmentos"": [""dentro_muestra"", ""fuera_muestra""], ""senal"": ""calendario_nov_mar"", ""spread_por_lado"": 0.0, ""usuario"": {""escenario_costos"": ""bruto"", ""familia"": ""MX"", ""meses"": [1, 2, 3, 11, 12], ""tipo"": ""calendario""}, ""variante"": ""MX_nov_mar""}",sensibilidad: bruto (sin comision ni spread)
2026-09-25T05:49:05.494319Z,R04,2ea634b23a,MX_nov_mar,0,dentro_muestra,1992-09-30,2002-12-31,123,12,MXN,9.687716154703422,0.2600099908685918,0.21078041447764084,0.2150640525783204,0.3027158910357696,-0.430466407518313,0.6040192366405046,0.06208364432455256,-0.7422605735753771,7.971361529683352,0.7480352078945579,0.42276422764227645,0.42276422764227645,2.0486778846153846,0.0,21,0.16094447081691632,0.231600039807218,0.0,0.0,2002-12-31,88e4d9f1c178a318,"Yahoo ^MXX 1mo (precio, sin dividendos) 1991-11-30 a 2026-08-31; CETES FRED INTGSTMXM193N 1986-10-01 a 2026-07-01 (descarga 2026-09-25)","{""comision_por_lado"": 0.0, ""cortes"": [""2002-12-31""], ""efectivo_en_mxn"": false, ""exposicion_inicial"": 0.0, ""exposicion_max"": 1.0, ""exposicion_min"": 0.0, ""extras"": [], ""fx"": false, ""max_dias_fx"": 10, ""min_historia"": 10, ""periodos_por_anio"": 12, ""permitir_capturas"": false, ""rebalanceo_con_deriva"": true, ""segmentos"": [""dentro_muestra"", ""fuera_muestra""], ""senal"": ""calendario_nov_mar"", ""spread_por_lado"": 0.0, ""usuario"": {""escenario_costos"": ""bruto"", ""familia"": ""MX"", ""meses"": [1, 2, 3, 11, 12], ""tipo"": ""calendario""}, ""variante"": ""MX_nov_mar""}",sensibilidad: bruto (sin comision ni spread)
2026-09-25T05:49:05.494319Z,R04,2ea634b23a,MX_nov_mar,0,fuera_muestra,2002-12-31,2026-07-31,283,12,MXN,9.108687819876062,0.10307722478812731,0.1105713351456304,0.3637864416878137,0.5550627200205652,-0.2165981341915192,0.47589156376104763,0.10501610001799767,-0.2956758195561882,8.602795943667182,0.9572267325936704,0.4169611307420495,0.4169611307420495,1.9931208638105191,0.0,47,0.10671489637168041,0.06635557576522633,0.0,0.0,2002-12-31,88e4d9f1c178a318,"Yahoo ^MXX 1mo (precio, sin dividendos) 1991-11-30 a 2026-08-31; CETES FRED INTGSTMXM193N 1986-10-01 a 2026-07-01 (descarga 2026-09-25)","{""comision_por_lado"": 0.0, ""cortes"": [""2002-12-31""], ""efectivo_en_mxn"": false, ""exposicion_inicial"": 0.0, ""exposicion_max"": 1.0, ""exposicion_min"": 0.0, ""extras"": [], ""fx"": false, ""max_dias_fx"": 10, ""min_historia"": 10, ""periodos_por_anio"": 12, ""permitir_capturas"": false, ""rebalanceo_con_deriva"": true, ""segmentos"": [""dentro_muestra"", ""fuera_muestra""], ""senal"": ""calendario_nov_mar"", ""spread_por_lado"": 0.0, ""usuario"": {""escenario_costos"": ""bruto"", ""familia"": ""MX"", ""meses"": [1, 2, 3, 11, 12], ""tipo"": ""calendario""}, ""variante"": ""MX_nov_mar""}",sensibilidad: bruto (sin comision ni spread)
2026-09-25T05:49:05.500549Z,R04,7a5d0b1bac,MX_ref_comprar_mantener,0,completo,1992-09-30,2026-07-31,406,12,MXN,49.438545263288255,0.12287264728498704,0.21858564196555938,0.14634856156657627,0.20351160429056253,-0.44914313071728995,0.27357124907767627,0.042247190707988665,-0.5661488272958772,5.524972142507266,0.7993753780480523,1.0,1.0,0.029558145180869144,0.0,1,0.12287264728498704,0.11393327261297626,0.0,0.0,2002-12-31,88e4d9f1c178a318,"Yahoo ^MXX 1mo (precio, sin dividendos) 1991-11-30 a 2026-08-31; CETES FRED INTGSTMXM193N 1986-10-01 a 2026-07-01 (descarga 2026-09-25)","{""comision_por_lado"": 0.0, ""cortes"": [""2002-12-31""], ""efectivo_en_mxn"": false, ""exposicion_inicial"": 0.0, ""exposicion_max"": 1.0, ""exposicion_min"": 0.0, ""extras"": [], ""fx"": false, ""max_dias_fx"": 10, ""min_historia"": 10, ""periodos_por_anio"": 12, ""permitir_capturas"": false, ""rebalanceo_con_deriva"": true, ""segmentos"": [""dentro_muestra"", ""fuera_muestra""], ""senal"": ""senal_comprar_y_mantener"", ""spread_por_lado"": 0.0, ""usuario"": {""escenario_costos"": ""bruto"", ""familia"": ""MX"", ""tipo"": ""referencia""}, ""variante"": ""MX_ref_comprar_mantener""}",referencia; sensibilidad: bruto (sin comision ni spread)
2026-09-25T05:49:05.500549Z,R04,7a5d0b1bac,MX_ref_comprar_mantener,0,dentro_muestra,1992-09-30,2002-12-31,123,12,MXN,3.616901481777803,0.16094447081691632,0.3128383163519314,-0.03636261452747414,-0.049105794464622605,-0.44914313071728995,0.3583367078549882,-0.010496982642937898,-0.4468270647759682,3.6734232630608625,0.4537424496690919,1.0,1.0,0.09755608974358976,0.0,1,0.16094447081691632,0.231600039807218,0.0,0.0,2002-12-31,88e4d9f1c178a318,"Yahoo ^MXX 1mo (precio, sin dividendos) 1991-11-30 a 2026-08-31; CETES FRED INTGSTMXM193N 1986-10-01 a 2026-07-01 (descarga 2026-09-25)","{""comision_por_lado"": 0.0, ""cortes"": [""2002-12-31""], ""efectivo_en_mxn"": false, ""exposicion_inicial"": 0.0, ""exposicion_max"": 1.0, ""exposicion_min"": 0.0, ""extras"": [], ""fx"": false, ""max_dias_fx"": 10, ""min_historia"": 10, ""periodos_por_anio"": 12, ""permitir_capturas"": false, ""rebalanceo_con_deriva"": true, ""segmentos"": [""dentro_muestra"", ""fuera_muestra""], ""senal"": ""senal_comprar_y_mantener"", ""spread_por_lado"": 0.0, ""usuario"": {""escenario_costos"": ""bruto"", ""familia"": ""MX"", ""tipo"": ""referencia""}, ""variante"": ""MX_ref_comprar_mantener""}",referencia; sensibilidad: bruto (sin comision ni spread)
2026-09-25T05:49:05.500549Z,R04,7a5d0b1bac,MX_ref_comprar_mantener,0,fuera_muestra,2002-12-31,2026-07-31,283,12,MXN,9.924761003101635,0.10671489637168041,0.16154910219895394,0.31150622660162613,0.45709033834121593,-0.44481881588798433,0.23990643506985482,0.08992410189134671,-0.35469073773052145,4.214250467653615,0.9308169388851417,1.0,1.0,0.0,0.0,0,0.10671489637168041,0.06635557576522633,0.0,0.0,2002-12-31,88e4d9f1c178a318,"Yahoo ^MXX 1mo (precio, sin dividendos) 1991-11-30 a 2026-08-31; CETES FRED INTGSTMXM193N 1986-10-01 a 2026-07-01 (descarga 2026-09-25)","{""comision_por_lado"": 0.0, ""cortes"": [""2002-12-31""], ""efectivo_en_mxn"": false, ""exposicion_inicial"": 0.0, ""exposicion_max"": 1.0, ""exposicion_min"": 0.0, ""extras"": [], ""fx"": false, ""max_dias_fx"": 10, ""min_historia"": 10, ""periodos_por_anio"": 12, ""permitir_capturas"": false, ""rebalanceo_con_deriva"": true, ""segmentos"": [""dentro_muestra"", ""fuera_muestra""], ""senal"": ""senal_comprar_y_mantener"", ""spread_por_lado"": 0.0, ""usuario"": {""escenario_costos"": ""bruto"", ""familia"": ""MX"", ""tipo"": ""referencia""}, ""variante"": ""MX_ref_comprar_mantener""}",referencia; sensibilidad: bruto (sin comision ni spread)
2026-09-25T05:49:05.505284Z,R04,ea45e31cf4,MX_ref_efectivo,0,completo,1992-09-30,2026-07-31,406,12,MXN,37.48769903435884,0.11393327261297626,0.02856669819897409,0.0,0.0,0.0,inf,,0.0,3.0,,0.0,0.0,0.0,0.0,0,0.12287264728498704,0.11393327261297626,0.0,0.0,2002-12-31,88e4d9f1c178a318,"Yahoo ^MXX 1mo (precio, sin dividendos) 1991-11-30 a 2026-08-31; CETES FRED INTGSTMXM193N 1986-10-01 a 2026-07-01 (descarga 2026-09-25)","{""comision_por_lado"": 0.0, ""cortes"": [""2002-12-31""], ""efectivo_en_mxn"": false, ""exposicion_inicial"": 0.0, ""exposicion_max"": 1.0, ""exposicion_min"": 0.0, ""extras"": [], ""fx"": false, ""max_dias_fx"": 10, ""min_historia"": 10, ""periodos_por_anio"": 12, ""permitir_capturas"": false, ""rebalanceo_con_deriva"": true, ""segmentos"": [""dentro_muestra"", ""fuera_muestra""], ""senal"": ""senal_efectivo"", ""spread_por_lado"": 0.0, ""usuario"": {""escenario_costos"": ""bruto"", ""familia"": ""MX"", ""tipo"": ""referencia""}, ""variante"": ""MX_ref_efectivo""}",referencia; sensibilidad: bruto (sin comision ni spread)
2026-09-25T05:49:05.505284Z,R04,ea45e31cf4,MX_ref_efectivo,0,dentro_muestra,1992-09-30,2002-12-31,123,12,MXN,7.45981388277044,0.231600039807218,0.0367172167633525,0.0,0.0,0.0,inf,,0.0,3.0,,0.0,0.0,0.0,0.0,0,0.16094447081691632,0.231600039807218,0.0,0.0,2002-12-31,88e4d9f1c178a318,"Yahoo ^MXX 1mo (precio, sin dividendos) 1991-11-30 a 2026-08-31; CETES FRED INTGSTMXM193N 1986-10-01 a 2026-07-01 (descarga 2026-09-25)","{""comision_por_lado"": 0.0, ""cortes"": [""2002-12-31""], ""efectivo_en_mxn"": false, ""exposicion_inicial"": 0.0, ""exposicion_max"": 1.0, ""exposicion_min"": 0.0, ""extras"": [], ""fx"": false, ""max_dias_fx"": 10, ""min_historia"": 10, ""periodos_por_anio"": 12, ""permitir_capturas"": false, ""rebalanceo_con_deriva"": true, ""segmentos"": [""dentro_muestra"", ""fuera_muestra""], ""senal"": ""senal_efectivo"", ""spread_por_lado"": 0.0, ""usuario"": {""escenario_costos"": ""bruto"", ""familia"": ""MX"", ""tipo"": ""referencia""}, ""variante"": ""MX_ref_efectivo""}",referencia; sensibilidad: bruto (sin comision ni spread)
2026-09-25T05:49:05.505284Z,R04,ea45e31cf4,MX_ref_efectivo,0,fuera_muestra,2002-12-31,2026-07-31,283,12,MXN,3.5494734952436993,0.06635557576522633,0.006786089323222169,0.0,0.0,0.0,inf,,0.0,3.0,,0.0,0.0,0.0,0.0,0,0.10671489637168041,0.06635557576522633,0.0,0.0,2002-12-31,88e4d9f1c178a318,"Yahoo ^MXX 1mo (precio, sin dividendos) 1991-11-30 a 2026-08-31; CETES FRED INTGSTMXM193N 1986-10-01 a 2026-07-01 (descarga 2026-09-25)","{""comision_por_lado"": 0.0, ""cortes"": [""2002-12-31""], ""efectivo_en_mxn"": false, ""exposicion_inicial"": 0.0, ""exposicion_max"": 1.0, ""exposicion_min"": 0.0, ""extras"": [], ""fx"": false, ""max_dias_fx"": 10, ""min_historia"": 10, ""periodos_por_anio"": 12, ""permitir_capturas"": false, ""rebalanceo_con_deriva"": true, ""segmentos"": [""dentro_muestra"", ""fuera_muestra""], ""senal"": ""senal_efectivo"", ""spread_por_lado"": 0.0, ""usuario"": {""escenario_costos"": ""bruto"", ""familia"": ""MX"", ""tipo"": ""referencia""}, ""variante"": ""MX_ref_efectivo""}",referencia; sensibilidad: bruto (sin comision ni spread)
2026-09-25T05:49:05.511911Z,R04,706406f1c0,MX_ref_sma10,0,completo,1992-09-30,2026-07-31,406,12,MXN,51.81838519127429,0.12440387251954399,0.15785089473598518,0.137197272491201,0.19754452619694327,-0.3505039967029847,0.3549285420130692,0.039605441102438674,-0.08653646066116884,4.805392849047651,0.7867196471988727,0.6650246305418719,0.6650246305418719,1.9803957271182326,0.0,67,0.12287264728498704,0.11393327261297626,0.0,0.0,2002-12-31,88e4d9f1c178a318,"Yahoo ^MXX 1mo (precio, sin dividendos) 1991-11-30 a 2026-08-31; CETES FRED INTGSTMXM193N 1986-10-01 a 2026-07-01 (descarga 2026-09-25)","{""comision_por_lado"": 0.0, ""cortes"": [""2002-12-31""], ""efectivo_en_mxn"": false, ""exposicion_inicial"": 0.0, ""exposicion_max"": 1.0, ""exposicion_min"": 0.0, ""extras"": [], ""fx"": false, ""max_dias_fx"": 10, ""min_historia"": 10, ""periodos_por_anio"": 12, ""permitir_capturas"": false, ""rebalanceo_con_deriva"": true, ""segmentos"": [""dentro_muestra"", ""fuera_muestra""], ""senal"": ""media_movil_10"", ""spread_por_lado"": 0.0, ""usuario"": {""escenario_costos"": ""bruto"", ""familia"": ""MX"", ""tipo"": ""referencia"", ""ventana"": 10}, ""variante"": ""MX_ref_sma10""}",referencia; sensibilidad: bruto (sin comision ni spread)
2026-09-25T05:49:05.511911Z,R04,706406f1c0,MX_ref_sma10,0,dentro_muestra,1992-09-30,2002-12-31,123,12,MXN,3.692689250606427,0.1627899915101103,0.22886570670516948,-0.14903290702523125,-0.20606489304623216,-0.3505039967029847,0.46444546436387063,-0.043022094494564865,0.08181344764633398,3.0395302164697564,0.3177009007015917,0.6829268292682927,0.6829268292682927,1.951121794871795,0.0,20,0.16094447081691632,0.231600039807218,0.0,0.0,2002-12-31,88e4d9f1c178a318,"Yahoo ^MXX 1mo (precio, sin dividendos) 1991-11-30 a 2026-08-31; CETES FRED INTGSTMXM193N 1986-10-01 a 2026-07-01 (descarga 2026-09-25)","{""comision_por_lado"": 0.0, ""cortes"": [""2002-12-31""], ""efectivo_en_mxn"": false, ""exposicion_inicial"": 0.0, ""exposicion_max"": 1.0, ""exposicion_min"": 0.0, ""extras"": [], ""fx"": false, ""max_dias_fx"": 10, ""min_historia"": 10, ""periodos_por_anio"": 12, ""permitir_capturas"": false, ""rebalanceo_con_deriva"": true, ""segmentos"": [""dentro_muestra"", ""fuera_muestra""], ""senal"": ""media_movil_10"", ""spread_por_lado"": 0.0, ""usuario"": {""escenario_costos"": ""bruto"", ""familia"": ""MX"", ""tipo"": ""referencia"", ""ventana"": 10}, ""variante"": ""MX_ref_sma10""}",referencia; sensibilidad: bruto (sin comision ni spread)
2026-09-25T05:49:05.511911Z,R04,706406f1c0,MX_ref_sma10,0,fuera_muestra,2002-12-31,2026-07-31,283,12,MXN,10.255461926111696,0.10811537941708216,0.11404926230312959,0.3950782456228341,0.6130961577996544,-0.1740635258414912,0.6211259877358574,0.11404926573065419,-0.07114567049536175,4.6103465175283915,0.9710516186742697,0.657243816254417,0.657243816254417,1.9931208638105191,0.0,47,0.10671489637168041,0.06635557576522633,0.0,0.0,2002-12-31,88e4d9f1c178a318,"Yahoo ^MXX 1mo (precio, sin dividendos) 1991-11-30 a 2026-08-31; CETES FRED INTGSTMXM193N 1986-10-01 a 2026-07-01 (descarga 2026-09-25)","{""comision_por_lado"": 0.0, ""cortes"": [""2002-12-31""], ""efectivo_en_mxn"": false, ""exposicion_inicial"": 0.0, ""exposicion_max"": 1.0, ""exposicion_min"": 0.0, ""extras"": [], ""fx"": false, ""max_dias_fx"": 10, ""min_historia"": 10, ""periodos_por_anio"": 12, ""permitir_capturas"": false, ""rebalanceo_con_deriva"": true, ""segmentos"": [""dentro_muestra"", ""fuera_muestra""], ""senal"": ""media_movil_10"", ""spread_por_lado"": 0.0, ""usuario"": {""escenario_costos"": ""bruto"", ""familia"": ""MX"", ""tipo"": ""referencia"", ""ventana"": 10}, ""variante"": ""MX_ref_sma10""}",referencia; sensibilidad: bruto (sin comision ni spread)
2026-09-25T05:49:05.517751Z,R04,6c315c3e62,MX_ref_verano,0,completo,1992-09-30,2026-07-31,406,12,MXN,17.02345321601562,0.08923162444034372,0.15379671393054842,-0.07273794891629398,-0.09729060094609525,-0.4362482152216709,0.20454324241762784,-0.02099763719356179,-0.796171577231601,12.3595106879337,0.33509934166890953,0.4975369458128079,0.4975369458128079,2.039512017479971,0.0,69,0.12287264728498704,0.11393327261297626,0.0,0.0,2002-12-31,88e4d9f1c178a318,"Yahoo ^MXX 1mo (precio, sin dividendos) 1991-11-30 a 2026-08-31; CETES FRED INTGSTMXM193N 1986-10-01 a 2026-07-01 (descarga 2026-09-25)","{""comision_por_lado"": 0.0, ""cortes"": [""2002-12-31""], ""efectivo_en_mxn"": false, ""exposicion_inicial"": 0.0, ""exposicion_max"": 1.0, ""exposicion_min"": 0.0, ""extras"": [], ""fx"": false, ""max_dias_fx"": 10, ""min_historia"": 10, ""periodos_por_anio"": 12, ""permitir_capturas"": false, ""rebalanceo_con_deriva"": true, ""segmentos"": [""dentro_muestra"", ""fuera_muestra""], ""senal"": ""calendario_may_oct"", ""spread_por_lado"": 0.0, ""usuario"": {""escenario_costos"": ""bruto"", ""familia"": ""MX"", ""meses"": [5, 6, 7, 8, 9, 10], ""tipo"": ""referencia""}, ""variante"": ""MX_ref_verano""}",referencia; sensibilidad: bruto (sin comision ni spread)
2026-09-25T05:49:05.517751Z,R04,6c315c3e62,MX_ref_verano,0,dentro_muestra,1992-09-30,2002-12-31,123,12,MXN,3.201903469545206,0.1503260659889385,0.22559848000270072,-0.1999775595587453,-0.2630235390678778,-0.4362482152216709,0.3445883805222063,-0.05772854892156301,-0.6162444503475483,7.723360376412487,0.258683640155865,0.4959349593495935,0.4959349593495935,2.1462339743589745,0.0,22,0.16094447081691632,0.231600039807218,0.0,0.0,2002-12-31,88e4d9f1c178a318,"Yahoo ^MXX 1mo (precio, sin dividendos) 1991-11-30 a 2026-08-31; CETES FRED INTGSTMXM193N 1986-10-01 a 2026-07-01 (descarga 2026-09-25)","{""comision_por_lado"": 0.0, ""cortes"": [""2002-12-31""], ""efectivo_en_mxn"": false, ""exposicion_inicial"": 0.0, ""exposicion_max"": 1.0, ""exposicion_min"": 0.0, ""extras"": [], ""fx"": false, ""max_dias_fx"": 10, ""min_historia"": 10, ""periodos_por_anio"": 12, ""permitir_capturas"": false, ""rebalanceo_con_deriva"": true, ""segmentos"": [""dentro_muestra"", ""fuera_muestra""], ""senal"": ""calendario_may_oct"", ""spread_por_lado"": 0.0, ""usuario"": {""escenario_costos"": ""bruto"", ""familia"": ""MX"", ""meses"": [5, 6, 7, 8, 9, 10], ""tipo"": ""referencia""}, ""variante"": ""MX_ref_verano""}",referencia; sensibilidad: bruto (sin comision ni spread)
2026-09-25T05:49:05.517751Z,R04,6c315c3e62,MX_ref_verano,0,fuera_muestra,2002-12-31,2026-07-31,283,12,MXN,3.2893544191690793,0.06369651217229988,0.10818460749086636,0.03078221246193507,0.042629706805195004,-0.3605936093224781,0.17664348597852222,0.008886059325575233,-0.518925680864391,9.859243815285554,0.5591705090958631,0.49823321554770317,0.49823321554770317,1.9931208638105191,0.0,47,0.10671489637168041,0.06635557576522633,0.0,0.0,2002-12-31,88e4d9f1c178a318,"Yahoo ^MXX 1mo (precio, sin dividendos) 1991-11-30 a 2026-08-31; CETES FRED INTGSTMXM193N 1986-10-01 a 2026-07-01 (descarga 2026-09-25)","{""comision_por_lado"": 0.0, ""cortes"": [""2002-12-31""], ""efectivo_en_mxn"": false, ""exposicion_inicial"": 0.0, ""exposicion_max"": 1.0, ""exposicion_min"": 0.0, ""extras"": [], ""fx"": false, ""max_dias_fx"": 10, ""min_historia"": 10, ""periodos_por_anio"": 12, ""permitir_capturas"": false, ""rebalanceo_con_deriva"": true, ""segmentos"": [""dentro_muestra"", ""fuera_muestra""], ""senal"": ""calendario_may_oct"", ""spread_por_lado"": 0.0, ""usuario"": {""escenario_costos"": ""bruto"", ""familia"": ""MX"", ""meses"": [5, 6, 7, 8, 9, 10], ""tipo"": ""referencia""}, ""variante"": ""MX_ref_verano""}",referencia; sensibilidad: bruto (sin comision ni spread)
2026-09-25T05:49:05.530314Z,R04,009c4daab0,USMXN_nov_abr,0,completo,1993-11-30,2026-07-31,392,12,MXN,60.345257386897856,0.1343061404611996,0.13579570373419825,0.2113735979257469,0.3820637502009396,-0.21143290893506095,0.6352187137644221,0.061018301831004845,4.194257407652169,54.85451635227143,0.912114109078583,0.5025510204081632,0.5025510204081632,2.0204928337943175,0.006869675634900666,66,0.1694929348712011,0.11188028532280225,0.0029,0.0005,2002-12-31,8266d9090e0a3a0c,French F-F_Research_Data_Factors CRSP 202607 sha256 b840dba55d319f48; FRED DEXMXUS; CETES FRED INTGSTMXM193N,"{""comision_por_lado"": 0.0029, ""cortes"": [""2002-12-31""], ""efectivo_en_mxn"": true, ""exposicion_inicial"": 0.0, ""exposicion_max"": 1.0, ""exposicion_min"": 0.0, ""extras"": [""fx""], ""fx"": true, ""max_dias_fx"": 10, ""min_historia"": 10, ""periodos_por_anio"": 12, ""permitir_capturas"": false, ""rebalanceo_con_deriva"": true, ""segmentos"": [""dentro_muestra"", ""fuera_muestra""], ""senal"": ""calendario_nov_abr"", ""spread_por_lado"": 0.0005, ""usuario"": {""escenario_costos"": ""defecto"", ""familia"": ""USMXN"", ""meses"": [1, 2, 3, 4, 11, 12], ""moneda"": ""MXN""}, ""variante"": ""USMXN_nov_abr""}",sensibilidad: MXN (activo EUA convertido con DEXMXUS; efectivo CETES)
2026-09-25T05:49:05.530314Z,R04,009c4daab0,USMXN_nov_abr,0,dentro_muestra,1993-11-30,2002-12-31,109,12,MXN,7.277650484075924,0.26195675710407285,0.20723288163841952,0.1777405368243295,0.35761322632826303,-0.21143290893506095,1.2389592444406545,0.051309273390717614,4.095933853199917,35.000915666185854,0.7229604231211066,0.5045871559633027,0.5045871559633027,2.0915461121157324,0.00711125678119349,19,0.24202635161476094,0.23933318741942888,0.0029,0.0005,2002-12-31,8266d9090e0a3a0c,French F-F_Research_Data_Factors CRSP 202607 sha256 b840dba55d319f48; FRED DEXMXUS; CETES FRED INTGSTMXM193N,"{""comision_por_lado"": 0.0029, ""cortes"": [""2002-12-31""], ""efectivo_en_mxn"": true, ""exposicion_inicial"": 0.0, ""exposicion_max"": 1.0, ""exposicion_min"": 0.0, ""extras"": [""fx""], ""fx"": true, ""max_dias_fx"": 10, ""min_historia"": 10, ""periodos_por_anio"": 12, ""permitir_capturas"": false, ""rebalanceo_con_deriva"": true, ""segmentos"": [""dentro_muestra"", ""fuera_muestra""], ""senal"": ""calendario_nov_abr"", ""spread_por_lado"": 0.0005, ""usuario"": {""escenario_costos"": ""defecto"", ""familia"": ""USMXN"", ""meses"": [1, 2, 3, 4, 11, 12], ""moneda"": ""MXN""}, ""variante"": ""USMXN_nov_abr""}",sensibilidad: MXN (activo EUA convertido con DEXMXUS; efectivo CETES)
2026-09-25T05:49:05.530314Z,R04,009c4daab0,USMXN_nov_abr,0,fuera_muestra,2002-12-31,2026-07-31,283,12,MXN,6.410950426683315,0.08865079044563884,0.09217282189169357,0.26877319097713376,0.4192481951663134,-0.17301985936100284,0.512373497314378,0.07758813708080144,0.5083053652411711,10.946409476875044,0.906443170298388,0.5017667844522968,0.5017667844522968,1.9931208638105191,0.006776610936955759,47,0.14269483504677938,0.06635557576522633,0.0029,0.0005,2002-12-31,8266d9090e0a3a0c,French F-F_Research_Data_Factors CRSP 202607 sha256 b840dba55d319f48; FRED DEXMXUS; CETES FRED INTGSTMXM193N,"{""comision_por_lado"": 0.0029, ""cortes"": [""2002-12-31""], ""efectivo_en_mxn"": true, ""exposicion_inicial"": 0.0, ""exposicion_max"": 1.0, ""exposicion_min"": 0.0, ""extras"": [""fx""], ""fx"": true, ""max_dias_fx"": 10, ""min_historia"": 10, ""periodos_por_anio"": 12, ""permitir_capturas"": false, ""rebalanceo_con_deriva"": true, ""segmentos"": [""dentro_muestra"", ""fuera_muestra""], ""senal"": ""calendario_nov_abr"", ""spread_por_lado"": 0.0005, ""usuario"": {""escenario_costos"": ""defecto"", ""familia"": ""USMXN"", ""meses"": [1, 2, 3, 4, 11, 12], ""moneda"": ""MXN""}, ""variante"": ""USMXN_nov_abr""}",sensibilidad: MXN (activo EUA convertido con DEXMXUS; efectivo CETES)
2026-09-25T05:49:05.542080Z,R04,eb45485042,USMXN_ref_comprar_mantener,0,completo,1993-11-30,2026-07-31,392,12,MXN,164.83752748151295,0.16937100598494137,0.1669232673685158,0.38625224534982916,0.657408756625127,-0.3986273085655938,0.42488560704583916,0.11150141891391063,2.057567746481265,23.486722551372957,0.9919128521879019,1.0,1.0,0.030613527784762385,0.0001040859944681921,1,0.1694929348712011,0.11188028532280225,0.0029,0.0005,2002-12-31,8266d9090e0a3a0c,French F-F_Research_Data_Factors CRSP 202607 sha256 b840dba55d319f48; FRED DEXMXUS; CETES FRED INTGSTMXM193N,"{""comision_por_lado"": 0.0029, ""cortes"": [""2002-12-31""], ""efectivo_en_mxn"": true, ""exposicion_inicial"": 0.0, ""exposicion_max"": 1.0, ""exposicion_min"": 0.0, ""extras"": [""fx""], ""fx"": true, ""max_dias_fx"": 10, ""min_historia"": 10, ""periodos_por_anio"": 12, ""permitir_capturas"": false, ""rebalanceo_con_deriva"": true, ""segmentos"": [""dentro_muestra"", ""fuera_muestra""], ""senal"": ""senal_comprar_y_mantener"", ""spread_por_lado"": 0.0005, ""usuario"": {""escenario_costos"": ""defecto"", ""familia"": ""USMXN"", ""moneda"": ""MXN"", ""tipo"": ""referencia""}, ""variante"": ""USMXN_ref_comprar_mantener""}",referencia; sensibilidad: MXN (activo EUA convertido con DEXMXUS; efectivo CETES)
2026-09-25T05:49:05.542080Z,R04,eb45485042,USMXN_ref_comprar_mantener,0,dentro_muestra,1993-11-30,2002-12-31,109,12,MXN,6.138762689292189,0.2415607853433004,0.23754263872720788,0.11321558591996952,0.2001856911390256,-0.3986273085655938,0.6059815274887314,0.032682524503677805,2.739354175703759,21.28057105140987,0.6386679323386354,1.0,1.0,0.11008137432188066,0.0003742766726943942,1,0.24202635161476094,0.23933318741942888,0.0029,0.0005,2002-12-31,8266d9090e0a3a0c,French F-F_Research_Data_Factors CRSP 202607 sha256 b840dba55d319f48; FRED DEXMXUS; CETES FRED INTGSTMXM193N,"{""comision_por_lado"": 0.0029, ""cortes"": [""2002-12-31""], ""efectivo_en_mxn"": true, ""exposicion_inicial"": 0.0, ""exposicion_max"": 1.0, ""exposicion_min"": 0.0, ""extras"": [""fx""], ""fx"": true, ""max_dias_fx"": 10, ""min_historia"": 10, ""periodos_por_anio"": 12, ""permitir_capturas"": false, ""rebalanceo_con_deriva"": true, ""segmentos"": [""dentro_muestra"", ""fuera_muestra""], ""senal"": ""senal_comprar_y_mantener"", ""spread_por_lado"": 0.0005, ""usuario"": {""escenario_costos"": ""defecto"", ""familia"": ""USMXN"", ""moneda"": ""MXN"", ""tipo"": ""referencia""}, ""variante"": ""USMXN_ref_comprar_mantener""}",referencia; sensibilidad: MXN (activo EUA convertido con DEXMXUS; efectivo CETES)
2026-09-25T05:49:05.542080Z,R04,eb45485042,USMXN_ref_comprar_mantener,0,fuera_muestra,2002-12-31,2026-07-31,283,12,MXN,22.230570156122592,0.14269483504677938,0.12955972377851582,0.5979025173953884,0.9775892289377286,-0.2997158961750688,0.47610032323220214,0.17259958968369118,0.1042667450049934,4.360105279722058,0.9980633950038391,1.0,1.0,0.0,0.0,0,0.14269483504677938,0.06635557576522633,0.0029,0.0005,2002-12-31,8266d9090e0a3a0c,French F-F_Research_Data_Factors CRSP 202607 sha256 b840dba55d319f48; FRED DEXMXUS; CETES FRED INTGSTMXM193N,"{""comision_por_lado"": 0.0029, ""cortes"": [""2002-12-31""], ""efectivo_en_mxn"": true, ""exposicion_inicial"": 0.0, ""exposicion_max"": 1.0, ""exposicion_min"": 0.0, ""extras"": [""fx""], ""fx"": true, ""max_dias_fx"": 10, ""min_historia"": 10, ""periodos_por_anio"": 12, ""permitir_capturas"": false, ""rebalanceo_con_deriva"": true, ""segmentos"": [""dentro_muestra"", ""fuera_muestra""], ""senal"": ""senal_comprar_y_mantener"", ""spread_por_lado"": 0.0005, ""usuario"": {""escenario_costos"": ""defecto"", ""familia"": ""USMXN"", ""moneda"": ""MXN"", ""tipo"": ""referencia""}, ""variante"": ""USMXN_ref_comprar_mantener""}",referencia; sensibilidad: MXN (activo EUA convertido con DEXMXUS; efectivo CETES)
2026-09-25T05:49:05.551382Z,R04,71af6fa7ae,USMXN_ref_efectivo,0,completo,1993-11-30,2026-07-31,392,12,MXN,30.95208909272842,0.11188028532280225,0.02891224702128326,0.0,0.0,0.0,inf,,0.0,3.0,,0.0,0.0,0.0,0.0,0,0.1694929348712011,0.11188028532280225,0.0029,0.0005,2002-12-31,8266d9090e0a3a0c,French F-F_Research_Data_Factors CRSP 202607 sha256 b840dba55d319f48; FRED DEXMXUS; CETES FRED INTGSTMXM193N,"{""comision_por_lado"": 0.0029, ""cortes"": [""2002-12-31""], ""efectivo_en_mxn"": true, ""exposicion_inicial"": 0.0, ""exposicion_max"": 1.0, ""exposicion_min"": 0.0, ""extras"": [""fx""], ""fx"": true, ""max_dias_fx"": 10, ""min_historia"": 10, ""periodos_por_anio"": 12, ""permitir_capturas"": false, ""rebalanceo_con_deriva"": true, ""segmentos"": [""dentro_muestra"", ""fuera_muestra""], ""senal"": ""senal_efectivo"", ""spread_por_lado"": 0.0005, ""usuario"": {""escenario_costos"": ""defecto"", ""familia"": ""USMXN"", ""moneda"": ""MXN"", ""tipo"": ""referencia""}, ""variante"": ""USMXN_ref_efectivo""}",referencia; sensibilidad: MXN (activo EUA convertido con DEXMXUS; efectivo CETES)
2026-09-25T05:49:05.551382Z,R04,71af6fa7ae,USMXN_ref_efectivo,0,dentro_muestra,1993-11-30,2002-12-31,109,12,MXN,6.0232498609197505,0.23933318741942888,0.03857931363983428,0.0,0.0,0.0,inf,,0.0,3.0,,0.0,0.0,0.0,0.0,0,0.24202635161476094,0.23933318741942888,0.0029,0.0005,2002-12-31,8266d9090e0a3a0c,French F-F_Research_Data_Factors CRSP 202607 sha256 b840dba55d319f48; FRED DEXMXUS; CETES FRED INTGSTMXM193N,"{""comision_por_lado"": 0.0029, ""cortes"": [""2002-12-31""], ""efectivo_en_mxn"": true, ""exposicion_inicial"": 0.0, ""exposicion_max"": 1.0, ""exposicion_min"": 0.0, ""extras"": [""fx""], ""fx"": true, ""max_dias_fx"": 10, ""min_historia"": 10, ""periodos_por_anio"": 12, ""permitir_capturas"": false, ""rebalanceo_con_deriva"": true, ""segmentos"": [""dentro_muestra"", ""fuera_muestra""], ""senal"": ""senal_efectivo"", ""spread_por_lado"": 0.0005, ""usuario"": {""escenario_costos"": ""defecto"", ""familia"": ""USMXN"", ""moneda"": ""MXN"", ""tipo"": ""referencia""}, ""variante"": ""USMXN_ref_efectivo""}",referencia; sensibilidad: MXN (activo EUA convertido con DEXMXUS; efectivo CETES)
2026-09-25T05:49:05.551382Z,R04,71af6fa7ae,USMXN_ref_efectivo,0,fuera_muestra,2002-12-31,2026-07-31,283,12,MXN,3.5494734952436993,0.06635557576522633,0.006786089323222169,0.0,0.0,0.0,inf,,0.0,3.0,,0.0,0.0,0.0,0.0,0,0.14269483504677938,0.06635557576522633,0.0029,0.0005,2002-12-31,8266d9090e0a3a0c,French F-F_Research_Data_Factors CRSP 202607 sha256 b840dba55d319f48; FRED DEXMXUS; CETES FRED INTGSTMXM193N,"{""comision_por_lado"": 0.0029, ""cortes"": [""2002-12-31""], ""efectivo_en_mxn"": true, ""exposicion_inicial"": 0.0, ""exposicion_max"": 1.0, ""exposicion_min"": 0.0, ""extras"": [""fx""], ""fx"": true, ""max_dias_fx"": 10, ""min_historia"": 10, ""periodos_por_anio"": 12, ""permitir_capturas"": false, ""rebalanceo_con_deriva"": true, ""segmentos"": [""dentro_muestra"", ""fuera_muestra""], ""senal"": ""senal_efectivo"", ""spread_por_lado"": 0.0005, ""usuario"": {""escenario_costos"": ""defecto"", ""familia"": ""USMXN"", ""moneda"": ""MXN"", ""tipo"": ""referencia""}, ""variante"": ""USMXN_ref_efectivo""}",referencia; sensibilidad: MXN (activo EUA convertido con DEXMXUS; efectivo CETES)
2026-09-25T05:49:05.563491Z,R04,fe634b425a,USMXN_ref_sma10,0,completo,1993-11-30,2026-07-31,392,12,MXN,118.88495716646084,0.15781273107144234,0.11750810493871185,0.40975191481070017,0.6469076506854414,-0.14307876605171976,1.1029779989463746,0.11828518915846119,0.09338572684675638,6.426189040877627,0.9900893820153827,0.7678571428571429,0.7678571428571429,1.5000628614533569,0.005100213728941408,49,0.1694929348712011,0.11188028532280225,0.0029,0.0005,2002-12-31,8266d9090e0a3a0c,French F-F_Research_Data_Factors CRSP 202607 sha256 b840dba55d319f48; FRED DEXMXUS; CETES FRED INTGSTMXM193N,"{""comision_por_lado"": 0.0029, ""cortes"": [""2002-12-31""], ""efectivo_en_mxn"": true, ""exposicion_inicial"": 0.0, ""exposicion_max"": 1.0, ""exposicion_min"": 0.0, ""extras"": [""fx""], ""fx"": true, ""max_dias_fx"": 10, ""min_historia"": 10, ""periodos_por_anio"": 12, ""permitir_capturas"": false, ""rebalanceo_con_deriva"": true, ""segmentos"": [""dentro_muestra"", ""fuera_muestra""], ""senal"": ""media_movil_10"", ""spread_por_lado"": 0.0005, ""usuario"": {""escenario_costos"": ""defecto"", ""familia"": ""USMXN"", ""moneda"": ""MXN"", ""tipo"": ""referencia"", ""ventana"": 10}, ""variante"": ""USMXN_ref_sma10""}",referencia; sensibilidad: MXN (activo EUA convertido con DEXMXUS; efectivo CETES)
2026-09-25T05:49:05.563491Z,R04,fe634b425a,USMXN_ref_sma10,0,dentro_muestra,1993-11-30,2002-12-31,109,12,MXN,5.355177624718895,0.2257711634202093,0.14411094812076955,-0.014674129372109664,-0.020768014776280184,-0.13130342229910774,1.7194613778299328,-0.0042360562715554545,0.042422258281683604,6.434880128460451,0.4824450691079173,0.6880733944954128,0.6880733944954128,1.7613019891500905,0.005988426763110307,16,0.24202635161476094,0.23933318741942888,0.0029,0.0005,2002-12-31,8266d9090e0a3a0c,French F-F_Research_Data_Factors CRSP 202607 sha256 b840dba55d319f48; FRED DEXMXUS; CETES FRED INTGSTMXM193N,"{""comision_por_lado"": 0.0029, ""cortes"": [""2002-12-31""], ""efectivo_en_mxn"": true, ""exposicion_inicial"": 0.0, ""exposicion_max"": 1.0, ""exposicion_min"": 0.0, ""extras"": [""fx""], ""fx"": true, ""max_dias_fx"": 10, ""min_historia"": 10, ""periodos_por_anio"": 12, ""permitir_capturas"": false, ""rebalanceo_con_deriva"": true, ""segmentos"": [""dentro_muestra"", ""fuera_muestra""], ""senal"": ""media_movil_10"", ""spread_por_lado"": 0.0005, ""usuario"": {""escenario_costos"": ""defecto"", ""familia"": ""USMXN"", ""moneda"": ""MXN"", ""tipo"": ""referencia"", ""ventana"": 10}, ""variante"": ""USMXN_ref_sma10""}",referencia; sensibilidad: MXN (activo EUA convertido con DEXMXUS; efectivo CETES)
2026-09-25T05:49:05.563491Z,R04,fe634b425a,USMXN_ref_sma10,0,fuera_muestra,2002-12-31,2026-07-31,283,12,MXN,17.864139485285268,0.13264996888076208,0.10500062701679905,0.6252927934168903,1.0717030311450584,-0.14307876605171943,0.9271114962845878,0.18050648130078734,0.23403796776620842,5.701186285500595,0.9988061662141166,0.7985865724381626,0.7985865724381626,1.399425287356322,0.004758045977011494,33,0.14269483504677938,0.06635557576522633,0.0029,0.0005,2002-12-31,8266d9090e0a3a0c,French F-F_Research_Data_Factors CRSP 202607 sha256 b840dba55d319f48; FRED DEXMXUS; CETES FRED INTGSTMXM193N,"{""comision_por_lado"": 0.0029, ""cortes"": [""2002-12-31""], ""efectivo_en_mxn"": true, ""exposicion_inicial"": 0.0, ""exposicion_max"": 1.0, ""exposicion_min"": 0.0, ""extras"": [""fx""], ""fx"": true, ""max_dias_fx"": 10, ""min_historia"": 10, ""periodos_por_anio"": 12, ""permitir_capturas"": false, ""rebalanceo_con_deriva"": true, ""segmentos"": [""dentro_muestra"", ""fuera_muestra""], ""senal"": ""media_movil_10"", ""spread_por_lado"": 0.0005, ""usuario"": {""escenario_costos"": ""defecto"", ""familia"": ""USMXN"", ""moneda"": ""MXN"", ""tipo"": ""referencia"", ""ventana"": 10}, ""variante"": ""USMXN_ref_sma10""}",referencia; sensibilidad: MXN (activo EUA convertido con DEXMXUS; efectivo CETES)
2026-09-25T05:49:05.566630Z,R04,a98bd4d3ea,NAFTRAC_nov_abr,0,completo,2008-11-30,2026-07-31,212,12,MXN,3.1793500408177966,0.08432928130433615,0.12207040303347073,0.2274263369115418,0.33778629362669443,-0.21224337086483425,0.3973235110275396,0.06565232841834459,-0.1951147855159973,7.9319498258119525,0.8274484025319939,0.5047169811320755,0.5047169811320755,2.037972721636702,0.006929107253564786,36,0.08671794477165795,0.06267669184269997,0.0029,0.0005,,3964e250b9f0175c,Yahoo NAFTRAC.MX 1mo adjclose 2008-01-31 a 2026-08-31; CETES FRED INTGSTMXM193N,"{""comision_por_lado"": 0.0029, ""cortes"": [], ""efectivo_en_mxn"": false, ""exposicion_inicial"": 0.0, ""exposicion_max"": 1.0, ""exposicion_min"": 0.0, ""extras"": [], ""fx"": false, ""max_dias_fx"": 10, ""min_historia"": 10, ""periodos_por_anio"": 12, ""permitir_capturas"": false, ""rebalanceo_con_deriva"": true, ""segmentos"": [], ""senal"": ""calendario_nov_abr"", ""spread_por_lado"": 0.0005, ""usuario"": {""escenario_costos"": ""defecto"", ""familia"": ""NAFTRAC"", ""meses"": [1, 2, 3, 4, 11, 12]}, ""variante"": ""NAFTRAC_nov_abr""}","sensibilidad: NAFTRAC rendimiento total (todo posterior a 2002, sin corte)"
2026-09-25T05:49:05.569110Z,R04,8ff80698d8,NAFTRAC_ref_comprar_mantener,0,completo,2008-11-30,2026-07-31,212,12,MXN,3.3302290433865647,0.08650844232261035,0.15459020528549994,0.22023055940961309,0.3275625021046132,-0.28381686124058036,0.3048037454310389,0.063575086379461,-0.08289773955956097,4.210922577104067,0.8211025044762608,1.0,1.0,0.05661035337879727,0.0001924752014879107,1,0.08671794477165795,0.06267669184269997,0.0029,0.0005,,3964e250b9f0175c,Yahoo NAFTRAC.MX 1mo adjclose 2008-01-31 a 2026-08-31; CETES FRED INTGSTMXM193N,"{""comision_por_lado"": 0.0029, ""cortes"": [], ""efectivo_en_mxn"": false, ""exposicion_inicial"": 0.0, ""exposicion_max"": 1.0, ""exposicion_min"": 0.0, ""extras"": [], ""fx"": false, ""max_dias_fx"": 10, ""min_historia"": 10, ""periodos_por_anio"": 12, ""permitir_capturas"": false, ""rebalanceo_con_deriva"": true, ""segmentos"": [], ""senal"": ""senal_comprar_y_mantener"", ""spread_por_lado"": 0.0005, ""usuario"": {""escenario_costos"": ""defecto"", ""familia"": ""NAFTRAC"", ""tipo"": ""referencia""}, ""variante"": ""NAFTRAC_ref_comprar_mantener""}","referencia; sensibilidad: NAFTRAC rendimiento total (todo posterior a 2002, sin corte)"
2026-09-25T05:49:05.571098Z,R04,a3d7e000d4,NAFTRAC_ref_efectivo,0,completo,2008-11-30,2026-07-31,212,12,MXN,1.9266190496475115,0.06267669184269997,0.007269012491559325,0.0,0.0,0.0,inf,,0.0,3.0,,0.0,0.0,0.0,0.0,0,0.08671794477165795,0.06267669184269997,0.0029,0.0005,,3964e250b9f0175c,Yahoo NAFTRAC.MX 1mo adjclose 2008-01-31 a 2026-08-31; CETES FRED INTGSTMXM193N,"{""comision_por_lado"": 0.0029, ""cortes"": [], ""efectivo_en_mxn"": false, ""exposicion_inicial"": 0.0, ""exposicion_max"": 1.0, ""exposicion_min"": 0.0, ""extras"": [], ""fx"": false, ""max_dias_fx"": 10, ""min_historia"": 10, ""periodos_por_anio"": 12, ""permitir_capturas"": false, ""rebalanceo_con_deriva"": true, ""segmentos"": [], ""senal"": ""senal_efectivo"", ""spread_por_lado"": 0.0005, ""usuario"": {""escenario_costos"": ""defecto"", ""familia"": ""NAFTRAC"", ""tipo"": ""referencia""}, ""variante"": ""NAFTRAC_ref_efectivo""}","referencia; sensibilidad: NAFTRAC rendimiento total (todo posterior a 2002, sin corte)"
2026-09-25T05:49:05.574020Z,R04,7b30e0eb74,NAFTRAC_ref_sma10,0,completo,2008-11-30,2026-07-31,212,12,MXN,1.3609516660928511,0.04983389993338516,0.10329229767556793,-0.06683431291234095,-0.09310864321565714,-0.20016818840602724,0.24896013862252958,-0.019293404275521866,-0.09781147524911,4.7660488576302695,0.38955906032592197,0.6698113207547169,0.6698113207547169,2.321024488530688,0.007891483261004336,41,0.08671794477165795,0.06267669184269997,0.0029,0.0005,,3964e250b9f0175c,Yahoo NAFTRAC.MX 1mo adjclose 2008-01-31 a 2026-08-31; CETES FRED INTGSTMXM193N,"{""comision_por_lado"": 0.0029, ""cortes"": [], ""efectivo_en_mxn"": false, ""exposicion_inicial"": 0.0, ""exposicion_max"": 1.0, ""exposicion_min"": 0.0, ""extras"": [], ""fx"": false, ""max_dias_fx"": 10, ""min_historia"": 10, ""periodos_por_anio"": 12, ""permitir_capturas"": false, ""rebalanceo_con_deriva"": true, ""segmentos"": [], ""senal"": ""media_movil_10"", ""spread_por_lado"": 0.0005, ""usuario"": {""escenario_costos"": ""defecto"", ""familia"": ""NAFTRAC"", ""tipo"": ""referencia"", ""ventana"": 10}, ""variante"": ""NAFTRAC_ref_sma10""}","referencia; sensibilidad: NAFTRAC rendimiento total (todo posterior a 2002, sin corte)"
