fecha_registro_utc,id_replica,corrida,variante,es_prueba,segmento,fecha_inicio,fecha_fin,n_periodos,periodos_por_anio,moneda,rendimiento_total,cagr,vol_anual,sharpe,sortino,mdd,calmar,sharpe_periodo,asimetria,curtosis,psr,exposicion_media,tiempo_invertido,rotacion_anual,costo_anual,n_cambios_senal,cagr_activo_sin_costos,cagr_efectivo,comision_por_lado,spread_por_lado,cortes,huella_datos,fuente_datos,parametros_json,nota
2026-09-25T06:07:50.642601Z,R05,a873b69312,var_c1,1,completo,1936-07-31,2026-07-31,1080,12,USD,1231.7980145848392,0.08229029973326929,0.11159597789711746,0.46054549040540443,0.6747167905885565,-0.5043649771911566,0.16315625282221152,0.13294803142981423,-0.5892822446098975,6.270335642891518,0.9999841415562056,0.7718319420505761,1.0,1.8869176696732393,0.006415520076889023,641,0.1090284317161827,0.03455646544562496,0.0029,0.0005,2015-12-31|2017-07-31,e85ac74d630dff95,French F-F_Research_Data_Factors (+_daily) CRSP 202607 sha256 b840dba55d31/1916d331c2c5,"{""comision_por_lado"": 0.0029, ""cortes"": [""2015-12-31"", ""2017-07-31""], ""efectivo_en_mxn"": false, ""exposicion_inicial"": 0.0, ""exposicion_max"": 1.0, ""exposicion_min"": 0.0, ""extras"": [""rv2_cowy"", ""rv2_mm""], ""fx"": false, ""max_dias_fx"": 10, ""min_historia"": 121, ""periodos_por_anio"": 12, ""permitir_capturas"": false, ""rebalanceo_con_deriva"": true, ""segmentos"": [""dentro_muestra"", ""hueco_2016_2017"", ""fuera_muestra""], ""senal"": ""gestionada_var_tope1.0_rv2_mm"", ""spread_por_lado"": 0.0005, ""usuario"": {""K"": 120, ""c"": ""expansiva, sd(f)/sd(f/x) sin tope"", ""forma"": ""var"", ""rv"": ""rv2_mm"", ""tope"": 1.0}, ""variante"": ""var_c1""}",
2026-09-25T06:07:50.642601Z,R05,a873b69312,var_c1,1,dentro_muestra,1936-07-31,2015-12-31,953,12,USD,554.8777228701274,0.08283976901634582,0.11484432853572672,0.44076236215873776,0.6458442457276153,-0.5043649771911566,0.16424568073240578,0.12723713422050129,-0.5710925185963756,6.175752180347236,0.9999130018695851,0.788299453349956,1.0,1.7488896655371593,0.005946224862826352,536,0.10387577596926922,0.0362508283962335,0.0029,0.0005,2015-12-31|2017-07-31,e85ac74d630dff95,French F-F_Research_Data_Factors (+_daily) CRSP 202607 sha256 b840dba55d31/1916d331c2c5,"{""comision_por_lado"": 0.0029, ""cortes"": [""2015-12-31"", ""2017-07-31""], ""efectivo_en_mxn"": false, ""exposicion_inicial"": 0.0, ""exposicion_max"": 1.0, ""exposicion_min"": 0.0, ""extras"": [""rv2_cowy"", ""rv2_mm""], ""fx"": false, ""max_dias_fx"": 10, ""min_historia"": 121, ""periodos_por_anio"": 12, ""permitir_capturas"": false, ""rebalanceo_con_deriva"": true, ""segmentos"": [""dentro_muestra"", ""hueco_2016_2017"", ""fuera_muestra""], ""senal"": ""gestionada_var_tope1.0_rv2_mm"", ""spread_por_lado"": 0.0005, ""usuario"": {""K"": 120, ""c"": ""expansiva, sd(f)/sd(f/x) sin tope"", ""forma"": ""var"", ""rv"": ""rv2_mm"", ""tope"": 1.0}, ""variante"": ""var_c1""}",
2026-09-25T06:07:50.642601Z,R05,a873b69312,var_c1,1,hueco_2016_2017,2015-12-31,2017-07-31,19,12,USD,0.21654645039949805,0.13186481799148142,0.053800811196773025,2.2776414426523144,6.294444554304407,-0.02127541128025101,6.197991486720893,0.6574984500163806,0.36202697806039763,3.5859743220953377,0.9968663098691446,0.8047105447611829,1.0,2.426670746291907,0.008250680537392484,12,0.15972542568147552,0.003544300407219536,0.0029,0.0005,2015-12-31|2017-07-31,e85ac74d630dff95,French F-F_Research_Data_Factors (+_daily) CRSP 202607 sha256 b840dba55d31/1916d331c2c5,"{""comision_por_lado"": 0.0029, ""cortes"": [""2015-12-31"", ""2017-07-31""], ""efectivo_en_mxn"": false, ""exposicion_inicial"": 0.0, ""exposicion_max"": 1.0, ""exposicion_min"": 0.0, ""extras"": [""rv2_cowy"", ""rv2_mm""], ""fx"": false, ""max_dias_fx"": 10, ""min_historia"": 121, ""periodos_por_anio"": 12, ""permitir_capturas"": false, ""rebalanceo_con_deriva"": true, ""segmentos"": [""dentro_muestra"", ""hueco_2016_2017"", ""fuera_muestra""], ""senal"": ""gestionada_var_tope1.0_rv2_mm"", ""spread_por_lado"": 0.0005, ""usuario"": {""K"": 120, ""c"": ""expansiva, sd(f)/sd(f/x) sin tope"", ""forma"": ""var"", ""rv"": ""rv2_mm"", ""tope"": 1.0}, ""variante"": ""var_c1""}",
2026-09-25T06:07:50.642601Z,R05,a873b69312,var_c1,1,fuera_muestra,2017-07-31,2026-07-31,108,12,USD,0.8229886327068892,0.06900121657255753,0.0877898900657479,0.5242088720135873,0.749736697305357,-0.1074183330177283,0.6423597782062918,0.1513260666843174,-0.7278139314696029,3.8312332913018032,0.929883571428249,0.6207372039041826,1.0,3.0100697955295503,0.010234237304800473,93,0.14650773058220712,0.025195665321689154,0.0029,0.0005,2015-12-31|2017-07-31,e85ac74d630dff95,French F-F_Research_Data_Factors (+_daily) CRSP 202607 sha256 b840dba55d31/1916d331c2c5,"{""comision_por_lado"": 0.0029, ""cortes"": [""2015-12-31"", ""2017-07-31""], ""efectivo_en_mxn"": false, ""exposicion_inicial"": 0.0, ""exposicion_max"": 1.0, ""exposicion_min"": 0.0, ""extras"": [""rv2_cowy"", ""rv2_mm""], ""fx"": false, ""max_dias_fx"": 10, ""min_historia"": 121, ""periodos_por_anio"": 12, ""permitir_capturas"": false, ""rebalanceo_con_deriva"": true, ""segmentos"": [""dentro_muestra"", ""hueco_2016_2017"", ""fuera_muestra""], ""senal"": ""gestionada_var_tope1.0_rv2_mm"", ""spread_por_lado"": 0.0005, ""usuario"": {""K"": 120, ""c"": ""expansiva, sd(f)/sd(f/x) sin tope"", ""forma"": ""var"", ""rv"": ""rv2_mm"", ""tope"": 1.0}, ""variante"": ""var_c1""}",
2026-09-25T06:07:51.832498Z,R05,a9d53c211a,var_c1.5,1,completo,1936-07-31,2026-07-31,1080,12,USD,2070.672205722984,0.08855047595356647,0.14293923462809818,0.42927520783434797,0.6253073129342839,-0.6902073455824199,0.128295470224016,0.12392107839979669,-0.7279761860761537,8.035194685370794,0.9999412093183797,0.9887530317039035,1.0,3.5118111226528517,0.011940157817019702,832,0.1090284317161827,0.03455646544562496,0.0029,0.0005,2015-12-31|2017-07-31,e85ac74d630dff95,French F-F_Research_Data_Factors (+_daily) CRSP 202607 sha256 b840dba55d31/1916d331c2c5,"{""comision_por_lado"": 0.0029, ""cortes"": [""2015-12-31"", ""2017-07-31""], ""efectivo_en_mxn"": false, ""exposicion_inicial"": 0.0, ""exposicion_max"": 1.5, ""exposicion_min"": 0.0, ""extras"": [""rv2_cowy"", ""rv2_mm""], ""fx"": false, ""max_dias_fx"": 10, ""min_historia"": 121, ""periodos_por_anio"": 12, ""permitir_capturas"": false, ""rebalanceo_con_deriva"": true, ""segmentos"": [""dentro_muestra"", ""hueco_2016_2017"", ""fuera_muestra""], ""senal"": ""gestionada_var_tope1.5_rv2_mm"", ""spread_por_lado"": 0.0005, ""usuario"": {""K"": 120, ""c"": ""expansiva, sd(f)/sd(f/x) sin tope"", ""forma"": ""var"", ""rv"": ""rv2_mm"", ""tope"": 1.5}, ""variante"": ""var_c1.5""}",
2026-09-25T06:07:51.832498Z,R05,a9d53c211a,var_c1.5,1,dentro_muestra,1936-07-31,2015-12-31,953,12,USD,937.7023649496391,0.09000738871166702,0.1475071928249946,0.4184801671712038,0.6113235969807941,-0.6902073455824199,0.13040630368214323,0.12080481858340705,-0.7059093071222217,7.844111930972136,0.9997980101755275,1.0154826145146514,1.0,3.347126871091203,0.011380231361710088,716,0.10387577596926922,0.0362508283962335,0.0029,0.0005,2015-12-31|2017-07-31,e85ac74d630dff95,French F-F_Research_Data_Factors (+_daily) CRSP 202607 sha256 b840dba55d31/1916d331c2c5,"{""comision_por_lado"": 0.0029, ""cortes"": [""2015-12-31"", ""2017-07-31""], ""efectivo_en_mxn"": false, ""exposicion_inicial"": 0.0, ""exposicion_max"": 1.5, ""exposicion_min"": 0.0, ""extras"": [""rv2_cowy"", ""rv2_mm""], ""fx"": false, ""max_dias_fx"": 10, ""min_historia"": 121, ""periodos_por_anio"": 12, ""permitir_capturas"": false, ""rebalanceo_con_deriva"": true, ""segmentos"": [""dentro_muestra"", ""hueco_2016_2017"", ""fuera_muestra""], ""senal"": ""gestionada_var_tope1.5_rv2_mm"", ""spread_por_lado"": 0.0005, ""usuario"": {""K"": 120, ""c"": ""expansiva, sd(f)/sd(f/x) sin tope"", ""forma"": ""var"", ""rv"": ""rv2_mm"", ""tope"": 1.5}, ""variante"": ""var_c1.5""}",
2026-09-25T06:07:51.832498Z,R05,a9d53c211a,var_c1.5,1,hueco_2016_2017,2015-12-31,2017-07-31,19,12,USD,0.3000558748890352,0.18036120164953573,0.07295229254727009,2.2770531614852945,8.236149602337466,-0.02127541128025101,8.477448415625073,0.6573286278713116,1.009452378979345,4.272671854786475,0.9996066009389539,1.0603646254202665,1.0,4.27857239491933,0.01454714614272572,14,0.15972542568147552,0.003544300407219536,0.0029,0.0005,2015-12-31|2017-07-31,e85ac74d630dff95,French F-F_Research_Data_Factors (+_daily) CRSP 202607 sha256 b840dba55d31/1916d331c2c5,"{""comision_por_lado"": 0.0029, ""cortes"": [""2015-12-31"", ""2017-07-31""], ""efectivo_en_mxn"": false, ""exposicion_inicial"": 0.0, ""exposicion_max"": 1.5, ""exposicion_min"": 0.0, ""extras"": [""rv2_cowy"", ""rv2_mm""], ""fx"": false, ""max_dias_fx"": 10, ""min_historia"": 121, ""periodos_por_anio"": 12, ""permitir_capturas"": false, ""rebalanceo_con_deriva"": true, ""segmentos"": [""dentro_muestra"", ""hueco_2016_2017"", ""fuera_muestra""], ""senal"": ""gestionada_var_tope1.5_rv2_mm"", ""spread_por_lado"": 0.0005, ""usuario"": {""K"": 120, ""c"": ""expansiva, sd(f)/sd(f/x) sin tope"", ""forma"": ""var"", ""rv"": ""rv2_mm"", ""tope"": 1.5}, ""variante"": ""var_c1.5""}",
2026-09-25T06:07:51.832498Z,R05,a9d53c211a,var_c1.5,1,fuera_muestra,2017-07-31,2026-07-31,108,12,USD,0.6975833587800175,0.06056852002664015,0.10671103006009044,0.373754764424788,0.5035753063556129,-0.19021881802902119,0.31841497415570824,0.10789370692577827,-1.0654761572195153,5.56460257558575,0.8533062864582295,0.7402908770811858,1.0,4.830280264629971,0.016422952899741907,102,0.14650773058220712,0.025195665321689154,0.0029,0.0005,2015-12-31|2017-07-31,e85ac74d630dff95,French F-F_Research_Data_Factors (+_daily) CRSP 202607 sha256 b840dba55d31/1916d331c2c5,"{""comision_por_lado"": 0.0029, ""cortes"": [""2015-12-31"", ""2017-07-31""], ""efectivo_en_mxn"": false, ""exposicion_inicial"": 0.0, ""exposicion_max"": 1.5, ""exposicion_min"": 0.0, ""extras"": [""rv2_cowy"", ""rv2_mm""], ""fx"": false, ""max_dias_fx"": 10, ""min_historia"": 121, ""periodos_por_anio"": 12, ""permitir_capturas"": false, ""rebalanceo_con_deriva"": true, ""segmentos"": [""dentro_muestra"", ""hueco_2016_2017"", ""fuera_muestra""], ""senal"": ""gestionada_var_tope1.5_rv2_mm"", ""spread_por_lado"": 0.0005, ""usuario"": {""K"": 120, ""c"": ""expansiva, sd(f)/sd(f/x) sin tope"", ""forma"": ""var"", ""rv"": ""rv2_mm"", ""tope"": 1.5}, ""variante"": ""var_c1.5""}",
2026-09-25T06:07:52.971682Z,R05,de3ad06bcf,var_c2,1,completo,1936-07-31,2026-07-31,1080,12,USD,2293.8587346261374,0.08978870110280424,0.1682688235720154,0.39707799271506533,0.5723496981317788,-0.793541033431773,0.11314941171284003,0.11462654299165961,-0.9420551929600539,11.05515609550097,0.9997882024384288,1.1387200779147821,1.0,4.985762751422096,0.016951593354835114,929,0.1090284317161827,0.03455646544562496,0.0029,0.0005,2015-12-31|2017-07-31,e85ac74d630dff95,French F-F_Research_Data_Factors (+_daily) CRSP 202607 sha256 b840dba55d31/1916d331c2c5,"{""comision_por_lado"": 0.0029, ""cortes"": [""2015-12-31"", ""2017-07-31""], ""efectivo_en_mxn"": false, ""exposicion_inicial"": 0.0, ""exposicion_max"": 2.0, ""exposicion_min"": 0.0, ""extras"": [""rv2_cowy"", ""rv2_mm""], ""fx"": false, ""max_dias_fx"": 10, ""min_historia"": 121, ""periodos_por_anio"": 12, ""permitir_capturas"": false, ""rebalanceo_con_deriva"": true, ""segmentos"": [""dentro_muestra"", ""hueco_2016_2017"", ""fuera_muestra""], ""senal"": ""gestionada_var_tope2.0_rv2_mm"", ""spread_por_lado"": 0.0005, ""usuario"": {""K"": 120, ""c"": ""expansiva, sd(f)/sd(f/x) sin tope"", ""forma"": ""var"", ""rv"": ""rv2_mm"", ""tope"": 2.0}, ""variante"": ""var_c2""}",
2026-09-25T06:07:52.971682Z,R05,de3ad06bcf,var_c2,1,dentro_muestra,1936-07-31,2015-12-31,953,12,USD,1023.8712899919669,0.09121345034052553,0.1738719790347494,0.3881376993762616,0.5611528284547682,-0.793541033431773,0.11494484405684847,0.11204570260876334,-0.9178743243857829,10.744009980735552,0.9994173909125734,1.174345245012112,1.0,4.848626892164974,0.016485331433360895,806,0.10387577596926922,0.0362508283962335,0.0029,0.0005,2015-12-31|2017-07-31,e85ac74d630dff95,French F-F_Research_Data_Factors (+_daily) CRSP 202607 sha256 b840dba55d31/1916d331c2c5,"{""comision_por_lado"": 0.0029, ""cortes"": [""2015-12-31"", ""2017-07-31""], ""efectivo_en_mxn"": false, ""exposicion_inicial"": 0.0, ""exposicion_max"": 2.0, ""exposicion_min"": 0.0, ""extras"": [""rv2_cowy"", ""rv2_mm""], ""fx"": false, ""max_dias_fx"": 10, ""min_historia"": 121, ""periodos_por_anio"": 12, ""permitir_capturas"": false, ""rebalanceo_con_deriva"": true, ""segmentos"": [""dentro_muestra"", ""hueco_2016_2017"", ""fuera_muestra""], ""senal"": ""gestionada_var_tope2.0_rv2_mm"", ""spread_por_lado"": 0.0005, ""usuario"": {""K"": 120, ""c"": ""expansiva, sd(f)/sd(f/x) sin tope"", ""forma"": ""var"", ""rv"": ""rv2_mm"", ""tope"": 2.0}, ""variante"": ""var_c2""}",
2026-09-25T06:07:52.971682Z,R05,de3ad06bcf,var_c2,1,hueco_2016_2017,2015-12-31,2017-07-31,19,12,USD,0.35684151321984237,0.21268458800287937,0.09199517290055283,2.1178519946467245,9.313425780222833,-0.02127541128025101,9.996732152496847,0.6113712096065361,1.494712527968878,5.209969476124166,0.9999099981489794,1.2389799202063205,1.0,6.783159191437635,0.023062741250887957,18,0.15972542568147552,0.003544300407219536,0.0029,0.0005,2015-12-31|2017-07-31,e85ac74d630dff95,French F-F_Research_Data_Factors (+_daily) CRSP 202607 sha256 b840dba55d31/1916d331c2c5,"{""comision_por_lado"": 0.0029, ""cortes"": [""2015-12-31"", ""2017-07-31""], ""efectivo_en_mxn"": false, ""exposicion_inicial"": 0.0, ""exposicion_max"": 2.0, ""exposicion_min"": 0.0, ""extras"": [""rv2_cowy"", ""rv2_mm""], ""fx"": false, ""max_dias_fx"": 10, ""min_historia"": 121, ""periodos_por_anio"": 12, ""permitir_capturas"": false, ""rebalanceo_con_deriva"": true, ""segmentos"": [""dentro_muestra"", ""hueco_2016_2017"", ""fuera_muestra""], ""senal"": ""gestionada_var_tope2.0_rv2_mm"", ""spread_por_lado"": 0.0005, ""usuario"": {""K"": 120, ""c"": ""expansiva, sd(f)/sd(f/x) sin tope"", ""forma"": ""var"", ""rv"": ""rv2_mm"", ""tope"": 2.0}, ""variante"": ""var_c2""}",
2026-09-25T06:07:52.971682Z,R05,de3ad06bcf,var_c2,1,fuera_muestra,2017-07-31,2026-07-31,108,12,USD,0.6502795075918204,0.057243186188922435,0.12191769772736682,0.3161947409617924,0.41546370322715703,-0.26112624225876613,0.21921652030743285,0.09127755940531741,-1.3834801361558466,8.417886746396135,0.8115539248448522,0.8067226589583508,1.0,5.879892574100061,0.019991634751940202,105,0.14650773058220712,0.025195665321689154,0.0029,0.0005,2015-12-31|2017-07-31,e85ac74d630dff95,French F-F_Research_Data_Factors (+_daily) CRSP 202607 sha256 b840dba55d31/1916d331c2c5,"{""comision_por_lado"": 0.0029, ""cortes"": [""2015-12-31"", ""2017-07-31""], ""efectivo_en_mxn"": false, ""exposicion_inicial"": 0.0, ""exposicion_max"": 2.0, ""exposicion_min"": 0.0, ""extras"": [""rv2_cowy"", ""rv2_mm""], ""fx"": false, ""max_dias_fx"": 10, ""min_historia"": 121, ""periodos_por_anio"": 12, ""permitir_capturas"": false, ""rebalanceo_con_deriva"": true, ""segmentos"": [""dentro_muestra"", ""hueco_2016_2017"", ""fuera_muestra""], ""senal"": ""gestionada_var_tope2.0_rv2_mm"", ""spread_por_lado"": 0.0005, ""usuario"": {""K"": 120, ""c"": ""expansiva, sd(f)/sd(f/x) sin tope"", ""forma"": ""var"", ""rv"": ""rv2_mm"", ""tope"": 2.0}, ""variante"": ""var_c2""}",
2026-09-25T06:07:53.977857Z,R05,e0341fa81d,vol_c1,1,completo,1936-07-31,2026-07-31,1080,12,USD,5870.423448727951,0.10122373586040578,0.13773064087630513,0.5233993546994722,0.7747427238370198,-0.42231033848285204,0.23969040451164797,0.15109237916470836,-0.5334120936674989,6.616117503579103,0.9999987316783661,0.9220715072687917,1.0,0.8159895913278443,0.0027743646105146736,420,0.1090284317161827,0.03455646544562496,0.0029,0.0005,2015-12-31|2017-07-31,e85ac74d630dff95,French F-F_Research_Data_Factors (+_daily) CRSP 202607 sha256 b840dba55d31/1916d331c2c5,"{""comision_por_lado"": 0.0029, ""cortes"": [""2015-12-31"", ""2017-07-31""], ""efectivo_en_mxn"": false, ""exposicion_inicial"": 0.0, ""exposicion_max"": 1.0, ""exposicion_min"": 0.0, ""extras"": [""rv2_cowy"", ""rv2_mm""], ""fx"": false, ""max_dias_fx"": 10, ""min_historia"": 121, ""periodos_por_anio"": 12, ""permitir_capturas"": false, ""rebalanceo_con_deriva"": true, ""segmentos"": [""dentro_muestra"", ""hueco_2016_2017"", ""fuera_muestra""], ""senal"": ""gestionada_vol_tope1.0_rv2_mm"", ""spread_por_lado"": 0.0005, ""usuario"": {""K"": 120, ""c"": ""expansiva, sd(f)/sd(f/x) sin tope"", ""forma"": ""vol"", ""rv"": ""rv2_mm"", ""tope"": 1.0}, ""variante"": ""vol_c1""}",
2026-09-25T06:07:53.977857Z,R05,e0341fa81d,vol_c1,1,dentro_muestra,1936-07-31,2015-12-31,953,12,USD,1809.7567848912006,0.09906223326169439,0.13996613688646806,0.49136597488822503,0.7245055362063456,-0.42231033848285204,0.2345721244182063,0.14184513893616982,-0.5299808164299266,6.800398205272311,0.9999844089996592,0.9297944978435777,1.0,0.7499951562401224,0.0025499835312164185,342,0.10387577596926922,0.0362508283962335,0.0029,0.0005,2015-12-31|2017-07-31,e85ac74d630dff95,French F-F_Research_Data_Factors (+_daily) CRSP 202607 sha256 b840dba55d31/1916d331c2c5,"{""comision_por_lado"": 0.0029, ""cortes"": [""2015-12-31"", ""2017-07-31""], ""efectivo_en_mxn"": false, ""exposicion_inicial"": 0.0, ""exposicion_max"": 1.0, ""exposicion_min"": 0.0, ""extras"": [""rv2_cowy"", ""rv2_mm""], ""fx"": false, ""max_dias_fx"": 10, ""min_historia"": 121, ""periodos_por_anio"": 12, ""permitir_capturas"": false, ""rebalanceo_con_deriva"": true, ""segmentos"": [""dentro_muestra"", ""hueco_2016_2017"", ""fuera_muestra""], ""senal"": ""gestionada_vol_tope1.0_rv2_mm"", ""spread_por_lado"": 0.0005, ""usuario"": {""K"": 120, ""c"": ""expansiva, sd(f)/sd(f/x) sin tope"", ""forma"": ""vol"", ""rv"": ""rv2_mm"", ""tope"": 1.0}, ""variante"": ""vol_c1""}",
2026-09-25T06:07:53.977857Z,R05,e0341fa81d,vol_c1,1,hueco_2016_2017,2015-12-31,2017-07-31,19,12,USD,0.24282400078157695,0.1472534531456089,0.07511087874859668,1.8288210101541693,3.616113847652228,-0.04424736026416709,3.327960182629457,0.5279351512560765,-0.40136758535379263,3.966061637174394,0.9699854488592913,0.9325863807599702,1.0,0.9513391498432624,0.0032345531094670923,8,0.15972542568147552,0.003544300407219536,0.0029,0.0005,2015-12-31|2017-07-31,e85ac74d630dff95,French F-F_Research_Data_Factors (+_daily) CRSP 202607 sha256 b840dba55d31/1916d331c2c5,"{""comision_por_lado"": 0.0029, ""cortes"": [""2015-12-31"", ""2017-07-31""], ""efectivo_en_mxn"": false, ""exposicion_inicial"": 0.0, ""exposicion_max"": 1.0, ""exposicion_min"": 0.0, ""extras"": [""rv2_cowy"", ""rv2_mm""], ""fx"": false, ""max_dias_fx"": 10, ""min_historia"": 121, ""periodos_por_anio"": 12, ""permitir_capturas"": false, ""rebalanceo_con_deriva"": true, ""segmentos"": [""dentro_muestra"", ""hueco_2016_2017"", ""fuera_muestra""], ""senal"": ""gestionada_vol_tope1.0_rv2_mm"", ""spread_por_lado"": 0.0005, ""usuario"": {""K"": 120, ""c"": ""expansiva, sd(f)/sd(f/x) sin tope"", ""forma"": ""vol"", ""rv"": ""rv2_mm"", ""tope"": 1.0}, ""variante"": ""vol_c1""}",
2026-09-25T06:07:53.977857Z,R05,e0341fa81d,vol_c1,1,fuera_muestra,2017-07-31,2026-07-31,108,12,USD,1.6089974236353872,0.11244454194755793,0.12655979396046893,0.7130011073224714,1.0913090736514426,-0.16176618084093164,0.6951053759384181,0.20582569062256506,-0.44540459804569243,2.8428534756105255,0.9782950989320605,0.8520734275085748,1.0,1.3745744814305665,0.0046735532368639265,70,0.14650773058220712,0.025195665321689154,0.0029,0.0005,2015-12-31|2017-07-31,e85ac74d630dff95,French F-F_Research_Data_Factors (+_daily) CRSP 202607 sha256 b840dba55d31/1916d331c2c5,"{""comision_por_lado"": 0.0029, ""cortes"": [""2015-12-31"", ""2017-07-31""], ""efectivo_en_mxn"": false, ""exposicion_inicial"": 0.0, ""exposicion_max"": 1.0, ""exposicion_min"": 0.0, ""extras"": [""rv2_cowy"", ""rv2_mm""], ""fx"": false, ""max_dias_fx"": 10, ""min_historia"": 121, ""periodos_por_anio"": 12, ""permitir_capturas"": false, ""rebalanceo_con_deriva"": true, ""segmentos"": [""dentro_muestra"", ""hueco_2016_2017"", ""fuera_muestra""], ""senal"": ""gestionada_vol_tope1.0_rv2_mm"", ""spread_por_lado"": 0.0005, ""usuario"": {""K"": 120, ""c"": ""expansiva, sd(f)/sd(f/x) sin tope"", ""forma"": ""vol"", ""rv"": ""rv2_mm"", ""tope"": 1.0}, ""variante"": ""vol_c1""}",
2026-09-25T06:07:55.021352Z,R05,7f107add8f,vol_c1.5,1,completo,1936-07-31,2026-07-31,1080,12,USD,12058.180349014601,0.11006565309382133,0.17405379244466562,0.49407098351700773,0.725266361711518,-0.6536149575947007,0.16839524832611283,0.1426260076661638,-0.608800946182151,6.018930952021896,0.9999955456248271,1.2065058061864555,1.0,2.353629285685823,0.008002339571331792,771,0.1090284317161827,0.03455646544562496,0.0029,0.0005,2015-12-31|2017-07-31,e85ac74d630dff95,French F-F_Research_Data_Factors (+_daily) CRSP 202607 sha256 b840dba55d31/1916d331c2c5,"{""comision_por_lado"": 0.0029, ""cortes"": [""2015-12-31"", ""2017-07-31""], ""efectivo_en_mxn"": false, ""exposicion_inicial"": 0.0, ""exposicion_max"": 1.5, ""exposicion_min"": 0.0, ""extras"": [""rv2_cowy"", ""rv2_mm""], ""fx"": false, ""max_dias_fx"": 10, ""min_historia"": 121, ""periodos_por_anio"": 12, ""permitir_capturas"": false, ""rebalanceo_con_deriva"": true, ""segmentos"": [""dentro_muestra"", ""hueco_2016_2017"", ""fuera_muestra""], ""senal"": ""gestionada_vol_tope1.5_rv2_mm"", ""spread_por_lado"": 0.0005, ""usuario"": {""K"": 120, ""c"": ""expansiva, sd(f)/sd(f/x) sin tope"", ""forma"": ""vol"", ""rv"": ""rv2_mm"", ""tope"": 1.5}, ""variante"": ""vol_c1.5""}",
2026-09-25T06:07:55.021352Z,R05,7f107add8f,vol_c1.5,1,dentro_muestra,1936-07-31,2015-12-31,953,12,USD,3607.541695425973,0.10864669749865175,0.1782886151476771,0.4701240819380914,0.6897351119087471,-0.6536149575947007,0.16622431331509147,0.13571313262974138,-0.5948600178597954,6.026105119418659,0.9999663282613029,1.2266650435647048,1.0,2.209988340623159,0.00751396035811874,657,0.10387577596926922,0.0362508283962335,0.0029,0.0005,2015-12-31|2017-07-31,e85ac74d630dff95,French F-F_Research_Data_Factors (+_daily) CRSP 202607 sha256 b840dba55d31/1916d331c2c5,"{""comision_por_lado"": 0.0029, ""cortes"": [""2015-12-31"", ""2017-07-31""], ""efectivo_en_mxn"": false, ""exposicion_inicial"": 0.0, ""exposicion_max"": 1.5, ""exposicion_min"": 0.0, ""extras"": [""rv2_cowy"", ""rv2_mm""], ""fx"": false, ""max_dias_fx"": 10, ""min_historia"": 121, ""periodos_por_anio"": 12, ""permitir_capturas"": false, ""rebalanceo_con_deriva"": true, ""segmentos"": [""dentro_muestra"", ""hueco_2016_2017"", ""fuera_muestra""], ""senal"": ""gestionada_vol_tope1.5_rv2_mm"", ""spread_por_lado"": 0.0005, ""usuario"": {""K"": 120, ""c"": ""expansiva, sd(f)/sd(f/x) sin tope"", ""forma"": ""vol"", ""rv"": ""rv2_mm"", ""tope"": 1.5}, ""variante"": ""vol_c1.5""}",
2026-09-25T06:07:55.021352Z,R05,7f107add8f,vol_c1.5,1,hueco_2016_2017,2015-12-31,2017-07-31,19,12,USD,0.34423205533032597,0.20555075648563714,0.09011899368899745,2.094838659323175,4.844111127489153,-0.044845601719495254,4.583520983202244,0.6047278319345349,-0.0338699121744887,3.5775183393029475,0.9889654223362337,1.240876786657123,1.0,2.7639687561223223,0.00939749377081589,14,0.15972542568147552,0.003544300407219536,0.0029,0.0005,2015-12-31|2017-07-31,e85ac74d630dff95,French F-F_Research_Data_Factors (+_daily) CRSP 202607 sha256 b840dba55d31/1916d331c2c5,"{""comision_por_lado"": 0.0029, ""cortes"": [""2015-12-31"", ""2017-07-31""], ""efectivo_en_mxn"": false, ""exposicion_inicial"": 0.0, ""exposicion_max"": 1.5, ""exposicion_min"": 0.0, ""extras"": [""rv2_cowy"", ""rv2_mm""], ""fx"": false, ""max_dias_fx"": 10, ""min_historia"": 121, ""periodos_por_anio"": 12, ""permitir_capturas"": false, ""rebalanceo_con_deriva"": true, ""segmentos"": [""dentro_muestra"", ""hueco_2016_2017"", ""fuera_muestra""], ""senal"": ""gestionada_vol_tope1.5_rv2_mm"", ""spread_por_lado"": 0.0005, ""usuario"": {""K"": 120, ""c"": ""expansiva, sd(f)/sd(f/x) sin tope"", ""forma"": ""vol"", ""rv"": ""rv2_mm"", ""tope"": 1.5}, ""variante"": ""vol_c1.5""}",
2026-09-25T06:07:55.021352Z,R05,7f107add8f,vol_c1.5,1,fuera_muestra,2017-07-31,2026-07-31,108,12,USD,1.486061195674707,0.1064940924839155,0.1457173954289476,0.600328455476901,0.8727658321562206,-0.17782394983447936,0.5988737320425144,0.17329989768589052,-0.648185186388891,3.129670744289117,0.9542576407349729,1.0225724557196538,1.0,3.5490709283753166,0.012066841156476073,100,0.14650773058220712,0.025195665321689154,0.0029,0.0005,2015-12-31|2017-07-31,e85ac74d630dff95,French F-F_Research_Data_Factors (+_daily) CRSP 202607 sha256 b840dba55d31/1916d331c2c5,"{""comision_por_lado"": 0.0029, ""cortes"": [""2015-12-31"", ""2017-07-31""], ""efectivo_en_mxn"": false, ""exposicion_inicial"": 0.0, ""exposicion_max"": 1.5, ""exposicion_min"": 0.0, ""extras"": [""rv2_cowy"", ""rv2_mm""], ""fx"": false, ""max_dias_fx"": 10, ""min_historia"": 121, ""periodos_por_anio"": 12, ""permitir_capturas"": false, ""rebalanceo_con_deriva"": true, ""segmentos"": [""dentro_muestra"", ""hueco_2016_2017"", ""fuera_muestra""], ""senal"": ""gestionada_vol_tope1.5_rv2_mm"", ""spread_por_lado"": 0.0005, ""usuario"": {""K"": 120, ""c"": ""expansiva, sd(f)/sd(f/x) sin tope"", ""forma"": ""vol"", ""rv"": ""rv2_mm"", ""tope"": 1.5}, ""variante"": ""vol_c1.5""}",
2026-09-25T06:07:56.253335Z,R05,2bee9258a6,vol_c2,1,completo,1936-07-31,2026-07-31,1080,12,USD,13585.313368724917,0.11153732297806429,0.19526611108311243,0.4691998365544135,0.6823879726694972,-0.7678663070725804,0.14525617539241964,0.13544632596920952,-0.7659141642622804,7.5478524892652015,0.9999853248580132,1.3570036516807014,1.0,3.7467852717455763,0.01273906992393495,964,0.1090284317161827,0.03455646544562496,0.0029,0.0005,2015-12-31|2017-07-31,e85ac74d630dff95,French F-F_Research_Data_Factors (+_daily) CRSP 202607 sha256 b840dba55d31/1916d331c2c5,"{""comision_por_lado"": 0.0029, ""cortes"": [""2015-12-31"", ""2017-07-31""], ""efectivo_en_mxn"": false, ""exposicion_inicial"": 0.0, ""exposicion_max"": 2.0, ""exposicion_min"": 0.0, ""extras"": [""rv2_cowy"", ""rv2_mm""], ""fx"": false, ""max_dias_fx"": 10, ""min_historia"": 121, ""periodos_por_anio"": 12, ""permitir_capturas"": false, ""rebalanceo_con_deriva"": true, ""segmentos"": [""dentro_muestra"", ""hueco_2016_2017"", ""fuera_muestra""], ""senal"": ""gestionada_vol_tope2.0_rv2_mm"", ""spread_por_lado"": 0.0005, ""usuario"": {""K"": 120, ""c"": ""expansiva, sd(f)/sd(f/x) sin tope"", ""forma"": ""vol"", ""rv"": ""rv2_mm"", ""tope"": 2.0}, ""variante"": ""vol_c2""}",
2026-09-25T06:07:56.253335Z,R05,2bee9258a6,vol_c2,1,dentro_muestra,1936-07-31,2015-12-31,953,12,USD,4042.7666202506057,0.1102374851335044,0.20053095143259317,0.4482178472082837,0.652158515445657,-0.7678663070725804,0.14356338351890274,0.12938934737064858,-0.749908507526079,7.493358762973842,0.9999168085754186,1.3868871735138049,1.0,3.628407221207592,0.012336584552105808,840,0.10387577596926922,0.0362508283962335,0.0029,0.0005,2015-12-31|2017-07-31,e85ac74d630dff95,French F-F_Research_Data_Factors (+_daily) CRSP 202607 sha256 b840dba55d31/1916d331c2c5,"{""comision_por_lado"": 0.0029, ""cortes"": [""2015-12-31"", ""2017-07-31""], ""efectivo_en_mxn"": false, ""exposicion_inicial"": 0.0, ""exposicion_max"": 2.0, ""exposicion_min"": 0.0, ""extras"": [""rv2_cowy"", ""rv2_mm""], ""fx"": false, ""max_dias_fx"": 10, ""min_historia"": 121, ""periodos_por_anio"": 12, ""permitir_capturas"": false, ""rebalanceo_con_deriva"": true, ""segmentos"": [""dentro_muestra"", ""hueco_2016_2017"", ""fuera_muestra""], ""senal"": ""gestionada_vol_tope2.0_rv2_mm"", ""spread_por_lado"": 0.0005, ""usuario"": {""K"": 120, ""c"": ""expansiva, sd(f)/sd(f/x) sin tope"", ""forma"": ""vol"", ""rv"": ""rv2_mm"", ""tope"": 2.0}, ""variante"": ""vol_c2""}",
2026-09-25T06:07:56.253335Z,R05,2bee9258a6,vol_c2,1,hueco_2016_2017,2015-12-31,2017-07-31,19,12,USD,0.395239229562135,0.23425942744510708,0.10428599637349474,2.0509275542084997,5.40982309010672,-0.044845601719495254,5.223687908356684,0.5920517877553491,0.5025127035851875,3.9438397199032114,0.99481209584549,1.3960097305815615,1.0,4.952019240518968,0.01683686541776449,19,0.15972542568147552,0.003544300407219536,0.0029,0.0005,2015-12-31|2017-07-31,e85ac74d630dff95,French F-F_Research_Data_Factors (+_daily) CRSP 202607 sha256 b840dba55d31/1916d331c2c5,"{""comision_por_lado"": 0.0029, ""cortes"": [""2015-12-31"", ""2017-07-31""], ""efectivo_en_mxn"": false, ""exposicion_inicial"": 0.0, ""exposicion_max"": 2.0, ""exposicion_min"": 0.0, ""extras"": [""rv2_cowy"", ""rv2_mm""], ""fx"": false, ""max_dias_fx"": 10, ""min_historia"": 121, ""periodos_por_anio"": 12, ""permitir_capturas"": false, ""rebalanceo_con_deriva"": true, ""segmentos"": [""dentro_muestra"", ""hueco_2016_2017"", ""fuera_muestra""], ""senal"": ""gestionada_vol_tope2.0_rv2_mm"", ""spread_por_lado"": 0.0005, ""usuario"": {""K"": 120, ""c"": ""expansiva, sd(f)/sd(f/x) sin tope"", ""forma"": ""vol"", ""rv"": ""rv2_mm"", ""tope"": 2.0}, ""variante"": ""vol_c2""}",
2026-09-25T06:07:56.253335Z,R05,2bee9258a6,vol_c2,1,fuera_muestra,2017-07-31,2026-07-31,108,12,USD,1.4080575710450711,0.10258138232228697,0.1572987794656279,0.545155420524337,0.7695551816209302,-0.24169862117907126,0.4244185664852668,0.1573728143949548,-0.8621609336474839,4.275602661877878,0.9349976868459069,1.0864470608838137,1.0,4.579510211813821,0.015570334720166992,105,0.14650773058220712,0.025195665321689154,0.0029,0.0005,2015-12-31|2017-07-31,e85ac74d630dff95,French F-F_Research_Data_Factors (+_daily) CRSP 202607 sha256 b840dba55d31/1916d331c2c5,"{""comision_por_lado"": 0.0029, ""cortes"": [""2015-12-31"", ""2017-07-31""], ""efectivo_en_mxn"": false, ""exposicion_inicial"": 0.0, ""exposicion_max"": 2.0, ""exposicion_min"": 0.0, ""extras"": [""rv2_cowy"", ""rv2_mm""], ""fx"": false, ""max_dias_fx"": 10, ""min_historia"": 121, ""periodos_por_anio"": 12, ""permitir_capturas"": false, ""rebalanceo_con_deriva"": true, ""segmentos"": [""dentro_muestra"", ""hueco_2016_2017"", ""fuera_muestra""], ""senal"": ""gestionada_vol_tope2.0_rv2_mm"", ""spread_por_lado"": 0.0005, ""usuario"": {""K"": 120, ""c"": ""expansiva, sd(f)/sd(f/x) sin tope"", ""forma"": ""vol"", ""rv"": ""rv2_mm"", ""tope"": 2.0}, ""variante"": ""vol_c2""}",
2026-09-25T06:07:57.455711Z,R05,f7536091ff,var_c1_rvCOWY,1,completo,1936-07-31,2026-07-31,1080,12,USD,1279.1953924098993,0.0827440776521482,0.1122819991858265,0.4621725903576385,0.6789512994541868,-0.4893590600055514,0.16908663681675687,0.13341773472752463,-0.5628631177791174,6.322501985072932,0.9999854814135489,0.7719721388215751,1.0,1.8429168321278333,0.00626591722923463,648,0.1090284317161827,0.03455646544562496,0.0029,0.0005,2015-12-31|2017-07-31,e85ac74d630dff95,French F-F_Research_Data_Factors (+_daily) CRSP 202607 sha256 b840dba55d31/1916d331c2c5,"{""comision_por_lado"": 0.0029, ""cortes"": [""2015-12-31"", ""2017-07-31""], ""efectivo_en_mxn"": false, ""exposicion_inicial"": 0.0, ""exposicion_max"": 1.0, ""exposicion_min"": 0.0, ""extras"": [""rv2_cowy"", ""rv2_mm""], ""fx"": false, ""max_dias_fx"": 10, ""min_historia"": 121, ""periodos_por_anio"": 12, ""permitir_capturas"": false, ""rebalanceo_con_deriva"": true, ""segmentos"": [""dentro_muestra"", ""hueco_2016_2017"", ""fuera_muestra""], ""senal"": ""gestionada_var_tope1.0_rv2_cowy"", ""spread_por_lado"": 0.0005, ""usuario"": {""K"": 120, ""c"": ""expansiva, sd(f)/sd(f/x) sin tope"", ""forma"": ""var"", ""rv"": ""rv2_cowy"", ""tope"": 1.0}, ""variante"": ""var_c1_rvCOWY""}",
2026-09-25T06:07:57.455711Z,R05,f7536091ff,var_c1_rvCOWY,1,dentro_muestra,1936-07-31,2015-12-31,953,12,USD,571.0886282678314,0.08323178270675236,0.11548079719015274,0.442111147613617,0.6494628323373031,-0.4893590600055514,0.17008325687442705,0.12762649504322807,-0.5459568707182427,6.234508327015371,0.999918395396433,0.7886027331368423,1.0,1.7209236791312985,0.0058511405090464165,543,0.10387577596926922,0.0362508283962335,0.0029,0.0005,2015-12-31|2017-07-31,e85ac74d630dff95,French F-F_Research_Data_Factors (+_daily) CRSP 202607 sha256 b840dba55d31/1916d331c2c5,"{""comision_por_lado"": 0.0029, ""cortes"": [""2015-12-31"", ""2017-07-31""], ""efectivo_en_mxn"": false, ""exposicion_inicial"": 0.0, ""exposicion_max"": 1.0, ""exposicion_min"": 0.0, ""extras"": [""rv2_cowy"", ""rv2_mm""], ""fx"": false, ""max_dias_fx"": 10, ""min_historia"": 121, ""periodos_por_anio"": 12, ""permitir_capturas"": false, ""rebalanceo_con_deriva"": true, ""segmentos"": [""dentro_muestra"", ""hueco_2016_2017"", ""fuera_muestra""], ""senal"": ""gestionada_var_tope1.0_rv2_cowy"", ""spread_por_lado"": 0.0005, ""usuario"": {""K"": 120, ""c"": ""expansiva, sd(f)/sd(f/x) sin tope"", ""forma"": ""var"", ""rv"": ""rv2_cowy"", ""tope"": 1.0}, ""variante"": ""var_c1_rvCOWY""}",
2026-09-25T06:07:57.455711Z,R05,f7536091ff,var_c1_rvCOWY,1,hueco_2016_2017,2015-12-31,2017-07-31,19,12,USD,0.2137354685658419,0.13021144389983386,0.0547056887151177,2.2137736914205526,5.763554197581379,-0.02335867626527577,5.574435914992403,0.6390614183332838,0.27340876806086334,3.654419155603212,0.9951942320365305,0.8071080237635059,1.0,2.421996123247435,0.008234786819041277,12,0.15972542568147552,0.003544300407219536,0.0029,0.0005,2015-12-31|2017-07-31,e85ac74d630dff95,French F-F_Research_Data_Factors (+_daily) CRSP 202607 sha256 b840dba55d31/1916d331c2c5,"{""comision_por_lado"": 0.0029, ""cortes"": [""2015-12-31"", ""2017-07-31""], ""efectivo_en_mxn"": false, ""exposicion_inicial"": 0.0, ""exposicion_max"": 1.0, ""exposicion_min"": 0.0, ""extras"": [""rv2_cowy"", ""rv2_mm""], ""fx"": false, ""max_dias_fx"": 10, ""min_historia"": 121, ""periodos_por_anio"": 12, ""permitir_capturas"": false, ""rebalanceo_con_deriva"": true, ""segmentos"": [""dentro_muestra"", ""hueco_2016_2017"", ""fuera_muestra""], ""senal"": ""gestionada_var_tope1.0_rv2_cowy"", ""spread_por_lado"": 0.0005, ""usuario"": {""K"": 120, ""c"": ""expansiva, sd(f)/sd(f/x) sin tope"", ""forma"": ""var"", ""rv"": ""rv2_cowy"", ""tope"": 1.0}, ""variante"": ""var_c1_rvCOWY""}",
2026-09-25T06:07:57.455711Z,R05,f7536091ff,var_c1_rvCOWY,1,fuera_muestra,2017-07-31,2026-07-31,108,12,USD,0.8436942502131652,0.07034364368186763,0.08910375763100076,0.5320942743128966,0.7664628111274686,-0.10794257091681769,0.65167656360599,0.15360238625440473,-0.678180184714078,3.9279867044765635,0.9332422015853543,0.6190412295961472,1.0,2.8176498892325808,0.009580009623390767,93,0.14650773058220712,0.025195665321689154,0.0029,0.0005,2015-12-31|2017-07-31,e85ac74d630dff95,French F-F_Research_Data_Factors (+_daily) CRSP 202607 sha256 b840dba55d31/1916d331c2c5,"{""comision_por_lado"": 0.0029, ""cortes"": [""2015-12-31"", ""2017-07-31""], ""efectivo_en_mxn"": false, ""exposicion_inicial"": 0.0, ""exposicion_max"": 1.0, ""exposicion_min"": 0.0, ""extras"": [""rv2_cowy"", ""rv2_mm""], ""fx"": false, ""max_dias_fx"": 10, ""min_historia"": 121, ""periodos_por_anio"": 12, ""permitir_capturas"": false, ""rebalanceo_con_deriva"": true, ""segmentos"": [""dentro_muestra"", ""hueco_2016_2017"", ""fuera_muestra""], ""senal"": ""gestionada_var_tope1.0_rv2_cowy"", ""spread_por_lado"": 0.0005, ""usuario"": {""K"": 120, ""c"": ""expansiva, sd(f)/sd(f/x) sin tope"", ""forma"": ""var"", ""rv"": ""rv2_cowy"", ""tope"": 1.0}, ""variante"": ""var_c1_rvCOWY""}",
2026-09-25T06:07:57.479324Z,R05,d6e76af3a5,comprar_y_mantener,0,completo,1936-07-31,2026-07-31,1080,12,USD,11047.430062525438,0.10898646385615418,0.15722986807586864,0.5222357686254977,0.7737227436747192,-0.5031170717166412,0.2166224721500527,0.15075648079819112,-0.502643248302401,5.8658944769860675,0.9999987871716713,1.0,1.0,0.011111280116816743,3.7778352397176926e-05,1,0.1090284317161827,0.03455646544562496,0.0029,0.0005,2015-12-31|2017-07-31,e85ac74d630dff95,French F-F_Research_Data_Factors (+_daily) CRSP 202607 sha256 b840dba55d31/1916d331c2c5,"{""comision_por_lado"": 0.0029, ""cortes"": [""2015-12-31"", ""2017-07-31""], ""efectivo_en_mxn"": false, ""exposicion_inicial"": 0.0, ""exposicion_max"": 1.0, ""exposicion_min"": 0.0, ""extras"": [""rv2_cowy"", ""rv2_mm""], ""fx"": false, ""max_dias_fx"": 10, ""min_historia"": 121, ""periodos_por_anio"": 12, ""permitir_capturas"": false, ""rebalanceo_con_deriva"": true, ""segmentos"": [""dentro_muestra"", ""hueco_2016_2017"", ""fuera_muestra""], ""senal"": ""senal_comprar_y_mantener"", ""spread_por_lado"": 0.0005, ""usuario"": {}, ""variante"": ""comprar_y_mantener""}",regla sencilla
2026-09-25T06:07:57.479324Z,R05,d6e76af3a5,comprar_y_mantener,0,dentro_muestra,1936-07-31,2015-12-31,953,12,USD,2552.334344654633,0.10382843724323898,0.1572374945850173,0.4820159831621973,0.7083785496626881,-0.5031170717166412,0.20637033223495113,0.13914602881619836,-0.5221322099400854,6.1438680449413035,0.9999791674616889,1.0,1.0,0.012591788189057814,4.281207984279656e-05,1,0.10387577596926922,0.0362508283962335,0.0029,0.0005,2015-12-31|2017-07-31,e85ac74d630dff95,French F-F_Research_Data_Factors (+_daily) CRSP 202607 sha256 b840dba55d31/1916d331c2c5,"{""comision_por_lado"": 0.0029, ""cortes"": [""2015-12-31"", ""2017-07-31""], ""efectivo_en_mxn"": false, ""exposicion_inicial"": 0.0, ""exposicion_max"": 1.0, ""exposicion_min"": 0.0, ""extras"": [""rv2_cowy"", ""rv2_mm""], ""fx"": false, ""max_dias_fx"": 10, ""min_historia"": 121, ""periodos_por_anio"": 12, ""permitir_capturas"": false, ""rebalanceo_con_deriva"": true, ""segmentos"": [""dentro_muestra"", ""hueco_2016_2017"", ""fuera_muestra""], ""senal"": ""senal_comprar_y_mantener"", ""spread_por_lado"": 0.0005, ""usuario"": {}, ""variante"": ""comprar_y_mantener""}",regla sencilla
2026-09-25T06:07:57.479324Z,R05,d6e76af3a5,comprar_y_mantener,0,hueco_2016_2017,2015-12-31,2017-07-31,19,12,USD,0.2642723464827166,0.15972542568147552,0.09151541716534634,1.6340435720220472,3.091530123845461,-0.057677079999999936,2.7693049939677197,0.4717077480872533,-0.3622118093738104,4.603473364019136,0.9562743731033847,1.0,1.0,0.0,0.0,0,0.15972542568147552,0.003544300407219536,0.0029,0.0005,2015-12-31|2017-07-31,e85ac74d630dff95,French F-F_Research_Data_Factors (+_daily) CRSP 202607 sha256 b840dba55d31/1916d331c2c5,"{""comision_por_lado"": 0.0029, ""cortes"": [""2015-12-31"", ""2017-07-31""], ""efectivo_en_mxn"": false, ""exposicion_inicial"": 0.0, ""exposicion_max"": 1.0, ""exposicion_min"": 0.0, ""extras"": [""rv2_cowy"", ""rv2_mm""], ""fx"": false, ""max_dias_fx"": 10, ""min_historia"": 121, ""periodos_por_anio"": 12, ""permitir_capturas"": false, ""rebalanceo_con_deriva"": true, ""segmentos"": [""dentro_muestra"", ""hueco_2016_2017"", ""fuera_muestra""], ""senal"": ""senal_comprar_y_mantener"", ""spread_por_lado"": 0.0005, ""usuario"": {}, ""variante"": ""comprar_y_mantener""}",regla sencilla
2026-09-25T06:07:57.479324Z,R05,d6e76af3a5,comprar_y_mantener,0,fuera_muestra,2017-07-31,2026-07-31,108,12,USD,2.422569259203919,0.14650773058220712,0.16665316116620002,0.7584153359484538,1.1918799181841258,-0.248449322470347,0.5896885897110593,0.21893564918369013,-0.3336065890686763,3.425615557615766,0.9845062091444445,1.0,1.0,0.0,0.0,0,0.14650773058220712,0.025195665321689154,0.0029,0.0005,2015-12-31|2017-07-31,e85ac74d630dff95,French F-F_Research_Data_Factors (+_daily) CRSP 202607 sha256 b840dba55d31/1916d331c2c5,"{""comision_por_lado"": 0.0029, ""cortes"": [""2015-12-31"", ""2017-07-31""], ""efectivo_en_mxn"": false, ""exposicion_inicial"": 0.0, ""exposicion_max"": 1.0, ""exposicion_min"": 0.0, ""extras"": [""rv2_cowy"", ""rv2_mm""], ""fx"": false, ""max_dias_fx"": 10, ""min_historia"": 121, ""periodos_por_anio"": 12, ""permitir_capturas"": false, ""rebalanceo_con_deriva"": true, ""segmentos"": [""dentro_muestra"", ""hueco_2016_2017"", ""fuera_muestra""], ""senal"": ""senal_comprar_y_mantener"", ""spread_por_lado"": 0.0005, ""usuario"": {}, ""variante"": ""comprar_y_mantener""}",regla sencilla
2026-09-25T06:07:57.498318Z,R05,23d9eb1d94,efectivo,0,completo,1936-07-31,2026-07-31,1080,12,USD,20.27441995481673,0.03455646544562496,0.008795982732091506,0.0,0.0,-0.0008998599580103406,38.40204816095158,,0.0,3.0,,0.0,0.0,0.0,0.0,0,0.1090284317161827,0.03455646544562496,0.0029,0.0005,2015-12-31|2017-07-31,e85ac74d630dff95,French F-F_Research_Data_Factors (+_daily) CRSP 202607 sha256 b840dba55d31/1916d331c2c5,"{""comision_por_lado"": 0.0029, ""cortes"": [""2015-12-31"", ""2017-07-31""], ""efectivo_en_mxn"": false, ""exposicion_inicial"": 0.0, ""exposicion_max"": 1.0, ""exposicion_min"": 0.0, ""extras"": [""rv2_cowy"", ""rv2_mm""], ""fx"": false, ""max_dias_fx"": 10, ""min_historia"": 121, ""periodos_por_anio"": 12, ""permitir_capturas"": false, ""rebalanceo_con_deriva"": true, ""segmentos"": [""dentro_muestra"", ""hueco_2016_2017"", ""fuera_muestra""], ""senal"": ""senal_efectivo"", ""spread_por_lado"": 0.0005, ""usuario"": {}, ""variante"": ""efectivo""}",regla sencilla
2026-09-25T06:07:57.498318Z,R05,23d9eb1d94,efectivo,0,dentro_muestra,1936-07-31,2015-12-31,953,12,USD,15.911133551186364,0.0362508283962335,0.009041581514546001,0.0,0.0,-0.0008998599580103406,40.284966647906934,,0.0,3.0,,0.0,0.0,0.0,0.0,0,0.10387577596926922,0.0362508283962335,0.0029,0.0005,2015-12-31|2017-07-31,e85ac74d630dff95,French F-F_Research_Data_Factors (+_daily) CRSP 202607 sha256 b840dba55d31/1916d331c2c5,"{""comision_por_lado"": 0.0029, ""cortes"": [""2015-12-31"", ""2017-07-31""], ""efectivo_en_mxn"": false, ""exposicion_inicial"": 0.0, ""exposicion_max"": 1.0, ""exposicion_min"": 0.0, ""extras"": [""rv2_cowy"", ""rv2_mm""], ""fx"": false, ""max_dias_fx"": 10, ""min_historia"": 121, ""periodos_por_anio"": 12, ""permitir_capturas"": false, ""rebalanceo_con_deriva"": true, ""segmentos"": [""dentro_muestra"", ""hueco_2016_2017"", ""fuera_muestra""], ""senal"": ""senal_efectivo"", ""spread_por_lado"": 0.0005, ""usuario"": {}, ""variante"": ""efectivo""}",regla sencilla
2026-09-25T06:07:57.498318Z,R05,23d9eb1d94,efectivo,0,hueco_2016_2017,2015-12-31,2017-07-31,19,12,USD,0.005614563291743702,0.003544300407219536,0.0006478033056468742,0.0,0.0,0.0,inf,,0.0,3.0,,0.0,0.0,0.0,0.0,0,0.15972542568147552,0.003544300407219536,0.0029,0.0005,2015-12-31|2017-07-31,e85ac74d630dff95,French F-F_Research_Data_Factors (+_daily) CRSP 202607 sha256 b840dba55d31/1916d331c2c5,"{""comision_por_lado"": 0.0029, ""cortes"": [""2015-12-31"", ""2017-07-31""], ""efectivo_en_mxn"": false, ""exposicion_inicial"": 0.0, ""exposicion_max"": 1.0, ""exposicion_min"": 0.0, ""extras"": [""rv2_cowy"", ""rv2_mm""], ""fx"": false, ""max_dias_fx"": 10, ""min_historia"": 121, ""periodos_por_anio"": 12, ""permitir_capturas"": false, ""rebalanceo_con_deriva"": true, ""segmentos"": [""dentro_muestra"", ""hueco_2016_2017"", ""fuera_muestra""], ""senal"": ""senal_efectivo"", ""spread_por_lado"": 0.0005, ""usuario"": {}, ""variante"": ""efectivo""}",regla sencilla
2026-09-25T06:07:57.498318Z,R05,23d9eb1d94,efectivo,0,fuera_muestra,2017-07-31,2026-07-31,108,12,USD,0.25098889494841226,0.025195665321689154,0.00547448248359021,0.0,0.0,0.0,inf,,0.0,3.0,,0.0,0.0,0.0,0.0,0,0.14650773058220712,0.025195665321689154,0.0029,0.0005,2015-12-31|2017-07-31,e85ac74d630dff95,French F-F_Research_Data_Factors (+_daily) CRSP 202607 sha256 b840dba55d31/1916d331c2c5,"{""comision_por_lado"": 0.0029, ""cortes"": [""2015-12-31"", ""2017-07-31""], ""efectivo_en_mxn"": false, ""exposicion_inicial"": 0.0, ""exposicion_max"": 1.0, ""exposicion_min"": 0.0, ""extras"": [""rv2_cowy"", ""rv2_mm""], ""fx"": false, ""max_dias_fx"": 10, ""min_historia"": 121, ""periodos_por_anio"": 12, ""permitir_capturas"": false, ""rebalanceo_con_deriva"": true, ""segmentos"": [""dentro_muestra"", ""hueco_2016_2017"", ""fuera_muestra""], ""senal"": ""senal_efectivo"", ""spread_por_lado"": 0.0005, ""usuario"": {}, ""variante"": ""efectivo""}",regla sencilla
2026-09-25T06:07:57.520990Z,R05,717067626b,sma10,0,completo,1936-07-31,2026-07-31,1080,12,USD,2893.8878485285286,0.09260494050380674,0.11580372305173209,0.5306018188443016,0.782100665066227,-0.43141646641680487,0.21465323582326648,0.1531715514711313,-0.8748738481455532,8.290024877930529,0.9999982422241289,0.7425925925925926,0.7425925925925926,1.5222453760038939,0.005175634278413243,137,0.1090284317161827,0.03455646544562496,0.0029,0.0005,2015-12-31|2017-07-31,e85ac74d630dff95,French F-F_Research_Data_Factors (+_daily) CRSP 202607 sha256 b840dba55d31/1916d331c2c5,"{""comision_por_lado"": 0.0029, ""cortes"": [""2015-12-31"", ""2017-07-31""], ""efectivo_en_mxn"": false, ""exposicion_inicial"": 0.0, ""exposicion_max"": 1.0, ""exposicion_min"": 0.0, ""extras"": [""rv2_cowy"", ""rv2_mm""], ""fx"": false, ""max_dias_fx"": 10, ""min_historia"": 121, ""periodos_por_anio"": 12, ""permitir_capturas"": false, ""rebalanceo_con_deriva"": true, ""segmentos"": [""dentro_muestra"", ""hueco_2016_2017"", ""fuera_muestra""], ""senal"": ""media_movil_10"", ""spread_por_lado"": 0.0005, ""usuario"": {}, ""variante"": ""sma10""}",regla sencilla del mismo tipo (riesgo)
2026-09-25T06:07:57.520990Z,R05,717067626b,sma10,0,dentro_muestra,1936-07-31,2015-12-31,953,12,USD,1100.5172258179457,0.09220487344455508,0.11607929203439794,0.5125536326921201,0.7515350592710116,-0.43141646641680487,0.213725902050927,0.14796148890445804,-0.9486635659957018,8.73210929656749,0.9999865302646367,0.7345225603357818,0.7345225603357818,1.4732392181197642,0.0050090133416072,117,0.10387577596926922,0.0362508283962335,0.0029,0.0005,2015-12-31|2017-07-31,e85ac74d630dff95,French F-F_Research_Data_Factors (+_daily) CRSP 202607 sha256 b840dba55d31/1916d331c2c5,"{""comision_por_lado"": 0.0029, ""cortes"": [""2015-12-31"", ""2017-07-31""], ""efectivo_en_mxn"": false, ""exposicion_inicial"": 0.0, ""exposicion_max"": 1.0, ""exposicion_min"": 0.0, ""extras"": [""rv2_cowy"", ""rv2_mm""], ""fx"": false, ""max_dias_fx"": 10, ""min_historia"": 121, ""periodos_por_anio"": 12, ""permitir_capturas"": false, ""rebalanceo_con_deriva"": true, ""segmentos"": [""dentro_muestra"", ""hueco_2016_2017"", ""fuera_muestra""], ""senal"": ""media_movil_10"", ""spread_por_lado"": 0.0005, ""usuario"": {}, ""variante"": ""sma10""}",regla sencilla del mismo tipo (riesgo)
2026-09-25T06:07:57.520990Z,R05,717067626b,sma10,0,hueco_2016_2017,2015-12-31,2017-07-31,19,12,USD,0.24634358220589414,0.14930545160175335,0.05674309699029273,2.4323548091108336,8.508120783262358,-0.019899999999999918,7.502786512650953,0.7021603519024103,0.6061850233393773,3.244308851155418,0.9993795698329334,0.8421052631578947,0.8421052631578947,1.263840830449827,0.004297058823529412,2,0.15972542568147552,0.003544300407219536,0.0029,0.0005,2015-12-31|2017-07-31,e85ac74d630dff95,French F-F_Research_Data_Factors (+_daily) CRSP 202607 sha256 b840dba55d31/1916d331c2c5,"{""comision_por_lado"": 0.0029, ""cortes"": [""2015-12-31"", ""2017-07-31""], ""efectivo_en_mxn"": false, ""exposicion_inicial"": 0.0, ""exposicion_max"": 1.0, ""exposicion_min"": 0.0, ""extras"": [""rv2_cowy"", ""rv2_mm""], ""fx"": false, ""max_dias_fx"": 10, ""min_historia"": 121, ""periodos_por_anio"": 12, ""permitir_capturas"": false, ""rebalanceo_con_deriva"": true, ""segmentos"": [""dentro_muestra"", ""hueco_2016_2017"", ""fuera_muestra""], ""senal"": ""media_movil_10"", ""spread_por_lado"": 0.0005, ""usuario"": {}, ""variante"": ""sma10""}",regla sencilla del mismo tipo (riesgo)
2026-09-25T06:07:57.520990Z,R05,717067626b,sma10,0,fuera_muestra,2017-07-31,2026-07-31,108,12,USD,1.108641105955658,0.08643321489332889,0.12154719696967421,0.5379673776984834,0.8174859849188326,-0.19307574579550812,0.447664798792867,0.15529780516472821,-0.22918937050691593,4.182244851161278,0.9411079692111975,0.7962962962962963,0.7962962962962963,2.0001521143900214,0.0068005171889260725,18,0.14650773058220712,0.025195665321689154,0.0029,0.0005,2015-12-31|2017-07-31,e85ac74d630dff95,French F-F_Research_Data_Factors (+_daily) CRSP 202607 sha256 b840dba55d31/1916d331c2c5,"{""comision_por_lado"": 0.0029, ""cortes"": [""2015-12-31"", ""2017-07-31""], ""efectivo_en_mxn"": false, ""exposicion_inicial"": 0.0, ""exposicion_max"": 1.0, ""exposicion_min"": 0.0, ""extras"": [""rv2_cowy"", ""rv2_mm""], ""fx"": false, ""max_dias_fx"": 10, ""min_historia"": 121, ""periodos_por_anio"": 12, ""permitir_capturas"": false, ""rebalanceo_con_deriva"": true, ""segmentos"": [""dentro_muestra"", ""hueco_2016_2017"", ""fuera_muestra""], ""senal"": ""media_movil_10"", ""spread_por_lado"": 0.0005, ""usuario"": {}, ""variante"": ""sma10""}",regla sencilla del mismo tipo (riesgo)
2026-09-25T06:09:32.328802Z,R05,232e9c5f13,var_c1,1,completo,1936-07-31,2026-07-31,1080,12,USD,1231.7980145848392,0.08229029973326929,0.11159597789711746,0.46054549040540443,0.6747167905885565,-0.5043649771911566,0.16315625282221152,0.13294803142981423,-0.5892822446098975,6.270335642891518,0.9999841415562056,0.7718319420505761,1.0,1.8869176696732393,0.006415520076889023,641,0.1090284317161827,0.03455646544562496,0.0029,0.0005,2015-12-31|2017-07-31,e85ac74d630dff95,French F-F_Research_Data_Factors (+_daily) CRSP 202607 sha256 b840dba55d31/1916d331c2c5,"{""comision_por_lado"": 0.0029, ""cortes"": [""2015-12-31"", ""2017-07-31""], ""efectivo_en_mxn"": false, ""exposicion_inicial"": 0.0, ""exposicion_max"": 1.0, ""exposicion_min"": 0.0, ""extras"": [""rv2_cowy"", ""rv2_mm""], ""fx"": false, ""max_dias_fx"": 10, ""min_historia"": 121, ""periodos_por_anio"": 12, ""permitir_capturas"": false, ""rebalanceo_con_deriva"": true, ""segmentos"": [""dentro_muestra"", ""hueco_2016_2017"", ""fuera_muestra""], ""senal"": ""gestionada_var_tope1.0_rv2_mm"", ""spread_por_lado"": 0.0005, ""usuario"": {""K"": 120, ""c"": ""expansiva, sd(f)/sd(f/x) sin tope"", ""forma"": ""var"", ""rv"": ""rv2_mm"", ""tope"": 1.0}, ""variante"": ""var_c1""}",
2026-09-25T06:09:32.328802Z,R05,232e9c5f13,var_c1,1,dentro_muestra,1936-07-31,2015-12-31,953,12,USD,554.8777228701274,0.08283976901634582,0.11484432853572672,0.44076236215873776,0.6458442457276153,-0.5043649771911566,0.16424568073240578,0.12723713422050129,-0.5710925185963756,6.175752180347236,0.9999130018695851,0.788299453349956,1.0,1.7488896655371593,0.005946224862826352,536,0.10387577596926922,0.0362508283962335,0.0029,0.0005,2015-12-31|2017-07-31,e85ac74d630dff95,French F-F_Research_Data_Factors (+_daily) CRSP 202607 sha256 b840dba55d31/1916d331c2c5,"{""comision_por_lado"": 0.0029, ""cortes"": [""2015-12-31"", ""2017-07-31""], ""efectivo_en_mxn"": false, ""exposicion_inicial"": 0.0, ""exposicion_max"": 1.0, ""exposicion_min"": 0.0, ""extras"": [""rv2_cowy"", ""rv2_mm""], ""fx"": false, ""max_dias_fx"": 10, ""min_historia"": 121, ""periodos_por_anio"": 12, ""permitir_capturas"": false, ""rebalanceo_con_deriva"": true, ""segmentos"": [""dentro_muestra"", ""hueco_2016_2017"", ""fuera_muestra""], ""senal"": ""gestionada_var_tope1.0_rv2_mm"", ""spread_por_lado"": 0.0005, ""usuario"": {""K"": 120, ""c"": ""expansiva, sd(f)/sd(f/x) sin tope"", ""forma"": ""var"", ""rv"": ""rv2_mm"", ""tope"": 1.0}, ""variante"": ""var_c1""}",
2026-09-25T06:09:32.328802Z,R05,232e9c5f13,var_c1,1,hueco_2016_2017,2015-12-31,2017-07-31,19,12,USD,0.21654645039949805,0.13186481799148142,0.053800811196773025,2.2776414426523144,6.294444554304407,-0.02127541128025101,6.197991486720893,0.6574984500163806,0.36202697806039763,3.5859743220953377,0.9968663098691446,0.8047105447611829,1.0,2.426670746291907,0.008250680537392484,12,0.15972542568147552,0.003544300407219536,0.0029,0.0005,2015-12-31|2017-07-31,e85ac74d630dff95,French F-F_Research_Data_Factors (+_daily) CRSP 202607 sha256 b840dba55d31/1916d331c2c5,"{""comision_por_lado"": 0.0029, ""cortes"": [""2015-12-31"", ""2017-07-31""], ""efectivo_en_mxn"": false, ""exposicion_inicial"": 0.0, ""exposicion_max"": 1.0, ""exposicion_min"": 0.0, ""extras"": [""rv2_cowy"", ""rv2_mm""], ""fx"": false, ""max_dias_fx"": 10, ""min_historia"": 121, ""periodos_por_anio"": 12, ""permitir_capturas"": false, ""rebalanceo_con_deriva"": true, ""segmentos"": [""dentro_muestra"", ""hueco_2016_2017"", ""fuera_muestra""], ""senal"": ""gestionada_var_tope1.0_rv2_mm"", ""spread_por_lado"": 0.0005, ""usuario"": {""K"": 120, ""c"": ""expansiva, sd(f)/sd(f/x) sin tope"", ""forma"": ""var"", ""rv"": ""rv2_mm"", ""tope"": 1.0}, ""variante"": ""var_c1""}",
2026-09-25T06:09:32.328802Z,R05,232e9c5f13,var_c1,1,fuera_muestra,2017-07-31,2026-07-31,108,12,USD,0.8229886327068892,0.06900121657255753,0.0877898900657479,0.5242088720135873,0.749736697305357,-0.1074183330177283,0.6423597782062918,0.1513260666843174,-0.7278139314696029,3.8312332913018032,0.929883571428249,0.6207372039041826,1.0,3.0100697955295503,0.010234237304800473,93,0.14650773058220712,0.025195665321689154,0.0029,0.0005,2015-12-31|2017-07-31,e85ac74d630dff95,French F-F_Research_Data_Factors (+_daily) CRSP 202607 sha256 b840dba55d31/1916d331c2c5,"{""comision_por_lado"": 0.0029, ""cortes"": [""2015-12-31"", ""2017-07-31""], ""efectivo_en_mxn"": false, ""exposicion_inicial"": 0.0, ""exposicion_max"": 1.0, ""exposicion_min"": 0.0, ""extras"": [""rv2_cowy"", ""rv2_mm""], ""fx"": false, ""max_dias_fx"": 10, ""min_historia"": 121, ""periodos_por_anio"": 12, ""permitir_capturas"": false, ""rebalanceo_con_deriva"": true, ""segmentos"": [""dentro_muestra"", ""hueco_2016_2017"", ""fuera_muestra""], ""senal"": ""gestionada_var_tope1.0_rv2_mm"", ""spread_por_lado"": 0.0005, ""usuario"": {""K"": 120, ""c"": ""expansiva, sd(f)/sd(f/x) sin tope"", ""forma"": ""var"", ""rv"": ""rv2_mm"", ""tope"": 1.0}, ""variante"": ""var_c1""}",
2026-09-25T06:09:33.454626Z,R05,577c69a62a,var_c1.5,1,completo,1936-07-31,2026-07-31,1080,12,USD,2070.672205722984,0.08855047595356647,0.14293923462809818,0.42927520783434797,0.6253073129342839,-0.6902073455824199,0.128295470224016,0.12392107839979669,-0.7279761860761537,8.035194685370794,0.9999412093183797,0.9887530317039035,1.0,3.5118111226528517,0.011940157817019702,832,0.1090284317161827,0.03455646544562496,0.0029,0.0005,2015-12-31|2017-07-31,e85ac74d630dff95,French F-F_Research_Data_Factors (+_daily) CRSP 202607 sha256 b840dba55d31/1916d331c2c5,"{""comision_por_lado"": 0.0029, ""cortes"": [""2015-12-31"", ""2017-07-31""], ""efectivo_en_mxn"": false, ""exposicion_inicial"": 0.0, ""exposicion_max"": 1.5, ""exposicion_min"": 0.0, ""extras"": [""rv2_cowy"", ""rv2_mm""], ""fx"": false, ""max_dias_fx"": 10, ""min_historia"": 121, ""periodos_por_anio"": 12, ""permitir_capturas"": false, ""rebalanceo_con_deriva"": true, ""segmentos"": [""dentro_muestra"", ""hueco_2016_2017"", ""fuera_muestra""], ""senal"": ""gestionada_var_tope1.5_rv2_mm"", ""spread_por_lado"": 0.0005, ""usuario"": {""K"": 120, ""c"": ""expansiva, sd(f)/sd(f/x) sin tope"", ""forma"": ""var"", ""rv"": ""rv2_mm"", ""tope"": 1.5}, ""variante"": ""var_c1.5""}",
2026-09-25T06:09:33.454626Z,R05,577c69a62a,var_c1.5,1,dentro_muestra,1936-07-31,2015-12-31,953,12,USD,937.7023649496391,0.09000738871166702,0.1475071928249946,0.4184801671712038,0.6113235969807941,-0.6902073455824199,0.13040630368214323,0.12080481858340705,-0.7059093071222217,7.844111930972136,0.9997980101755275,1.0154826145146514,1.0,3.347126871091203,0.011380231361710088,716,0.10387577596926922,0.0362508283962335,0.0029,0.0005,2015-12-31|2017-07-31,e85ac74d630dff95,French F-F_Research_Data_Factors (+_daily) CRSP 202607 sha256 b840dba55d31/1916d331c2c5,"{""comision_por_lado"": 0.0029, ""cortes"": [""2015-12-31"", ""2017-07-31""], ""efectivo_en_mxn"": false, ""exposicion_inicial"": 0.0, ""exposicion_max"": 1.5, ""exposicion_min"": 0.0, ""extras"": [""rv2_cowy"", ""rv2_mm""], ""fx"": false, ""max_dias_fx"": 10, ""min_historia"": 121, ""periodos_por_anio"": 12, ""permitir_capturas"": false, ""rebalanceo_con_deriva"": true, ""segmentos"": [""dentro_muestra"", ""hueco_2016_2017"", ""fuera_muestra""], ""senal"": ""gestionada_var_tope1.5_rv2_mm"", ""spread_por_lado"": 0.0005, ""usuario"": {""K"": 120, ""c"": ""expansiva, sd(f)/sd(f/x) sin tope"", ""forma"": ""var"", ""rv"": ""rv2_mm"", ""tope"": 1.5}, ""variante"": ""var_c1.5""}",
2026-09-25T06:09:33.454626Z,R05,577c69a62a,var_c1.5,1,hueco_2016_2017,2015-12-31,2017-07-31,19,12,USD,0.3000558748890352,0.18036120164953573,0.07295229254727009,2.2770531614852945,8.236149602337466,-0.02127541128025101,8.477448415625073,0.6573286278713116,1.009452378979345,4.272671854786475,0.9996066009389539,1.0603646254202665,1.0,4.27857239491933,0.01454714614272572,14,0.15972542568147552,0.003544300407219536,0.0029,0.0005,2015-12-31|2017-07-31,e85ac74d630dff95,French F-F_Research_Data_Factors (+_daily) CRSP 202607 sha256 b840dba55d31/1916d331c2c5,"{""comision_por_lado"": 0.0029, ""cortes"": [""2015-12-31"", ""2017-07-31""], ""efectivo_en_mxn"": false, ""exposicion_inicial"": 0.0, ""exposicion_max"": 1.5, ""exposicion_min"": 0.0, ""extras"": [""rv2_cowy"", ""rv2_mm""], ""fx"": false, ""max_dias_fx"": 10, ""min_historia"": 121, ""periodos_por_anio"": 12, ""permitir_capturas"": false, ""rebalanceo_con_deriva"": true, ""segmentos"": [""dentro_muestra"", ""hueco_2016_2017"", ""fuera_muestra""], ""senal"": ""gestionada_var_tope1.5_rv2_mm"", ""spread_por_lado"": 0.0005, ""usuario"": {""K"": 120, ""c"": ""expansiva, sd(f)/sd(f/x) sin tope"", ""forma"": ""var"", ""rv"": ""rv2_mm"", ""tope"": 1.5}, ""variante"": ""var_c1.5""}",
2026-09-25T06:09:33.454626Z,R05,577c69a62a,var_c1.5,1,fuera_muestra,2017-07-31,2026-07-31,108,12,USD,0.6975833587800175,0.06056852002664015,0.10671103006009044,0.373754764424788,0.5035753063556129,-0.19021881802902119,0.31841497415570824,0.10789370692577827,-1.0654761572195153,5.56460257558575,0.8533062864582295,0.7402908770811858,1.0,4.830280264629971,0.016422952899741907,102,0.14650773058220712,0.025195665321689154,0.0029,0.0005,2015-12-31|2017-07-31,e85ac74d630dff95,French F-F_Research_Data_Factors (+_daily) CRSP 202607 sha256 b840dba55d31/1916d331c2c5,"{""comision_por_lado"": 0.0029, ""cortes"": [""2015-12-31"", ""2017-07-31""], ""efectivo_en_mxn"": false, ""exposicion_inicial"": 0.0, ""exposicion_max"": 1.5, ""exposicion_min"": 0.0, ""extras"": [""rv2_cowy"", ""rv2_mm""], ""fx"": false, ""max_dias_fx"": 10, ""min_historia"": 121, ""periodos_por_anio"": 12, ""permitir_capturas"": false, ""rebalanceo_con_deriva"": true, ""segmentos"": [""dentro_muestra"", ""hueco_2016_2017"", ""fuera_muestra""], ""senal"": ""gestionada_var_tope1.5_rv2_mm"", ""spread_por_lado"": 0.0005, ""usuario"": {""K"": 120, ""c"": ""expansiva, sd(f)/sd(f/x) sin tope"", ""forma"": ""var"", ""rv"": ""rv2_mm"", ""tope"": 1.5}, ""variante"": ""var_c1.5""}",
2026-09-25T06:09:34.487596Z,R05,bdc2cff9c7,var_c2,1,completo,1936-07-31,2026-07-31,1080,12,USD,2293.8587346261374,0.08978870110280424,0.1682688235720154,0.39707799271506533,0.5723496981317788,-0.793541033431773,0.11314941171284003,0.11462654299165961,-0.9420551929600539,11.05515609550097,0.9997882024384288,1.1387200779147821,1.0,4.985762751422096,0.016951593354835114,929,0.1090284317161827,0.03455646544562496,0.0029,0.0005,2015-12-31|2017-07-31,e85ac74d630dff95,French F-F_Research_Data_Factors (+_daily) CRSP 202607 sha256 b840dba55d31/1916d331c2c5,"{""comision_por_lado"": 0.0029, ""cortes"": [""2015-12-31"", ""2017-07-31""], ""efectivo_en_mxn"": false, ""exposicion_inicial"": 0.0, ""exposicion_max"": 2.0, ""exposicion_min"": 0.0, ""extras"": [""rv2_cowy"", ""rv2_mm""], ""fx"": false, ""max_dias_fx"": 10, ""min_historia"": 121, ""periodos_por_anio"": 12, ""permitir_capturas"": false, ""rebalanceo_con_deriva"": true, ""segmentos"": [""dentro_muestra"", ""hueco_2016_2017"", ""fuera_muestra""], ""senal"": ""gestionada_var_tope2.0_rv2_mm"", ""spread_por_lado"": 0.0005, ""usuario"": {""K"": 120, ""c"": ""expansiva, sd(f)/sd(f/x) sin tope"", ""forma"": ""var"", ""rv"": ""rv2_mm"", ""tope"": 2.0}, ""variante"": ""var_c2""}",
2026-09-25T06:09:34.487596Z,R05,bdc2cff9c7,var_c2,1,dentro_muestra,1936-07-31,2015-12-31,953,12,USD,1023.8712899919669,0.09121345034052553,0.1738719790347494,0.3881376993762616,0.5611528284547682,-0.793541033431773,0.11494484405684847,0.11204570260876334,-0.9178743243857829,10.744009980735552,0.9994173909125734,1.174345245012112,1.0,4.848626892164974,0.016485331433360895,806,0.10387577596926922,0.0362508283962335,0.0029,0.0005,2015-12-31|2017-07-31,e85ac74d630dff95,French F-F_Research_Data_Factors (+_daily) CRSP 202607 sha256 b840dba55d31/1916d331c2c5,"{""comision_por_lado"": 0.0029, ""cortes"": [""2015-12-31"", ""2017-07-31""], ""efectivo_en_mxn"": false, ""exposicion_inicial"": 0.0, ""exposicion_max"": 2.0, ""exposicion_min"": 0.0, ""extras"": [""rv2_cowy"", ""rv2_mm""], ""fx"": false, ""max_dias_fx"": 10, ""min_historia"": 121, ""periodos_por_anio"": 12, ""permitir_capturas"": false, ""rebalanceo_con_deriva"": true, ""segmentos"": [""dentro_muestra"", ""hueco_2016_2017"", ""fuera_muestra""], ""senal"": ""gestionada_var_tope2.0_rv2_mm"", ""spread_por_lado"": 0.0005, ""usuario"": {""K"": 120, ""c"": ""expansiva, sd(f)/sd(f/x) sin tope"", ""forma"": ""var"", ""rv"": ""rv2_mm"", ""tope"": 2.0}, ""variante"": ""var_c2""}",
2026-09-25T06:09:34.487596Z,R05,bdc2cff9c7,var_c2,1,hueco_2016_2017,2015-12-31,2017-07-31,19,12,USD,0.35684151321984237,0.21268458800287937,0.09199517290055283,2.1178519946467245,9.313425780222833,-0.02127541128025101,9.996732152496847,0.6113712096065361,1.494712527968878,5.209969476124166,0.9999099981489794,1.2389799202063205,1.0,6.783159191437635,0.023062741250887957,18,0.15972542568147552,0.003544300407219536,0.0029,0.0005,2015-12-31|2017-07-31,e85ac74d630dff95,French F-F_Research_Data_Factors (+_daily) CRSP 202607 sha256 b840dba55d31/1916d331c2c5,"{""comision_por_lado"": 0.0029, ""cortes"": [""2015-12-31"", ""2017-07-31""], ""efectivo_en_mxn"": false, ""exposicion_inicial"": 0.0, ""exposicion_max"": 2.0, ""exposicion_min"": 0.0, ""extras"": [""rv2_cowy"", ""rv2_mm""], ""fx"": false, ""max_dias_fx"": 10, ""min_historia"": 121, ""periodos_por_anio"": 12, ""permitir_capturas"": false, ""rebalanceo_con_deriva"": true, ""segmentos"": [""dentro_muestra"", ""hueco_2016_2017"", ""fuera_muestra""], ""senal"": ""gestionada_var_tope2.0_rv2_mm"", ""spread_por_lado"": 0.0005, ""usuario"": {""K"": 120, ""c"": ""expansiva, sd(f)/sd(f/x) sin tope"", ""forma"": ""var"", ""rv"": ""rv2_mm"", ""tope"": 2.0}, ""variante"": ""var_c2""}",
2026-09-25T06:09:34.487596Z,R05,bdc2cff9c7,var_c2,1,fuera_muestra,2017-07-31,2026-07-31,108,12,USD,0.6502795075918204,0.057243186188922435,0.12191769772736682,0.3161947409617924,0.41546370322715703,-0.26112624225876613,0.21921652030743285,0.09127755940531741,-1.3834801361558466,8.417886746396135,0.8115539248448522,0.8067226589583508,1.0,5.879892574100061,0.019991634751940202,105,0.14650773058220712,0.025195665321689154,0.0029,0.0005,2015-12-31|2017-07-31,e85ac74d630dff95,French F-F_Research_Data_Factors (+_daily) CRSP 202607 sha256 b840dba55d31/1916d331c2c5,"{""comision_por_lado"": 0.0029, ""cortes"": [""2015-12-31"", ""2017-07-31""], ""efectivo_en_mxn"": false, ""exposicion_inicial"": 0.0, ""exposicion_max"": 2.0, ""exposicion_min"": 0.0, ""extras"": [""rv2_cowy"", ""rv2_mm""], ""fx"": false, ""max_dias_fx"": 10, ""min_historia"": 121, ""periodos_por_anio"": 12, ""permitir_capturas"": false, ""rebalanceo_con_deriva"": true, ""segmentos"": [""dentro_muestra"", ""hueco_2016_2017"", ""fuera_muestra""], ""senal"": ""gestionada_var_tope2.0_rv2_mm"", ""spread_por_lado"": 0.0005, ""usuario"": {""K"": 120, ""c"": ""expansiva, sd(f)/sd(f/x) sin tope"", ""forma"": ""var"", ""rv"": ""rv2_mm"", ""tope"": 2.0}, ""variante"": ""var_c2""}",
2026-09-25T06:09:35.595327Z,R05,f8545e5187,vol_c1,1,completo,1936-07-31,2026-07-31,1080,12,USD,5870.423448727951,0.10122373586040578,0.13773064087630513,0.5233993546994722,0.7747427238370198,-0.42231033848285204,0.23969040451164797,0.15109237916470836,-0.5334120936674989,6.616117503579103,0.9999987316783661,0.9220715072687917,1.0,0.8159895913278443,0.0027743646105146736,420,0.1090284317161827,0.03455646544562496,0.0029,0.0005,2015-12-31|2017-07-31,e85ac74d630dff95,French F-F_Research_Data_Factors (+_daily) CRSP 202607 sha256 b840dba55d31/1916d331c2c5,"{""comision_por_lado"": 0.0029, ""cortes"": [""2015-12-31"", ""2017-07-31""], ""efectivo_en_mxn"": false, ""exposicion_inicial"": 0.0, ""exposicion_max"": 1.0, ""exposicion_min"": 0.0, ""extras"": [""rv2_cowy"", ""rv2_mm""], ""fx"": false, ""max_dias_fx"": 10, ""min_historia"": 121, ""periodos_por_anio"": 12, ""permitir_capturas"": false, ""rebalanceo_con_deriva"": true, ""segmentos"": [""dentro_muestra"", ""hueco_2016_2017"", ""fuera_muestra""], ""senal"": ""gestionada_vol_tope1.0_rv2_mm"", ""spread_por_lado"": 0.0005, ""usuario"": {""K"": 120, ""c"": ""expansiva, sd(f)/sd(f/x) sin tope"", ""forma"": ""vol"", ""rv"": ""rv2_mm"", ""tope"": 1.0}, ""variante"": ""vol_c1""}",
2026-09-25T06:09:35.595327Z,R05,f8545e5187,vol_c1,1,dentro_muestra,1936-07-31,2015-12-31,953,12,USD,1809.7567848912006,0.09906223326169439,0.13996613688646806,0.49136597488822503,0.7245055362063456,-0.42231033848285204,0.2345721244182063,0.14184513893616982,-0.5299808164299266,6.800398205272311,0.9999844089996592,0.9297944978435777,1.0,0.7499951562401224,0.0025499835312164185,342,0.10387577596926922,0.0362508283962335,0.0029,0.0005,2015-12-31|2017-07-31,e85ac74d630dff95,French F-F_Research_Data_Factors (+_daily) CRSP 202607 sha256 b840dba55d31/1916d331c2c5,"{""comision_por_lado"": 0.0029, ""cortes"": [""2015-12-31"", ""2017-07-31""], ""efectivo_en_mxn"": false, ""exposicion_inicial"": 0.0, ""exposicion_max"": 1.0, ""exposicion_min"": 0.0, ""extras"": [""rv2_cowy"", ""rv2_mm""], ""fx"": false, ""max_dias_fx"": 10, ""min_historia"": 121, ""periodos_por_anio"": 12, ""permitir_capturas"": false, ""rebalanceo_con_deriva"": true, ""segmentos"": [""dentro_muestra"", ""hueco_2016_2017"", ""fuera_muestra""], ""senal"": ""gestionada_vol_tope1.0_rv2_mm"", ""spread_por_lado"": 0.0005, ""usuario"": {""K"": 120, ""c"": ""expansiva, sd(f)/sd(f/x) sin tope"", ""forma"": ""vol"", ""rv"": ""rv2_mm"", ""tope"": 1.0}, ""variante"": ""vol_c1""}",
2026-09-25T06:09:35.595327Z,R05,f8545e5187,vol_c1,1,hueco_2016_2017,2015-12-31,2017-07-31,19,12,USD,0.24282400078157695,0.1472534531456089,0.07511087874859668,1.8288210101541693,3.616113847652228,-0.04424736026416709,3.327960182629457,0.5279351512560765,-0.40136758535379263,3.966061637174394,0.9699854488592913,0.9325863807599702,1.0,0.9513391498432624,0.0032345531094670923,8,0.15972542568147552,0.003544300407219536,0.0029,0.0005,2015-12-31|2017-07-31,e85ac74d630dff95,French F-F_Research_Data_Factors (+_daily) CRSP 202607 sha256 b840dba55d31/1916d331c2c5,"{""comision_por_lado"": 0.0029, ""cortes"": [""2015-12-31"", ""2017-07-31""], ""efectivo_en_mxn"": false, ""exposicion_inicial"": 0.0, ""exposicion_max"": 1.0, ""exposicion_min"": 0.0, ""extras"": [""rv2_cowy"", ""rv2_mm""], ""fx"": false, ""max_dias_fx"": 10, ""min_historia"": 121, ""periodos_por_anio"": 12, ""permitir_capturas"": false, ""rebalanceo_con_deriva"": true, ""segmentos"": [""dentro_muestra"", ""hueco_2016_2017"", ""fuera_muestra""], ""senal"": ""gestionada_vol_tope1.0_rv2_mm"", ""spread_por_lado"": 0.0005, ""usuario"": {""K"": 120, ""c"": ""expansiva, sd(f)/sd(f/x) sin tope"", ""forma"": ""vol"", ""rv"": ""rv2_mm"", ""tope"": 1.0}, ""variante"": ""vol_c1""}",
2026-09-25T06:09:35.595327Z,R05,f8545e5187,vol_c1,1,fuera_muestra,2017-07-31,2026-07-31,108,12,USD,1.6089974236353872,0.11244454194755793,0.12655979396046893,0.7130011073224714,1.0913090736514426,-0.16176618084093164,0.6951053759384181,0.20582569062256506,-0.44540459804569243,2.8428534756105255,0.9782950989320605,0.8520734275085748,1.0,1.3745744814305665,0.0046735532368639265,70,0.14650773058220712,0.025195665321689154,0.0029,0.0005,2015-12-31|2017-07-31,e85ac74d630dff95,French F-F_Research_Data_Factors (+_daily) CRSP 202607 sha256 b840dba55d31/1916d331c2c5,"{""comision_por_lado"": 0.0029, ""cortes"": [""2015-12-31"", ""2017-07-31""], ""efectivo_en_mxn"": false, ""exposicion_inicial"": 0.0, ""exposicion_max"": 1.0, ""exposicion_min"": 0.0, ""extras"": [""rv2_cowy"", ""rv2_mm""], ""fx"": false, ""max_dias_fx"": 10, ""min_historia"": 121, ""periodos_por_anio"": 12, ""permitir_capturas"": false, ""rebalanceo_con_deriva"": true, ""segmentos"": [""dentro_muestra"", ""hueco_2016_2017"", ""fuera_muestra""], ""senal"": ""gestionada_vol_tope1.0_rv2_mm"", ""spread_por_lado"": 0.0005, ""usuario"": {""K"": 120, ""c"": ""expansiva, sd(f)/sd(f/x) sin tope"", ""forma"": ""vol"", ""rv"": ""rv2_mm"", ""tope"": 1.0}, ""variante"": ""vol_c1""}",
2026-09-25T06:09:36.735265Z,R05,9b6e7c215f,vol_c1.5,1,completo,1936-07-31,2026-07-31,1080,12,USD,12058.180349014601,0.11006565309382133,0.17405379244466562,0.49407098351700773,0.725266361711518,-0.6536149575947007,0.16839524832611283,0.1426260076661638,-0.608800946182151,6.018930952021896,0.9999955456248271,1.2065058061864555,1.0,2.353629285685823,0.008002339571331792,771,0.1090284317161827,0.03455646544562496,0.0029,0.0005,2015-12-31|2017-07-31,e85ac74d630dff95,French F-F_Research_Data_Factors (+_daily) CRSP 202607 sha256 b840dba55d31/1916d331c2c5,"{""comision_por_lado"": 0.0029, ""cortes"": [""2015-12-31"", ""2017-07-31""], ""efectivo_en_mxn"": false, ""exposicion_inicial"": 0.0, ""exposicion_max"": 1.5, ""exposicion_min"": 0.0, ""extras"": [""rv2_cowy"", ""rv2_mm""], ""fx"": false, ""max_dias_fx"": 10, ""min_historia"": 121, ""periodos_por_anio"": 12, ""permitir_capturas"": false, ""rebalanceo_con_deriva"": true, ""segmentos"": [""dentro_muestra"", ""hueco_2016_2017"", ""fuera_muestra""], ""senal"": ""gestionada_vol_tope1.5_rv2_mm"", ""spread_por_lado"": 0.0005, ""usuario"": {""K"": 120, ""c"": ""expansiva, sd(f)/sd(f/x) sin tope"", ""forma"": ""vol"", ""rv"": ""rv2_mm"", ""tope"": 1.5}, ""variante"": ""vol_c1.5""}",
2026-09-25T06:09:36.735265Z,R05,9b6e7c215f,vol_c1.5,1,dentro_muestra,1936-07-31,2015-12-31,953,12,USD,3607.541695425973,0.10864669749865175,0.1782886151476771,0.4701240819380914,0.6897351119087471,-0.6536149575947007,0.16622431331509147,0.13571313262974138,-0.5948600178597954,6.026105119418659,0.9999663282613029,1.2266650435647048,1.0,2.209988340623159,0.00751396035811874,657,0.10387577596926922,0.0362508283962335,0.0029,0.0005,2015-12-31|2017-07-31,e85ac74d630dff95,French F-F_Research_Data_Factors (+_daily) CRSP 202607 sha256 b840dba55d31/1916d331c2c5,"{""comision_por_lado"": 0.0029, ""cortes"": [""2015-12-31"", ""2017-07-31""], ""efectivo_en_mxn"": false, ""exposicion_inicial"": 0.0, ""exposicion_max"": 1.5, ""exposicion_min"": 0.0, ""extras"": [""rv2_cowy"", ""rv2_mm""], ""fx"": false, ""max_dias_fx"": 10, ""min_historia"": 121, ""periodos_por_anio"": 12, ""permitir_capturas"": false, ""rebalanceo_con_deriva"": true, ""segmentos"": [""dentro_muestra"", ""hueco_2016_2017"", ""fuera_muestra""], ""senal"": ""gestionada_vol_tope1.5_rv2_mm"", ""spread_por_lado"": 0.0005, ""usuario"": {""K"": 120, ""c"": ""expansiva, sd(f)/sd(f/x) sin tope"", ""forma"": ""vol"", ""rv"": ""rv2_mm"", ""tope"": 1.5}, ""variante"": ""vol_c1.5""}",
2026-09-25T06:09:36.735265Z,R05,9b6e7c215f,vol_c1.5,1,hueco_2016_2017,2015-12-31,2017-07-31,19,12,USD,0.34423205533032597,0.20555075648563714,0.09011899368899745,2.094838659323175,4.844111127489153,-0.044845601719495254,4.583520983202244,0.6047278319345349,-0.0338699121744887,3.5775183393029475,0.9889654223362337,1.240876786657123,1.0,2.7639687561223223,0.00939749377081589,14,0.15972542568147552,0.003544300407219536,0.0029,0.0005,2015-12-31|2017-07-31,e85ac74d630dff95,French F-F_Research_Data_Factors (+_daily) CRSP 202607 sha256 b840dba55d31/1916d331c2c5,"{""comision_por_lado"": 0.0029, ""cortes"": [""2015-12-31"", ""2017-07-31""], ""efectivo_en_mxn"": false, ""exposicion_inicial"": 0.0, ""exposicion_max"": 1.5, ""exposicion_min"": 0.0, ""extras"": [""rv2_cowy"", ""rv2_mm""], ""fx"": false, ""max_dias_fx"": 10, ""min_historia"": 121, ""periodos_por_anio"": 12, ""permitir_capturas"": false, ""rebalanceo_con_deriva"": true, ""segmentos"": [""dentro_muestra"", ""hueco_2016_2017"", ""fuera_muestra""], ""senal"": ""gestionada_vol_tope1.5_rv2_mm"", ""spread_por_lado"": 0.0005, ""usuario"": {""K"": 120, ""c"": ""expansiva, sd(f)/sd(f/x) sin tope"", ""forma"": ""vol"", ""rv"": ""rv2_mm"", ""tope"": 1.5}, ""variante"": ""vol_c1.5""}",
2026-09-25T06:09:36.735265Z,R05,9b6e7c215f,vol_c1.5,1,fuera_muestra,2017-07-31,2026-07-31,108,12,USD,1.486061195674707,0.1064940924839155,0.1457173954289476,0.600328455476901,0.8727658321562206,-0.17782394983447936,0.5988737320425144,0.17329989768589052,-0.648185186388891,3.129670744289117,0.9542576407349729,1.0225724557196538,1.0,3.5490709283753166,0.012066841156476073,100,0.14650773058220712,0.025195665321689154,0.0029,0.0005,2015-12-31|2017-07-31,e85ac74d630dff95,French F-F_Research_Data_Factors (+_daily) CRSP 202607 sha256 b840dba55d31/1916d331c2c5,"{""comision_por_lado"": 0.0029, ""cortes"": [""2015-12-31"", ""2017-07-31""], ""efectivo_en_mxn"": false, ""exposicion_inicial"": 0.0, ""exposicion_max"": 1.5, ""exposicion_min"": 0.0, ""extras"": [""rv2_cowy"", ""rv2_mm""], ""fx"": false, ""max_dias_fx"": 10, ""min_historia"": 121, ""periodos_por_anio"": 12, ""permitir_capturas"": false, ""rebalanceo_con_deriva"": true, ""segmentos"": [""dentro_muestra"", ""hueco_2016_2017"", ""fuera_muestra""], ""senal"": ""gestionada_vol_tope1.5_rv2_mm"", ""spread_por_lado"": 0.0005, ""usuario"": {""K"": 120, ""c"": ""expansiva, sd(f)/sd(f/x) sin tope"", ""forma"": ""vol"", ""rv"": ""rv2_mm"", ""tope"": 1.5}, ""variante"": ""vol_c1.5""}",
2026-09-25T06:09:37.800162Z,R05,2faf08c622,vol_c2,1,completo,1936-07-31,2026-07-31,1080,12,USD,13585.313368724917,0.11153732297806429,0.19526611108311243,0.4691998365544135,0.6823879726694972,-0.7678663070725804,0.14525617539241964,0.13544632596920952,-0.7659141642622804,7.5478524892652015,0.9999853248580132,1.3570036516807014,1.0,3.7467852717455763,0.01273906992393495,964,0.1090284317161827,0.03455646544562496,0.0029,0.0005,2015-12-31|2017-07-31,e85ac74d630dff95,French F-F_Research_Data_Factors (+_daily) CRSP 202607 sha256 b840dba55d31/1916d331c2c5,"{""comision_por_lado"": 0.0029, ""cortes"": [""2015-12-31"", ""2017-07-31""], ""efectivo_en_mxn"": false, ""exposicion_inicial"": 0.0, ""exposicion_max"": 2.0, ""exposicion_min"": 0.0, ""extras"": [""rv2_cowy"", ""rv2_mm""], ""fx"": false, ""max_dias_fx"": 10, ""min_historia"": 121, ""periodos_por_anio"": 12, ""permitir_capturas"": false, ""rebalanceo_con_deriva"": true, ""segmentos"": [""dentro_muestra"", ""hueco_2016_2017"", ""fuera_muestra""], ""senal"": ""gestionada_vol_tope2.0_rv2_mm"", ""spread_por_lado"": 0.0005, ""usuario"": {""K"": 120, ""c"": ""expansiva, sd(f)/sd(f/x) sin tope"", ""forma"": ""vol"", ""rv"": ""rv2_mm"", ""tope"": 2.0}, ""variante"": ""vol_c2""}",
2026-09-25T06:09:37.800162Z,R05,2faf08c622,vol_c2,1,dentro_muestra,1936-07-31,2015-12-31,953,12,USD,4042.7666202506057,0.1102374851335044,0.20053095143259317,0.4482178472082837,0.652158515445657,-0.7678663070725804,0.14356338351890274,0.12938934737064858,-0.749908507526079,7.493358762973842,0.9999168085754186,1.3868871735138049,1.0,3.628407221207592,0.012336584552105808,840,0.10387577596926922,0.0362508283962335,0.0029,0.0005,2015-12-31|2017-07-31,e85ac74d630dff95,French F-F_Research_Data_Factors (+_daily) CRSP 202607 sha256 b840dba55d31/1916d331c2c5,"{""comision_por_lado"": 0.0029, ""cortes"": [""2015-12-31"", ""2017-07-31""], ""efectivo_en_mxn"": false, ""exposicion_inicial"": 0.0, ""exposicion_max"": 2.0, ""exposicion_min"": 0.0, ""extras"": [""rv2_cowy"", ""rv2_mm""], ""fx"": false, ""max_dias_fx"": 10, ""min_historia"": 121, ""periodos_por_anio"": 12, ""permitir_capturas"": false, ""rebalanceo_con_deriva"": true, ""segmentos"": [""dentro_muestra"", ""hueco_2016_2017"", ""fuera_muestra""], ""senal"": ""gestionada_vol_tope2.0_rv2_mm"", ""spread_por_lado"": 0.0005, ""usuario"": {""K"": 120, ""c"": ""expansiva, sd(f)/sd(f/x) sin tope"", ""forma"": ""vol"", ""rv"": ""rv2_mm"", ""tope"": 2.0}, ""variante"": ""vol_c2""}",
2026-09-25T06:09:37.800162Z,R05,2faf08c622,vol_c2,1,hueco_2016_2017,2015-12-31,2017-07-31,19,12,USD,0.395239229562135,0.23425942744510708,0.10428599637349474,2.0509275542084997,5.40982309010672,-0.044845601719495254,5.223687908356684,0.5920517877553491,0.5025127035851875,3.9438397199032114,0.99481209584549,1.3960097305815615,1.0,4.952019240518968,0.01683686541776449,19,0.15972542568147552,0.003544300407219536,0.0029,0.0005,2015-12-31|2017-07-31,e85ac74d630dff95,French F-F_Research_Data_Factors (+_daily) CRSP 202607 sha256 b840dba55d31/1916d331c2c5,"{""comision_por_lado"": 0.0029, ""cortes"": [""2015-12-31"", ""2017-07-31""], ""efectivo_en_mxn"": false, ""exposicion_inicial"": 0.0, ""exposicion_max"": 2.0, ""exposicion_min"": 0.0, ""extras"": [""rv2_cowy"", ""rv2_mm""], ""fx"": false, ""max_dias_fx"": 10, ""min_historia"": 121, ""periodos_por_anio"": 12, ""permitir_capturas"": false, ""rebalanceo_con_deriva"": true, ""segmentos"": [""dentro_muestra"", ""hueco_2016_2017"", ""fuera_muestra""], ""senal"": ""gestionada_vol_tope2.0_rv2_mm"", ""spread_por_lado"": 0.0005, ""usuario"": {""K"": 120, ""c"": ""expansiva, sd(f)/sd(f/x) sin tope"", ""forma"": ""vol"", ""rv"": ""rv2_mm"", ""tope"": 2.0}, ""variante"": ""vol_c2""}",
2026-09-25T06:09:37.800162Z,R05,2faf08c622,vol_c2,1,fuera_muestra,2017-07-31,2026-07-31,108,12,USD,1.4080575710450711,0.10258138232228697,0.1572987794656279,0.545155420524337,0.7695551816209302,-0.24169862117907126,0.4244185664852668,0.1573728143949548,-0.8621609336474839,4.275602661877878,0.9349976868459069,1.0864470608838137,1.0,4.579510211813821,0.015570334720166992,105,0.14650773058220712,0.025195665321689154,0.0029,0.0005,2015-12-31|2017-07-31,e85ac74d630dff95,French F-F_Research_Data_Factors (+_daily) CRSP 202607 sha256 b840dba55d31/1916d331c2c5,"{""comision_por_lado"": 0.0029, ""cortes"": [""2015-12-31"", ""2017-07-31""], ""efectivo_en_mxn"": false, ""exposicion_inicial"": 0.0, ""exposicion_max"": 2.0, ""exposicion_min"": 0.0, ""extras"": [""rv2_cowy"", ""rv2_mm""], ""fx"": false, ""max_dias_fx"": 10, ""min_historia"": 121, ""periodos_por_anio"": 12, ""permitir_capturas"": false, ""rebalanceo_con_deriva"": true, ""segmentos"": [""dentro_muestra"", ""hueco_2016_2017"", ""fuera_muestra""], ""senal"": ""gestionada_vol_tope2.0_rv2_mm"", ""spread_por_lado"": 0.0005, ""usuario"": {""K"": 120, ""c"": ""expansiva, sd(f)/sd(f/x) sin tope"", ""forma"": ""vol"", ""rv"": ""rv2_mm"", ""tope"": 2.0}, ""variante"": ""vol_c2""}",
2026-09-25T06:09:38.906473Z,R05,1e3252e016,var_c1_rvCOWY,1,completo,1936-07-31,2026-07-31,1080,12,USD,1279.1953924098993,0.0827440776521482,0.1122819991858265,0.4621725903576385,0.6789512994541868,-0.4893590600055514,0.16908663681675687,0.13341773472752463,-0.5628631177791174,6.322501985072932,0.9999854814135489,0.7719721388215751,1.0,1.8429168321278333,0.00626591722923463,648,0.1090284317161827,0.03455646544562496,0.0029,0.0005,2015-12-31|2017-07-31,e85ac74d630dff95,French F-F_Research_Data_Factors (+_daily) CRSP 202607 sha256 b840dba55d31/1916d331c2c5,"{""comision_por_lado"": 0.0029, ""cortes"": [""2015-12-31"", ""2017-07-31""], ""efectivo_en_mxn"": false, ""exposicion_inicial"": 0.0, ""exposicion_max"": 1.0, ""exposicion_min"": 0.0, ""extras"": [""rv2_cowy"", ""rv2_mm""], ""fx"": false, ""max_dias_fx"": 10, ""min_historia"": 121, ""periodos_por_anio"": 12, ""permitir_capturas"": false, ""rebalanceo_con_deriva"": true, ""segmentos"": [""dentro_muestra"", ""hueco_2016_2017"", ""fuera_muestra""], ""senal"": ""gestionada_var_tope1.0_rv2_cowy"", ""spread_por_lado"": 0.0005, ""usuario"": {""K"": 120, ""c"": ""expansiva, sd(f)/sd(f/x) sin tope"", ""forma"": ""var"", ""rv"": ""rv2_cowy"", ""tope"": 1.0}, ""variante"": ""var_c1_rvCOWY""}",
2026-09-25T06:09:38.906473Z,R05,1e3252e016,var_c1_rvCOWY,1,dentro_muestra,1936-07-31,2015-12-31,953,12,USD,571.0886282678314,0.08323178270675236,0.11548079719015274,0.442111147613617,0.6494628323373031,-0.4893590600055514,0.17008325687442705,0.12762649504322807,-0.5459568707182427,6.234508327015371,0.999918395396433,0.7886027331368423,1.0,1.7209236791312985,0.0058511405090464165,543,0.10387577596926922,0.0362508283962335,0.0029,0.0005,2015-12-31|2017-07-31,e85ac74d630dff95,French F-F_Research_Data_Factors (+_daily) CRSP 202607 sha256 b840dba55d31/1916d331c2c5,"{""comision_por_lado"": 0.0029, ""cortes"": [""2015-12-31"", ""2017-07-31""], ""efectivo_en_mxn"": false, ""exposicion_inicial"": 0.0, ""exposicion_max"": 1.0, ""exposicion_min"": 0.0, ""extras"": [""rv2_cowy"", ""rv2_mm""], ""fx"": false, ""max_dias_fx"": 10, ""min_historia"": 121, ""periodos_por_anio"": 12, ""permitir_capturas"": false, ""rebalanceo_con_deriva"": true, ""segmentos"": [""dentro_muestra"", ""hueco_2016_2017"", ""fuera_muestra""], ""senal"": ""gestionada_var_tope1.0_rv2_cowy"", ""spread_por_lado"": 0.0005, ""usuario"": {""K"": 120, ""c"": ""expansiva, sd(f)/sd(f/x) sin tope"", ""forma"": ""var"", ""rv"": ""rv2_cowy"", ""tope"": 1.0}, ""variante"": ""var_c1_rvCOWY""}",
2026-09-25T06:09:38.906473Z,R05,1e3252e016,var_c1_rvCOWY,1,hueco_2016_2017,2015-12-31,2017-07-31,19,12,USD,0.2137354685658419,0.13021144389983386,0.0547056887151177,2.2137736914205526,5.763554197581379,-0.02335867626527577,5.574435914992403,0.6390614183332838,0.27340876806086334,3.654419155603212,0.9951942320365305,0.8071080237635059,1.0,2.421996123247435,0.008234786819041277,12,0.15972542568147552,0.003544300407219536,0.0029,0.0005,2015-12-31|2017-07-31,e85ac74d630dff95,French F-F_Research_Data_Factors (+_daily) CRSP 202607 sha256 b840dba55d31/1916d331c2c5,"{""comision_por_lado"": 0.0029, ""cortes"": [""2015-12-31"", ""2017-07-31""], ""efectivo_en_mxn"": false, ""exposicion_inicial"": 0.0, ""exposicion_max"": 1.0, ""exposicion_min"": 0.0, ""extras"": [""rv2_cowy"", ""rv2_mm""], ""fx"": false, ""max_dias_fx"": 10, ""min_historia"": 121, ""periodos_por_anio"": 12, ""permitir_capturas"": false, ""rebalanceo_con_deriva"": true, ""segmentos"": [""dentro_muestra"", ""hueco_2016_2017"", ""fuera_muestra""], ""senal"": ""gestionada_var_tope1.0_rv2_cowy"", ""spread_por_lado"": 0.0005, ""usuario"": {""K"": 120, ""c"": ""expansiva, sd(f)/sd(f/x) sin tope"", ""forma"": ""var"", ""rv"": ""rv2_cowy"", ""tope"": 1.0}, ""variante"": ""var_c1_rvCOWY""}",
2026-09-25T06:09:38.906473Z,R05,1e3252e016,var_c1_rvCOWY,1,fuera_muestra,2017-07-31,2026-07-31,108,12,USD,0.8436942502131652,0.07034364368186763,0.08910375763100076,0.5320942743128966,0.7664628111274686,-0.10794257091681769,0.65167656360599,0.15360238625440473,-0.678180184714078,3.9279867044765635,0.9332422015853543,0.6190412295961472,1.0,2.8176498892325808,0.009580009623390767,93,0.14650773058220712,0.025195665321689154,0.0029,0.0005,2015-12-31|2017-07-31,e85ac74d630dff95,French F-F_Research_Data_Factors (+_daily) CRSP 202607 sha256 b840dba55d31/1916d331c2c5,"{""comision_por_lado"": 0.0029, ""cortes"": [""2015-12-31"", ""2017-07-31""], ""efectivo_en_mxn"": false, ""exposicion_inicial"": 0.0, ""exposicion_max"": 1.0, ""exposicion_min"": 0.0, ""extras"": [""rv2_cowy"", ""rv2_mm""], ""fx"": false, ""max_dias_fx"": 10, ""min_historia"": 121, ""periodos_por_anio"": 12, ""permitir_capturas"": false, ""rebalanceo_con_deriva"": true, ""segmentos"": [""dentro_muestra"", ""hueco_2016_2017"", ""fuera_muestra""], ""senal"": ""gestionada_var_tope1.0_rv2_cowy"", ""spread_por_lado"": 0.0005, ""usuario"": {""K"": 120, ""c"": ""expansiva, sd(f)/sd(f/x) sin tope"", ""forma"": ""var"", ""rv"": ""rv2_cowy"", ""tope"": 1.0}, ""variante"": ""var_c1_rvCOWY""}",
2026-09-25T06:09:38.923813Z,R05,9f827f39b6,comprar_y_mantener,0,completo,1936-07-31,2026-07-31,1080,12,USD,11047.430062525438,0.10898646385615418,0.15722986807586864,0.5222357686254977,0.7737227436747192,-0.5031170717166412,0.2166224721500527,0.15075648079819112,-0.502643248302401,5.8658944769860675,0.9999987871716713,1.0,1.0,0.011111280116816743,3.7778352397176926e-05,1,0.1090284317161827,0.03455646544562496,0.0029,0.0005,2015-12-31|2017-07-31,e85ac74d630dff95,French F-F_Research_Data_Factors (+_daily) CRSP 202607 sha256 b840dba55d31/1916d331c2c5,"{""comision_por_lado"": 0.0029, ""cortes"": [""2015-12-31"", ""2017-07-31""], ""efectivo_en_mxn"": false, ""exposicion_inicial"": 0.0, ""exposicion_max"": 1.0, ""exposicion_min"": 0.0, ""extras"": [""rv2_cowy"", ""rv2_mm""], ""fx"": false, ""max_dias_fx"": 10, ""min_historia"": 121, ""periodos_por_anio"": 12, ""permitir_capturas"": false, ""rebalanceo_con_deriva"": true, ""segmentos"": [""dentro_muestra"", ""hueco_2016_2017"", ""fuera_muestra""], ""senal"": ""senal_comprar_y_mantener"", ""spread_por_lado"": 0.0005, ""usuario"": {}, ""variante"": ""comprar_y_mantener""}",regla sencilla
2026-09-25T06:09:38.923813Z,R05,9f827f39b6,comprar_y_mantener,0,dentro_muestra,1936-07-31,2015-12-31,953,12,USD,2552.334344654633,0.10382843724323898,0.1572374945850173,0.4820159831621973,0.7083785496626881,-0.5031170717166412,0.20637033223495113,0.13914602881619836,-0.5221322099400854,6.1438680449413035,0.9999791674616889,1.0,1.0,0.012591788189057814,4.281207984279656e-05,1,0.10387577596926922,0.0362508283962335,0.0029,0.0005,2015-12-31|2017-07-31,e85ac74d630dff95,French F-F_Research_Data_Factors (+_daily) CRSP 202607 sha256 b840dba55d31/1916d331c2c5,"{""comision_por_lado"": 0.0029, ""cortes"": [""2015-12-31"", ""2017-07-31""], ""efectivo_en_mxn"": false, ""exposicion_inicial"": 0.0, ""exposicion_max"": 1.0, ""exposicion_min"": 0.0, ""extras"": [""rv2_cowy"", ""rv2_mm""], ""fx"": false, ""max_dias_fx"": 10, ""min_historia"": 121, ""periodos_por_anio"": 12, ""permitir_capturas"": false, ""rebalanceo_con_deriva"": true, ""segmentos"": [""dentro_muestra"", ""hueco_2016_2017"", ""fuera_muestra""], ""senal"": ""senal_comprar_y_mantener"", ""spread_por_lado"": 0.0005, ""usuario"": {}, ""variante"": ""comprar_y_mantener""}",regla sencilla
2026-09-25T06:09:38.923813Z,R05,9f827f39b6,comprar_y_mantener,0,hueco_2016_2017,2015-12-31,2017-07-31,19,12,USD,0.2642723464827166,0.15972542568147552,0.09151541716534634,1.6340435720220472,3.091530123845461,-0.057677079999999936,2.7693049939677197,0.4717077480872533,-0.3622118093738104,4.603473364019136,0.9562743731033847,1.0,1.0,0.0,0.0,0,0.15972542568147552,0.003544300407219536,0.0029,0.0005,2015-12-31|2017-07-31,e85ac74d630dff95,French F-F_Research_Data_Factors (+_daily) CRSP 202607 sha256 b840dba55d31/1916d331c2c5,"{""comision_por_lado"": 0.0029, ""cortes"": [""2015-12-31"", ""2017-07-31""], ""efectivo_en_mxn"": false, ""exposicion_inicial"": 0.0, ""exposicion_max"": 1.0, ""exposicion_min"": 0.0, ""extras"": [""rv2_cowy"", ""rv2_mm""], ""fx"": false, ""max_dias_fx"": 10, ""min_historia"": 121, ""periodos_por_anio"": 12, ""permitir_capturas"": false, ""rebalanceo_con_deriva"": true, ""segmentos"": [""dentro_muestra"", ""hueco_2016_2017"", ""fuera_muestra""], ""senal"": ""senal_comprar_y_mantener"", ""spread_por_lado"": 0.0005, ""usuario"": {}, ""variante"": ""comprar_y_mantener""}",regla sencilla
2026-09-25T06:09:38.923813Z,R05,9f827f39b6,comprar_y_mantener,0,fuera_muestra,2017-07-31,2026-07-31,108,12,USD,2.422569259203919,0.14650773058220712,0.16665316116620002,0.7584153359484538,1.1918799181841258,-0.248449322470347,0.5896885897110593,0.21893564918369013,-0.3336065890686763,3.425615557615766,0.9845062091444445,1.0,1.0,0.0,0.0,0,0.14650773058220712,0.025195665321689154,0.0029,0.0005,2015-12-31|2017-07-31,e85ac74d630dff95,French F-F_Research_Data_Factors (+_daily) CRSP 202607 sha256 b840dba55d31/1916d331c2c5,"{""comision_por_lado"": 0.0029, ""cortes"": [""2015-12-31"", ""2017-07-31""], ""efectivo_en_mxn"": false, ""exposicion_inicial"": 0.0, ""exposicion_max"": 1.0, ""exposicion_min"": 0.0, ""extras"": [""rv2_cowy"", ""rv2_mm""], ""fx"": false, ""max_dias_fx"": 10, ""min_historia"": 121, ""periodos_por_anio"": 12, ""permitir_capturas"": false, ""rebalanceo_con_deriva"": true, ""segmentos"": [""dentro_muestra"", ""hueco_2016_2017"", ""fuera_muestra""], ""senal"": ""senal_comprar_y_mantener"", ""spread_por_lado"": 0.0005, ""usuario"": {}, ""variante"": ""comprar_y_mantener""}",regla sencilla
2026-09-25T06:09:38.937184Z,R05,a3a973520e,efectivo,0,completo,1936-07-31,2026-07-31,1080,12,USD,20.27441995481673,0.03455646544562496,0.008795982732091506,0.0,0.0,-0.0008998599580103406,38.40204816095158,,0.0,3.0,,0.0,0.0,0.0,0.0,0,0.1090284317161827,0.03455646544562496,0.0029,0.0005,2015-12-31|2017-07-31,e85ac74d630dff95,French F-F_Research_Data_Factors (+_daily) CRSP 202607 sha256 b840dba55d31/1916d331c2c5,"{""comision_por_lado"": 0.0029, ""cortes"": [""2015-12-31"", ""2017-07-31""], ""efectivo_en_mxn"": false, ""exposicion_inicial"": 0.0, ""exposicion_max"": 1.0, ""exposicion_min"": 0.0, ""extras"": [""rv2_cowy"", ""rv2_mm""], ""fx"": false, ""max_dias_fx"": 10, ""min_historia"": 121, ""periodos_por_anio"": 12, ""permitir_capturas"": false, ""rebalanceo_con_deriva"": true, ""segmentos"": [""dentro_muestra"", ""hueco_2016_2017"", ""fuera_muestra""], ""senal"": ""senal_efectivo"", ""spread_por_lado"": 0.0005, ""usuario"": {}, ""variante"": ""efectivo""}",regla sencilla
2026-09-25T06:09:38.937184Z,R05,a3a973520e,efectivo,0,dentro_muestra,1936-07-31,2015-12-31,953,12,USD,15.911133551186364,0.0362508283962335,0.009041581514546001,0.0,0.0,-0.0008998599580103406,40.284966647906934,,0.0,3.0,,0.0,0.0,0.0,0.0,0,0.10387577596926922,0.0362508283962335,0.0029,0.0005,2015-12-31|2017-07-31,e85ac74d630dff95,French F-F_Research_Data_Factors (+_daily) CRSP 202607 sha256 b840dba55d31/1916d331c2c5,"{""comision_por_lado"": 0.0029, ""cortes"": [""2015-12-31"", ""2017-07-31""], ""efectivo_en_mxn"": false, ""exposicion_inicial"": 0.0, ""exposicion_max"": 1.0, ""exposicion_min"": 0.0, ""extras"": [""rv2_cowy"", ""rv2_mm""], ""fx"": false, ""max_dias_fx"": 10, ""min_historia"": 121, ""periodos_por_anio"": 12, ""permitir_capturas"": false, ""rebalanceo_con_deriva"": true, ""segmentos"": [""dentro_muestra"", ""hueco_2016_2017"", ""fuera_muestra""], ""senal"": ""senal_efectivo"", ""spread_por_lado"": 0.0005, ""usuario"": {}, ""variante"": ""efectivo""}",regla sencilla
2026-09-25T06:09:38.937184Z,R05,a3a973520e,efectivo,0,hueco_2016_2017,2015-12-31,2017-07-31,19,12,USD,0.005614563291743702,0.003544300407219536,0.0006478033056468742,0.0,0.0,0.0,inf,,0.0,3.0,,0.0,0.0,0.0,0.0,0,0.15972542568147552,0.003544300407219536,0.0029,0.0005,2015-12-31|2017-07-31,e85ac74d630dff95,French F-F_Research_Data_Factors (+_daily) CRSP 202607 sha256 b840dba55d31/1916d331c2c5,"{""comision_por_lado"": 0.0029, ""cortes"": [""2015-12-31"", ""2017-07-31""], ""efectivo_en_mxn"": false, ""exposicion_inicial"": 0.0, ""exposicion_max"": 1.0, ""exposicion_min"": 0.0, ""extras"": [""rv2_cowy"", ""rv2_mm""], ""fx"": false, ""max_dias_fx"": 10, ""min_historia"": 121, ""periodos_por_anio"": 12, ""permitir_capturas"": false, ""rebalanceo_con_deriva"": true, ""segmentos"": [""dentro_muestra"", ""hueco_2016_2017"", ""fuera_muestra""], ""senal"": ""senal_efectivo"", ""spread_por_lado"": 0.0005, ""usuario"": {}, ""variante"": ""efectivo""}",regla sencilla
2026-09-25T06:09:38.937184Z,R05,a3a973520e,efectivo,0,fuera_muestra,2017-07-31,2026-07-31,108,12,USD,0.25098889494841226,0.025195665321689154,0.00547448248359021,0.0,0.0,0.0,inf,,0.0,3.0,,0.0,0.0,0.0,0.0,0,0.14650773058220712,0.025195665321689154,0.0029,0.0005,2015-12-31|2017-07-31,e85ac74d630dff95,French F-F_Research_Data_Factors (+_daily) CRSP 202607 sha256 b840dba55d31/1916d331c2c5,"{""comision_por_lado"": 0.0029, ""cortes"": [""2015-12-31"", ""2017-07-31""], ""efectivo_en_mxn"": false, ""exposicion_inicial"": 0.0, ""exposicion_max"": 1.0, ""exposicion_min"": 0.0, ""extras"": [""rv2_cowy"", ""rv2_mm""], ""fx"": false, ""max_dias_fx"": 10, ""min_historia"": 121, ""periodos_por_anio"": 12, ""permitir_capturas"": false, ""rebalanceo_con_deriva"": true, ""segmentos"": [""dentro_muestra"", ""hueco_2016_2017"", ""fuera_muestra""], ""senal"": ""senal_efectivo"", ""spread_por_lado"": 0.0005, ""usuario"": {}, ""variante"": ""efectivo""}",regla sencilla
2026-09-25T06:09:38.955053Z,R05,7ed58c6124,sma10,0,completo,1936-07-31,2026-07-31,1080,12,USD,2893.8878485285286,0.09260494050380674,0.11580372305173209,0.5306018188443016,0.782100665066227,-0.43141646641680487,0.21465323582326648,0.1531715514711313,-0.8748738481455532,8.290024877930529,0.9999982422241289,0.7425925925925926,0.7425925925925926,1.5222453760038939,0.005175634278413243,137,0.1090284317161827,0.03455646544562496,0.0029,0.0005,2015-12-31|2017-07-31,e85ac74d630dff95,French F-F_Research_Data_Factors (+_daily) CRSP 202607 sha256 b840dba55d31/1916d331c2c5,"{""comision_por_lado"": 0.0029, ""cortes"": [""2015-12-31"", ""2017-07-31""], ""efectivo_en_mxn"": false, ""exposicion_inicial"": 0.0, ""exposicion_max"": 1.0, ""exposicion_min"": 0.0, ""extras"": [""rv2_cowy"", ""rv2_mm""], ""fx"": false, ""max_dias_fx"": 10, ""min_historia"": 121, ""periodos_por_anio"": 12, ""permitir_capturas"": false, ""rebalanceo_con_deriva"": true, ""segmentos"": [""dentro_muestra"", ""hueco_2016_2017"", ""fuera_muestra""], ""senal"": ""media_movil_10"", ""spread_por_lado"": 0.0005, ""usuario"": {}, ""variante"": ""sma10""}",regla sencilla del mismo tipo (riesgo)
2026-09-25T06:09:38.955053Z,R05,7ed58c6124,sma10,0,dentro_muestra,1936-07-31,2015-12-31,953,12,USD,1100.5172258179457,0.09220487344455508,0.11607929203439794,0.5125536326921201,0.7515350592710116,-0.43141646641680487,0.213725902050927,0.14796148890445804,-0.9486635659957018,8.73210929656749,0.9999865302646367,0.7345225603357818,0.7345225603357818,1.4732392181197642,0.0050090133416072,117,0.10387577596926922,0.0362508283962335,0.0029,0.0005,2015-12-31|2017-07-31,e85ac74d630dff95,French F-F_Research_Data_Factors (+_daily) CRSP 202607 sha256 b840dba55d31/1916d331c2c5,"{""comision_por_lado"": 0.0029, ""cortes"": [""2015-12-31"", ""2017-07-31""], ""efectivo_en_mxn"": false, ""exposicion_inicial"": 0.0, ""exposicion_max"": 1.0, ""exposicion_min"": 0.0, ""extras"": [""rv2_cowy"", ""rv2_mm""], ""fx"": false, ""max_dias_fx"": 10, ""min_historia"": 121, ""periodos_por_anio"": 12, ""permitir_capturas"": false, ""rebalanceo_con_deriva"": true, ""segmentos"": [""dentro_muestra"", ""hueco_2016_2017"", ""fuera_muestra""], ""senal"": ""media_movil_10"", ""spread_por_lado"": 0.0005, ""usuario"": {}, ""variante"": ""sma10""}",regla sencilla del mismo tipo (riesgo)
2026-09-25T06:09:38.955053Z,R05,7ed58c6124,sma10,0,hueco_2016_2017,2015-12-31,2017-07-31,19,12,USD,0.24634358220589414,0.14930545160175335,0.05674309699029273,2.4323548091108336,8.508120783262358,-0.019899999999999918,7.502786512650953,0.7021603519024103,0.6061850233393773,3.244308851155418,0.9993795698329334,0.8421052631578947,0.8421052631578947,1.263840830449827,0.004297058823529412,2,0.15972542568147552,0.003544300407219536,0.0029,0.0005,2015-12-31|2017-07-31,e85ac74d630dff95,French F-F_Research_Data_Factors (+_daily) CRSP 202607 sha256 b840dba55d31/1916d331c2c5,"{""comision_por_lado"": 0.0029, ""cortes"": [""2015-12-31"", ""2017-07-31""], ""efectivo_en_mxn"": false, ""exposicion_inicial"": 0.0, ""exposicion_max"": 1.0, ""exposicion_min"": 0.0, ""extras"": [""rv2_cowy"", ""rv2_mm""], ""fx"": false, ""max_dias_fx"": 10, ""min_historia"": 121, ""periodos_por_anio"": 12, ""permitir_capturas"": false, ""rebalanceo_con_deriva"": true, ""segmentos"": [""dentro_muestra"", ""hueco_2016_2017"", ""fuera_muestra""], ""senal"": ""media_movil_10"", ""spread_por_lado"": 0.0005, ""usuario"": {}, ""variante"": ""sma10""}",regla sencilla del mismo tipo (riesgo)
2026-09-25T06:09:38.955053Z,R05,7ed58c6124,sma10,0,fuera_muestra,2017-07-31,2026-07-31,108,12,USD,1.108641105955658,0.08643321489332889,0.12154719696967421,0.5379673776984834,0.8174859849188326,-0.19307574579550812,0.447664798792867,0.15529780516472821,-0.22918937050691593,4.182244851161278,0.9411079692111975,0.7962962962962963,0.7962962962962963,2.0001521143900214,0.0068005171889260725,18,0.14650773058220712,0.025195665321689154,0.0029,0.0005,2015-12-31|2017-07-31,e85ac74d630dff95,French F-F_Research_Data_Factors (+_daily) CRSP 202607 sha256 b840dba55d31/1916d331c2c5,"{""comision_por_lado"": 0.0029, ""cortes"": [""2015-12-31"", ""2017-07-31""], ""efectivo_en_mxn"": false, ""exposicion_inicial"": 0.0, ""exposicion_max"": 1.0, ""exposicion_min"": 0.0, ""extras"": [""rv2_cowy"", ""rv2_mm""], ""fx"": false, ""max_dias_fx"": 10, ""min_historia"": 121, ""periodos_por_anio"": 12, ""permitir_capturas"": false, ""rebalanceo_con_deriva"": true, ""segmentos"": [""dentro_muestra"", ""hueco_2016_2017"", ""fuera_muestra""], ""senal"": ""media_movil_10"", ""spread_por_lado"": 0.0005, ""usuario"": {}, ""variante"": ""sma10""}",regla sencilla del mismo tipo (riesgo)
2026-09-25T06:09:47.342285Z,R05,29ac801cb5,var_c1|spread_medio,0,completo,1936-07-31,2026-07-31,1080,12,USD,1038.9620206224843,0.0802466454047992,0.11160123930196045,0.4435330263184716,0.6480796344754535,-0.5107142767706209,0.15712630144631867,0.12803695606972948,-0.5857386810647232,6.259341805368138,0.9999704469032846,0.7718319420505761,1.0,1.8869176696732393,0.008302437746562264,641,0.1090284317161827,0.03455646544562496,0.0029,0.0015,2015-12-31|2017-07-31,e85ac74d630dff95,French F-F_Research_Data_Factors (+_daily) CRSP 202607 sha256 b840dba55d31/1916d331c2c5,"{""comision_por_lado"": 0.0029, ""cortes"": [""2015-12-31"", ""2017-07-31""], ""efectivo_en_mxn"": false, ""exposicion_inicial"": 0.0, ""exposicion_max"": 1.0, ""exposicion_min"": 0.0, ""extras"": [""rv2_cowy"", ""rv2_mm""], ""fx"": false, ""max_dias_fx"": 10, ""min_historia"": 121, ""periodos_por_anio"": 12, ""permitir_capturas"": false, ""rebalanceo_con_deriva"": true, ""segmentos"": [""dentro_muestra"", ""hueco_2016_2017"", ""fuera_muestra""], ""senal"": ""gestionada_var_tope1.0_rv2_mm"", ""spread_por_lado"": 0.0015, ""usuario"": {""K"": 120, ""forma"": ""var"", ""rv"": ""rv2_mm"", ""tope"": 1.0}, ""variante"": ""var_c1|spread_medio""}",sensibilidad: spread_medio
2026-09-25T06:09:47.342285Z,R05,29ac801cb5,var_c1|spread_medio,0,dentro_muestra,1936-07-31,2015-12-31,953,12,USD,482.6825827317221,0.08094455086709118,0.11485236791601339,0.4254326252407821,0.6218795269510102,-0.5107142767706209,0.15849282964816377,0.12281182035240738,-0.5680398363374477,6.164881230853441,0.9998587055062227,0.788299453349956,1.0,1.7488896655371593,0.007695114528363511,536,0.10387577596926922,0.0362508283962335,0.0029,0.0015,2015-12-31|2017-07-31,e85ac74d630dff95,French F-F_Research_Data_Factors (+_daily) CRSP 202607 sha256 b840dba55d31/1916d331c2c5,"{""comision_por_lado"": 0.0029, ""cortes"": [""2015-12-31"", ""2017-07-31""], ""efectivo_en_mxn"": false, ""exposicion_inicial"": 0.0, ""exposicion_max"": 1.0, ""exposicion_min"": 0.0, ""extras"": [""rv2_cowy"", ""rv2_mm""], ""fx"": false, ""max_dias_fx"": 10, ""min_historia"": 121, ""periodos_por_anio"": 12, ""permitir_capturas"": false, ""rebalanceo_con_deriva"": true, ""segmentos"": [""dentro_muestra"", ""hueco_2016_2017"", ""fuera_muestra""], ""senal"": ""gestionada_var_tope1.0_rv2_mm"", ""spread_por_lado"": 0.0015, ""usuario"": {""K"": 120, ""forma"": ""var"", ""rv"": ""rv2_mm"", ""tope"": 1.0}, ""variante"": ""var_c1|spread_medio""}",sensibilidad: spread_medio
2026-09-25T06:09:47.342285Z,R05,29ac801cb5,var_c1|spread_medio,0,hueco_2016_2017,2015-12-31,2017-07-31,19,12,USD,0.21187519477564032,0.1291164858456313,0.05398380136039923,2.2247550390504713,6.0061307498421925,-0.02187449309221734,5.902604705000878,0.6422314603383831,0.3305760311765812,3.544599685866513,0.9960812179170904,0.8047105447611829,1.0,2.426670746291907,0.01067735128368439,12,0.15972542568147552,0.003544300407219536,0.0029,0.0015,2015-12-31|2017-07-31,e85ac74d630dff95,French F-F_Research_Data_Factors (+_daily) CRSP 202607 sha256 b840dba55d31/1916d331c2c5,"{""comision_por_lado"": 0.0029, ""cortes"": [""2015-12-31"", ""2017-07-31""], ""efectivo_en_mxn"": false, ""exposicion_inicial"": 0.0, ""exposicion_max"": 1.0, ""exposicion_min"": 0.0, ""extras"": [""rv2_cowy"", ""rv2_mm""], ""fx"": false, ""max_dias_fx"": 10, ""min_historia"": 121, ""periodos_por_anio"": 12, ""permitir_capturas"": false, ""rebalanceo_con_deriva"": true, ""segmentos"": [""dentro_muestra"", ""hueco_2016_2017"", ""fuera_muestra""], ""senal"": ""gestionada_var_tope1.0_rv2_mm"", ""spread_por_lado"": 0.0015, ""usuario"": {""K"": 120, ""forma"": ""var"", ""rv"": ""rv2_mm"", ""tope"": 1.0}, ""variante"": ""var_c1|spread_medio""}",sensibilidad: spread_medio
2026-09-25T06:09:47.342285Z,R05,29ac801cb5,var_c1|spread_medio,0,fuera_muestra,2017-07-31,2026-07-31,108,12,USD,0.7741859434679792,0.06578272034425647,0.08773059794581638,0.4898063583084534,0.6965174918815719,-0.11337585324633259,0.5802180840159135,0.14139491641008795,-0.7244128010958235,3.82555598878539,0.916845338540164,0.6207372039041826,1.0,3.0100697955295503,0.013244307100330024,93,0.14650773058220712,0.025195665321689154,0.0029,0.0015,2015-12-31|2017-07-31,e85ac74d630dff95,French F-F_Research_Data_Factors (+_daily) CRSP 202607 sha256 b840dba55d31/1916d331c2c5,"{""comision_por_lado"": 0.0029, ""cortes"": [""2015-12-31"", ""2017-07-31""], ""efectivo_en_mxn"": false, ""exposicion_inicial"": 0.0, ""exposicion_max"": 1.0, ""exposicion_min"": 0.0, ""extras"": [""rv2_cowy"", ""rv2_mm""], ""fx"": false, ""max_dias_fx"": 10, ""min_historia"": 121, ""periodos_por_anio"": 12, ""permitir_capturas"": false, ""rebalanceo_con_deriva"": true, ""segmentos"": [""dentro_muestra"", ""hueco_2016_2017"", ""fuera_muestra""], ""senal"": ""gestionada_var_tope1.0_rv2_mm"", ""spread_por_lado"": 0.0015, ""usuario"": {""K"": 120, ""forma"": ""var"", ""rv"": ""rv2_mm"", ""tope"": 1.0}, ""variante"": ""var_c1|spread_medio""}",sensibilidad: spread_medio
2026-09-25T06:09:48.412365Z,R05,e0dd13d38d,var_c1.5|spread_medio,0,completo,1936-07-31,2026-07-31,1080,12,USD,1508.1013930368456,0.08472495300062555,0.14295400244459172,0.4045201929969041,0.5868193779351893,-0.697259885738455,0.12151129691176042,0.11677492115970099,-0.7239602268017823,8.019202438045088,0.9998654329143768,0.9887530317039035,1.0,3.5118111226528517,0.015451968939672558,832,0.1090284317161827,0.03455646544562496,0.0029,0.0015,2015-12-31|2017-07-31,e85ac74d630dff95,French F-F_Research_Data_Factors (+_daily) CRSP 202607 sha256 b840dba55d31/1916d331c2c5,"{""comision_por_lado"": 0.0029, ""cortes"": [""2015-12-31"", ""2017-07-31""], ""efectivo_en_mxn"": false, ""exposicion_inicial"": 0.0, ""exposicion_max"": 1.5, ""exposicion_min"": 0.0, ""extras"": [""rv2_cowy"", ""rv2_mm""], ""fx"": false, ""max_dias_fx"": 10, ""min_historia"": 121, ""periodos_por_anio"": 12, ""permitir_capturas"": false, ""rebalanceo_con_deriva"": true, ""segmentos"": [""dentro_muestra"", ""hueco_2016_2017"", ""fuera_muestra""], ""senal"": ""gestionada_var_tope1.5_rv2_mm"", ""spread_por_lado"": 0.0015, ""usuario"": {""K"": 120, ""forma"": ""var"", ""rv"": ""rv2_mm"", ""tope"": 1.5}, ""variante"": ""var_c1.5|spread_medio""}",sensibilidad: spread_medio
2026-09-25T06:09:48.412365Z,R05,e0dd13d38d,var_c1.5|spread_medio,0,dentro_muestra,1936-07-31,2015-12-31,953,12,USD,718.127601622596,0.08635632065559662,0.14751976536359426,0.3956218366580428,0.5756949837704188,-0.697259885738455,0.12385098070590744,0.11420618694590759,-0.702298522990007,7.828881231771915,0.999604628544631,1.0154826145146514,1.0,3.347126871091203,0.014727358232801285,716,0.10387577596926922,0.0362508283962335,0.0029,0.0015,2015-12-31|2017-07-31,e85ac74d630dff95,French F-F_Research_Data_Factors (+_daily) CRSP 202607 sha256 b840dba55d31/1916d331c2c5,"{""comision_por_lado"": 0.0029, ""cortes"": [""2015-12-31"", ""2017-07-31""], ""efectivo_en_mxn"": false, ""exposicion_inicial"": 0.0, ""exposicion_max"": 1.5, ""exposicion_min"": 0.0, ""extras"": [""rv2_cowy"", ""rv2_mm""], ""fx"": false, ""max_dias_fx"": 10, ""min_historia"": 121, ""periodos_por_anio"": 12, ""permitir_capturas"": false, ""rebalanceo_con_deriva"": true, ""segmentos"": [""dentro_muestra"", ""hueco_2016_2017"", ""fuera_muestra""], ""senal"": ""gestionada_var_tope1.5_rv2_mm"", ""spread_por_lado"": 0.0015, ""usuario"": {""K"": 120, ""forma"": ""var"", ""rv"": ""rv2_mm"", ""tope"": 1.5}, ""variante"": ""var_c1.5|spread_medio""}",sensibilidad: spread_medio
2026-09-25T06:09:48.412365Z,R05,e0dd13d38d,var_c1.5|spread_medio,0,hueco_2016_2017,2015-12-31,2017-07-31,19,12,USD,0.2912588043524169,0.17530766349180382,0.07294521377161704,2.217747228135606,7.7312414579331925,-0.02187449309221734,8.014250330407702,0.6402084795793193,0.9726175996293646,4.186518643426269,0.9993972910723414,1.0603646254202665,1.0,4.27857239491933,0.01882571853764505,14,0.15972542568147552,0.003544300407219536,0.0029,0.0015,2015-12-31|2017-07-31,e85ac74d630dff95,French F-F_Research_Data_Factors (+_daily) CRSP 202607 sha256 b840dba55d31/1916d331c2c5,"{""comision_por_lado"": 0.0029, ""cortes"": [""2015-12-31"", ""2017-07-31""], ""efectivo_en_mxn"": false, ""exposicion_inicial"": 0.0, ""exposicion_max"": 1.5, ""exposicion_min"": 0.0, ""extras"": [""rv2_cowy"", ""rv2_mm""], ""fx"": false, ""max_dias_fx"": 10, ""min_historia"": 121, ""periodos_por_anio"": 12, ""permitir_capturas"": false, ""rebalanceo_con_deriva"": true, ""segmentos"": [""dentro_muestra"", ""hueco_2016_2017"", ""fuera_muestra""], ""senal"": ""gestionada_var_tope1.5_rv2_mm"", ""spread_por_lado"": 0.0015, ""usuario"": {""K"": 120, ""forma"": ""var"", ""rv"": ""rv2_mm"", ""tope"": 1.5}, ""variante"": ""var_c1.5|spread_medio""}",sensibilidad: spread_medio
2026-09-25T06:09:48.412365Z,R05,e0dd13d38d,var_c1.5|spread_medio,0,fuera_muestra,2017-07-31,2026-07-31,108,12,USD,0.6251713816903606,0.055443580987267316,0.10672960939617387,0.3280007159766196,0.4386478635553355,-0.20223223512681066,0.2741579795748248,0.09468565083174567,-1.0628565495759252,5.567443365698366,0.823626323922426,0.7402908770811858,1.0,4.830280264629971,0.021253233164371874,102,0.14650773058220712,0.025195665321689154,0.0029,0.0015,2015-12-31|2017-07-31,e85ac74d630dff95,French F-F_Research_Data_Factors (+_daily) CRSP 202607 sha256 b840dba55d31/1916d331c2c5,"{""comision_por_lado"": 0.0029, ""cortes"": [""2015-12-31"", ""2017-07-31""], ""efectivo_en_mxn"": false, ""exposicion_inicial"": 0.0, ""exposicion_max"": 1.5, ""exposicion_min"": 0.0, ""extras"": [""rv2_cowy"", ""rv2_mm""], ""fx"": false, ""max_dias_fx"": 10, ""min_historia"": 121, ""periodos_por_anio"": 12, ""permitir_capturas"": false, ""rebalanceo_con_deriva"": true, ""segmentos"": [""dentro_muestra"", ""hueco_2016_2017"", ""fuera_muestra""], ""senal"": ""gestionada_var_tope1.5_rv2_mm"", ""spread_por_lado"": 0.0015, ""usuario"": {""K"": 120, ""forma"": ""var"", ""rv"": ""rv2_mm"", ""tope"": 1.5}, ""variante"": ""var_c1.5|spread_medio""}",sensibilidad: spread_medio
2026-09-25T06:09:49.493203Z,R05,8b47598d7c,var_c2|spread_medio,0,completo,1936-07-31,2026-07-31,1080,12,USD,1461.994945408608,0.08435103835052349,0.16826764564219598,0.3672411125289281,0.5266107989978565,-0.8001063404804917,0.10542478428538356,0.10601337758803715,-0.9394882548067004,11.037236513057428,0.9994793158431319,1.1387200779147821,1.0,4.985762751422096,0.021937356106257237,929,0.1090284317161827,0.03455646544562496,0.0029,0.0015,2015-12-31|2017-07-31,e85ac74d630dff95,French F-F_Research_Data_Factors (+_daily) CRSP 202607 sha256 b840dba55d31/1916d331c2c5,"{""comision_por_lado"": 0.0029, ""cortes"": [""2015-12-31"", ""2017-07-31""], ""efectivo_en_mxn"": false, ""exposicion_inicial"": 0.0, ""exposicion_max"": 2.0, ""exposicion_min"": 0.0, ""extras"": [""rv2_cowy"", ""rv2_mm""], ""fx"": false, ""max_dias_fx"": 10, ""min_historia"": 121, ""periodos_por_anio"": 12, ""permitir_capturas"": false, ""rebalanceo_con_deriva"": true, ""segmentos"": [""dentro_muestra"", ""hueco_2016_2017"", ""fuera_muestra""], ""senal"": ""gestionada_var_tope2.0_rv2_mm"", ""spread_por_lado"": 0.0015, ""usuario"": {""K"": 120, ""forma"": ""var"", ""rv"": ""rv2_mm"", ""tope"": 2.0}, ""variante"": ""var_c2|spread_medio""}",sensibilidad: spread_medio
2026-09-25T06:09:49.493203Z,R05,8b47598d7c,var_c2|spread_medio,0,dentro_muestra,1936-07-31,2015-12-31,953,12,USD,695.4660908109466,0.0859184059818412,0.173870288390569,0.3600595812458634,0.5179841402172572,-0.8001063404804917,0.10738373343003907,0.10394024807830159,-0.9153883274668266,10.726225205550195,0.9987709014782092,1.174345245012112,1.0,4.848626892164974,0.021333958325525888,806,0.10387577596926922,0.0362508283962335,0.0029,0.0015,2015-12-31|2017-07-31,e85ac74d630dff95,French F-F_Research_Data_Factors (+_daily) CRSP 202607 sha256 b840dba55d31/1916d331c2c5,"{""comision_por_lado"": 0.0029, ""cortes"": [""2015-12-31"", ""2017-07-31""], ""efectivo_en_mxn"": false, ""exposicion_inicial"": 0.0, ""exposicion_max"": 2.0, ""exposicion_min"": 0.0, ""extras"": [""rv2_cowy"", ""rv2_mm""], ""fx"": false, ""max_dias_fx"": 10, ""min_historia"": 121, ""periodos_por_anio"": 12, ""permitir_capturas"": false, ""rebalanceo_con_deriva"": true, ""segmentos"": [""dentro_muestra"", ""hueco_2016_2017"", ""fuera_muestra""], ""senal"": ""gestionada_var_tope2.0_rv2_mm"", ""spread_por_lado"": 0.0015, ""usuario"": {""K"": 120, ""forma"": ""var"", ""rv"": ""rv2_mm"", ""tope"": 2.0}, ""variante"": ""var_c2|spread_medio""}",sensibilidad: spread_medio
2026-09-25T06:09:49.493203Z,R05,8b47598d7c,var_c2|spread_medio,0,hueco_2016_2017,2015-12-31,2017-07-31,19,12,USD,0.34229969254773174,0.20445534507523244,0.0916438611042116,2.050238613147981,8.566090706498018,-0.02187449309221734,9.346746652061848,0.591852907601976,1.4590613690556047,5.106248691007109,0.999818243429383,1.2389799202063205,1.0,6.783159191437635,0.029845900442325598,18,0.15972542568147552,0.003544300407219536,0.0029,0.0015,2015-12-31|2017-07-31,e85ac74d630dff95,French F-F_Research_Data_Factors (+_daily) CRSP 202607 sha256 b840dba55d31/1916d331c2c5,"{""comision_por_lado"": 0.0029, ""cortes"": [""2015-12-31"", ""2017-07-31""], ""efectivo_en_mxn"": false, ""exposicion_inicial"": 0.0, ""exposicion_max"": 2.0, ""exposicion_min"": 0.0, ""extras"": [""rv2_cowy"", ""rv2_mm""], ""fx"": false, ""max_dias_fx"": 10, ""min_historia"": 121, ""periodos_por_anio"": 12, ""permitir_capturas"": false, ""rebalanceo_con_deriva"": true, ""segmentos"": [""dentro_muestra"", ""hueco_2016_2017"", ""fuera_muestra""], ""senal"": ""gestionada_var_tope2.0_rv2_mm"", ""spread_por_lado"": 0.0015, ""usuario"": {""K"": 120, ""forma"": ""var"", ""rv"": ""rv2_mm"", ""tope"": 2.0}, ""variante"": ""var_c2|spread_medio""}",sensibilidad: spread_medio
2026-09-25T06:09:49.493203Z,R05,8b47598d7c,var_c2|spread_medio,0,fuera_muestra,2017-07-31,2026-07-31,108,12,USD,0.5649243868161586,0.05102250821210652,0.12196426592974265,0.26745511763733837,0.34877672283151845,-0.2749129140136355,0.18559516709198987,0.07720764208203017,-1.383280885462014,8.434579221813344,0.7749838841027767,0.8067226589583508,1.0,5.879892574100061,0.02587152732604025,105,0.14650773058220712,0.025195665321689154,0.0029,0.0015,2015-12-31|2017-07-31,e85ac74d630dff95,French F-F_Research_Data_Factors (+_daily) CRSP 202607 sha256 b840dba55d31/1916d331c2c5,"{""comision_por_lado"": 0.0029, ""cortes"": [""2015-12-31"", ""2017-07-31""], ""efectivo_en_mxn"": false, ""exposicion_inicial"": 0.0, ""exposicion_max"": 2.0, ""exposicion_min"": 0.0, ""extras"": [""rv2_cowy"", ""rv2_mm""], ""fx"": false, ""max_dias_fx"": 10, ""min_historia"": 121, ""periodos_por_anio"": 12, ""permitir_capturas"": false, ""rebalanceo_con_deriva"": true, ""segmentos"": [""dentro_muestra"", ""hueco_2016_2017"", ""fuera_muestra""], ""senal"": ""gestionada_var_tope2.0_rv2_mm"", ""spread_por_lado"": 0.0015, ""usuario"": {""K"": 120, ""forma"": ""var"", ""rv"": ""rv2_mm"", ""tope"": 2.0}, ""variante"": ""var_c2|spread_medio""}",sensibilidad: spread_medio
2026-09-25T06:09:50.529280Z,R05,0c740319de,vol_c1|spread_medio,0,completo,1936-07-31,2026-07-31,1080,12,USD,5454.246211087116,0.10032452006840598,0.1377096753128067,0.5175020949240402,0.7651645135697634,-0.4230871958174127,0.23712492616227027,0.14938998690529495,-0.533767612962436,6.608629883444812,0.999998384241273,0.9220715072687917,1.0,0.8159895913278443,0.003590354201842519,420,0.1090284317161827,0.03455646544562496,0.0029,0.0015,2015-12-31|2017-07-31,e85ac74d630dff95,French F-F_Research_Data_Factors (+_daily) CRSP 202607 sha256 b840dba55d31/1916d331c2c5,"{""comision_por_lado"": 0.0029, ""cortes"": [""2015-12-31"", ""2017-07-31""], ""efectivo_en_mxn"": false, ""exposicion_inicial"": 0.0, ""exposicion_max"": 1.0, ""exposicion_min"": 0.0, ""extras"": [""rv2_cowy"", ""rv2_mm""], ""fx"": false, ""max_dias_fx"": 10, ""min_historia"": 121, ""periodos_por_anio"": 12, ""permitir_capturas"": false, ""rebalanceo_con_deriva"": true, ""segmentos"": [""dentro_muestra"", ""hueco_2016_2017"", ""fuera_muestra""], ""senal"": ""gestionada_vol_tope1.0_rv2_mm"", ""spread_por_lado"": 0.0015, ""usuario"": {""K"": 120, ""forma"": ""vol"", ""rv"": ""rv2_mm"", ""tope"": 1.0}, ""variante"": ""vol_c1|spread_medio""}",sensibilidad: spread_medio
2026-09-25T06:09:50.529280Z,R05,0c740319de,vol_c1|spread_medio,0,dentro_muestra,1936-07-31,2015-12-31,953,12,USD,1704.9402469588833,0.09823733541711066,0.13994719890007046,0.4860269262683818,0.7158994807635582,-0.4230871958174127,0.2321917004066129,0.14030388835722832,-0.5305017254739367,6.792222351167102,0.9999812239331813,0.9297944978435777,1.0,0.7499951562401224,0.0032999786874565403,342,0.10387577596926922,0.0362508283962335,0.0029,0.0015,2015-12-31|2017-07-31,e85ac74d630dff95,French F-F_Research_Data_Factors (+_daily) CRSP 202607 sha256 b840dba55d31/1916d331c2c5,"{""comision_por_lado"": 0.0029, ""cortes"": [""2015-12-31"", ""2017-07-31""], ""efectivo_en_mxn"": false, ""exposicion_inicial"": 0.0, ""exposicion_max"": 1.0, ""exposicion_min"": 0.0, ""extras"": [""rv2_cowy"", ""rv2_mm""], ""fx"": false, ""max_dias_fx"": 10, ""min_historia"": 121, ""periodos_por_anio"": 12, ""permitir_capturas"": false, ""rebalanceo_con_deriva"": true, ""segmentos"": [""dentro_muestra"", ""hueco_2016_2017"", ""fuera_muestra""], ""senal"": ""gestionada_vol_tope1.0_rv2_mm"", ""spread_por_lado"": 0.0015, ""usuario"": {""K"": 120, ""forma"": ""vol"", ""rv"": ""rv2_mm"", ""tope"": 1.0}, ""variante"": ""vol_c1|spread_medio""}",sensibilidad: spread_medio
2026-09-25T06:09:50.529280Z,R05,0c740319de,vol_c1|spread_medio,0,hueco_2016_2017,2015-12-31,2017-07-31,19,12,USD,0.2409526562967237,0.14616154455161423,0.07517439196704277,1.8145623791963132,3.5724102791565513,-0.044624326883508925,3.2753781347372826,0.5238190390451797,-0.4095960230796616,3.97798896887512,0.9689613052607979,0.9325863807599702,1.0,0.9513391498432624,0.004185892259310354,8,0.15972542568147552,0.003544300407219536,0.0029,0.0015,2015-12-31|2017-07-31,e85ac74d630dff95,French F-F_Research_Data_Factors (+_daily) CRSP 202607 sha256 b840dba55d31/1916d331c2c5,"{""comision_por_lado"": 0.0029, ""cortes"": [""2015-12-31"", ""2017-07-31""], ""efectivo_en_mxn"": false, ""exposicion_inicial"": 0.0, ""exposicion_max"": 1.0, ""exposicion_min"": 0.0, ""extras"": [""rv2_cowy"", ""rv2_mm""], ""fx"": false, ""max_dias_fx"": 10, ""min_historia"": 121, ""periodos_por_anio"": 12, ""permitir_capturas"": false, ""rebalanceo_con_deriva"": true, ""segmentos"": [""dentro_muestra"", ""hueco_2016_2017"", ""fuera_muestra""], ""senal"": ""gestionada_vol_tope1.0_rv2_mm"", ""spread_por_lado"": 0.0015, ""usuario"": {""K"": 120, ""forma"": ""vol"", ""rv"": ""rv2_mm"", ""tope"": 1.0}, ""variante"": ""vol_c1|spread_medio""}",sensibilidad: spread_medio
2026-09-25T06:09:50.529280Z,R05,0c740319de,vol_c1|spread_medio,0,fuera_muestra,2017-07-31,2026-07-31,108,12,USD,1.5768867238904534,0.11091474915220889,0.12651401508197205,0.7022417249905829,1.0727822757422383,-0.16258765712595136,0.6821843128367786,0.20271972447975012,-0.4443391833074038,2.841951517094801,0.9767723620677267,0.8520734275085748,1.0,1.3745744814305665,0.0060481277182944946,70,0.14650773058220712,0.025195665321689154,0.0029,0.0015,2015-12-31|2017-07-31,e85ac74d630dff95,French F-F_Research_Data_Factors (+_daily) CRSP 202607 sha256 b840dba55d31/1916d331c2c5,"{""comision_por_lado"": 0.0029, ""cortes"": [""2015-12-31"", ""2017-07-31""], ""efectivo_en_mxn"": false, ""exposicion_inicial"": 0.0, ""exposicion_max"": 1.0, ""exposicion_min"": 0.0, ""extras"": [""rv2_cowy"", ""rv2_mm""], ""fx"": false, ""max_dias_fx"": 10, ""min_historia"": 121, ""periodos_por_anio"": 12, ""permitir_capturas"": false, ""rebalanceo_con_deriva"": true, ""segmentos"": [""dentro_muestra"", ""hueco_2016_2017"", ""fuera_muestra""], ""senal"": ""gestionada_vol_tope1.0_rv2_mm"", ""spread_por_lado"": 0.0015, ""usuario"": {""K"": 120, ""forma"": ""vol"", ""rv"": ""rv2_mm"", ""tope"": 1.0}, ""variante"": ""vol_c1|spread_medio""}",sensibilidad: spread_medio
2026-09-25T06:09:51.581586Z,R05,91c7269367,vol_c1.5|spread_medio,0,completo,1936-07-31,2026-07-31,1080,12,USD,9752.658760153416,0.10745160824578415,0.1740370675824338,0.48048539159600406,0.7036426916085149,-0.6591955298615967,0.16300415184603037,0.13870418508981786,-0.6071256332131753,6.011362678687308,0.9999924702654498,1.2065058061864555,1.0,2.353629285685823,0.01035596885701763,771,0.1090284317161827,0.03455646544562496,0.0029,0.0015,2015-12-31|2017-07-31,e85ac74d630dff95,French F-F_Research_Data_Factors (+_daily) CRSP 202607 sha256 b840dba55d31/1916d331c2c5,"{""comision_por_lado"": 0.0029, ""cortes"": [""2015-12-31"", ""2017-07-31""], ""efectivo_en_mxn"": false, ""exposicion_inicial"": 0.0, ""exposicion_max"": 1.5, ""exposicion_min"": 0.0, ""extras"": [""rv2_cowy"", ""rv2_mm""], ""fx"": false, ""max_dias_fx"": 10, ""min_historia"": 121, ""periodos_por_anio"": 12, ""permitir_capturas"": false, ""rebalanceo_con_deriva"": true, ""segmentos"": [""dentro_muestra"", ""hueco_2016_2017"", ""fuera_muestra""], ""senal"": ""gestionada_vol_tope1.5_rv2_mm"", ""spread_por_lado"": 0.0015, ""usuario"": {""K"": 120, ""forma"": ""vol"", ""rv"": ""rv2_mm"", ""tope"": 1.5}, ""variante"": ""vol_c1.5|spread_medio""}",sensibilidad: spread_medio
2026-09-25T06:09:51.581586Z,R05,91c7269367,vol_c1.5|spread_medio,0,dentro_muestra,1936-07-31,2015-12-31,953,12,USD,3025.7872094822255,0.10619524330647523,0.17827335993935547,0.457670151370338,0.6699762534700107,-0.6591955298615967,0.16109824550656732,0.1321179925468607,-0.5934598677779833,6.0184633773205025,0.9999490843787289,1.2266650435647048,1.0,2.209988340623159,0.009723948698741908,657,0.10387577596926922,0.0362508283962335,0.0029,0.0015,2015-12-31|2017-07-31,e85ac74d630dff95,French F-F_Research_Data_Factors (+_daily) CRSP 202607 sha256 b840dba55d31/1916d331c2c5,"{""comision_por_lado"": 0.0029, ""cortes"": [""2015-12-31"", ""2017-07-31""], ""efectivo_en_mxn"": false, ""exposicion_inicial"": 0.0, ""exposicion_max"": 1.5, ""exposicion_min"": 0.0, ""extras"": [""rv2_cowy"", ""rv2_mm""], ""fx"": false, ""max_dias_fx"": 10, ""min_historia"": 121, ""periodos_por_anio"": 12, ""permitir_capturas"": false, ""rebalanceo_con_deriva"": true, ""segmentos"": [""dentro_muestra"", ""hueco_2016_2017"", ""fuera_muestra""], ""senal"": ""gestionada_vol_tope1.5_rv2_mm"", ""spread_por_lado"": 0.0015, ""usuario"": {""K"": 120, ""forma"": ""vol"", ""rv"": ""rv2_mm"", ""tope"": 1.5}, ""variante"": ""vol_c1.5|spread_medio""}",sensibilidad: spread_medio
2026-09-25T06:09:51.581586Z,R05,91c7269367,vol_c1.5|spread_medio,0,hueco_2016_2017,2015-12-31,2017-07-31,19,12,USD,0.3383546381392841,0.20221718184533066,0.09020312733379664,2.061863336217624,4.712996717552732,-0.04539841185861082,4.454278763651854,0.5952086760987326,-0.05058209660274183,3.569256284880385,0.9878315233107353,1.240876786657123,1.0,2.7639687561223223,0.012161462526938217,14,0.15972542568147552,0.003544300407219536,0.0029,0.0015,2015-12-31|2017-07-31,e85ac74d630dff95,French F-F_Research_Data_Factors (+_daily) CRSP 202607 sha256 b840dba55d31/1916d331c2c5,"{""comision_por_lado"": 0.0029, ""cortes"": [""2015-12-31"", ""2017-07-31""], ""efectivo_en_mxn"": false, ""exposicion_inicial"": 0.0, ""exposicion_max"": 1.5, ""exposicion_min"": 0.0, ""extras"": [""rv2_cowy"", ""rv2_mm""], ""fx"": false, ""max_dias_fx"": 10, ""min_historia"": 121, ""periodos_por_anio"": 12, ""permitir_capturas"": false, ""rebalanceo_con_deriva"": true, ""segmentos"": [""dentro_muestra"", ""hueco_2016_2017"", ""fuera_muestra""], ""senal"": ""gestionada_vol_tope1.5_rv2_mm"", ""spread_por_lado"": 0.0015, ""usuario"": {""K"": 120, ""forma"": ""vol"", ""rv"": ""rv2_mm"", ""tope"": 1.5}, ""variante"": ""vol_c1.5|spread_medio""}",sensibilidad: spread_medio
2026-09-25T06:09:51.581586Z,R05,91c7269367,vol_c1.5|spread_medio,0,fuera_muestra,2017-07-31,2026-07-31,108,12,USD,1.4077670060588745,0.10256659801840207,0.14567061611140686,0.5758417497704256,0.8335398745053502,-0.18450413276340916,0.5559040682840632,0.16623119462029018,-0.6457976800858027,3.1281044784046226,0.9477369246880157,1.0225724557196538,1.0,3.5490709283753166,0.015615912084851382,100,0.14650773058220712,0.025195665321689154,0.0029,0.0015,2015-12-31|2017-07-31,e85ac74d630dff95,French F-F_Research_Data_Factors (+_daily) CRSP 202607 sha256 b840dba55d31/1916d331c2c5,"{""comision_por_lado"": 0.0029, ""cortes"": [""2015-12-31"", ""2017-07-31""], ""efectivo_en_mxn"": false, ""exposicion_inicial"": 0.0, ""exposicion_max"": 1.5, ""exposicion_min"": 0.0, ""extras"": [""rv2_cowy"", ""rv2_mm""], ""fx"": false, ""max_dias_fx"": 10, ""min_historia"": 121, ""periodos_por_anio"": 12, ""permitir_capturas"": false, ""rebalanceo_con_deriva"": true, ""segmentos"": [""dentro_muestra"", ""hueco_2016_2017"", ""fuera_muestra""], ""senal"": ""gestionada_vol_tope1.5_rv2_mm"", ""spread_por_lado"": 0.0015, ""usuario"": {""K"": 120, ""forma"": ""vol"", ""rv"": ""rv2_mm"", ""tope"": 1.5}, ""variante"": ""vol_c1.5|spread_medio""}",sensibilidad: spread_medio
2026-09-25T06:09:52.612088Z,R05,c478f0085e,vol_c2|spread_medio,0,completo,1936-07-31,2026-07-31,1080,12,USD,9688.934887685029,0.10737095344671133,0.19523934668795775,0.44991048485381696,0.6520751096738453,-0.7737266393866683,0.13877117315208906,0.12987796977079313,-0.7639040697071103,7.53946046652541,0.9999707844980613,1.3570036516807014,1.0,3.7467852717455763,0.01648585519568056,964,0.1090284317161827,0.03455646544562496,0.0029,0.0015,2015-12-31|2017-07-31,e85ac74d630dff95,French F-F_Research_Data_Factors (+_daily) CRSP 202607 sha256 b840dba55d31/1916d331c2c5,"{""comision_por_lado"": 0.0029, ""cortes"": [""2015-12-31"", ""2017-07-31""], ""efectivo_en_mxn"": false, ""exposicion_inicial"": 0.0, ""exposicion_max"": 2.0, ""exposicion_min"": 0.0, ""extras"": [""rv2_cowy"", ""rv2_mm""], ""fx"": false, ""max_dias_fx"": 10, ""min_historia"": 121, ""periodos_por_anio"": 12, ""permitir_capturas"": false, ""rebalanceo_con_deriva"": true, ""segmentos"": [""dentro_muestra"", ""hueco_2016_2017"", ""fuera_muestra""], ""senal"": ""gestionada_vol_tope2.0_rv2_mm"", ""spread_por_lado"": 0.0015, ""usuario"": {""K"": 120, ""forma"": ""vol"", ""rv"": ""rv2_mm"", ""tope"": 2.0}, ""variante"": ""vol_c2|spread_medio""}",sensibilidad: spread_medio
2026-09-25T06:09:52.612088Z,R05,c478f0085e,vol_c2|spread_medio,0,dentro_muestra,1936-07-31,2015-12-31,953,12,USD,3028.4305800871966,0.10620740259539763,0.20050448627528036,0.430030629576712,0.6236266121638067,-0.7737266393866683,0.13726734635838317,0.12413914987294947,-0.7480300955314272,7.4846125559204335,0.9998542493727707,1.3868871735138049,1.0,3.628407221207592,0.015964991773313432,840,0.10387577596926922,0.0362508283962335,0.0029,0.0015,2015-12-31|2017-07-31,e85ac74d630dff95,French F-F_Research_Data_Factors (+_daily) CRSP 202607 sha256 b840dba55d31/1916d331c2c5,"{""comision_por_lado"": 0.0029, ""cortes"": [""2015-12-31"", ""2017-07-31""], ""efectivo_en_mxn"": false, ""exposicion_inicial"": 0.0, ""exposicion_max"": 2.0, ""exposicion_min"": 0.0, ""extras"": [""rv2_cowy"", ""rv2_mm""], ""fx"": false, ""max_dias_fx"": 10, ""min_historia"": 121, ""periodos_por_anio"": 12, ""permitir_capturas"": false, ""rebalanceo_con_deriva"": true, ""segmentos"": [""dentro_muestra"", ""hueco_2016_2017"", ""fuera_muestra""], ""senal"": ""gestionada_vol_tope2.0_rv2_mm"", ""spread_por_lado"": 0.0015, ""usuario"": {""K"": 120, ""forma"": ""vol"", ""rv"": ""rv2_mm"", ""tope"": 2.0}, ""variante"": ""vol_c2|spread_medio""}",sensibilidad: spread_medio
2026-09-25T06:09:52.612088Z,R05,c478f0085e,vol_c2|spread_medio,0,hueco_2016_2017,2015-12-31,2017-07-31,19,12,USD,0.38432031528168764,0.2281468143728429,0.1041705893072509,2.0046709864065932,5.19321870387878,-0.04539841185861082,5.025436023695833,0.5786986668192396,0.4791504407780814,3.898197571116656,0.9937704927050505,1.3960097305815615,1.0,4.952019240518968,0.02178888465828346,19,0.15972542568147552,0.003544300407219536,0.0029,0.0015,2015-12-31|2017-07-31,e85ac74d630dff95,French F-F_Research_Data_Factors (+_daily) CRSP 202607 sha256 b840dba55d31/1916d331c2c5,"{""comision_por_lado"": 0.0029, ""cortes"": [""2015-12-31"", ""2017-07-31""], ""efectivo_en_mxn"": false, ""exposicion_inicial"": 0.0, ""exposicion_max"": 2.0, ""exposicion_min"": 0.0, ""extras"": [""rv2_cowy"", ""rv2_mm""], ""fx"": false, ""max_dias_fx"": 10, ""min_historia"": 121, ""periodos_por_anio"": 12, ""permitir_capturas"": false, ""rebalanceo_con_deriva"": true, ""segmentos"": [""dentro_muestra"", ""hueco_2016_2017"", ""fuera_muestra""], ""senal"": ""gestionada_vol_tope2.0_rv2_mm"", ""spread_por_lado"": 0.0015, ""usuario"": {""K"": 120, ""forma"": ""vol"", ""rv"": ""rv2_mm"", ""tope"": 2.0}, ""variante"": ""vol_c2|spread_medio""}",sensibilidad: spread_medio
2026-09-25T06:09:52.612088Z,R05,c478f0085e,vol_c2|spread_medio,0,fuera_muestra,2017-07-31,2026-07-31,108,12,USD,1.3105919791932674,0.09753093337998675,0.15728055822249182,0.5157695219664797,0.7244505058424543,-0.2504149972351779,0.3894772056658824,0.14888983617357585,-0.8607086214651818,4.285145799398873,0.9248478210713275,1.0864470608838137,1.0,4.579510211813821,0.020149844931980798,105,0.14650773058220712,0.025195665321689154,0.0029,0.0015,2015-12-31|2017-07-31,e85ac74d630dff95,French F-F_Research_Data_Factors (+_daily) CRSP 202607 sha256 b840dba55d31/1916d331c2c5,"{""comision_por_lado"": 0.0029, ""cortes"": [""2015-12-31"", ""2017-07-31""], ""efectivo_en_mxn"": false, ""exposicion_inicial"": 0.0, ""exposicion_max"": 2.0, ""exposicion_min"": 0.0, ""extras"": [""rv2_cowy"", ""rv2_mm""], ""fx"": false, ""max_dias_fx"": 10, ""min_historia"": 121, ""periodos_por_anio"": 12, ""permitir_capturas"": false, ""rebalanceo_con_deriva"": true, ""segmentos"": [""dentro_muestra"", ""hueco_2016_2017"", ""fuera_muestra""], ""senal"": ""gestionada_vol_tope2.0_rv2_mm"", ""spread_por_lado"": 0.0015, ""usuario"": {""K"": 120, ""forma"": ""vol"", ""rv"": ""rv2_mm"", ""tope"": 2.0}, ""variante"": ""vol_c2|spread_medio""}",sensibilidad: spread_medio
2026-09-25T06:09:53.692971Z,R05,97afd1c151,var_c1_rvCOWY|spread_medio,0,completo,1936-07-31,2026-07-31,1080,12,USD,1083.240776317863,0.08074723286969032,0.11228457382214743,0.44566621793908406,0.6530427635227154,-0.4959064678156494,0.16282754533402793,0.12865275544792631,-0.5595443912648768,6.3106747589354235,0.9999733245553906,0.7719721388215751,1.0,1.8429168321278333,0.00810883406136246,648,0.1090284317161827,0.03455646544562496,0.0029,0.0015,2015-12-31|2017-07-31,e85ac74d630dff95,French F-F_Research_Data_Factors (+_daily) CRSP 202607 sha256 b840dba55d31/1916d331c2c5,"{""comision_por_lado"": 0.0029, ""cortes"": [""2015-12-31"", ""2017-07-31""], ""efectivo_en_mxn"": false, ""exposicion_inicial"": 0.0, ""exposicion_max"": 1.0, ""exposicion_min"": 0.0, ""extras"": [""rv2_cowy"", ""rv2_mm""], ""fx"": false, ""max_dias_fx"": 10, ""min_historia"": 121, ""periodos_por_anio"": 12, ""permitir_capturas"": false, ""rebalanceo_con_deriva"": true, ""segmentos"": [""dentro_muestra"", ""hueco_2016_2017"", ""fuera_muestra""], ""senal"": ""gestionada_var_tope1.0_rv2_cowy"", ""spread_por_lado"": 0.0015, ""usuario"": {""K"": 120, ""forma"": ""var"", ""rv"": ""rv2_cowy"", ""tope"": 1.0}, ""variante"": ""var_c1_rvCOWY|spread_medio""}",sensibilidad: spread_medio
2026-09-25T06:09:53.692971Z,R05,97afd1c151,var_c1_rvCOWY|spread_medio,0,dentro_muestra,1936-07-31,2015-12-31,953,12,USD,497.8975501617174,0.08136619229289166,0.11548296853807044,0.4271261250987873,0.6259815400930647,-0.4959064678156494,0.16407568276189355,0.12330069165185331,-0.5431297546041048,6.223415895289249,0.9998685021036462,0.7886027331368423,1.0,1.7209236791312985,0.0075720641881777155,543,0.10387577596926922,0.0362508283962335,0.0029,0.0015,2015-12-31|2017-07-31,e85ac74d630dff95,French F-F_Research_Data_Factors (+_daily) CRSP 202607 sha256 b840dba55d31/1916d331c2c5,"{""comision_por_lado"": 0.0029, ""cortes"": [""2015-12-31"", ""2017-07-31""], ""efectivo_en_mxn"": false, ""exposicion_inicial"": 0.0, ""exposicion_max"": 1.0, ""exposicion_min"": 0.0, ""extras"": [""rv2_cowy"", ""rv2_mm""], ""fx"": false, ""max_dias_fx"": 10, ""min_historia"": 121, ""periodos_por_anio"": 12, ""permitir_capturas"": false, ""rebalanceo_con_deriva"": true, ""segmentos"": [""dentro_muestra"", ""hueco_2016_2017"", ""fuera_muestra""], ""senal"": ""gestionada_var_tope1.0_rv2_cowy"", ""spread_por_lado"": 0.0015, ""usuario"": {""K"": 120, ""forma"": ""var"", ""rv"": ""rv2_cowy"", ""tope"": 1.0}, ""variante"": ""var_c1_rvCOWY|spread_medio""}",sensibilidad: spread_medio
2026-09-25T06:09:53.692971Z,R05,97afd1c151,var_c1_rvCOWY|spread_medio,0,hueco_2016_2017,2015-12-31,2017-07-31,19,12,USD,0.20908447643746908,0.12747270673588496,0.054861793739313165,2.1630909998938415,5.517904640349184,-0.02397883718237015,5.316050389199278,0.6244305855351832,0.246459275052611,3.6259642515441692,0.9941913966310707,0.8071080237635059,1.0,2.421996123247435,0.010656782942288712,12,0.15972542568147552,0.003544300407219536,0.0029,0.0015,2015-12-31|2017-07-31,e85ac74d630dff95,French F-F_Research_Data_Factors (+_daily) CRSP 202607 sha256 b840dba55d31/1916d331c2c5,"{""comision_por_lado"": 0.0029, ""cortes"": [""2015-12-31"", ""2017-07-31""], ""efectivo_en_mxn"": false, ""exposicion_inicial"": 0.0, ""exposicion_max"": 1.0, ""exposicion_min"": 0.0, ""extras"": [""rv2_cowy"", ""rv2_mm""], ""fx"": false, ""max_dias_fx"": 10, ""min_historia"": 121, ""periodos_por_anio"": 12, ""permitir_capturas"": false, ""rebalanceo_con_deriva"": true, ""segmentos"": [""dentro_muestra"", ""hueco_2016_2017"", ""fuera_muestra""], ""senal"": ""gestionada_var_tope1.0_rv2_cowy"", ""spread_por_lado"": 0.0015, ""usuario"": {""K"": 120, ""forma"": ""var"", ""rv"": ""rv2_cowy"", ""tope"": 1.0}, ""variante"": ""var_c1_rvCOWY|spread_medio""}",sensibilidad: spread_medio
2026-09-25T06:09:53.692971Z,R05,97afd1c151,var_c1_rvCOWY|spread_medio,0,fuera_muestra,2017-07-31,2026-07-31,108,12,USD,0.7974537303310496,0.06732689777622336,0.08908464445506079,0.500194263440453,0.7168533145516801,-0.1136800764582836,0.5922488783769411,0.1443936463222261,-0.673543570552839,3.9149551979683337,0.9216297218704512,0.6190412295961472,1.0,2.8176498892325808,0.01239765951262335,93,0.14650773058220712,0.025195665321689154,0.0029,0.0015,2015-12-31|2017-07-31,e85ac74d630dff95,French F-F_Research_Data_Factors (+_daily) CRSP 202607 sha256 b840dba55d31/1916d331c2c5,"{""comision_por_lado"": 0.0029, ""cortes"": [""2015-12-31"", ""2017-07-31""], ""efectivo_en_mxn"": false, ""exposicion_inicial"": 0.0, ""exposicion_max"": 1.0, ""exposicion_min"": 0.0, ""extras"": [""rv2_cowy"", ""rv2_mm""], ""fx"": false, ""max_dias_fx"": 10, ""min_historia"": 121, ""periodos_por_anio"": 12, ""permitir_capturas"": false, ""rebalanceo_con_deriva"": true, ""segmentos"": [""dentro_muestra"", ""hueco_2016_2017"", ""fuera_muestra""], ""senal"": ""gestionada_var_tope1.0_rv2_cowy"", ""spread_por_lado"": 0.0015, ""usuario"": {""K"": 120, ""forma"": ""var"", ""rv"": ""rv2_cowy"", ""tope"": 1.0}, ""variante"": ""var_c1_rvCOWY|spread_medio""}",sensibilidad: spread_medio
2026-09-25T06:09:53.708619Z,R05,db0b63c7fd,comprar_y_mantener|spread_medio,0,completo,1936-07-31,2026-07-31,1080,12,USD,11036.343939645125,0.10897409341989794,0.15723012081591453,0.5221643584091209,0.7736172597474265,-0.5031170717166412,0.21659788456010265,0.1507358664443671,-0.5025809742217403,5.865843599967647,0.9999987836787168,1.0,1.0,0.011111280116816743,4.888963251399367e-05,1,0.1090284317161827,0.03455646544562496,0.0029,0.0015,2015-12-31|2017-07-31,e85ac74d630dff95,French F-F_Research_Data_Factors (+_daily) CRSP 202607 sha256 b840dba55d31/1916d331c2c5,"{""comision_por_lado"": 0.0029, ""cortes"": [""2015-12-31"", ""2017-07-31""], ""efectivo_en_mxn"": false, ""exposicion_inicial"": 0.0, ""exposicion_max"": 1.0, ""exposicion_min"": 0.0, ""extras"": [""rv2_cowy"", ""rv2_mm""], ""fx"": false, ""max_dias_fx"": 10, ""min_historia"": 121, ""periodos_por_anio"": 12, ""permitir_capturas"": false, ""rebalanceo_con_deriva"": true, ""segmentos"": [""dentro_muestra"", ""hueco_2016_2017"", ""fuera_muestra""], ""senal"": ""senal_comprar_y_mantener"", ""spread_por_lado"": 0.0015, ""usuario"": {}, ""variante"": ""comprar_y_mantener|spread_medio""}",sensibilidad: spread_medio
2026-09-25T06:09:53.708619Z,R05,db0b63c7fd,comprar_y_mantener|spread_medio,0,dentro_muestra,1936-07-31,2015-12-31,953,12,USD,2549.7722993559623,0.10381448373737001,0.15723774941477633,0.48193521816140994,0.7082599909755773,-0.5031170717166412,0.20634259812165348,0.13912271396872553,-0.5220620174700422,6.143814704494079,0.9999791107333413,1.0,1.0,0.012591788189057814,5.5403868031854374e-05,1,0.10387577596926922,0.0362508283962335,0.0029,0.0015,2015-12-31|2017-07-31,e85ac74d630dff95,French F-F_Research_Data_Factors (+_daily) CRSP 202607 sha256 b840dba55d31/1916d331c2c5,"{""comision_por_lado"": 0.0029, ""cortes"": [""2015-12-31"", ""2017-07-31""], ""efectivo_en_mxn"": false, ""exposicion_inicial"": 0.0, ""exposicion_max"": 1.0, ""exposicion_min"": 0.0, ""extras"": [""rv2_cowy"", ""rv2_mm""], ""fx"": false, ""max_dias_fx"": 10, ""min_historia"": 121, ""periodos_por_anio"": 12, ""permitir_capturas"": false, ""rebalanceo_con_deriva"": true, ""segmentos"": [""dentro_muestra"", ""hueco_2016_2017"", ""fuera_muestra""], ""senal"": ""senal_comprar_y_mantener"", ""spread_por_lado"": 0.0015, ""usuario"": {}, ""variante"": ""comprar_y_mantener|spread_medio""}",sensibilidad: spread_medio
2026-09-25T06:09:53.708619Z,R05,db0b63c7fd,comprar_y_mantener|spread_medio,0,hueco_2016_2017,2015-12-31,2017-07-31,19,12,USD,0.2642723464827166,0.15972542568147552,0.09151541716534634,1.6340435720220472,3.091530123845461,-0.057677079999999936,2.7693049939677197,0.4717077480872533,-0.3622118093738104,4.603473364019136,0.9562743731033847,1.0,1.0,0.0,0.0,0,0.15972542568147552,0.003544300407219536,0.0029,0.0015,2015-12-31|2017-07-31,e85ac74d630dff95,French F-F_Research_Data_Factors (+_daily) CRSP 202607 sha256 b840dba55d31/1916d331c2c5,"{""comision_por_lado"": 0.0029, ""cortes"": [""2015-12-31"", ""2017-07-31""], ""efectivo_en_mxn"": false, ""exposicion_inicial"": 0.0, ""exposicion_max"": 1.0, ""exposicion_min"": 0.0, ""extras"": [""rv2_cowy"", ""rv2_mm""], ""fx"": false, ""max_dias_fx"": 10, ""min_historia"": 121, ""periodos_por_anio"": 12, ""permitir_capturas"": false, ""rebalanceo_con_deriva"": true, ""segmentos"": [""dentro_muestra"", ""hueco_2016_2017"", ""fuera_muestra""], ""senal"": ""senal_comprar_y_mantener"", ""spread_por_lado"": 0.0015, ""usuario"": {}, ""variante"": ""comprar_y_mantener|spread_medio""}",sensibilidad: spread_medio
2026-09-25T06:09:53.708619Z,R05,db0b63c7fd,comprar_y_mantener|spread_medio,0,fuera_muestra,2017-07-31,2026-07-31,108,12,USD,2.422569259203919,0.14650773058220712,0.16665316116620002,0.7584153359484538,1.1918799181841258,-0.248449322470347,0.5896885897110593,0.21893564918369013,-0.3336065890686763,3.425615557615766,0.9845062091444445,1.0,1.0,0.0,0.0,0,0.14650773058220712,0.025195665321689154,0.0029,0.0015,2015-12-31|2017-07-31,e85ac74d630dff95,French F-F_Research_Data_Factors (+_daily) CRSP 202607 sha256 b840dba55d31/1916d331c2c5,"{""comision_por_lado"": 0.0029, ""cortes"": [""2015-12-31"", ""2017-07-31""], ""efectivo_en_mxn"": false, ""exposicion_inicial"": 0.0, ""exposicion_max"": 1.0, ""exposicion_min"": 0.0, ""extras"": [""rv2_cowy"", ""rv2_mm""], ""fx"": false, ""max_dias_fx"": 10, ""min_historia"": 121, ""periodos_por_anio"": 12, ""permitir_capturas"": false, ""rebalanceo_con_deriva"": true, ""segmentos"": [""dentro_muestra"", ""hueco_2016_2017"", ""fuera_muestra""], ""senal"": ""senal_comprar_y_mantener"", ""spread_por_lado"": 0.0015, ""usuario"": {}, ""variante"": ""comprar_y_mantener|spread_medio""}",sensibilidad: spread_medio
2026-09-25T06:09:53.724676Z,R05,ffd3fe2527,sma10|spread_medio,0,completo,1936-07-31,2026-07-31,1080,12,USD,2521.902355285293,0.09093649081029809,0.11587680577566072,0.5170991632070969,0.7610071392967914,-0.43653061550183136,0.20831641030665943,0.14927367053767382,-0.8694639611738118,8.263815389500797,0.9999970878731996,0.7425925925925926,0.7425925925925926,1.5222453760038939,0.0066978796544171285,137,0.1090284317161827,0.03455646544562496,0.0029,0.0015,2015-12-31|2017-07-31,e85ac74d630dff95,French F-F_Research_Data_Factors (+_daily) CRSP 202607 sha256 b840dba55d31/1916d331c2c5,"{""comision_por_lado"": 0.0029, ""cortes"": [""2015-12-31"", ""2017-07-31""], ""efectivo_en_mxn"": false, ""exposicion_inicial"": 0.0, ""exposicion_max"": 1.0, ""exposicion_min"": 0.0, ""extras"": [""rv2_cowy"", ""rv2_mm""], ""fx"": false, ""max_dias_fx"": 10, ""min_historia"": 121, ""periodos_por_anio"": 12, ""permitir_capturas"": false, ""rebalanceo_con_deriva"": true, ""segmentos"": [""dentro_muestra"", ""hueco_2016_2017"", ""fuera_muestra""], ""senal"": ""media_movil_10"", ""spread_por_lado"": 0.0015, ""usuario"": {}, ""variante"": ""sma10|spread_medio""}",sensibilidad: spread_medio
2026-09-25T06:09:53.724676Z,R05,ffd3fe2527,sma10|spread_medio,0,dentro_muestra,1936-07-31,2015-12-31,953,12,USD,978.4446312550265,0.09059068826709504,0.11614509741919965,0.49954211025477685,0.7313987201454799,-0.43653061550183136,0.20752424927390914,0.14420538591357457,-0.942818185795617,8.70329207990148,0.9999796031603059,0.7345225603357818,0.7345225603357818,1.4732392181197642,0.006482252559726967,117,0.10387577596926922,0.0362508283962335,0.0029,0.0015,2015-12-31|2017-07-31,e85ac74d630dff95,French F-F_Research_Data_Factors (+_daily) CRSP 202607 sha256 b840dba55d31/1916d331c2c5,"{""comision_por_lado"": 0.0029, ""cortes"": [""2015-12-31"", ""2017-07-31""], ""efectivo_en_mxn"": false, ""exposicion_inicial"": 0.0, ""exposicion_max"": 1.0, ""exposicion_min"": 0.0, ""extras"": [""rv2_cowy"", ""rv2_mm""], ""fx"": false, ""max_dias_fx"": 10, ""min_historia"": 121, ""periodos_por_anio"": 12, ""permitir_capturas"": false, ""rebalanceo_con_deriva"": true, ""segmentos"": [""dentro_muestra"", ""hueco_2016_2017"", ""fuera_muestra""], ""senal"": ""media_movil_10"", ""spread_por_lado"": 0.0015, ""usuario"": {}, ""variante"": ""sma10|spread_medio""}",sensibilidad: spread_medio
2026-09-25T06:09:53.724676Z,R05,ffd3fe2527,sma10|spread_medio,0,hueco_2016_2017,2015-12-31,2017-07-31,19,12,USD,0.24384364585349205,0.14784814994037299,0.05700047961248217,2.3992473059762833,8.351781193492057,-0.01990000000000003,7.429555273385566,0.6926030389789458,0.6073190328586249,3.215314030936103,0.9993046006493763,0.8421052631578947,0.8421052631578947,1.263840830449827,0.005560899653979238,2,0.15972542568147552,0.003544300407219536,0.0029,0.0015,2015-12-31|2017-07-31,e85ac74d630dff95,French F-F_Research_Data_Factors (+_daily) CRSP 202607 sha256 b840dba55d31/1916d331c2c5,"{""comision_por_lado"": 0.0029, ""cortes"": [""2015-12-31"", ""2017-07-31""], ""efectivo_en_mxn"": false, ""exposicion_inicial"": 0.0, ""exposicion_max"": 1.0, ""exposicion_min"": 0.0, ""extras"": [""rv2_cowy"", ""rv2_mm""], ""fx"": false, ""max_dias_fx"": 10, ""min_historia"": 121, ""periodos_por_anio"": 12, ""permitir_capturas"": false, ""rebalanceo_con_deriva"": true, ""segmentos"": [""dentro_muestra"", ""hueco_2016_2017"", ""fuera_muestra""], ""senal"": ""media_movil_10"", ""spread_por_lado"": 0.0015, ""usuario"": {}, ""variante"": ""sma10|spread_medio""}",sensibilidad: spread_medio
2026-09-25T06:09:53.724676Z,R05,ffd3fe2527,sma10|spread_medio,0,fuera_muestra,2017-07-31,2026-07-31,108,12,USD,1.0708791723095263,0.08425386379607147,0.12166679015259456,0.5209740782898921,0.7895246908069052,-0.19792163843492616,0.42569303923670254,0.15039226217074317,-0.22833574233320636,4.191270816874894,0.9352980777996527,0.7962962962962963,0.7962962962962963,2.0001521143900214,0.008800669303316095,18,0.14650773058220712,0.025195665321689154,0.0029,0.0015,2015-12-31|2017-07-31,e85ac74d630dff95,French F-F_Research_Data_Factors (+_daily) CRSP 202607 sha256 b840dba55d31/1916d331c2c5,"{""comision_por_lado"": 0.0029, ""cortes"": [""2015-12-31"", ""2017-07-31""], ""efectivo_en_mxn"": false, ""exposicion_inicial"": 0.0, ""exposicion_max"": 1.0, ""exposicion_min"": 0.0, ""extras"": [""rv2_cowy"", ""rv2_mm""], ""fx"": false, ""max_dias_fx"": 10, ""min_historia"": 121, ""periodos_por_anio"": 12, ""permitir_capturas"": false, ""rebalanceo_con_deriva"": true, ""segmentos"": [""dentro_muestra"", ""hueco_2016_2017"", ""fuera_muestra""], ""senal"": ""media_movil_10"", ""spread_por_lado"": 0.0015, ""usuario"": {}, ""variante"": ""sma10|spread_medio""}",sensibilidad: spread_medio
2026-09-25T06:09:54.877578Z,R05,1fec1a46bd,var_c1|bruto,0,completo,1936-07-31,2026-07-31,1080,12,USD,2195.998868975452,0.08926113290324333,0.11161254034123139,0.5182454738124118,0.7661077912851177,-0.48218170789804005,0.18511928478655207,0.14960458190595055,-0.6007607763731067,6.302777974938189,0.9999982950851505,0.7718319420505761,1.0,1.8869176696732393,0.0,641,0.1090284317161827,0.03455646544562496,0.0,0.0,2015-12-31|2017-07-31,e85ac74d630dff95,French F-F_Research_Data_Factors (+_daily) CRSP 202607 sha256 b840dba55d31/1916d331c2c5,"{""comision_por_lado"": 0.0, ""cortes"": [""2015-12-31"", ""2017-07-31""], ""efectivo_en_mxn"": false, ""exposicion_inicial"": 0.0, ""exposicion_max"": 1.0, ""exposicion_min"": 0.0, ""extras"": [""rv2_cowy"", ""rv2_mm""], ""fx"": false, ""max_dias_fx"": 10, ""min_historia"": 121, ""periodos_por_anio"": 12, ""permitir_capturas"": false, ""rebalanceo_con_deriva"": true, ""segmentos"": [""dentro_muestra"", ""hueco_2016_2017"", ""fuera_muestra""], ""senal"": ""gestionada_var_tope1.0_rv2_mm"", ""spread_por_lado"": 0.0, ""usuario"": {""K"": 120, ""forma"": ""var"", ""rv"": ""rv2_mm"", ""tope"": 1.0}, ""variante"": ""var_c1|bruto""}",sensibilidad: bruto
2026-09-25T06:09:54.877578Z,R05,1fec1a46bd,var_c1|bruto,0,dentro_muestra,1936-07-31,2015-12-31,953,12,USD,890.6882874239878,0.08930239372901672,0.11484878583340631,0.49277080163467835,0.7280061266192992,-0.48218170789804005,0.1852048559002993,0.14225067748628462,-0.5809903596951397,6.208469104188534,0.9999846230731853,0.788299453349956,1.0,1.7488896655371593,0.0,536,0.10387577596926922,0.0362508283962335,0.0,0.0,2015-12-31|2017-07-31,e85ac74d630dff95,French F-F_Research_Data_Factors (+_daily) CRSP 202607 sha256 b840dba55d31/1916d331c2c5,"{""comision_por_lado"": 0.0, ""cortes"": [""2015-12-31"", ""2017-07-31""], ""efectivo_en_mxn"": false, ""exposicion_inicial"": 0.0, ""exposicion_max"": 1.0, ""exposicion_min"": 0.0, ""extras"": [""rv2_cowy"", ""rv2_mm""], ""fx"": false, ""max_dias_fx"": 10, ""min_historia"": 121, ""periodos_por_anio"": 12, ""permitir_capturas"": false, ""rebalanceo_con_deriva"": true, ""segmentos"": [""dentro_muestra"", ""hueco_2016_2017"", ""fuera_muestra""], ""senal"": ""gestionada_var_tope1.0_rv2_mm"", ""spread_por_lado"": 0.0, ""usuario"": {""K"": 120, ""forma"": ""var"", ""rv"": ""rv2_mm"", ""tope"": 1.0}, ""variante"": ""var_c1|bruto""}",sensibilidad: bruto
2026-09-25T06:09:54.877578Z,R05,1fec1a46bd,var_c1|bruto,0,hueco_2016_2017,2015-12-31,2017-07-31,19,12,USD,0.23254724458554277,0.1412495857696745,0.05327046457670317,2.455823965393203,7.398570325452117,-0.0193080461951457,7.315581511566226,0.7089353137510499,0.4695895056549676,3.732074225246467,0.9986155072687097,0.8047105447611829,1.0,2.426670746291907,0.0,12,0.15972542568147552,0.003544300407219536,0.0,0.0,2015-12-31|2017-07-31,e85ac74d630dff95,French F-F_Research_Data_Factors (+_daily) CRSP 202607 sha256 b840dba55d31/1916d331c2c5,"{""comision_por_lado"": 0.0, ""cortes"": [""2015-12-31"", ""2017-07-31""], ""efectivo_en_mxn"": false, ""exposicion_inicial"": 0.0, ""exposicion_max"": 1.0, ""exposicion_min"": 0.0, ""extras"": [""rv2_cowy"", ""rv2_mm""], ""fx"": false, ""max_dias_fx"": 10, ""min_historia"": 121, ""periodos_por_anio"": 12, ""permitir_capturas"": false, ""rebalanceo_con_deriva"": true, ""segmentos"": [""dentro_muestra"", ""hueco_2016_2017"", ""fuera_muestra""], ""senal"": ""gestionada_var_tope1.0_rv2_mm"", ""spread_por_lado"": 0.0, ""usuario"": {""K"": 120, ""forma"": ""var"", ""rv"": ""rv2_mm"", ""tope"": 1.0}, ""variante"": ""var_c1|bruto""}",sensibilidad: bruto
2026-09-25T06:09:54.877578Z,R05,1fec1a46bd,var_c1|bruto,0,fuera_muestra,2017-07-31,2026-07-31,108,12,USD,0.9990018502649372,0.08000615502760122,0.08804198626882098,0.6404658268001813,0.9341567182353354,-0.09480326821374496,0.8439176890739469,0.18488655875492047,-0.7379571391778066,3.845470814538348,0.9620606981278808,0.6207372039041826,1.0,3.0100697955295503,0.0,93,0.14650773058220712,0.025195665321689154,0.0,0.0,2015-12-31|2017-07-31,e85ac74d630dff95,French F-F_Research_Data_Factors (+_daily) CRSP 202607 sha256 b840dba55d31/1916d331c2c5,"{""comision_por_lado"": 0.0, ""cortes"": [""2015-12-31"", ""2017-07-31""], ""efectivo_en_mxn"": false, ""exposicion_inicial"": 0.0, ""exposicion_max"": 1.0, ""exposicion_min"": 0.0, ""extras"": [""rv2_cowy"", ""rv2_mm""], ""fx"": false, ""max_dias_fx"": 10, ""min_historia"": 121, ""periodos_por_anio"": 12, ""permitir_capturas"": false, ""rebalanceo_con_deriva"": true, ""segmentos"": [""dentro_muestra"", ""hueco_2016_2017"", ""fuera_muestra""], ""senal"": ""gestionada_var_tope1.0_rv2_mm"", ""spread_por_lado"": 0.0, ""usuario"": {""K"": 120, ""forma"": ""var"", ""rv"": ""rv2_mm"", ""tope"": 1.0}, ""variante"": ""var_c1|bruto""}",sensibilidad: bruto
2026-09-25T06:09:55.939145Z,R05,f6dd91282e,var_c1.5|bruto,0,completo,1936-07-31,2026-07-31,1080,12,USD,6073.58473395015,0.10164004097962165,0.14295275053310075,0.5132515452829611,0.758206477365136,-0.6650245723632155,0.15283651943632098,0.1481629589155545,-0.7406480409764448,8.079651966344777,0.999997202862243,0.9887530317039035,1.0,3.5118111226528517,0.0,832,0.1090284317161827,0.03455646544562496,0.0,0.0,2015-12-31|2017-07-31,e85ac74d630dff95,French F-F_Research_Data_Factors (+_daily) CRSP 202607 sha256 b840dba55d31/1916d331c2c5,"{""comision_por_lado"": 0.0, ""cortes"": [""2015-12-31"", ""2017-07-31""], ""efectivo_en_mxn"": false, ""exposicion_inicial"": 0.0, ""exposicion_max"": 1.5, ""exposicion_min"": 0.0, ""extras"": [""rv2_cowy"", ""rv2_mm""], ""fx"": false, ""max_dias_fx"": 10, ""min_historia"": 121, ""periodos_por_anio"": 12, ""permitir_capturas"": false, ""rebalanceo_con_deriva"": true, ""segmentos"": [""dentro_muestra"", ""hueco_2016_2017"", ""fuera_muestra""], ""senal"": ""gestionada_var_tope1.5_rv2_mm"", ""spread_por_lado"": 0.0, ""usuario"": {""K"": 120, ""forma"": ""var"", ""rv"": ""rv2_mm"", ""tope"": 1.5}, ""variante"": ""var_c1.5|bruto""}",sensibilidad: bruto
2026-09-25T06:09:55.939145Z,R05,f6dd91282e,var_c1.5|bruto,0,dentro_muestra,1936-07-31,2015-12-31,953,12,USD,2318.7849718423795,0.10249595562566527,0.1475227714711891,0.49603430505227325,0.7342367866301428,-0.6650245723632155,0.15412356157222593,0.14319276977460946,-0.7173415502992692,7.887430129478072,0.999982752429553,1.0154826145146514,1.0,3.347126871091203,0.0,716,0.10387577596926922,0.0362508283962335,0.0,0.0,2015-12-31|2017-07-31,e85ac74d630dff95,French F-F_Research_Data_Factors (+_daily) CRSP 202607 sha256 b840dba55d31/1916d331c2c5,"{""comision_por_lado"": 0.0, ""cortes"": [""2015-12-31"", ""2017-07-31""], ""efectivo_en_mxn"": false, ""exposicion_inicial"": 0.0, ""exposicion_max"": 1.5, ""exposicion_min"": 0.0, ""extras"": [""rv2_cowy"", ""rv2_mm""], ""fx"": false, ""max_dias_fx"": 10, ""min_historia"": 121, ""periodos_por_anio"": 12, ""permitir_capturas"": false, ""rebalanceo_con_deriva"": true, ""segmentos"": [""dentro_muestra"", ""hueco_2016_2017"", ""fuera_muestra""], ""senal"": ""gestionada_var_tope1.5_rv2_mm"", ""spread_por_lado"": 0.0, ""usuario"": {""K"": 120, ""forma"": ""var"", ""rv"": ""rv2_mm"", ""tope"": 1.5}, ""variante"": ""var_c1.5|bruto""}",sensibilidad: bruto
2026-09-25T06:09:55.939145Z,R05,f6dd91282e,var_c1.5|bruto,0,hueco_2016_2017,2015-12-31,2017-07-31,19,12,USD,0.33036828027041887,0.19767880175209473,0.07314880336812125,2.4726814143819174,10.232021264372182,-0.0193080461951457,10.23815666039756,0.7138016401067924,1.129545644923034,4.576794029330659,0.9999144294408799,1.0603646254202665,1.0,4.27857239491933,0.0,14,0.15972542568147552,0.003544300407219536,0.0,0.0,2015-12-31|2017-07-31,e85ac74d630dff95,French F-F_Research_Data_Factors (+_daily) CRSP 202607 sha256 b840dba55d31/1916d331c2c5,"{""comision_por_lado"": 0.0, ""cortes"": [""2015-12-31"", ""2017-07-31""], ""efectivo_en_mxn"": false, ""exposicion_inicial"": 0.0, ""exposicion_max"": 1.5, ""exposicion_min"": 0.0, ""extras"": [""rv2_cowy"", ""rv2_mm""], ""fx"": false, ""max_dias_fx"": 10, ""min_historia"": 121, ""periodos_por_anio"": 12, ""permitir_capturas"": false, ""rebalanceo_con_deriva"": true, ""segmentos"": [""dentro_muestra"", ""hueco_2016_2017"", ""fuera_muestra""], ""senal"": ""gestionada_var_tope1.5_rv2_mm"", ""spread_por_lado"": 0.0, ""usuario"": {""K"": 120, ""forma"": ""var"", ""rv"": ""rv2_mm"", ""tope"": 1.5}, ""variante"": ""var_c1.5|bruto""}",sensibilidad: bruto
2026-09-25T06:09:55.939145Z,R05,f6dd91282e,var_c1.5|bruto,0,fuera_muestra,2017-07-31,2026-07-31,108,12,USD,0.9683257870792452,0.07815183853938312,0.10675906950382742,0.5288815424795913,0.7309734973977385,-0.15986579832083292,0.48885902651010477,0.15267495046000829,-1.071146714975698,5.541212173725266,0.9261530030164862,0.7402908770811858,1.0,4.830280264629971,0.0,102,0.14650773058220712,0.025195665321689154,0.0,0.0,2015-12-31|2017-07-31,e85ac74d630dff95,French F-F_Research_Data_Factors (+_daily) CRSP 202607 sha256 b840dba55d31/1916d331c2c5,"{""comision_por_lado"": 0.0, ""cortes"": [""2015-12-31"", ""2017-07-31""], ""efectivo_en_mxn"": false, ""exposicion_inicial"": 0.0, ""exposicion_max"": 1.5, ""exposicion_min"": 0.0, ""extras"": [""rv2_cowy"", ""rv2_mm""], ""fx"": false, ""max_dias_fx"": 10, ""min_historia"": 121, ""periodos_por_anio"": 12, ""permitir_capturas"": false, ""rebalanceo_con_deriva"": true, ""segmentos"": [""dentro_muestra"", ""hueco_2016_2017"", ""fuera_muestra""], ""senal"": ""gestionada_var_tope1.5_rv2_mm"", ""spread_por_lado"": 0.0, ""usuario"": {""K"": 120, ""forma"": ""var"", ""rv"": ""rv2_mm"", ""tope"": 1.5}, ""variante"": ""var_c1.5|bruto""}",sensibilidad: bruto
2026-09-25T06:09:57.013979Z,R05,d4bdad1169,var_c2|bruto,0,completo,1936-07-31,2026-07-31,1080,12,USD,10573.777358619029,0.10844667488899695,0.16836840394608685,0.49822652149275753,0.730911198971054,-0.7696293550525393,0.14090766441931488,0.14382560815062723,-0.9491051383867574,11.09690251825944,0.9999926515227796,1.1387200779147821,1.0,4.985762751422096,0.0,929,0.1090284317161827,0.03455646544562496,0.0,0.0,2015-12-31|2017-07-31,e85ac74d630dff95,French F-F_Research_Data_Factors (+_daily) CRSP 202607 sha256 b840dba55d31/1916d331c2c5,"{""comision_por_lado"": 0.0, ""cortes"": [""2015-12-31"", ""2017-07-31""], ""efectivo_en_mxn"": false, ""exposicion_inicial"": 0.0, ""exposicion_max"": 2.0, ""exposicion_min"": 0.0, ""extras"": [""rv2_cowy"", ""rv2_mm""], ""fx"": false, ""max_dias_fx"": 10, ""min_historia"": 121, ""periodos_por_anio"": 12, ""permitir_capturas"": false, ""rebalanceo_con_deriva"": true, ""segmentos"": [""dentro_muestra"", ""hueco_2016_2017"", ""fuera_muestra""], ""senal"": ""gestionada_var_tope2.0_rv2_mm"", ""spread_por_lado"": 0.0, ""usuario"": {""K"": 120, ""forma"": ""var"", ""rv"": ""rv2_mm"", ""tope"": 2.0}, ""variante"": ""var_c2|bruto""}",sensibilidad: bruto
2026-09-25T06:09:57.013979Z,R05,d4bdad1169,var_c2|bruto,0,dentro_muestra,1936-07-31,2015-12-31,953,12,USD,3801.334328988898,0.10937719772036969,0.17396666745106343,0.4833439336503271,0.7106935142576852,-0.7696293550525393,0.1421167176151993,0.13952937510209448,-0.9248730524762322,10.78775196278593,0.9999638750505911,1.174345245012112,1.0,4.848626892164974,0.0,806,0.10387577596926922,0.0362508283962335,0.0,0.0,2015-12-31|2017-07-31,e85ac74d630dff95,French F-F_Research_Data_Factors (+_daily) CRSP 202607 sha256 b840dba55d31/1916d331c2c5,"{""comision_por_lado"": 0.0, ""cortes"": [""2015-12-31"", ""2017-07-31""], ""efectivo_en_mxn"": false, ""exposicion_inicial"": 0.0, ""exposicion_max"": 2.0, ""exposicion_min"": 0.0, ""extras"": [""rv2_cowy"", ""rv2_mm""], ""fx"": false, ""max_dias_fx"": 10, ""min_historia"": 121, ""periodos_por_anio"": 12, ""permitir_capturas"": false, ""rebalanceo_con_deriva"": true, ""segmentos"": [""dentro_muestra"", ""hueco_2016_2017"", ""fuera_muestra""], ""senal"": ""gestionada_var_tope2.0_rv2_mm"", ""spread_por_lado"": 0.0, ""usuario"": {""K"": 120, ""forma"": ""var"", ""rv"": ""rv2_mm"", ""tope"": 2.0}, ""variante"": ""var_c2|bruto""}",sensibilidad: bruto
2026-09-25T06:09:57.013979Z,R05,d4bdad1169,var_c2|bruto,0,hueco_2016_2017,2015-12-31,2017-07-31,19,12,USD,0.40736135623521297,0.24102503399601227,0.09343083245330232,2.3378319850411575,12.363689001102292,-0.0193080461951457,12.483139493244488,0.6748739629418148,1.601391168164995,5.550663782507216,0.9999925183519837,1.2389799202063205,1.0,6.783159191437635,0.0,18,0.15972542568147552,0.003544300407219536,0.0,0.0,2015-12-31|2017-07-31,e85ac74d630dff95,French F-F_Research_Data_Factors (+_daily) CRSP 202607 sha256 b840dba55d31/1916d331c2c5,"{""comision_por_lado"": 0.0, ""cortes"": [""2015-12-31"", ""2017-07-31""], ""efectivo_en_mxn"": false, ""exposicion_inicial"": 0.0, ""exposicion_max"": 2.0, ""exposicion_min"": 0.0, ""extras"": [""rv2_cowy"", ""rv2_mm""], ""fx"": false, ""max_dias_fx"": 10, ""min_historia"": 121, ""periodos_por_anio"": 12, ""permitir_capturas"": false, ""rebalanceo_con_deriva"": true, ""segmentos"": [""dentro_muestra"", ""hueco_2016_2017"", ""fuera_muestra""], ""senal"": ""gestionada_var_tope2.0_rv2_mm"", ""spread_por_lado"": 0.0, ""usuario"": {""K"": 120, ""forma"": ""var"", ""rv"": ""rv2_mm"", ""tope"": 2.0}, ""variante"": ""var_c2|bruto""}",sensibilidad: bruto
2026-09-25T06:09:57.013979Z,R05,d4bdad1169,var_c2|bruto,0,fuera_muestra,2017-07-31,2026-07-31,108,12,USD,0.9761290843968122,0.07862595785283055,0.12192056392675307,0.48154749718012924,0.64939074686245,-0.22463494232375703,0.3500165959911536,0.1390107885622691,-1.3784367016402008,8.332336242444086,0.9028749865767633,0.8067226589583508,1.0,5.879892574100061,0.0,105,0.14650773058220712,0.025195665321689154,0.0,0.0,2015-12-31|2017-07-31,e85ac74d630dff95,French F-F_Research_Data_Factors (+_daily) CRSP 202607 sha256 b840dba55d31/1916d331c2c5,"{""comision_por_lado"": 0.0, ""cortes"": [""2015-12-31"", ""2017-07-31""], ""efectivo_en_mxn"": false, ""exposicion_inicial"": 0.0, ""exposicion_max"": 2.0, ""exposicion_min"": 0.0, ""extras"": [""rv2_cowy"", ""rv2_mm""], ""fx"": false, ""max_dias_fx"": 10, ""min_historia"": 121, ""periodos_por_anio"": 12, ""permitir_capturas"": false, ""rebalanceo_con_deriva"": true, ""segmentos"": [""dentro_muestra"", ""hueco_2016_2017"", ""fuera_muestra""], ""senal"": ""gestionada_var_tope2.0_rv2_mm"", ""spread_por_lado"": 0.0, ""usuario"": {""K"": 120, ""forma"": ""var"", ""rv"": ""rv2_mm"", ""tope"": 2.0}, ""variante"": ""var_c2|bruto""}",sensibilidad: bruto
2026-09-25T06:09:58.098001Z,R05,a8bdc62abd,vol_c1|bruto,0,completo,1936-07-31,2026-07-31,1080,12,USD,7536.621497239274,0.10428465337812276,0.13781169657920508,0.5433984288383203,0.8073923069088335,-0.419662998130933,0.2484961834676366,0.15686561458351198,-0.5320549269544326,6.640574642708904,0.9999994501076894,0.9220715072687917,1.0,0.8159895913278443,0.0,420,0.1090284317161827,0.03455646544562496,0.0,0.0,2015-12-31|2017-07-31,e85ac74d630dff95,French F-F_Research_Data_Factors (+_daily) CRSP 202607 sha256 b840dba55d31/1916d331c2c5,"{""comision_por_lado"": 0.0, ""cortes"": [""2015-12-31"", ""2017-07-31""], ""efectivo_en_mxn"": false, ""exposicion_inicial"": 0.0, ""exposicion_max"": 1.0, ""exposicion_min"": 0.0, ""extras"": [""rv2_cowy"", ""rv2_mm""], ""fx"": false, ""max_dias_fx"": 10, ""min_historia"": 121, ""periodos_por_anio"": 12, ""permitir_capturas"": false, ""rebalanceo_con_deriva"": true, ""segmentos"": [""dentro_muestra"", ""hueco_2016_2017"", ""fuera_muestra""], ""senal"": ""gestionada_vol_tope1.0_rv2_mm"", ""spread_por_lado"": 0.0, ""usuario"": {""K"": 120, ""forma"": ""vol"", ""rv"": ""rv2_mm"", ""tope"": 1.0}, ""variante"": ""vol_c1|bruto""}",sensibilidad: bruto
2026-09-25T06:09:58.098001Z,R05,a8bdc62abd,vol_c1|bruto,0,dentro_muestra,1936-07-31,2015-12-31,953,12,USD,2216.442610274157,0.10186976063911568,0.14003962116011678,0.5094756047411187,0.7538344514990637,-0.419662998130933,0.24274182163501765,0.14707293877141617,-0.5280760418851524,6.827267538295088,0.9999917908107723,0.9297944978435777,1.0,0.7499951562401224,0.0,342,0.10387577596926922,0.0362508283962335,0.0,0.0,2015-12-31|2017-07-31,e85ac74d630dff95,French F-F_Research_Data_Factors (+_daily) CRSP 202607 sha256 b840dba55d31/1916d331c2c5,"{""comision_por_lado"": 0.0, ""cortes"": [""2015-12-31"", ""2017-07-31""], ""efectivo_en_mxn"": false, ""exposicion_inicial"": 0.0, ""exposicion_max"": 1.0, ""exposicion_min"": 0.0, ""extras"": [""rv2_cowy"", ""rv2_mm""], ""fx"": false, ""max_dias_fx"": 10, ""min_historia"": 121, ""periodos_por_anio"": 12, ""permitir_capturas"": false, ""rebalanceo_con_deriva"": true, ""segmentos"": [""dentro_muestra"", ""hueco_2016_2017"", ""fuera_muestra""], ""senal"": ""gestionada_vol_tope1.0_rv2_mm"", ""spread_por_lado"": 0.0, ""usuario"": {""K"": 120, ""forma"": ""vol"", ""rv"": ""rv2_mm"", ""tope"": 1.0}, ""variante"": ""vol_c1|bruto""}",sensibilidad: bruto
2026-09-25T06:09:58.098001Z,R05,a8bdc62abd,vol_c1|bruto,0,hueco_2016_2017,2015-12-31,2017-07-31,19,12,USD,0.24920439522714255,0.15097180163875557,0.07491032203625454,1.8770895770271594,3.7678798230678905,-0.042965161370055904,3.513819029758694,0.5418690862948357,-0.37304253168591356,3.9241273169257522,0.9732848651788863,0.9325863807599702,1.0,0.9513391498432624,0.0,8,0.15972542568147552,0.003544300407219536,0.0,0.0,2015-12-31|2017-07-31,e85ac74d630dff95,French F-F_Research_Data_Factors (+_daily) CRSP 202607 sha256 b840dba55d31/1916d331c2c5,"{""comision_por_lado"": 0.0, ""cortes"": [""2015-12-31"", ""2017-07-31""], ""efectivo_en_mxn"": false, ""exposicion_inicial"": 0.0, ""exposicion_max"": 1.0, ""exposicion_min"": 0.0, ""extras"": [""rv2_cowy"", ""rv2_mm""], ""fx"": false, ""max_dias_fx"": 10, ""min_historia"": 121, ""periodos_por_anio"": 12, ""permitir_capturas"": false, ""rebalanceo_con_deriva"": true, ""segmentos"": [""dentro_muestra"", ""hueco_2016_2017"", ""fuera_muestra""], ""senal"": ""gestionada_vol_tope1.0_rv2_mm"", ""spread_por_lado"": 0.0, ""usuario"": {""K"": 120, ""forma"": ""vol"", ""rv"": ""rv2_mm"", ""tope"": 1.0}, ""variante"": ""vol_c1|bruto""}",sensibilidad: bruto
2026-09-25T06:09:58.098001Z,R05,a8bdc62abd,vol_c1|bruto,0,fuera_muestra,2017-07-31,2026-07-31,108,12,USD,1.721124629580812,0.11765832008270305,0.12672975833421032,0.7494360394282429,1.1546026615965939,-0.15896819627698,0.7401374793087528,0.21634354955215152,-0.4487993630600989,2.84592392765373,0.9828202343980347,0.8520734275085748,1.0,1.3745744814305665,0.0,70,0.14650773058220712,0.025195665321689154,0.0,0.0,2015-12-31|2017-07-31,e85ac74d630dff95,French F-F_Research_Data_Factors (+_daily) CRSP 202607 sha256 b840dba55d31/1916d331c2c5,"{""comision_por_lado"": 0.0, ""cortes"": [""2015-12-31"", ""2017-07-31""], ""efectivo_en_mxn"": false, ""exposicion_inicial"": 0.0, ""exposicion_max"": 1.0, ""exposicion_min"": 0.0, ""extras"": [""rv2_cowy"", ""rv2_mm""], ""fx"": false, ""max_dias_fx"": 10, ""min_historia"": 121, ""periodos_por_anio"": 12, ""permitir_capturas"": false, ""rebalanceo_con_deriva"": true, ""segmentos"": [""dentro_muestra"", ""hueco_2016_2017"", ""fuera_muestra""], ""senal"": ""gestionada_vol_tope1.0_rv2_mm"", ""spread_por_lado"": 0.0, ""usuario"": {""K"": 120, ""forma"": ""vol"", ""rv"": ""rv2_mm"", ""tope"": 1.0}, ""variante"": ""vol_c1|bruto""}",sensibilidad: bruto
2026-09-25T06:09:59.180152Z,R05,b76f930836,vol_c1.5|bruto,0,completo,1936-07-31,2026-07-31,1080,12,USD,24791.950145633295,0.11899104664950544,0.17413535578739792,0.5401666611750973,0.7994089591247378,-0.633974884861599,0.18769047400904845,0.15593268361835189,-0.6142116808637879,6.042498149625485,0.999999303832483,1.2065058061864555,1.0,2.353629285685823,0.0,771,0.1090284317161827,0.03455646544562496,0.0,0.0,2015-12-31|2017-07-31,e85ac74d630dff95,French F-F_Research_Data_Factors (+_daily) CRSP 202607 sha256 b840dba55d31/1916d331c2c5,"{""comision_por_lado"": 0.0, ""cortes"": [""2015-12-31"", ""2017-07-31""], ""efectivo_en_mxn"": false, ""exposicion_inicial"": 0.0, ""exposicion_max"": 1.5, ""exposicion_min"": 0.0, ""extras"": [""rv2_cowy"", ""rv2_mm""], ""fx"": false, ""max_dias_fx"": 10, ""min_historia"": 121, ""periodos_por_anio"": 12, ""permitir_capturas"": false, ""rebalanceo_con_deriva"": true, ""segmentos"": [""dentro_muestra"", ""hueco_2016_2017"", ""fuera_muestra""], ""senal"": ""gestionada_vol_tope1.5_rv2_mm"", ""spread_por_lado"": 0.0, ""usuario"": {""K"": 120, ""forma"": ""vol"", ""rv"": ""rv2_mm"", ""tope"": 1.5}, ""variante"": ""vol_c1.5|bruto""}",sensibilidad: bruto
2026-09-25T06:09:59.180152Z,R05,b76f930836,vol_c1.5|bruto,0,dentro_muestra,1936-07-31,2015-12-31,953,12,USD,6555.589721560989,0.11701447512112506,0.1783633091243727,0.5123876681096157,0.7574445951816272,-0.633974884861599,0.18457272979618128,0.14791357905626562,-0.5993680631672237,6.050158405796239,0.9999921833258336,1.2266650435647048,1.0,2.209988340623159,0.0,657,0.10387577596926922,0.0362508283962335,0.0,0.0,2015-12-31|2017-07-31,e85ac74d630dff95,French F-F_Research_Data_Factors (+_daily) CRSP 202607 sha256 b840dba55d31/1916d331c2c5,"{""comision_por_lado"": 0.0, ""cortes"": [""2015-12-31"", ""2017-07-31""], ""efectivo_en_mxn"": false, ""exposicion_inicial"": 0.0, ""exposicion_max"": 1.5, ""exposicion_min"": 0.0, ""extras"": [""rv2_cowy"", ""rv2_mm""], ""fx"": false, ""max_dias_fx"": 10, ""min_historia"": 121, ""periodos_por_anio"": 12, ""permitir_capturas"": false, ""rebalanceo_con_deriva"": true, ""segmentos"": [""dentro_muestra"", ""hueco_2016_2017"", ""fuera_muestra""], ""senal"": ""gestionada_vol_tope1.5_rv2_mm"", ""spread_por_lado"": 0.0, ""usuario"": {""K"": 120, ""forma"": ""vol"", ""rv"": ""rv2_mm"", ""tope"": 1.5}, ""variante"": ""vol_c1.5|bruto""}",sensibilidad: bruto
2026-09-25T06:09:59.180152Z,R05,b76f930836,vol_c1.5|bruto,0,hueco_2016_2017,2015-12-31,2017-07-31,19,12,USD,0.3643880920992282,0.21694241085506527,0.08989149383283668,2.205956370787821,5.313381779473075,-0.042965161370055904,5.049263262077747,0.6368047522474592,0.023579237003702996,3.6058865879903417,0.9921820924617895,1.240876786657123,1.0,2.7639687561223223,0.0,14,0.15972542568147552,0.003544300407219536,0.0,0.0,2015-12-31|2017-07-31,e85ac74d630dff95,French F-F_Research_Data_Factors (+_daily) CRSP 202607 sha256 b840dba55d31/1916d331c2c5,"{""comision_por_lado"": 0.0, ""cortes"": [""2015-12-31"", ""2017-07-31""], ""efectivo_en_mxn"": false, ""exposicion_inicial"": 0.0, ""exposicion_max"": 1.5, ""exposicion_min"": 0.0, ""extras"": [""rv2_cowy"", ""rv2_mm""], ""fx"": false, ""max_dias_fx"": 10, ""min_historia"": 121, ""periodos_por_anio"": 12, ""permitir_capturas"": false, ""rebalanceo_con_deriva"": true, ""segmentos"": [""dentro_muestra"", ""hueco_2016_2017"", ""fuera_muestra""], ""senal"": ""gestionada_vol_tope1.5_rv2_mm"", ""spread_por_lado"": 0.0, ""usuario"": {""K"": 120, ""forma"": ""vol"", ""rv"": ""rv2_mm"", ""tope"": 1.5}, ""variante"": ""vol_c1.5|bruto""}",sensibilidad: bruto
2026-09-25T06:09:59.180152Z,R05,b76f930836,vol_c1.5|bruto,0,fuera_muestra,2017-07-31,2026-07-31,108,12,USD,1.7714833775487056,0.11993803533079395,0.1459119646983212,0.6832960017472667,1.0082261141445716,-0.16352674357000774,0.7334459961250746,0.19725056527248971,-0.6558309491954767,3.1338312832419573,0.9714511383354777,1.0225724557196538,1.0,3.5490709283753166,0.0,100,0.14650773058220712,0.025195665321689154,0.0,0.0,2015-12-31|2017-07-31,e85ac74d630dff95,French F-F_Research_Data_Factors (+_daily) CRSP 202607 sha256 b840dba55d31/1916d331c2c5,"{""comision_por_lado"": 0.0, ""cortes"": [""2015-12-31"", ""2017-07-31""], ""efectivo_en_mxn"": false, ""exposicion_inicial"": 0.0, ""exposicion_max"": 1.5, ""exposicion_min"": 0.0, ""extras"": [""rv2_cowy"", ""rv2_mm""], ""fx"": false, ""max_dias_fx"": 10, ""min_historia"": 121, ""periodos_por_anio"": 12, ""permitir_capturas"": false, ""rebalanceo_con_deriva"": true, ""segmentos"": [""dentro_muestra"", ""hueco_2016_2017"", ""fuera_muestra""], ""senal"": ""gestionada_vol_tope1.5_rv2_mm"", ""spread_por_lado"": 0.0, ""usuario"": {""K"": 120, ""forma"": ""vol"", ""rv"": ""rv2_mm"", ""tope"": 1.5}, ""variante"": ""vol_c1.5|bruto""}",sensibilidad: bruto
2026-09-25T06:10:00.348935Z,R05,44ca944224,vol_c2|bruto,0,completo,1936-07-31,2026-07-31,1080,12,USD,42805.96803539428,0.12580210050005558,0.195396911996487,0.5346309716669791,0.7867930630180189,-0.7468253966548561,0.1684491462978391,0.1543346677045208,-0.772235988276689,7.57210693602577,0.9999987640062125,1.3570036516807014,1.0,3.7467852717455763,0.0,964,0.1090284317161827,0.03455646544562496,0.0,0.0,2015-12-31|2017-07-31,e85ac74d630dff95,French F-F_Research_Data_Factors (+_daily) CRSP 202607 sha256 b840dba55d31/1916d331c2c5,"{""comision_por_lado"": 0.0, ""cortes"": [""2015-12-31"", ""2017-07-31""], ""efectivo_en_mxn"": false, ""exposicion_inicial"": 0.0, ""exposicion_max"": 2.0, ""exposicion_min"": 0.0, ""extras"": [""rv2_cowy"", ""rv2_mm""], ""fx"": false, ""max_dias_fx"": 10, ""min_historia"": 121, ""periodos_por_anio"": 12, ""permitir_capturas"": false, ""rebalanceo_con_deriva"": true, ""segmentos"": [""dentro_muestra"", ""hueco_2016_2017"", ""fuera_muestra""], ""senal"": ""gestionada_vol_tope2.0_rv2_mm"", ""spread_por_lado"": 0.0, ""usuario"": {""K"": 120, ""forma"": ""vol"", ""rv"": ""rv2_mm"", ""tope"": 2.0}, ""variante"": ""vol_c2|bruto""}",sensibilidad: bruto
2026-09-25T06:10:00.348935Z,R05,44ca944224,vol_c2|bruto,0,dentro_muestra,1936-07-31,2015-12-31,953,12,USD,10780.850116923877,0.12403237380863641,0.20065825600373297,0.509920496859222,0.750378518872389,-0.7468253966548561,0.16607948037680048,0.1472013680634898,-0.7558471844791165,7.5192128838151575,0.9999889029437521,1.3868871735138049,1.0,3.628407221207592,0.0,840,0.10387577596926922,0.0362508283962335,0.0,0.0,2015-12-31|2017-07-31,e85ac74d630dff95,French F-F_Research_Data_Factors (+_daily) CRSP 202607 sha256 b840dba55d31/1916d331c2c5,"{""comision_por_lado"": 0.0, ""cortes"": [""2015-12-31"", ""2017-07-31""], ""efectivo_en_mxn"": false, ""exposicion_inicial"": 0.0, ""exposicion_max"": 2.0, ""exposicion_min"": 0.0, ""extras"": [""rv2_cowy"", ""rv2_mm""], ""fx"": false, ""max_dias_fx"": 10, ""min_historia"": 121, ""periodos_por_anio"": 12, ""permitir_capturas"": false, ""rebalanceo_con_deriva"": true, ""segmentos"": [""dentro_muestra"", ""hueco_2016_2017"", ""fuera_muestra""], ""senal"": ""gestionada_vol_tope2.0_rv2_mm"", ""spread_por_lado"": 0.0, ""usuario"": {""K"": 120, ""forma"": ""vol"", ""rv"": ""rv2_mm"", ""tope"": 2.0}, ""variante"": ""vol_c2|bruto""}",sensibilidad: bruto
2026-09-25T06:10:00.348935Z,R05,44ca944224,vol_c2|bruto,0,hueco_2016_2017,2015-12-31,2017-07-31,19,12,USD,0.43295635448202785,0.2552400822305432,0.10477424955356714,2.2053989086567922,6.193347757284425,-0.042965161370055904,5.940628967552998,0.6366438267917529,0.5806568073736715,4.10361934479026,0.9972721129910965,1.3960097305815615,1.0,4.952019240518968,0.0,19,0.15972542568147552,0.003544300407219536,0.0,0.0,2015-12-31|2017-07-31,e85ac74d630dff95,French F-F_Research_Data_Factors (+_daily) CRSP 202607 sha256 b840dba55d31/1916d331c2c5,"{""comision_por_lado"": 0.0, ""cortes"": [""2015-12-31"", ""2017-07-31""], ""efectivo_en_mxn"": false, ""exposicion_inicial"": 0.0, ""exposicion_max"": 2.0, ""exposicion_min"": 0.0, ""extras"": [""rv2_cowy"", ""rv2_mm""], ""fx"": false, ""max_dias_fx"": 10, ""min_historia"": 121, ""periodos_por_anio"": 12, ""permitir_capturas"": false, ""rebalanceo_con_deriva"": true, ""segmentos"": [""dentro_muestra"", ""hueco_2016_2017"", ""fuera_muestra""], ""senal"": ""gestionada_vol_tope2.0_rv2_mm"", ""spread_por_lado"": 0.0, ""usuario"": {""K"": 120, ""forma"": ""vol"", ""rv"": ""rv2_mm"", ""tope"": 2.0}, ""variante"": ""vol_c2|bruto""}",sensibilidad: bruto
2026-09-25T06:10:00.348935Z,R05,44ca944224,vol_c2|bruto,0,fuera_muestra,2017-07-31,2026-07-31,108,12,USD,1.770691774932402,0.11990248574092766,0.15742040716870218,0.6447684025172089,0.9259371960746435,-0.21136015216883453,0.5672899291118485,0.18612860537913778,-0.8659302406693786,4.240297073657522,0.9612610748411113,1.0864470608838137,1.0,4.579510211813821,0.0,105,0.14650773058220712,0.025195665321689154,0.0,0.0,2015-12-31|2017-07-31,e85ac74d630dff95,French F-F_Research_Data_Factors (+_daily) CRSP 202607 sha256 b840dba55d31/1916d331c2c5,"{""comision_por_lado"": 0.0, ""cortes"": [""2015-12-31"", ""2017-07-31""], ""efectivo_en_mxn"": false, ""exposicion_inicial"": 0.0, ""exposicion_max"": 2.0, ""exposicion_min"": 0.0, ""extras"": [""rv2_cowy"", ""rv2_mm""], ""fx"": false, ""max_dias_fx"": 10, ""min_historia"": 121, ""periodos_por_anio"": 12, ""permitir_capturas"": false, ""rebalanceo_con_deriva"": true, ""segmentos"": [""dentro_muestra"", ""hueco_2016_2017"", ""fuera_muestra""], ""senal"": ""gestionada_vol_tope2.0_rv2_mm"", ""spread_por_lado"": 0.0, ""usuario"": {""K"": 120, ""forma"": ""vol"", ""rv"": ""rv2_mm"", ""tope"": 2.0}, ""variante"": ""vol_c2|bruto""}",sensibilidad: bruto
2026-09-25T06:10:01.481756Z,R05,3e85b4d541,var_c1_rvCOWY|bruto,0,completo,1936-07-31,2026-07-31,1080,12,USD,2249.9234113288594,0.08955465118968253,0.11230658255848296,0.5181502991384384,0.7677881397213542,-0.4664827701620996,0.19197847577213387,0.14957710734413127,-0.5736315733965419,6.357886487781329,0.9999983519578861,0.7719721388215751,1.0,1.8429168321278333,0.0,648,0.1090284317161827,0.03455646544562496,0.0,0.0,2015-12-31|2017-07-31,e85ac74d630dff95,French F-F_Research_Data_Factors (+_daily) CRSP 202607 sha256 b840dba55d31/1916d331c2c5,"{""comision_por_lado"": 0.0, ""cortes"": [""2015-12-31"", ""2017-07-31""], ""efectivo_en_mxn"": false, ""exposicion_inicial"": 0.0, ""exposicion_max"": 1.0, ""exposicion_min"": 0.0, ""extras"": [""rv2_cowy"", ""rv2_mm""], ""fx"": false, ""max_dias_fx"": 10, ""min_historia"": 121, ""periodos_por_anio"": 12, ""permitir_capturas"": false, ""rebalanceo_con_deriva"": true, ""segmentos"": [""dentro_muestra"", ""hueco_2016_2017"", ""fuera_muestra""], ""senal"": ""gestionada_var_tope1.0_rv2_cowy"", ""spread_por_lado"": 0.0, ""usuario"": {""K"": 120, ""forma"": ""var"", ""rv"": ""rv2_cowy"", ""tope"": 1.0}, ""variante"": ""var_c1_rvCOWY|bruto""}",sensibilidad: bruto
2026-09-25T06:10:01.481756Z,R05,3e85b4d541,var_c1_rvCOWY|bruto,0,dentro_muestra,1936-07-31,2015-12-31,953,12,USD,909.7814640431735,0.08959303028801191,0.11550444270190373,0.4929382431117675,0.7299224851843216,-0.4664827701620996,0.19206074911808413,0.1422990136772201,-0.5551158250026886,6.268007211211663,0.9999851340122091,0.7886027331368423,1.0,1.7209236791312985,0.0,543,0.10387577596926922,0.0362508283962335,0.0,0.0,2015-12-31|2017-07-31,e85ac74d630dff95,French F-F_Research_Data_Factors (+_daily) CRSP 202607 sha256 b840dba55d31/1916d331c2c5,"{""comision_por_lado"": 0.0, ""cortes"": [""2015-12-31"", ""2017-07-31""], ""efectivo_en_mxn"": false, ""exposicion_inicial"": 0.0, ""exposicion_max"": 1.0, ""exposicion_min"": 0.0, ""extras"": [""rv2_cowy"", ""rv2_mm""], ""fx"": false, ""max_dias_fx"": 10, ""min_historia"": 121, ""periodos_por_anio"": 12, ""permitir_capturas"": false, ""rebalanceo_con_deriva"": true, ""segmentos"": [""dentro_muestra"", ""hueco_2016_2017"", ""fuera_muestra""], ""senal"": ""gestionada_var_tope1.0_rv2_cowy"", ""spread_por_lado"": 0.0, ""usuario"": {""K"": 120, ""forma"": ""var"", ""rv"": ""rv2_cowy"", ""tope"": 1.0}, ""variante"": ""var_c1_rvCOWY|bruto""}",sensibilidad: bruto
2026-09-25T06:10:01.481756Z,R05,3e85b4d541,var_c1_rvCOWY|bruto,0,hueco_2016_2017,2015-12-31,2017-07-31,19,12,USD,0.22966757126410675,0.13956392738488832,0.05425627333586455,2.3845998168224067,6.688332529721391,-0.021328737487302685,6.5434687574908175,0.6883746730759744,0.3655394370055633,3.75175342650283,0.9975811521966539,0.8071080237635059,1.0,2.421996123247435,0.0,12,0.15972542568147552,0.003544300407219536,0.0,0.0,2015-12-31|2017-07-31,e85ac74d630dff95,French F-F_Research_Data_Factors (+_daily) CRSP 202607 sha256 b840dba55d31/1916d331c2c5,"{""comision_por_lado"": 0.0, ""cortes"": [""2015-12-31"", ""2017-07-31""], ""efectivo_en_mxn"": false, ""exposicion_inicial"": 0.0, ""exposicion_max"": 1.0, ""exposicion_min"": 0.0, ""extras"": [""rv2_cowy"", ""rv2_mm""], ""fx"": false, ""max_dias_fx"": 10, ""min_historia"": 121, ""periodos_por_anio"": 12, ""permitir_capturas"": false, ""rebalanceo_con_deriva"": true, ""segmentos"": [""dentro_muestra"", ""hueco_2016_2017"", ""fuera_muestra""], ""senal"": ""gestionada_var_tope1.0_rv2_cowy"", ""spread_por_lado"": 0.0, ""usuario"": {""K"": 120, ""forma"": ""var"", ""rv"": ""rv2_cowy"", ""tope"": 1.0}, ""variante"": ""var_c1_rvCOWY|bruto""}",sensibilidad: bruto
2026-09-25T06:10:01.481756Z,R05,3e85b4d541,var_c1_rvCOWY|bruto,0,fuera_muestra,2017-07-31,2026-07-31,108,12,USD,1.0098276412240654,0.08065452095384895,0.08921766769722128,0.6401015040078176,0.938151538691387,-0.09609115185035322,0.8393542943418518,0.1847813878237989,-0.6928000249169026,3.967375053532207,0.962445339085343,0.6190412295961472,1.0,2.8176498892325808,0.0,93,0.14650773058220712,0.025195665321689154,0.0,0.0,2015-12-31|2017-07-31,e85ac74d630dff95,French F-F_Research_Data_Factors (+_daily) CRSP 202607 sha256 b840dba55d31/1916d331c2c5,"{""comision_por_lado"": 0.0, ""cortes"": [""2015-12-31"", ""2017-07-31""], ""efectivo_en_mxn"": false, ""exposicion_inicial"": 0.0, ""exposicion_max"": 1.0, ""exposicion_min"": 0.0, ""extras"": [""rv2_cowy"", ""rv2_mm""], ""fx"": false, ""max_dias_fx"": 10, ""min_historia"": 121, ""periodos_por_anio"": 12, ""permitir_capturas"": false, ""rebalanceo_con_deriva"": true, ""segmentos"": [""dentro_muestra"", ""hueco_2016_2017"", ""fuera_muestra""], ""senal"": ""gestionada_var_tope1.0_rv2_cowy"", ""spread_por_lado"": 0.0, ""usuario"": {""K"": 120, ""forma"": ""var"", ""rv"": ""rv2_cowy"", ""tope"": 1.0}, ""variante"": ""var_c1_rvCOWY|bruto""}",sensibilidad: bruto
2026-09-25T06:10:01.494985Z,R05,6f782b8430,comprar_y_mantener|bruto,0,completo,1936-07-31,2026-07-31,1080,12,USD,11085.122880318504,0.1090284317161827,0.15722954808646364,0.5224767808153741,0.774081389027514,-0.5031170717166413,0.21670588784470465,0.15082605502454266,-0.5028496476565552,5.865987446780124,0.9999987989014438,1.0,1.0,0.011111280116816743,0.0,1,0.1090284317161827,0.03455646544562496,0.0,0.0,2015-12-31|2017-07-31,e85ac74d630dff95,French F-F_Research_Data_Factors (+_daily) CRSP 202607 sha256 b840dba55d31/1916d331c2c5,"{""comision_por_lado"": 0.0, ""cortes"": [""2015-12-31"", ""2017-07-31""], ""efectivo_en_mxn"": false, ""exposicion_inicial"": 0.0, ""exposicion_max"": 1.0, ""exposicion_min"": 0.0, ""extras"": [""rv2_cowy"", ""rv2_mm""], ""fx"": false, ""max_dias_fx"": 10, ""min_historia"": 121, ""periodos_por_anio"": 12, ""permitir_capturas"": false, ""rebalanceo_con_deriva"": true, ""segmentos"": [""dentro_muestra"", ""hueco_2016_2017"", ""fuera_muestra""], ""senal"": ""senal_comprar_y_mantener"", ""spread_por_lado"": 0.0, ""usuario"": {}, ""variante"": ""comprar_y_mantener|bruto""}",sensibilidad: bruto
2026-09-25T06:10:01.494985Z,R05,6f782b8430,comprar_y_mantener|bruto,0,dentro_muestra,1936-07-31,2015-12-31,953,12,USD,2561.045298670105,0.10387577596926922,0.15723723933369005,0.4822887198241277,0.7087816491988648,-0.5031170717166413,0.20646442311099455,0.13922476110879006,-0.5223643275637315,6.143954478954449,0.9999793581229633,1.0,1.0,0.012591788189057814,0.0,1,0.10387577596926922,0.0362508283962335,0.0,0.0,2015-12-31|2017-07-31,e85ac74d630dff95,French F-F_Research_Data_Factors (+_daily) CRSP 202607 sha256 b840dba55d31/1916d331c2c5,"{""comision_por_lado"": 0.0, ""cortes"": [""2015-12-31"", ""2017-07-31""], ""efectivo_en_mxn"": false, ""exposicion_inicial"": 0.0, ""exposicion_max"": 1.0, ""exposicion_min"": 0.0, ""extras"": [""rv2_cowy"", ""rv2_mm""], ""fx"": false, ""max_dias_fx"": 10, ""min_historia"": 121, ""periodos_por_anio"": 12, ""permitir_capturas"": false, ""rebalanceo_con_deriva"": true, ""segmentos"": [""dentro_muestra"", ""hueco_2016_2017"", ""fuera_muestra""], ""senal"": ""senal_comprar_y_mantener"", ""spread_por_lado"": 0.0, ""usuario"": {}, ""variante"": ""comprar_y_mantener|bruto""}",sensibilidad: bruto
2026-09-25T06:10:01.494985Z,R05,6f782b8430,comprar_y_mantener|bruto,0,hueco_2016_2017,2015-12-31,2017-07-31,19,12,USD,0.2642723464827166,0.15972542568147552,0.09151541716534634,1.6340435720220472,3.091530123845461,-0.057677079999999936,2.7693049939677197,0.4717077480872533,-0.3622118093738104,4.603473364019136,0.9562743731033847,1.0,1.0,0.0,0.0,0,0.15972542568147552,0.003544300407219536,0.0,0.0,2015-12-31|2017-07-31,e85ac74d630dff95,French F-F_Research_Data_Factors (+_daily) CRSP 202607 sha256 b840dba55d31/1916d331c2c5,"{""comision_por_lado"": 0.0, ""cortes"": [""2015-12-31"", ""2017-07-31""], ""efectivo_en_mxn"": false, ""exposicion_inicial"": 0.0, ""exposicion_max"": 1.0, ""exposicion_min"": 0.0, ""extras"": [""rv2_cowy"", ""rv2_mm""], ""fx"": false, ""max_dias_fx"": 10, ""min_historia"": 121, ""periodos_por_anio"": 12, ""permitir_capturas"": false, ""rebalanceo_con_deriva"": true, ""segmentos"": [""dentro_muestra"", ""hueco_2016_2017"", ""fuera_muestra""], ""senal"": ""senal_comprar_y_mantener"", ""spread_por_lado"": 0.0, ""usuario"": {}, ""variante"": ""comprar_y_mantener|bruto""}",sensibilidad: bruto
2026-09-25T06:10:01.494985Z,R05,6f782b8430,comprar_y_mantener|bruto,0,fuera_muestra,2017-07-31,2026-07-31,108,12,USD,2.422569259203919,0.14650773058220712,0.16665316116620002,0.7584153359484538,1.1918799181841258,-0.248449322470347,0.5896885897110593,0.21893564918369013,-0.3336065890686763,3.425615557615766,0.9845062091444445,1.0,1.0,0.0,0.0,0,0.14650773058220712,0.025195665321689154,0.0,0.0,2015-12-31|2017-07-31,e85ac74d630dff95,French F-F_Research_Data_Factors (+_daily) CRSP 202607 sha256 b840dba55d31/1916d331c2c5,"{""comision_por_lado"": 0.0, ""cortes"": [""2015-12-31"", ""2017-07-31""], ""efectivo_en_mxn"": false, ""exposicion_inicial"": 0.0, ""exposicion_max"": 1.0, ""exposicion_min"": 0.0, ""extras"": [""rv2_cowy"", ""rv2_mm""], ""fx"": false, ""max_dias_fx"": 10, ""min_historia"": 121, ""periodos_por_anio"": 12, ""permitir_capturas"": false, ""rebalanceo_con_deriva"": true, ""segmentos"": [""dentro_muestra"", ""hueco_2016_2017"", ""fuera_muestra""], ""senal"": ""senal_comprar_y_mantener"", ""spread_por_lado"": 0.0, ""usuario"": {}, ""variante"": ""comprar_y_mantener|bruto""}",sensibilidad: bruto
2026-09-25T06:10:01.509592Z,R05,b8f0aaf819,sma10|bruto,0,completo,1936-07-31,2026-07-31,1080,12,USD,4615.053088122936,0.09828420853054287,0.11564201408522226,0.5762083035602018,0.8534665219313688,-0.41371830783363883,0.23756311158959914,0.16633700958489006,-0.8918025808726667,8.361144923671098,0.9999996970778047,0.7425925925925926,0.7425925925925926,1.5222453760038939,0.0,137,0.1090284317161827,0.03455646544562496,0.0,0.0,2015-12-31|2017-07-31,e85ac74d630dff95,French F-F_Research_Data_Factors (+_daily) CRSP 202607 sha256 b840dba55d31/1916d331c2c5,"{""comision_por_lado"": 0.0, ""cortes"": [""2015-12-31"", ""2017-07-31""], ""efectivo_en_mxn"": false, ""exposicion_inicial"": 0.0, ""exposicion_max"": 1.0, ""exposicion_min"": 0.0, ""extras"": [""rv2_cowy"", ""rv2_mm""], ""fx"": false, ""max_dias_fx"": 10, ""min_historia"": 121, ""periodos_por_anio"": 12, ""permitir_capturas"": false, ""rebalanceo_con_deriva"": true, ""segmentos"": [""dentro_muestra"", ""hueco_2016_2017"", ""fuera_muestra""], ""senal"": ""media_movil_10"", ""spread_por_lado"": 0.0, ""usuario"": {}, ""variante"": ""sma10|bruto""}",sensibilidad: bruto
2026-09-25T06:10:01.509592Z,R05,b8f0aaf819,sma10|bruto,0,dentro_muestra,1936-07-31,2015-12-31,953,12,USD,1639.7711133904925,0.09769883542209956,0.11593983831318969,0.5565000134454778,0.819632993194404,-0.41371830783363883,0.23614820415775617,0.1606477162833885,-0.966920593376091,8.811020999205455,0.9999968202026914,0.7345225603357818,0.7345225603357818,1.4732392181197642,0.0,117,0.10387577596926922,0.0362508283962335,0.0,0.0,2015-12-31|2017-07-31,e85ac74d630dff95,French F-F_Research_Data_Factors (+_daily) CRSP 202607 sha256 b840dba55d31/1916d331c2c5,"{""comision_por_lado"": 0.0, ""cortes"": [""2015-12-31"", ""2017-07-31""], ""efectivo_en_mxn"": false, ""exposicion_inicial"": 0.0, ""exposicion_max"": 1.0, ""exposicion_min"": 0.0, ""extras"": [""rv2_cowy"", ""rv2_mm""], ""fx"": false, ""max_dias_fx"": 10, ""min_historia"": 121, ""periodos_por_anio"": 12, ""permitir_capturas"": false, ""rebalanceo_con_deriva"": true, ""segmentos"": [""dentro_muestra"", ""hueco_2016_2017"", ""fuera_muestra""], ""senal"": ""media_movil_10"", ""spread_por_lado"": 0.0, ""usuario"": {}, ""variante"": ""sma10|bruto""}",sensibilidad: bruto
2026-09-25T06:10:01.509592Z,R05,b8f0aaf819,sma10|bruto,0,hueco_2016_2017,2015-12-31,2017-07-31,19,12,USD,0.2548621385416565,0.15426316176939459,0.056020153015318055,2.5402214940230037,8.899075519962228,-0.01990000000000003,7.751917676853988,0.7332987816877273,0.5873876652046459,3.3265535130394,0.9995379106491515,0.8421052631578947,0.8421052631578947,1.263840830449827,0.0,2,0.15972542568147552,0.003544300407219536,0.0,0.0,2015-12-31|2017-07-31,e85ac74d630dff95,French F-F_Research_Data_Factors (+_daily) CRSP 202607 sha256 b840dba55d31/1916d331c2c5,"{""comision_por_lado"": 0.0, ""cortes"": [""2015-12-31"", ""2017-07-31""], ""efectivo_en_mxn"": false, ""exposicion_inicial"": 0.0, ""exposicion_max"": 1.0, ""exposicion_min"": 0.0, ""extras"": [""rv2_cowy"", ""rv2_mm""], ""fx"": false, ""max_dias_fx"": 10, ""min_historia"": 121, ""periodos_por_anio"": 12, ""permitir_capturas"": false, ""rebalanceo_con_deriva"": true, ""segmentos"": [""dentro_muestra"", ""hueco_2016_2017"", ""fuera_muestra""], ""senal"": ""media_movil_10"", ""spread_por_lado"": 0.0, ""usuario"": {}, ""variante"": ""sma10|bruto""}",sensibilidad: bruto
2026-09-25T06:10:01.509592Z,R05,b8f0aaf819,sma10|bruto,0,fuera_muestra,2017-07-31,2026-07-31,108,12,USD,1.241954412034536,0.09385937648781284,0.12124429596586193,0.5955014891024155,0.9128245562730084,-0.17641681233830986,0.5320319262305976,0.1719064725180513,-0.2320892534732207,4.146103032822267,0.9577003220562867,0.7962962962962963,0.7962962962962963,2.0001521143900214,0.0,18,0.14650773058220712,0.025195665321689154,0.0,0.0,2015-12-31|2017-07-31,e85ac74d630dff95,French F-F_Research_Data_Factors (+_daily) CRSP 202607 sha256 b840dba55d31/1916d331c2c5,"{""comision_por_lado"": 0.0, ""cortes"": [""2015-12-31"", ""2017-07-31""], ""efectivo_en_mxn"": false, ""exposicion_inicial"": 0.0, ""exposicion_max"": 1.0, ""exposicion_min"": 0.0, ""extras"": [""rv2_cowy"", ""rv2_mm""], ""fx"": false, ""max_dias_fx"": 10, ""min_historia"": 121, ""periodos_por_anio"": 12, ""permitir_capturas"": false, ""rebalanceo_con_deriva"": true, ""segmentos"": [""dentro_muestra"", ""hueco_2016_2017"", ""fuera_muestra""], ""senal"": ""media_movil_10"", ""spread_por_lado"": 0.0, ""usuario"": {}, ""variante"": ""sma10|bruto""}",sensibilidad: bruto
2026-09-25T06:10:02.120357Z,R05,73fe94c4f8,var_c1|mxn|rf_usd,0,completo,1993-11-30,2026-07-31,392,12,MXN,49.726191361677465,0.12772491387224538,0.14193230058516812,0.5528148813023027,0.8078672294765499,-0.16685296398268823,0.7654938265615553,0.15958391026595775,-0.6266810049077047,3.9737509280376733,0.998573468595851,0.6259593962683848,1.0,2.5159687375314523,0.008554293707606938,323,0.1694929348712011,0.0799444377424996,0.0029,0.0005,2015-12-31|2017-07-31,6f7a2f88fb30b19e,French F-F_Research_Data_Factors (+_daily) CRSP 202607 sha256 b840dba55d31/1916d331c2c5,"{""comision_por_lado"": 0.0029, ""cortes"": [""2015-12-31"", ""2017-07-31""], ""efectivo_en_mxn"": false, ""exposicion_inicial"": 0.0, ""exposicion_max"": 1.0, ""exposicion_min"": 0.0, ""extras"": [""fx"", ""rv2_cowy"", ""rv2_mm""], ""fx"": true, ""max_dias_fx"": 10, ""min_historia"": 121, ""periodos_por_anio"": 12, ""permitir_capturas"": false, ""rebalanceo_con_deriva"": true, ""segmentos"": [""dentro_muestra"", ""hueco_2016_2017"", ""fuera_muestra""], ""senal"": ""gestionada_var_tope1.0_rv2_mm"", ""spread_por_lado"": 0.0005, ""usuario"": {""K"": 120, ""forma"": ""var"", ""rv"": ""rv2_mm"", ""tope"": 1.0}, ""variante"": ""var_c1|mxn|rf_usd""}",sensibilidad: MXN con DEXMXUS
2026-09-25T06:10:02.120357Z,R05,73fe94c4f8,var_c1|mxn|rf_usd,0,dentro_muestra,1993-11-30,2015-12-31,265,12,MXN,21.703151067782873,0.1518798956939118,0.15053679055601413,0.5107062490359616,0.7562029835112623,-0.16685296398268823,0.9102618980725452,0.14742819517886827,-0.47995675969170165,3.622117265691893,0.9892666428832338,0.6152715659060101,1.0,2.3210151125992335,0.007891451382837393,218,0.17930246805252947,0.10852630917018713,0.0029,0.0005,2015-12-31|2017-07-31,6f7a2f88fb30b19e,French F-F_Research_Data_Factors (+_daily) CRSP 202607 sha256 b840dba55d31/1916d331c2c5,"{""comision_por_lado"": 0.0029, ""cortes"": [""2015-12-31"", ""2017-07-31""], ""efectivo_en_mxn"": false, ""exposicion_inicial"": 0.0, ""exposicion_max"": 1.0, ""exposicion_min"": 0.0, ""extras"": [""fx"", ""rv2_cowy"", ""rv2_mm""], ""fx"": true, ""max_dias_fx"": 10, ""min_historia"": 121, ""periodos_por_anio"": 12, ""permitir_capturas"": false, ""rebalanceo_con_deriva"": true, ""segmentos"": [""dentro_muestra"", ""hueco_2016_2017"", ""fuera_muestra""], ""senal"": ""gestionada_var_tope1.0_rv2_mm"", ""spread_por_lado"": 0.0005, ""usuario"": {""K"": 120, ""forma"": ""var"", ""rv"": ""rv2_mm"", ""tope"": 1.0}, ""variante"": ""var_c1|mxn|rf_usd""}",sensibilidad: MXN con DEXMXUS
2026-09-25T06:10:02.120357Z,R05,73fe94c4f8,var_c1|mxn|rf_usd,0,hueco_2016_2017,2015-12-31,2017-07-31,19,12,MXN,0.2635244581381,0.15929185392581524,0.15289853810965867,2.2206839665910487,6.125523968456461,-0.07120498161513256,2.237088618136268,0.641056242948214,0.4830907257456927,4.020753291684789,0.9967247923946185,0.8047105447611829,1.0,2.426670746291907,0.008250680537392486,12,0.18782757217328938,0.027861908969174287,0.0029,0.0005,2015-12-31|2017-07-31,6f7a2f88fb30b19e,French F-F_Research_Data_Factors (+_daily) CRSP 202607 sha256 b840dba55d31/1916d331c2c5,"{""comision_por_lado"": 0.0029, ""cortes"": [""2015-12-31"", ""2017-07-31""], ""efectivo_en_mxn"": false, ""exposicion_inicial"": 0.0, ""exposicion_max"": 1.0, ""exposicion_min"": 0.0, ""extras"": [""fx"", ""rv2_cowy"", ""rv2_mm""], ""fx"": true, ""max_dias_fx"": 10, ""min_historia"": 121, ""periodos_por_anio"": 12, ""permitir_capturas"": false, ""rebalanceo_con_deriva"": true, ""segmentos"": [""dentro_muestra"", ""hueco_2016_2017"", ""fuera_muestra""], ""senal"": ""gestionada_var_tope1.0_rv2_mm"", ""spread_por_lado"": 0.0005, ""usuario"": {""K"": 120, ""forma"": ""var"", ""rv"": ""rv2_mm"", ""tope"": 1.0}, ""variante"": ""var_c1|mxn|rf_usd""}",sensibilidad: MXN con DEXMXUS
2026-09-25T06:10:02.120357Z,R05,73fe94c4f8,var_c1|mxn|rf_usd,0,fuera_muestra,2017-07-31,2026-07-31,108,12,MXN,0.7683265344474917,0.06539102158583288,0.11554558009483505,0.46622608802935234,0.6505210054690513,-0.15798430219693094,0.4139083483390743,0.13458787871348638,-0.8391249954691172,4.095818294260135,0.9051434097085769,0.6207372039041826,1.0,3.010069795529551,0.010234237304800475,93,0.1426357832008378,0.0217334089706418,0.0029,0.0005,2015-12-31|2017-07-31,6f7a2f88fb30b19e,French F-F_Research_Data_Factors (+_daily) CRSP 202607 sha256 b840dba55d31/1916d331c2c5,"{""comision_por_lado"": 0.0029, ""cortes"": [""2015-12-31"", ""2017-07-31""], ""efectivo_en_mxn"": false, ""exposicion_inicial"": 0.0, ""exposicion_max"": 1.0, ""exposicion_min"": 0.0, ""extras"": [""fx"", ""rv2_cowy"", ""rv2_mm""], ""fx"": true, ""max_dias_fx"": 10, ""min_historia"": 121, ""periodos_por_anio"": 12, ""permitir_capturas"": false, ""rebalanceo_con_deriva"": true, ""segmentos"": [""dentro_muestra"", ""hueco_2016_2017"", ""fuera_muestra""], ""senal"": ""gestionada_var_tope1.0_rv2_mm"", ""spread_por_lado"": 0.0005, ""usuario"": {""K"": 120, ""forma"": ""var"", ""rv"": ""rv2_mm"", ""tope"": 1.0}, ""variante"": ""var_c1|mxn|rf_usd""}",sensibilidad: MXN con DEXMXUS
2026-09-25T06:10:02.663577Z,R05,96e5ee5b17,vol_c1|mxn|rf_usd,0,completo,1993-11-30,2026-07-31,392,12,MXN,110.54538110719565,0.15525994600702542,0.14957706413897034,0.5942622477130142,0.8655789008760711,-0.29268217081748005,0.5304728524234136,0.17154873434317042,-0.7092775340816826,3.9686641785206924,0.9992434429497153,0.851568012326676,1.0,1.2682628289673894,0.004312093618489124,246,0.1694929348712011,0.0799444377424996,0.0029,0.0005,2015-12-31|2017-07-31,6f7a2f88fb30b19e,French F-F_Research_Data_Factors (+_daily) CRSP 202607 sha256 b840dba55d31/1916d331c2c5,"{""comision_por_lado"": 0.0029, ""cortes"": [""2015-12-31"", ""2017-07-31""], ""efectivo_en_mxn"": false, ""exposicion_inicial"": 0.0, ""exposicion_max"": 1.0, ""exposicion_min"": 0.0, ""extras"": [""fx"", ""rv2_cowy"", ""rv2_mm""], ""fx"": true, ""max_dias_fx"": 10, ""min_historia"": 121, ""periodos_por_anio"": 12, ""permitir_capturas"": false, ""rebalanceo_con_deriva"": true, ""segmentos"": [""dentro_muestra"", ""hueco_2016_2017"", ""fuera_muestra""], ""senal"": ""gestionada_vol_tope1.0_rv2_mm"", ""spread_por_lado"": 0.0005, ""usuario"": {""K"": 120, ""forma"": ""vol"", ""rv"": ""rv2_mm"", ""tope"": 1.0}, ""variante"": ""vol_c1|mxn|rf_usd""}",sensibilidad: MXN con DEXMXUS
2026-09-25T06:10:02.663577Z,R05,96e5ee5b17,vol_c1|mxn|rf_usd,0,dentro_muestra,1993-11-30,2015-12-31,265,12,MXN,33.145607953618374,0.17336598154209182,0.1575399731909581,0.514304365620271,0.7382579043304889,-0.29268217081748005,0.5923353002947516,0.1484668819681316,-0.7752950100440301,4.353672197706978,0.9882654144502393,0.8455531676478922,1.0,1.2476498218867151,0.004242009394414831,168,0.17930246805252947,0.10852630917018713,0.0029,0.0005,2015-12-31|2017-07-31,6f7a2f88fb30b19e,French F-F_Research_Data_Factors (+_daily) CRSP 202607 sha256 b840dba55d31/1916d331c2c5,"{""comision_por_lado"": 0.0029, ""cortes"": [""2015-12-31"", ""2017-07-31""], ""efectivo_en_mxn"": false, ""exposicion_inicial"": 0.0, ""exposicion_max"": 1.0, ""exposicion_min"": 0.0, ""extras"": [""fx"", ""rv2_cowy"", ""rv2_mm""], ""fx"": true, ""max_dias_fx"": 10, ""min_historia"": 121, ""periodos_por_anio"": 12, ""permitir_capturas"": false, ""rebalanceo_con_deriva"": true, ""segmentos"": [""dentro_muestra"", ""hueco_2016_2017"", ""fuera_muestra""], ""senal"": ""gestionada_vol_tope1.0_rv2_mm"", ""spread_por_lado"": 0.0005, ""usuario"": {""K"": 120, ""forma"": ""vol"", ""rv"": ""rv2_mm"", ""tope"": 1.0}, ""variante"": ""vol_c1|mxn|rf_usd""}",sensibilidad: MXN con DEXMXUS
2026-09-25T06:10:02.663577Z,R05,96e5ee5b17,vol_c1|mxn|rf_usd,0,hueco_2016_2017,2015-12-31,2017-07-31,19,12,MXN,0.29081673916593154,0.17505338224054312,0.15289537677239648,1.7877886727336756,3.4557917085694143,-0.071204981615133,2.4584429104513594,0.5160901357284757,-0.45860396470980735,4.176684001860157,0.9655805985618705,0.9325863807599702,1.0,0.9513391498432624,0.003234553109467092,8,0.18782757217328938,0.027861908969174287,0.0029,0.0005,2015-12-31|2017-07-31,6f7a2f88fb30b19e,French F-F_Research_Data_Factors (+_daily) CRSP 202607 sha256 b840dba55d31/1916d331c2c5,"{""comision_por_lado"": 0.0029, ""cortes"": [""2015-12-31"", ""2017-07-31""], ""efectivo_en_mxn"": false, ""exposicion_inicial"": 0.0, ""exposicion_max"": 1.0, ""exposicion_min"": 0.0, ""extras"": [""fx"", ""rv2_cowy"", ""rv2_mm""], ""fx"": true, ""max_dias_fx"": 10, ""min_historia"": 121, ""periodos_por_anio"": 12, ""permitir_capturas"": false, ""rebalanceo_con_deriva"": true, ""segmentos"": [""dentro_muestra"", ""hueco_2016_2017"", ""fuera_muestra""], ""senal"": ""gestionada_vol_tope1.0_rv2_mm"", ""spread_por_lado"": 0.0005, ""usuario"": {""K"": 120, ""forma"": ""vol"", ""rv"": ""rv2_mm"", ""tope"": 1.0}, ""variante"": ""vol_c1|mxn|rf_usd""}",sensibilidad: MXN con DEXMXUS
2026-09-25T06:10:02.663577Z,R05,96e5ee5b17,vol_c1|mxn|rf_usd,0,fuera_muestra,2017-07-31,2026-07-31,108,12,MXN,1.5307669448651975,0.10868763162221273,0.1279304021311785,0.6504448216492958,0.9653754139500247,-0.20236340821675702,0.5370913278244178,0.18776724643610956,-0.5657604616821875,3.036233222166908,0.9665144025691843,0.8520734275085748,1.0,1.3745744814305665,0.0046735532368639265,70,0.1426357832008378,0.0217334089706418,0.0029,0.0005,2015-12-31|2017-07-31,6f7a2f88fb30b19e,French F-F_Research_Data_Factors (+_daily) CRSP 202607 sha256 b840dba55d31/1916d331c2c5,"{""comision_por_lado"": 0.0029, ""cortes"": [""2015-12-31"", ""2017-07-31""], ""efectivo_en_mxn"": false, ""exposicion_inicial"": 0.0, ""exposicion_max"": 1.0, ""exposicion_min"": 0.0, ""extras"": [""fx"", ""rv2_cowy"", ""rv2_mm""], ""fx"": true, ""max_dias_fx"": 10, ""min_historia"": 121, ""periodos_por_anio"": 12, ""permitir_capturas"": false, ""rebalanceo_con_deriva"": true, ""segmentos"": [""dentro_muestra"", ""hueco_2016_2017"", ""fuera_muestra""], ""senal"": ""gestionada_vol_tope1.0_rv2_mm"", ""spread_por_lado"": 0.0005, ""usuario"": {""K"": 120, ""forma"": ""vol"", ""rv"": ""rv2_mm"", ""tope"": 1.0}, ""variante"": ""vol_c1|mxn|rf_usd""}",sensibilidad: MXN con DEXMXUS
2026-09-25T06:10:02.677178Z,R05,02d8fcb068,comprar_y_mantener|mxn|rf_usd,0,completo,1993-11-30,2026-07-31,392,12,MXN,164.83752748151295,0.16937100598494137,0.1669232673685158,0.5377313814971924,0.768611372583657,-0.3986273085655938,0.42488560704583916,0.1552296789295567,-0.7742314731094355,4.719586220642732,0.9979577393569319,1.0,1.0,0.030613527784762385,0.0001040859944681921,1,0.1694929348712011,0.0799444377424996,0.0029,0.0005,2015-12-31|2017-07-31,6f7a2f88fb30b19e,French F-F_Research_Data_Factors (+_daily) CRSP 202607 sha256 b840dba55d31/1916d331c2c5,"{""comision_por_lado"": 0.0029, ""cortes"": [""2015-12-31"", ""2017-07-31""], ""efectivo_en_mxn"": false, ""exposicion_inicial"": 0.0, ""exposicion_max"": 1.0, ""exposicion_min"": 0.0, ""extras"": [""fx"", ""rv2_cowy"", ""rv2_mm""], ""fx"": true, ""max_dias_fx"": 10, ""min_historia"": 121, ""periodos_por_anio"": 12, ""permitir_capturas"": false, ""rebalanceo_con_deriva"": true, ""segmentos"": [""dentro_muestra"", ""hueco_2016_2017"", ""fuera_muestra""], ""senal"": ""senal_comprar_y_mantener"", ""spread_por_lado"": 0.0005, ""usuario"": {}, ""variante"": ""comprar_y_mantener|mxn|rf_usd""}",sensibilidad: MXN con DEXMXUS
2026-09-25T06:10:02.677178Z,R05,02d8fcb068,comprar_y_mantener|mxn|rf_usd,0,dentro_muestra,1993-11-30,2015-12-31,265,12,MXN,37.041398110006654,0.17912060604060565,0.17270937534275882,0.4265372278922335,0.5914488486921182,-0.3986273085655938,0.4493435401732681,0.12313069167148888,-0.911884649524622,4.950037621375428,0.9702400181846165,1.0,1.0,0.04528266798909001,0.00015396107116290604,1,0.17930246805252947,0.10852630917018713,0.0029,0.0005,2015-12-31|2017-07-31,6f7a2f88fb30b19e,French F-F_Research_Data_Factors (+_daily) CRSP 202607 sha256 b840dba55d31/1916d331c2c5,"{""comision_por_lado"": 0.0029, ""cortes"": [""2015-12-31"", ""2017-07-31""], ""efectivo_en_mxn"": false, ""exposicion_inicial"": 0.0, ""exposicion_max"": 1.0, ""exposicion_min"": 0.0, ""extras"": [""fx"", ""rv2_cowy"", ""rv2_mm""], ""fx"": true, ""max_dias_fx"": 10, ""min_historia"": 121, ""periodos_por_anio"": 12, ""permitir_capturas"": false, ""rebalanceo_con_deriva"": true, ""segmentos"": [""dentro_muestra"", ""hueco_2016_2017"", ""fuera_muestra""], ""senal"": ""senal_comprar_y_mantener"", ""spread_por_lado"": 0.0005, ""usuario"": {}, ""variante"": ""comprar_y_mantener|mxn|rf_usd""}",sensibilidad: MXN con DEXMXUS
2026-09-25T06:10:02.677178Z,R05,02d8fcb068,comprar_y_mantener|mxn|rf_usd,0,hueco_2016_2017,2015-12-31,2017-07-31,19,12,MXN,0.313093331540264,0.18782757217328938,0.15532646307439493,1.5974099216556914,2.9243691332953397,-0.07120498161513289,2.6378431383987775,0.46113252413704625,-0.5200357621995308,4.724866310761052,0.948616410452032,1.0,1.0,0.0,0.0,0,0.18782757217328938,0.027861908969174287,0.0029,0.0005,2015-12-31|2017-07-31,6f7a2f88fb30b19e,French F-F_Research_Data_Factors (+_daily) CRSP 202607 sha256 b840dba55d31/1916d331c2c5,"{""comision_por_lado"": 0.0029, ""cortes"": [""2015-12-31"", ""2017-07-31""], ""efectivo_en_mxn"": false, ""exposicion_inicial"": 0.0, ""exposicion_max"": 1.0, ""exposicion_min"": 0.0, ""extras"": [""fx"", ""rv2_cowy"", ""rv2_mm""], ""fx"": true, ""max_dias_fx"": 10, ""min_historia"": 121, ""periodos_por_anio"": 12, ""permitir_capturas"": false, ""rebalanceo_con_deriva"": true, ""segmentos"": [""dentro_muestra"", ""hueco_2016_2017"", ""fuera_muestra""], ""senal"": ""senal_comprar_y_mantener"", ""spread_por_lado"": 0.0005, ""usuario"": {}, ""variante"": ""comprar_y_mantener|mxn|rf_usd""}",sensibilidad: MXN con DEXMXUS
2026-09-25T06:10:02.677178Z,R05,02d8fcb068,comprar_y_mantener|mxn|rf_usd,0,fuera_muestra,2017-07-31,2026-07-31,108,12,MXN,2.3199439252936376,0.1426357832008378,0.1552213216332327,0.69413958315117,1.0540009515674973,-0.2724911669522835,0.5234510343809239,0.2003808375937513,-0.48912214767278056,3.871472868759508,0.9745677334207978,1.0,1.0,0.0,0.0,0,0.1426357832008378,0.0217334089706418,0.0029,0.0005,2015-12-31|2017-07-31,6f7a2f88fb30b19e,French F-F_Research_Data_Factors (+_daily) CRSP 202607 sha256 b840dba55d31/1916d331c2c5,"{""comision_por_lado"": 0.0029, ""cortes"": [""2015-12-31"", ""2017-07-31""], ""efectivo_en_mxn"": false, ""exposicion_inicial"": 0.0, ""exposicion_max"": 1.0, ""exposicion_min"": 0.0, ""extras"": [""fx"", ""rv2_cowy"", ""rv2_mm""], ""fx"": true, ""max_dias_fx"": 10, ""min_historia"": 121, ""periodos_por_anio"": 12, ""permitir_capturas"": false, ""rebalanceo_con_deriva"": true, ""segmentos"": [""dentro_muestra"", ""hueco_2016_2017"", ""fuera_muestra""], ""senal"": ""senal_comprar_y_mantener"", ""spread_por_lado"": 0.0005, ""usuario"": {}, ""variante"": ""comprar_y_mantener|mxn|rf_usd""}",sensibilidad: MXN con DEXMXUS
2026-09-25T06:10:02.691032Z,R05,27a5c6dbb8,sma10|mxn|rf_usd,0,completo,1993-11-30,2026-07-31,392,12,MXN,115.25612853933481,0.15672378473804227,0.15584476215206186,0.6459807026550789,0.9769334191495445,-0.24012895283734714,0.6526650905115974,0.1864785662846067,-0.6752349352099629,6.043366195333745,0.9996743826847665,0.7678571428571429,0.7678571428571429,1.5000628614533569,0.005100213728941408,49,0.1694929348712011,0.0799444377424996,0.0029,0.0005,2015-12-31|2017-07-31,6f7a2f88fb30b19e,French F-F_Research_Data_Factors (+_daily) CRSP 202607 sha256 b840dba55d31/1916d331c2c5,"{""comision_por_lado"": 0.0029, ""cortes"": [""2015-12-31"", ""2017-07-31""], ""efectivo_en_mxn"": false, ""exposicion_inicial"": 0.0, ""exposicion_max"": 1.0, ""exposicion_min"": 0.0, ""extras"": [""fx"", ""rv2_cowy"", ""rv2_mm""], ""fx"": true, ""max_dias_fx"": 10, ""min_historia"": 121, ""periodos_por_anio"": 12, ""permitir_capturas"": false, ""rebalanceo_con_deriva"": true, ""segmentos"": [""dentro_muestra"", ""hueco_2016_2017"", ""fuera_muestra""], ""senal"": ""media_movil_10"", ""spread_por_lado"": 0.0005, ""usuario"": {}, ""variante"": ""sma10|mxn|rf_usd""}",sensibilidad: MXN con DEXMXUS
2026-09-25T06:10:02.691032Z,R05,27a5c6dbb8,sma10|mxn|rf_usd,0,dentro_muestra,1993-11-30,2015-12-31,265,12,MXN,42.90782716090457,0.1868031260937626,0.15919000202690167,0.6481630216356925,0.9811130693452141,-0.15301985291816766,1.2207770595209082,0.18710854751006417,-0.8327299743182763,6.945327400016208,0.9971646502182645,0.7509433962264151,0.7509433962264151,1.3131973716836103,0.004464871063724275,29,0.17930246805252947,0.10852630917018713,0.0029,0.0005,2015-12-31|2017-07-31,6f7a2f88fb30b19e,French F-F_Research_Data_Factors (+_daily) CRSP 202607 sha256 b840dba55d31/1916d331c2c5,"{""comision_por_lado"": 0.0029, ""cortes"": [""2015-12-31"", ""2017-07-31""], ""efectivo_en_mxn"": false, ""exposicion_inicial"": 0.0, ""exposicion_max"": 1.0, ""exposicion_min"": 0.0, ""extras"": [""fx"", ""rv2_cowy"", ""rv2_mm""], ""fx"": true, ""max_dias_fx"": 10, ""min_historia"": 121, ""periodos_por_anio"": 12, ""permitir_capturas"": false, ""rebalanceo_con_deriva"": true, ""segmentos"": [""dentro_muestra"", ""hueco_2016_2017"", ""fuera_muestra""], ""senal"": ""media_movil_10"", ""spread_por_lado"": 0.0005, ""usuario"": {}, ""variante"": ""sma10|mxn|rf_usd""}",sensibilidad: MXN con DEXMXUS
2026-09-25T06:10:02.691032Z,R05,27a5c6dbb8,sma10|mxn|rf_usd,0,hueco_2016_2017,2015-12-31,2017-07-31,19,12,MXN,0.29447223231259456,0.17715510415703273,0.16618931017958838,2.413471545695783,8.926254330745735,-0.07120498161513289,2.4879594115277843,0.6967092232944814,0.7546088658612145,3.5301958833290508,0.999587250248399,0.8421052631578947,0.8421052631578947,1.263840830449827,0.004297058823529412,2,0.18782757217328938,0.027861908969174287,0.0029,0.0005,2015-12-31|2017-07-31,6f7a2f88fb30b19e,French F-F_Research_Data_Factors (+_daily) CRSP 202607 sha256 b840dba55d31/1916d331c2c5,"{""comision_por_lado"": 0.0029, ""cortes"": [""2015-12-31"", ""2017-07-31""], ""efectivo_en_mxn"": false, ""exposicion_inicial"": 0.0, ""exposicion_max"": 1.0, ""exposicion_min"": 0.0, ""extras"": [""fx"", ""rv2_cowy"", ""rv2_mm""], ""fx"": true, ""max_dias_fx"": 10, ""min_historia"": 121, ""periodos_por_anio"": 12, ""permitir_capturas"": false, ""rebalanceo_con_deriva"": true, ""segmentos"": [""dentro_muestra"", ""hueco_2016_2017"", ""fuera_muestra""], ""senal"": ""media_movil_10"", ""spread_por_lado"": 0.0005, ""usuario"": {}, ""variante"": ""sma10|mxn|rf_usd""}",sensibilidad: MXN con DEXMXUS
2026-09-25T06:10:02.691032Z,R05,27a5c6dbb8,sma10|mxn|rf_usd,0,fuera_muestra,2017-07-31,2026-07-31,108,12,MXN,1.0454137521150564,0.08276414914764674,0.1450816769023817,0.5046080167320685,0.7514234454600073,-0.24012895283734725,0.34466543150965856,0.14566778714775147,-0.3314360389061997,4.033359543107482,0.9279270472060479,0.7962962962962963,0.7962962962962963,2.0001521143900214,0.0068005171889260725,18,0.1426357832008378,0.0217334089706418,0.0029,0.0005,2015-12-31|2017-07-31,6f7a2f88fb30b19e,French F-F_Research_Data_Factors (+_daily) CRSP 202607 sha256 b840dba55d31/1916d331c2c5,"{""comision_por_lado"": 0.0029, ""cortes"": [""2015-12-31"", ""2017-07-31""], ""efectivo_en_mxn"": false, ""exposicion_inicial"": 0.0, ""exposicion_max"": 1.0, ""exposicion_min"": 0.0, ""extras"": [""fx"", ""rv2_cowy"", ""rv2_mm""], ""fx"": true, ""max_dias_fx"": 10, ""min_historia"": 121, ""periodos_por_anio"": 12, ""permitir_capturas"": false, ""rebalanceo_con_deriva"": true, ""segmentos"": [""dentro_muestra"", ""hueco_2016_2017"", ""fuera_muestra""], ""senal"": ""media_movil_10"", ""spread_por_lado"": 0.0005, ""usuario"": {}, ""variante"": ""sma10|mxn|rf_usd""}",sensibilidad: MXN con DEXMXUS
2026-09-25T06:10:03.811087Z,R05,a4aa957b8f,cederburg_S1_tiempo_real|bruto,0,completo,1936-07-31,2026-07-31,1080,12,USD,870.8881556532073,0.07813286108925577,0.10813379368460795,0.43861120635439393,0.622461472157566,-0.5360485885258879,0.14575705031537906,0.12661614902914792,-1.528075643876659,21.200854402082406,0.9998852757348407,0.721161190337195,1.0,3.91272222118592,0.0,1079,0.1090284317161827,0.03455646544562496,0.0,0.0,2015-12-31|2017-07-31,e85ac74d630dff95,French F-F_Research_Data_Factors (+_daily) CRSP 202607 sha256 b840dba55d31/1916d331c2c5,"{""comision_por_lado"": 0.0, ""cortes"": [""2015-12-31"", ""2017-07-31""], ""efectivo_en_mxn"": false, ""exposicion_inicial"": 0.0, ""exposicion_max"": 5.0, ""exposicion_min"": -5.0, ""extras"": [""rv2_cowy"", ""rv2_mm""], ""fx"": false, ""max_dias_fx"": 10, ""min_historia"": 121, ""periodos_por_anio"": 12, ""permitir_capturas"": false, ""rebalanceo_con_deriva"": true, ""segmentos"": [""dentro_muestra"", ""hueco_2016_2017"", ""fuera_muestra""], ""senal"": ""cederburg_S1_rv2_cowy"", ""spread_por_lado"": 0.0, ""usuario"": {""K"": 120, ""gamma"": 5.0, ""rv"": ""rv2_cowy"", ""tope"": 5.0}, ""variante"": ""cederburg_S1_tiempo_real|bruto""}",contraste Cederburg: S1 bruto
2026-09-25T06:10:03.811087Z,R05,a4aa957b8f,cederburg_S1_tiempo_real|bruto,0,dentro_muestra,1936-07-31,2015-12-31,953,12,USD,359.2621066244859,0.07694221130910583,0.11030390136101911,0.40739265115772333,0.5779013340570016,-0.5360485885258879,0.14353589013394072,0.11760412840589345,-1.529157242294357,21.54040467972824,0.9994115507145738,0.7344331569473246,1.0,3.9997990396740213,0.0,952,0.10387577596926922,0.0362508283962335,0.0,0.0,2015-12-31|2017-07-31,e85ac74d630dff95,French F-F_Research_Data_Factors (+_daily) CRSP 202607 sha256 b840dba55d31/1916d331c2c5,"{""comision_por_lado"": 0.0, ""cortes"": [""2015-12-31"", ""2017-07-31""], ""efectivo_en_mxn"": false, ""exposicion_inicial"": 0.0, ""exposicion_max"": 5.0, ""exposicion_min"": -5.0, ""extras"": [""rv2_cowy"", ""rv2_mm""], ""fx"": false, ""max_dias_fx"": 10, ""min_historia"": 121, ""periodos_por_anio"": 12, ""permitir_capturas"": false, ""rebalanceo_con_deriva"": true, ""segmentos"": [""dentro_muestra"", ""hueco_2016_2017"", ""fuera_muestra""], ""senal"": ""cederburg_S1_rv2_cowy"", ""spread_por_lado"": 0.0, ""usuario"": {""K"": 120, ""gamma"": 5.0, ""rv"": ""rv2_cowy"", ""tope"": 5.0}, ""variante"": ""cederburg_S1_tiempo_real|bruto""}",contraste Cederburg: S1 bruto
2026-09-25T06:10:03.811087Z,R05,a4aa957b8f,cederburg_S1_tiempo_real|bruto,0,hueco_2016_2017,2015-12-31,2017-07-31,19,12,USD,0.23300090423823705,0.1415150097668696,0.05830499523393248,2.2512456721985457,7.8729552068229385,-0.019044437244135404,7.43077928492994,0.6498786474279052,1.1516944915242986,5.041923165354706,0.9995926740191028,0.7962586365844063,1.0,4.320821049090032,0.0,19,0.15972542568147552,0.003544300407219536,0.0,0.0,2015-12-31|2017-07-31,e85ac74d630dff95,French F-F_Research_Data_Factors (+_daily) CRSP 202607 sha256 b840dba55d31/1916d331c2c5,"{""comision_por_lado"": 0.0, ""cortes"": [""2015-12-31"", ""2017-07-31""], ""efectivo_en_mxn"": false, ""exposicion_inicial"": 0.0, ""exposicion_max"": 5.0, ""exposicion_min"": -5.0, ""extras"": [""rv2_cowy"", ""rv2_mm""], ""fx"": false, ""max_dias_fx"": 10, ""min_historia"": 121, ""periodos_por_anio"": 12, ""permitir_capturas"": false, ""rebalanceo_con_deriva"": true, ""segmentos"": [""dentro_muestra"", ""hueco_2016_2017"", ""fuera_muestra""], ""senal"": ""cederburg_S1_rv2_cowy"", ""spread_por_lado"": 0.0, ""usuario"": {""K"": 120, ""gamma"": 5.0, ""rv"": ""rv2_cowy"", ""tope"": 5.0}, ""variante"": ""cederburg_S1_tiempo_real|bruto""}",contraste Cederburg: S1 bruto
2026-09-25T06:10:03.811087Z,R05,a4aa957b8f,cederburg_S1_tiempo_real|bruto,0,fuera_muestra,2017-07-31,2026-07-31,108,12,USD,0.9628124256378532,0.07781584478862102,0.09511362730871711,0.5772453056184448,0.8018371672592641,-0.17027959523018887,0.45698866434012436,0.16663636629362846,-1.3345800591090984,10.158965995387321,0.9357456580266992,0.5908367860950593,1.0,3.0725280026240047,0.0,108,0.14650773058220712,0.025195665321689154,0.0,0.0,2015-12-31|2017-07-31,e85ac74d630dff95,French F-F_Research_Data_Factors (+_daily) CRSP 202607 sha256 b840dba55d31/1916d331c2c5,"{""comision_por_lado"": 0.0, ""cortes"": [""2015-12-31"", ""2017-07-31""], ""efectivo_en_mxn"": false, ""exposicion_inicial"": 0.0, ""exposicion_max"": 5.0, ""exposicion_min"": -5.0, ""extras"": [""rv2_cowy"", ""rv2_mm""], ""fx"": false, ""max_dias_fx"": 10, ""min_historia"": 121, ""periodos_por_anio"": 12, ""permitir_capturas"": false, ""rebalanceo_con_deriva"": true, ""segmentos"": [""dentro_muestra"", ""hueco_2016_2017"", ""fuera_muestra""], ""senal"": ""cederburg_S1_rv2_cowy"", ""spread_por_lado"": 0.0, ""usuario"": {""K"": 120, ""gamma"": 5.0, ""rv"": ""rv2_cowy"", ""tope"": 5.0}, ""variante"": ""cederburg_S1_tiempo_real|bruto""}",contraste Cederburg: S1 bruto
2026-09-25T06:10:04.293997Z,R05,5920a348da,cederburg_S2_original_tiempo_real|bruto,0,completo,1936-07-31,2026-07-31,1080,12,USD,243.69104255055314,0.0630179657887111,0.05765077257872352,0.5016099052213754,0.7365075081143745,-0.23479379041264914,0.2683970716515002,0.14480230690387189,-0.5637473729677157,5.281390543049657,0.9999970051832623,0.3696402123486548,1.0,0.05761521132366452,0.0,1080,0.1090284317161827,0.03455646544562496,0.0,0.0,2015-12-31|2017-07-31,e85ac74d630dff95,French F-F_Research_Data_Factors (+_daily) CRSP 202607 sha256 b840dba55d31/1916d331c2c5,"{""comision_por_lado"": 0.0, ""cortes"": [""2015-12-31"", ""2017-07-31""], ""efectivo_en_mxn"": false, ""exposicion_inicial"": 0.0, ""exposicion_max"": 5.0, ""exposicion_min"": -5.0, ""extras"": [""rv2_cowy"", ""rv2_mm""], ""fx"": false, ""max_dias_fx"": 10, ""min_historia"": 121, ""periodos_por_anio"": 12, ""permitir_capturas"": false, ""rebalanceo_con_deriva"": true, ""segmentos"": [""dentro_muestra"", ""hueco_2016_2017"", ""fuera_muestra""], ""senal"": ""senal_s2"", ""spread_por_lado"": 0.0, ""usuario"": {""K"": 120, ""gamma"": 5.0, ""tope"": 5.0}, ""variante"": ""cederburg_S2_original_tiempo_real|bruto""}",contraste Cederburg: S2 bruto
2026-09-25T06:10:04.293997Z,R05,5920a348da,cederburg_S2_original_tiempo_real|bruto,0,dentro_muestra,1936-07-31,2015-12-31,953,12,USD,105.25818406837664,0.06051185093655409,0.055114808741411184,0.4496451975837394,0.6494737724309151,-0.23479379041264914,0.25772338710578657,0.1298013879323972,-0.665711736681581,5.611859424839581,0.999930090118643,0.3562706818365537,1.0,0.0545498547261426,0.0,953,0.10387577596926922,0.0362508283962335,0.0,0.0,2015-12-31|2017-07-31,e85ac74d630dff95,French F-F_Research_Data_Factors (+_daily) CRSP 202607 sha256 b840dba55d31/1916d331c2c5,"{""comision_por_lado"": 0.0, ""cortes"": [""2015-12-31"", ""2017-07-31""], ""efectivo_en_mxn"": false, ""exposicion_inicial"": 0.0, ""exposicion_max"": 5.0, ""exposicion_min"": -5.0, ""extras"": [""rv2_cowy"", ""rv2_mm""], ""fx"": false, ""max_dias_fx"": 10, ""min_historia"": 121, ""periodos_por_anio"": 12, ""permitir_capturas"": false, ""rebalanceo_con_deriva"": true, ""segmentos"": [""dentro_muestra"", ""hueco_2016_2017"", ""fuera_muestra""], ""senal"": ""senal_s2"", ""spread_por_lado"": 0.0, ""usuario"": {""K"": 120, ""gamma"": 5.0, ""tope"": 5.0}, ""variante"": ""cederburg_S2_original_tiempo_real|bruto""}",contraste Cederburg: S2 bruto
2026-09-25T06:10:04.293997Z,R05,5920a348da,cederburg_S2_original_tiempo_real|bruto,0,hueco_2016_2017,2015-12-31,2017-07-31,19,12,USD,0.11655642443168213,0.07215302650721234,0.04077774864477965,1.648024327755551,3.1149636504119425,-0.025510978414900798,2.8283127888606665,0.47574364463035973,-0.3884484264818322,4.564849884311039,0.9567489175226327,0.44946963379161325,1.0,0.04558159859780924,0.0,19,0.15972542568147552,0.003544300407219536,0.0,0.0,2015-12-31|2017-07-31,e85ac74d630dff95,French F-F_Research_Data_Factors (+_daily) CRSP 202607 sha256 b840dba55d31/1916d331c2c5,"{""comision_por_lado"": 0.0, ""cortes"": [""2015-12-31"", ""2017-07-31""], ""efectivo_en_mxn"": false, ""exposicion_inicial"": 0.0, ""exposicion_max"": 5.0, ""exposicion_min"": -5.0, ""extras"": [""rv2_cowy"", ""rv2_mm""], ""fx"": false, ""max_dias_fx"": 10, ""min_historia"": 121, ""periodos_por_anio"": 12, ""permitir_capturas"": false, ""rebalanceo_con_deriva"": true, ""segmentos"": [""dentro_muestra"", ""hueco_2016_2017"", ""fuera_muestra""], ""senal"": ""senal_s2"", ""spread_por_lado"": 0.0, ""usuario"": {""K"": 120, ""gamma"": 5.0, ""tope"": 5.0}, ""variante"": ""cederburg_S2_original_tiempo_real|bruto""}",contraste Cederburg: S2 bruto
2026-09-25T06:10:04.293997Z,R05,5920a348da,cederburg_S2_original_tiempo_real|bruto,0,fuera_muestra,2017-07-31,2026-07-31,108,12,USD,1.062410005684475,0.08376023770131247,0.07853278346920117,0.7507958521847184,1.1747598549212257,-0.12110536446908127,0.6916311103848486,0.21673609368265084,-0.3527799871976849,3.343276682783111,0.9835682220133054,0.4735698750395447,1.0,0.08678230197771421,0.0,108,0.14650773058220712,0.025195665321689154,0.0,0.0,2015-12-31|2017-07-31,e85ac74d630dff95,French F-F_Research_Data_Factors (+_daily) CRSP 202607 sha256 b840dba55d31/1916d331c2c5,"{""comision_por_lado"": 0.0, ""cortes"": [""2015-12-31"", ""2017-07-31""], ""efectivo_en_mxn"": false, ""exposicion_inicial"": 0.0, ""exposicion_max"": 5.0, ""exposicion_min"": -5.0, ""extras"": [""rv2_cowy"", ""rv2_mm""], ""fx"": false, ""max_dias_fx"": 10, ""min_historia"": 121, ""periodos_por_anio"": 12, ""permitir_capturas"": false, ""rebalanceo_con_deriva"": true, ""segmentos"": [""dentro_muestra"", ""hueco_2016_2017"", ""fuera_muestra""], ""senal"": ""senal_s2"", ""spread_por_lado"": 0.0, ""usuario"": {""K"": 120, ""gamma"": 5.0, ""tope"": 5.0}, ""variante"": ""cederburg_S2_original_tiempo_real|bruto""}",contraste Cederburg: S2 bruto
2026-09-25T06:10:05.415820Z,R05,fa717013b2,cederburg_S1_rvMM|bruto,0,completo,1936-07-31,2026-07-31,1080,12,USD,1402.156232871682,0.08384799027387024,0.1188584839887943,0.45308539394837644,0.6591134470722074,-0.5192669971235149,0.16147375192020114,0.1307944870809914,-0.9043114892846501,13.415959171494425,0.9999640096575111,0.8093919301932105,1.0,4.858578414905013,0.0,1078,0.1090284317161827,0.03455646544562496,0.0,0.0,2015-12-31|2017-07-31,e85ac74d630dff95,French F-F_Research_Data_Factors (+_daily) CRSP 202607 sha256 b840dba55d31/1916d331c2c5,"{""comision_por_lado"": 0.0, ""cortes"": [""2015-12-31"", ""2017-07-31""], ""efectivo_en_mxn"": false, ""exposicion_inicial"": 0.0, ""exposicion_max"": 5.0, ""exposicion_min"": -5.0, ""extras"": [""rv2_cowy"", ""rv2_mm""], ""fx"": false, ""max_dias_fx"": 10, ""min_historia"": 121, ""periodos_por_anio"": 12, ""permitir_capturas"": false, ""rebalanceo_con_deriva"": true, ""segmentos"": [""dentro_muestra"", ""hueco_2016_2017"", ""fuera_muestra""], ""senal"": ""cederburg_S1_rv2_mm"", ""spread_por_lado"": 0.0, ""usuario"": {""K"": 120, ""gamma"": 5.0, ""rv"": ""rv2_mm"", ""tope"": 5.0}, ""variante"": ""cederburg_S1_rvMM|bruto""}","contraste Cederburg: S1 con RV de MM, bruto"
2026-09-25T06:10:05.415820Z,R05,fa717013b2,cederburg_S1_rvMM|bruto,0,dentro_muestra,1936-07-31,2015-12-31,953,12,USD,580.3664764991262,0.0834512342919389,0.1217913960014575,0.42862213098202406,0.6253380422094355,-0.5192669971235149,0.1607096825991598,0.12373255135155133,-0.8601082114394476,13.267147262093875,0.9998108783293085,0.8311273647976967,1.0,5.021396454961512,0.0,951,0.10387577596926922,0.0362508283962335,0.0,0.0,2015-12-31|2017-07-31,e85ac74d630dff95,French F-F_Research_Data_Factors (+_daily) CRSP 202607 sha256 b840dba55d31/1916d331c2c5,"{""comision_por_lado"": 0.0, ""cortes"": [""2015-12-31"", ""2017-07-31""], ""efectivo_en_mxn"": false, ""exposicion_inicial"": 0.0, ""exposicion_max"": 5.0, ""exposicion_min"": -5.0, ""extras"": [""rv2_cowy"", ""rv2_mm""], ""fx"": false, ""max_dias_fx"": 10, ""min_historia"": 121, ""periodos_por_anio"": 12, ""permitir_capturas"": false, ""rebalanceo_con_deriva"": true, ""segmentos"": [""dentro_muestra"", ""hueco_2016_2017"", ""fuera_muestra""], ""senal"": ""cederburg_S1_rv2_mm"", ""spread_por_lado"": 0.0, ""usuario"": {""K"": 120, ""gamma"": 5.0, ""rv"": ""rv2_mm"", ""tope"": 5.0}, ""variante"": ""cederburg_S1_rvMM|bruto""}","contraste Cederburg: S1 con RV de MM, bruto"
2026-09-25T06:10:05.415820Z,R05,fa717013b2,cederburg_S1_rvMM|bruto,0,hueco_2016_2017,2015-12-31,2017-07-31,19,12,USD,0.2365604239683794,0.14359634254348075,0.0589997619218081,2.2562597011644745,8.070782341604485,-0.018819248070874983,7.630291178621165,0.651326072914507,1.1874383128585253,5.023849756362772,0.9996854152686141,0.8209306120411332,1.0,4.926964346144933,0.0,19,0.15972542568147552,0.003544300407219536,0.0,0.0,2015-12-31|2017-07-31,e85ac74d630dff95,French F-F_Research_Data_Factors (+_daily) CRSP 202607 sha256 b840dba55d31/1916d331c2c5,"{""comision_por_lado"": 0.0, ""cortes"": [""2015-12-31"", ""2017-07-31""], ""efectivo_en_mxn"": false, ""exposicion_inicial"": 0.0, ""exposicion_max"": 5.0, ""exposicion_min"": -5.0, ""extras"": [""rv2_cowy"", ""rv2_mm""], ""fx"": false, ""max_dias_fx"": 10, ""min_historia"": 121, ""periodos_por_anio"": 12, ""permitir_capturas"": false, ""rebalanceo_con_deriva"": true, ""segmentos"": [""dentro_muestra"", ""hueco_2016_2017"", ""fuera_muestra""], ""senal"": ""cederburg_S1_rv2_mm"", ""spread_por_lado"": 0.0, ""usuario"": {""K"": 120, ""gamma"": 5.0, ""rv"": ""rv2_mm"", ""tope"": 5.0}, ""variante"": ""cederburg_S1_rvMM|bruto""}","contraste Cederburg: S1 con RV de MM, bruto"
2026-09-25T06:10:05.415820Z,R05,fa717013b2,cederburg_S1_rvMM|bruto,0,fuera_muestra,2017-07-31,2026-07-31,108,12,USD,0.9518242146497253,0.07714369463744153,0.09930719808585392,0.5508010650982902,0.7552931265331653,-0.18342262461273873,0.4205789487546341,0.15900257160221523,-1.4340023328789662,10.36609281530507,0.9264258892605945,0.6155668919229718,1.0,3.4097223284506426,0.0,108,0.14650773058220712,0.025195665321689154,0.0,0.0,2015-12-31|2017-07-31,e85ac74d630dff95,French F-F_Research_Data_Factors (+_daily) CRSP 202607 sha256 b840dba55d31/1916d331c2c5,"{""comision_por_lado"": 0.0, ""cortes"": [""2015-12-31"", ""2017-07-31""], ""efectivo_en_mxn"": false, ""exposicion_inicial"": 0.0, ""exposicion_max"": 5.0, ""exposicion_min"": -5.0, ""extras"": [""rv2_cowy"", ""rv2_mm""], ""fx"": false, ""max_dias_fx"": 10, ""min_historia"": 121, ""periodos_por_anio"": 12, ""permitir_capturas"": false, ""rebalanceo_con_deriva"": true, ""segmentos"": [""dentro_muestra"", ""hueco_2016_2017"", ""fuera_muestra""], ""senal"": ""cederburg_S1_rv2_mm"", ""spread_por_lado"": 0.0, ""usuario"": {""K"": 120, ""gamma"": 5.0, ""rv"": ""rv2_mm"", ""tope"": 5.0}, ""variante"": ""cederburg_S1_rvMM|bruto""}","contraste Cederburg: S1 con RV de MM, bruto"
2026-09-25T06:10:06.693546Z,R05,65be7a24a5,cederburg_S1_tiempo_real|defecto,0,completo,1936-07-31,2026-07-31,1080,12,USD,261.8604552494094,0.06386432343982684,0.10770075077422704,0.3160125319888153,0.43549699923504837,-0.5740667766329157,0.11124894531331601,0.09122496020551887,-1.6494589633481611,21.411659061438268,0.9969612091416555,0.721161190337195,1.0,3.91272222118592,0.013303255552032113,1079,0.1090284317161827,0.03455646544562496,0.0029,0.0005,2015-12-31|2017-07-31,e85ac74d630dff95,French F-F_Research_Data_Factors (+_daily) CRSP 202607 sha256 b840dba55d31/1916d331c2c5,"{""comision_por_lado"": 0.0029, ""cortes"": [""2015-12-31"", ""2017-07-31""], ""efectivo_en_mxn"": false, ""exposicion_inicial"": 0.0, ""exposicion_max"": 5.0, ""exposicion_min"": -5.0, ""extras"": [""rv2_cowy"", ""rv2_mm""], ""fx"": false, ""max_dias_fx"": 10, ""min_historia"": 121, ""periodos_por_anio"": 12, ""permitir_capturas"": false, ""rebalanceo_con_deriva"": true, ""segmentos"": [""dentro_muestra"", ""hueco_2016_2017"", ""fuera_muestra""], ""senal"": ""cederburg_S1_rv2_cowy"", ""spread_por_lado"": 0.0005, ""usuario"": {""K"": 120, ""gamma"": 5.0, ""rv"": ""rv2_cowy"", ""tope"": 5.0}, ""variante"": ""cederburg_S1_tiempo_real|defecto""}",contraste Cederburg: S1 con costos GBM
2026-09-25T06:10:06.693546Z,R05,65be7a24a5,cederburg_S1_tiempo_real|defecto,0,dentro_muestra,1936-07-31,2015-12-31,953,12,USD,121.13996164602074,0.062373602944822526,0.10981505988293914,0.28446777669225753,0.39155335591995827,-0.5740667766329157,0.10865217337722198,0.08211877372452463,-1.6555388995104166,21.77390797033622,0.9903958614080673,0.7344331569473246,1.0,3.9997990396740213,0.013599316734891662,952,0.10387577596926922,0.0362508283962335,0.0029,0.0005,2015-12-31|2017-07-31,e85ac74d630dff95,French F-F_Research_Data_Factors (+_daily) CRSP 202607 sha256 b840dba55d31/1916d331c2c5,"{""comision_por_lado"": 0.0029, ""cortes"": [""2015-12-31"", ""2017-07-31""], ""efectivo_en_mxn"": false, ""exposicion_inicial"": 0.0, ""exposicion_max"": 5.0, ""exposicion_min"": -5.0, ""extras"": [""rv2_cowy"", ""rv2_mm""], ""fx"": false, ""max_dias_fx"": 10, ""min_historia"": 121, ""periodos_por_anio"": 12, ""permitir_capturas"": false, ""rebalanceo_con_deriva"": true, ""segmentos"": [""dentro_muestra"", ""hueco_2016_2017"", ""fuera_muestra""], ""senal"": ""cederburg_S1_rv2_cowy"", ""spread_por_lado"": 0.0005, ""usuario"": {""K"": 120, ""gamma"": 5.0, ""rv"": ""rv2_cowy"", ""tope"": 5.0}, ""variante"": ""cederburg_S1_tiempo_real|defecto""}",contraste Cederburg: S1 con costos GBM
2026-09-25T06:10:06.693546Z,R05,65be7a24a5,cederburg_S1_tiempo_real|defecto,0,hueco_2016_2017,2015-12-31,2017-07-31,19,12,USD,0.20463703905517305,0.12485020359913457,0.05825083196732177,1.9982976573664892,6.248961854377345,-0.01989921445850884,6.274127245548079,0.5768588452007706,1.034935423377507,4.6521570055153205,0.998199021966318,0.7962586365844063,1.0,4.320821049090032,0.014690791566906107,19,0.15972542568147552,0.003544300407219536,0.0029,0.0005,2015-12-31|2017-07-31,e85ac74d630dff95,French F-F_Research_Data_Factors (+_daily) CRSP 202607 sha256 b840dba55d31/1916d331c2c5,"{""comision_por_lado"": 0.0029, ""cortes"": [""2015-12-31"", ""2017-07-31""], ""efectivo_en_mxn"": false, ""exposicion_inicial"": 0.0, ""exposicion_max"": 5.0, ""exposicion_min"": -5.0, ""extras"": [""rv2_cowy"", ""rv2_mm""], ""fx"": false, ""max_dias_fx"": 10, ""min_historia"": 121, ""periodos_por_anio"": 12, ""permitir_capturas"": false, ""rebalanceo_con_deriva"": true, ""segmentos"": [""dentro_muestra"", ""hueco_2016_2017"", ""fuera_muestra""], ""senal"": ""cederburg_S1_rv2_cowy"", ""spread_por_lado"": 0.0005, ""usuario"": {""K"": 120, ""gamma"": 5.0, ""rv"": ""rv2_cowy"", ""tope"": 5.0}, ""variante"": ""cederburg_S1_tiempo_real|defecto""}",contraste Cederburg: S1 con costos GBM
2026-09-25T06:10:06.693546Z,R05,65be7a24a5,cederburg_S1_tiempo_real|defecto,0,fuera_muestra,2017-07-31,2026-07-31,108,12,USD,0.7865339108326852,0.06660442540677991,0.09520729686519368,0.46630735805785645,0.6350387153563027,-0.1831455487802679,0.3636693648868843,0.13461133934990333,-1.3811923367524561,10.33868500675702,0.8955176292043475,0.5908367860950593,1.0,3.0725280026240047,0.010446595208921614,108,0.14650773058220712,0.025195665321689154,0.0029,0.0005,2015-12-31|2017-07-31,e85ac74d630dff95,French F-F_Research_Data_Factors (+_daily) CRSP 202607 sha256 b840dba55d31/1916d331c2c5,"{""comision_por_lado"": 0.0029, ""cortes"": [""2015-12-31"", ""2017-07-31""], ""efectivo_en_mxn"": false, ""exposicion_inicial"": 0.0, ""exposicion_max"": 5.0, ""exposicion_min"": -5.0, ""extras"": [""rv2_cowy"", ""rv2_mm""], ""fx"": false, ""max_dias_fx"": 10, ""min_historia"": 121, ""periodos_por_anio"": 12, ""permitir_capturas"": false, ""rebalanceo_con_deriva"": true, ""segmentos"": [""dentro_muestra"", ""hueco_2016_2017"", ""fuera_muestra""], ""senal"": ""cederburg_S1_rv2_cowy"", ""spread_por_lado"": 0.0005, ""usuario"": {""K"": 120, ""gamma"": 5.0, ""rv"": ""rv2_cowy"", ""tope"": 5.0}, ""variante"": ""cederburg_S1_tiempo_real|defecto""}",contraste Cederburg: S1 con costos GBM
2026-09-25T06:10:07.199606Z,R05,63f67b36f1,cederburg_S2_original_tiempo_real|defecto,0,completo,1936-07-31,2026-07-31,1080,12,USD,239.41485268779095,0.0628097451207974,0.05764681928561515,0.4982140094084593,0.7309591826952296,-0.23514469210456213,0.26711104791966855,0.14382199622300837,-0.5646550395227727,5.281775277652741,0.9999965634607033,0.3696402123486548,1.0,0.05761521132366452,0.0001958917185004592,1080,0.1090284317161827,0.03455646544562496,0.0029,0.0005,2015-12-31|2017-07-31,e85ac74d630dff95,French F-F_Research_Data_Factors (+_daily) CRSP 202607 sha256 b840dba55d31/1916d331c2c5,"{""comision_por_lado"": 0.0029, ""cortes"": [""2015-12-31"", ""2017-07-31""], ""efectivo_en_mxn"": false, ""exposicion_inicial"": 0.0, ""exposicion_max"": 5.0, ""exposicion_min"": -5.0, ""extras"": [""rv2_cowy"", ""rv2_mm""], ""fx"": false, ""max_dias_fx"": 10, ""min_historia"": 121, ""periodos_por_anio"": 12, ""permitir_capturas"": false, ""rebalanceo_con_deriva"": true, ""segmentos"": [""dentro_muestra"", ""hueco_2016_2017"", ""fuera_muestra""], ""senal"": ""senal_s2"", ""spread_por_lado"": 0.0005, ""usuario"": {""K"": 120, ""gamma"": 5.0, ""tope"": 5.0}, ""variante"": ""cederburg_S2_original_tiempo_real|defecto""}",contraste Cederburg: S2 con costos GBM
2026-09-25T06:10:07.199606Z,R05,63f67b36f1,cederburg_S2_original_tiempo_real|defecto,0,dentro_muestra,1936-07-31,2015-12-31,953,12,USD,103.70449940413559,0.060315172047326726,0.05511283266628141,0.44626012114368446,0.6441121829577123,-0.23514469210456213,0.25650237522906233,0.12882420053545063,-0.6663732037970101,5.612541463918207,0.9999219865471599,0.3562706818365537,1.0,0.0545498547261426,0.00018546950606888491,953,0.10387577596926922,0.0362508283962335,0.0029,0.0005,2015-12-31|2017-07-31,e85ac74d630dff95,French F-F_Research_Data_Factors (+_daily) CRSP 202607 sha256 b840dba55d31/1916d331c2c5,"{""comision_por_lado"": 0.0029, ""cortes"": [""2015-12-31"", ""2017-07-31""], ""efectivo_en_mxn"": false, ""exposicion_inicial"": 0.0, ""exposicion_max"": 5.0, ""exposicion_min"": -5.0, ""extras"": [""rv2_cowy"", ""rv2_mm""], ""fx"": false, ""max_dias_fx"": 10, ""min_historia"": 121, ""periodos_por_anio"": 12, ""permitir_capturas"": false, ""rebalanceo_con_deriva"": true, ""segmentos"": [""dentro_muestra"", ""hueco_2016_2017"", ""fuera_muestra""], ""senal"": ""senal_s2"", ""spread_por_lado"": 0.0005, ""usuario"": {""K"": 120, ""gamma"": 5.0, ""tope"": 5.0}, ""variante"": ""cederburg_S2_original_tiempo_real|defecto""}",contraste Cederburg: S2 con costos GBM
2026-09-25T06:10:07.199606Z,R05,63f67b36f1,cederburg_S2_original_tiempo_real|defecto,0,hueco_2016_2017,2015-12-31,2017-07-31,19,12,USD,0.11628262105613185,0.07198687783040514,0.04078603161891976,1.6438779926968352,3.106245468183394,-0.025557887250367006,2.8166208390081784,0.47454670079920974,-0.38699651818446673,4.563536542504264,0.9564793569866441,0.44946963379161325,1.0,0.04558159859780924,0.00015497743523255138,19,0.15972542568147552,0.003544300407219536,0.0029,0.0005,2015-12-31|2017-07-31,e85ac74d630dff95,French F-F_Research_Data_Factors (+_daily) CRSP 202607 sha256 b840dba55d31/1916d331c2c5,"{""comision_por_lado"": 0.0029, ""cortes"": [""2015-12-31"", ""2017-07-31""], ""efectivo_en_mxn"": false, ""exposicion_inicial"": 0.0, ""exposicion_max"": 5.0, ""exposicion_min"": -5.0, ""extras"": [""rv2_cowy"", ""rv2_mm""], ""fx"": false, ""max_dias_fx"": 10, ""min_historia"": 121, ""periodos_por_anio"": 12, ""permitir_capturas"": false, ""rebalanceo_con_deriva"": true, ""segmentos"": [""dentro_muestra"", ""hueco_2016_2017"", ""fuera_muestra""], ""senal"": ""senal_s2"", ""spread_por_lado"": 0.0005, ""usuario"": {""K"": 120, ""gamma"": 5.0, ""tope"": 5.0}, ""variante"": ""cederburg_S2_original_tiempo_real|defecto""}",contraste Cederburg: S2 con costos GBM
2026-09-25T06:10:07.199606Z,R05,63f67b36f1,cederburg_S2_original_tiempo_real|defecto,0,fuera_muestra,2017-07-31,2026-07-31,108,12,USD,1.0569407706322727,0.0834405045068809,0.0785175720841677,0.7471417904171774,1.1679894179193917,-0.12136236737062722,0.687531945154488,0.2156812569100882,-0.3536274330366645,3.3433611879688234,0.9831565544688272,0.4735698750395447,1.0,0.08678230197771421,0.0002950598267242284,108,0.14650773058220712,0.025195665321689154,0.0029,0.0005,2015-12-31|2017-07-31,e85ac74d630dff95,French F-F_Research_Data_Factors (+_daily) CRSP 202607 sha256 b840dba55d31/1916d331c2c5,"{""comision_por_lado"": 0.0029, ""cortes"": [""2015-12-31"", ""2017-07-31""], ""efectivo_en_mxn"": false, ""exposicion_inicial"": 0.0, ""exposicion_max"": 5.0, ""exposicion_min"": -5.0, ""extras"": [""rv2_cowy"", ""rv2_mm""], ""fx"": false, ""max_dias_fx"": 10, ""min_historia"": 121, ""periodos_por_anio"": 12, ""permitir_capturas"": false, ""rebalanceo_con_deriva"": true, ""segmentos"": [""dentro_muestra"", ""hueco_2016_2017"", ""fuera_muestra""], ""senal"": ""senal_s2"", ""spread_por_lado"": 0.0005, ""usuario"": {""K"": 120, ""gamma"": 5.0, ""tope"": 5.0}, ""variante"": ""cederburg_S2_original_tiempo_real|defecto""}",contraste Cederburg: S2 con costos GBM
