fecha_registro_utc,id_replica,corrida,variante,es_prueba,segmento,fecha_inicio,fecha_fin,n_periodos,periodos_por_anio,moneda,rendimiento_total,cagr,vol_anual,sharpe,sortino,mdd,calmar,sharpe_periodo,asimetria,curtosis,psr,exposicion_media,tiempo_invertido,rotacion_anual,costo_anual,n_cambios_senal,cagr_activo_sin_costos,cagr_efectivo,comision_por_lado,spread_por_lado,cortes,huella_datos,fuente_datos,parametros_json,nota
2026-09-25T06:37:13.109147Z,R07,f7c9855f45,inv1,1,completo,1970-12-31,2026-07-31,667,12,USD,425.025016600552,0.11508525237519152,0.1409350128899854,0.5409334367404486,0.8195509707332629,-0.5031170717166413,0.22874447885960078,0.1561540326578837,-0.48140315656761296,5.826268203593594,0.999937045309961,0.8500749625187406,0.8500749625187406,0.4857765627308999,0.0016516403132850596,27,0.11317394584381812,0.043839181910870106,0.0029,0.0005,1998-02-28,e85ac74d630dff95,"French CRSP 202607 (Mkt-RF+RF, RF); FRED GS10, TB3MS (BEY), USREC; anuncios NBER; descarga 2026-09-25","{""comision_por_lado"": 0.0029, ""cortes"": [""1998-02-28""], ""efectivo_en_mxn"": false, ""exposicion_inicial"": 0.0, ""exposicion_max"": 1.0, ""exposicion_min"": 0.0, ""extras"": [""pico"", ""spread"", ""valle""], ""fx"": false, ""max_dias_fx"": 10, ""min_historia"": 534, ""periodos_por_anio"": 12, ""permitir_capturas"": false, ""rebalanceo_con_deriva"": true, ""segmentos"": [""dentro_muestra"", ""fuera_muestra""], ""senal"": ""senal_inv1"", ""spread_por_lado"": 0.0005, ""usuario"": {""horizonte_meses"": 12, ""regla"": ""w=0 si S_{t-1}<0"", ""spread"": ""GS10-BEY(TB3MS)""}, ""variante"": ""inv1""}","prueba pre-registrada, costos por defecto"
2026-09-25T06:37:13.109147Z,R07,f7c9855f45,inv1,1,dentro_muestra,1970-12-31,1998-02-28,326,12,USD,40.52979912858001,0.14704718903829028,0.133753760877295,0.6001513122298849,0.9435025431463896,-0.298527354747,0.4925752588499363,0.17324876083521562,-0.4786062917025692,7.785140537793218,0.9983224065173868,0.843558282208589,0.843558282208589,0.5522376776534623,0.001877608104021772,15,0.13485242836977895,0.06837674231400404,0.0029,0.0005,1998-02-28,e85ac74d630dff95,"French CRSP 202607 (Mkt-RF+RF, RF); FRED GS10, TB3MS (BEY), USREC; anuncios NBER; descarga 2026-09-25","{""comision_por_lado"": 0.0029, ""cortes"": [""1998-02-28""], ""efectivo_en_mxn"": false, ""exposicion_inicial"": 0.0, ""exposicion_max"": 1.0, ""exposicion_min"": 0.0, ""extras"": [""pico"", ""spread"", ""valle""], ""fx"": false, ""max_dias_fx"": 10, ""min_historia"": 534, ""periodos_por_anio"": 12, ""permitir_capturas"": false, ""rebalanceo_con_deriva"": true, ""segmentos"": [""dentro_muestra"", ""fuera_muestra""], ""senal"": ""senal_inv1"", ""spread_por_lado"": 0.0005, ""usuario"": {""horizonte_meses"": 12, ""regla"": ""w=0 si S_{t-1}<0"", ""spread"": ""GS10-BEY(TB3MS)""}, ""variante"": ""inv1""}","prueba pre-registrada, costos por defecto"
2026-09-25T06:37:13.109147Z,R07,f7c9855f45,inv1,1,fuera_muestra,1998-02-28,2026-07-31,341,12,USD,9.258297067162303,0.08536940777269542,0.1472699624775899,0.48992008616060223,0.7231025541062489,-0.5031170717166413,0.16968099985439572,0.14142774681311418,-0.47658973278548705,4.460086464446257,0.9938584906056536,0.8563049853372434,0.8563049853372434,0.4222543352601156,0.0014356647398843928,12,0.09284123735505312,0.020913571447349844,0.0029,0.0005,1998-02-28,e85ac74d630dff95,"French CRSP 202607 (Mkt-RF+RF, RF); FRED GS10, TB3MS (BEY), USREC; anuncios NBER; descarga 2026-09-25","{""comision_por_lado"": 0.0029, ""cortes"": [""1998-02-28""], ""efectivo_en_mxn"": false, ""exposicion_inicial"": 0.0, ""exposicion_max"": 1.0, ""exposicion_min"": 0.0, ""extras"": [""pico"", ""spread"", ""valle""], ""fx"": false, ""max_dias_fx"": 10, ""min_historia"": 534, ""periodos_por_anio"": 12, ""permitir_capturas"": false, ""rebalanceo_con_deriva"": true, ""segmentos"": [""dentro_muestra"", ""fuera_muestra""], ""senal"": ""senal_inv1"", ""spread_por_lado"": 0.0005, ""usuario"": {""horizonte_meses"": 12, ""regla"": ""w=0 si S_{t-1}<0"", ""spread"": ""GS10-BEY(TB3MS)""}, ""variante"": ""inv1""}","prueba pre-registrada, costos por defecto"
2026-09-25T06:37:13.123789Z,R07,dfa7571342,inv3,1,completo,1970-12-31,2026-07-31,667,12,USD,468.03462236792785,0.11701648574869261,0.14786804900852166,0.5344371248759213,0.8082624247928146,-0.5031170717166416,0.23258301561787784,0.15427870895602142,-0.43822772666705134,5.501414800835372,0.9999293520896121,0.8860569715142429,0.8860569715142429,0.3058593172750111,0.0010399216787350376,17,0.11317394584381812,0.043839181910870106,0.0029,0.0005,1998-02-28,e85ac74d630dff95,"French CRSP 202607 (Mkt-RF+RF, RF); FRED GS10, TB3MS (BEY), USREC; anuncios NBER; descarga 2026-09-25","{""comision_por_lado"": 0.0029, ""cortes"": [""1998-02-28""], ""efectivo_en_mxn"": false, ""exposicion_inicial"": 0.0, ""exposicion_max"": 1.0, ""exposicion_min"": 0.0, ""extras"": [""pico"", ""spread"", ""valle""], ""fx"": false, ""max_dias_fx"": 10, ""min_historia"": 534, ""periodos_por_anio"": 12, ""permitir_capturas"": false, ""rebalanceo_con_deriva"": true, ""segmentos"": [""dentro_muestra"", ""fuera_muestra""], ""senal"": ""senal_inv3"", ""spread_por_lado"": 0.0005, ""usuario"": {""horizonte_meses"": 12, ""regla"": ""w=0 si S<0 en t-1,t-2,t-3 (regla 6(1) cap. 04)"", ""spread"": ""GS10-BEY(TB3MS)""}, ""variante"": ""inv3""}","prueba pre-registrada, costos por defecto"
2026-09-25T06:37:13.123789Z,R07,dfa7571342,inv3,1,dentro_muestra,1970-12-31,1998-02-28,326,12,USD,46.27108747970231,0.15252844312871083,0.1428197014113625,0.6043282702360244,0.9572820636080187,-0.298527354747,0.5109362365066267,0.17445454474983482,-0.33502378746165806,7.054304855752579,0.9986166349921008,0.8834355828220859,0.8834355828220859,0.33134260659207737,0.001126564862413063,9,0.13485242836977895,0.06837674231400404,0.0029,0.0005,1998-02-28,e85ac74d630dff95,"French CRSP 202607 (Mkt-RF+RF, RF); FRED GS10, TB3MS (BEY), USREC; anuncios NBER; descarga 2026-09-25","{""comision_por_lado"": 0.0029, ""cortes"": [""1998-02-28""], ""efectivo_en_mxn"": false, ""exposicion_inicial"": 0.0, ""exposicion_max"": 1.0, ""exposicion_min"": 0.0, ""extras"": [""pico"", ""spread"", ""valle""], ""fx"": false, ""max_dias_fx"": 10, ""min_historia"": 534, ""periodos_por_anio"": 12, ""permitir_capturas"": false, ""rebalanceo_con_deriva"": true, ""segmentos"": [""dentro_muestra"", ""fuera_muestra""], ""senal"": ""senal_inv3"", ""spread_por_lado"": 0.0005, ""usuario"": {""horizonte_meses"": 12, ""regla"": ""w=0 si S<0 en t-1,t-2,t-3 (regla 6(1) cap. 04)"", ""spread"": ""GS10-BEY(TB3MS)""}, ""variante"": ""inv3""}","prueba pre-registrada, costos por defecto"
2026-09-25T06:37:13.123789Z,R07,dfa7571342,inv3,1,fuera_muestra,1998-02-28,2026-07-31,341,12,USD,8.922230424026662,0.08409801716041909,0.15226205467332762,0.4715416434273956,0.6887199527661316,-0.5031170717166413,0.16715397248094896,0.13612234738346268,-0.5141587857523066,4.298864954998489,0.9920095318954227,0.8885630498533724,0.8885630498533724,0.2815028901734104,0.0009571098265895953,8,0.09284123735505312,0.020913571447349844,0.0029,0.0005,1998-02-28,e85ac74d630dff95,"French CRSP 202607 (Mkt-RF+RF, RF); FRED GS10, TB3MS (BEY), USREC; anuncios NBER; descarga 2026-09-25","{""comision_por_lado"": 0.0029, ""cortes"": [""1998-02-28""], ""efectivo_en_mxn"": false, ""exposicion_inicial"": 0.0, ""exposicion_max"": 1.0, ""exposicion_min"": 0.0, ""extras"": [""pico"", ""spread"", ""valle""], ""fx"": false, ""max_dias_fx"": 10, ""min_historia"": 534, ""periodos_por_anio"": 12, ""permitir_capturas"": false, ""rebalanceo_con_deriva"": true, ""segmentos"": [""dentro_muestra"", ""fuera_muestra""], ""senal"": ""senal_inv3"", ""spread_por_lado"": 0.0005, ""usuario"": {""horizonte_meses"": 12, ""regla"": ""w=0 si S<0 en t-1,t-2,t-3 (regla 6(1) cap. 04)"", ""spread"": ""GS10-BEY(TB3MS)""}, ""variante"": ""inv3""}","prueba pre-registrada, costos por defecto"
2026-09-25T06:37:13.142794Z,R07,29d232edc4,inv3_medio,1,completo,1970-12-31,2026-07-31,667,12,USD,432.22448205219666,0.1154215063769819,0.15013063231540422,0.5186326926128079,0.7793386747844362,-0.5031170717166414,0.22941282032661373,0.14971636234527255,-0.4379442151909067,5.1956867585043245,0.9998931913730464,0.9430284857571214,1.0,0.1729227245988549,0.0005879372636361066,17,0.11317394584381812,0.043839181910870106,0.0029,0.0005,1998-02-28,e85ac74d630dff95,"French CRSP 202607 (Mkt-RF+RF, RF); FRED GS10, TB3MS (BEY), USREC; anuncios NBER; descarga 2026-09-25","{""comision_por_lado"": 0.0029, ""cortes"": [""1998-02-28""], ""efectivo_en_mxn"": false, ""exposicion_inicial"": 0.0, ""exposicion_max"": 1.0, ""exposicion_min"": 0.0, ""extras"": [""pico"", ""spread"", ""valle""], ""fx"": false, ""max_dias_fx"": 10, ""min_historia"": 534, ""periodos_por_anio"": 12, ""permitir_capturas"": false, ""rebalanceo_con_deriva"": true, ""segmentos"": [""dentro_muestra"", ""fuera_muestra""], ""senal"": ""senal_inv3_medio"", ""spread_por_lado"": 0.0005, ""usuario"": {""horizonte_meses"": 12, ""regla"": ""w=0.5 si S<0 en t-1,t-2,t-3"", ""spread"": ""GS10-BEY(TB3MS)""}, ""variante"": ""inv3_medio""}","prueba pre-registrada, costos por defecto"
2026-09-25T06:37:13.142794Z,R07,29d232edc4,inv3_medio,1,dentro_muestra,1970-12-31,1998-02-28,326,12,USD,37.68206342681672,0.14405132612026672,0.14593484820408562,0.5429526257274508,0.8481082620286211,-0.3654150461635801,0.3942129029240392,0.15673692231047895,-0.31807071840654566,6.4912716881507695,0.9966807614503259,0.941717791411043,1.0,0.19572697121814825,0.0006654717021417039,9,0.13485242836977895,0.06837674231400404,0.0029,0.0005,1998-02-28,e85ac74d630dff95,"French CRSP 202607 (Mkt-RF+RF, RF); FRED GS10, TB3MS (BEY), USREC; anuncios NBER; descarga 2026-09-25","{""comision_por_lado"": 0.0029, ""cortes"": [""1998-02-28""], ""efectivo_en_mxn"": false, ""exposicion_inicial"": 0.0, ""exposicion_max"": 1.0, ""exposicion_min"": 0.0, ""extras"": [""pico"", ""spread"", ""valle""], ""fx"": false, ""max_dias_fx"": 10, ""min_historia"": 534, ""periodos_por_anio"": 12, ""permitir_capturas"": false, ""rebalanceo_con_deriva"": true, ""segmentos"": [""dentro_muestra"", ""fuera_muestra""], ""senal"": ""senal_inv3_medio"", ""spread_por_lado"": 0.0005, ""usuario"": {""horizonte_meses"": 12, ""regla"": ""w=0.5 si S<0 en t-1,t-2,t-3"", ""spread"": ""GS10-BEY(TB3MS)""}, ""variante"": ""inv3_medio""}","prueba pre-registrada, costos por defecto"
2026-09-25T06:37:13.142794Z,R07,29d232edc4,inv3_medio,1,fuera_muestra,1998-02-28,2026-07-31,341,12,USD,10.199621831752108,0.08872757367032214,0.15393545175838771,0.4961175431755098,0.7235536173752322,-0.5031170717166413,0.17635572048386794,0.1432167985510382,-0.534725604828695,4.158709967311462,0.9942347668016251,0.9442815249266863,1.0,0.15112687385607956,0.0005138313711106703,8,0.09284123735505312,0.020913571447349844,0.0029,0.0005,1998-02-28,e85ac74d630dff95,"French CRSP 202607 (Mkt-RF+RF, RF); FRED GS10, TB3MS (BEY), USREC; anuncios NBER; descarga 2026-09-25","{""comision_por_lado"": 0.0029, ""cortes"": [""1998-02-28""], ""efectivo_en_mxn"": false, ""exposicion_inicial"": 0.0, ""exposicion_max"": 1.0, ""exposicion_min"": 0.0, ""extras"": [""pico"", ""spread"", ""valle""], ""fx"": false, ""max_dias_fx"": 10, ""min_historia"": 534, ""periodos_por_anio"": 12, ""permitir_capturas"": false, ""rebalanceo_con_deriva"": true, ""segmentos"": [""dentro_muestra"", ""fuera_muestra""], ""senal"": ""senal_inv3_medio"", ""spread_por_lado"": 0.0005, ""usuario"": {""horizonte_meses"": 12, ""regla"": ""w=0.5 si S<0 en t-1,t-2,t-3"", ""spread"": ""GS10-BEY(TB3MS)""}, ""variante"": ""inv3_medio""}","prueba pre-registrada, costos por defecto"
2026-09-25T06:37:14.292752Z,R07,5d7c464a65,probit50,1,completo,1970-12-31,2026-07-31,667,12,USD,528.8770370822959,0.11947038232888296,0.15108571759503722,0.5414550327034136,0.8130079200278242,-0.5031170717166413,0.23746040244917277,0.15630460444269673,-0.4846743136875497,5.264598429211397,0.9999392002659704,0.9235382308845578,0.9235382308845578,0.4138096645485444,0.0014069528594650507,23,0.11317394584381812,0.043839181910870106,0.0029,0.0005,1998-02-28,e85ac74d630dff95,"French CRSP 202607 (Mkt-RF+RF, RF); FRED GS10, TB3MS (BEY), USREC; anuncios NBER; descarga 2026-09-25","{""comision_por_lado"": 0.0029, ""cortes"": [""1998-02-28""], ""efectivo_en_mxn"": false, ""exposicion_inicial"": 0.0, ""exposicion_max"": 1.0, ""exposicion_min"": 0.0, ""extras"": [""pico"", ""spread"", ""valle""], ""fx"": false, ""max_dias_fx"": 10, ""min_historia"": 534, ""periodos_por_anio"": 12, ""permitir_capturas"": false, ""rebalanceo_con_deriva"": true, ""segmentos"": [""dentro_muestra"", ""fuera_muestra""], ""senal"": ""senal_probit50"", ""spread_por_lado"": 0.0005, ""usuario"": {""horizonte_meses"": 12, ""regla"": ""w=0 si P_rt>0.5 (probit 12m, etiquetas en tiempo real)"", ""spread"": ""GS10-BEY(TB3MS)""}, ""variante"": ""probit50""}","prueba pre-registrada, costos por defecto"
2026-09-25T06:37:14.292752Z,R07,5d7c464a65,probit50,1,dentro_muestra,1970-12-31,1998-02-28,326,12,USD,47.99627005468862,0.15405041115352458,0.1443956953364061,0.6097171582125671,0.9596706361262656,-0.32849723785032536,0.4689549664454568,0.17601018271177965,-0.3882545096686885,6.920611366445072,0.9986767750224333,0.8957055214723927,0.8957055214723927,0.6258693680072573,0.002127955851224675,17,0.13485242836977895,0.06837674231400404,0.0029,0.0005,1998-02-28,e85ac74d630dff95,"French CRSP 202607 (Mkt-RF+RF, RF); FRED GS10, TB3MS (BEY), USREC; anuncios NBER; descarga 2026-09-25","{""comision_por_lado"": 0.0029, ""cortes"": [""1998-02-28""], ""efectivo_en_mxn"": false, ""exposicion_inicial"": 0.0, ""exposicion_max"": 1.0, ""exposicion_min"": 0.0, ""extras"": [""pico"", ""spread"", ""valle""], ""fx"": false, ""max_dias_fx"": 10, ""min_historia"": 534, ""periodos_por_anio"": 12, ""permitir_capturas"": false, ""rebalanceo_con_deriva"": true, ""segmentos"": [""dentro_muestra"", ""fuera_muestra""], ""senal"": ""senal_probit50"", ""spread_por_lado"": 0.0005, ""usuario"": {""horizonte_meses"": 12, ""regla"": ""w=0 si P_rt>0.5 (probit 12m, etiquetas en tiempo real)"", ""spread"": ""GS10-BEY(TB3MS)""}, ""variante"": ""probit50""}","prueba pre-registrada, costos por defecto"
2026-09-25T06:37:14.292752Z,R07,5d7c464a65,probit50,1,fuera_muestra,1998-02-28,2026-07-31,341,12,USD,9.814640308147089,0.08738834458168565,0.1569906032387601,0.481656930219013,0.6990896041425116,-0.5031170717166414,0.17369385674693086,0.139042379159498,-0.5490895201567598,4.061940396045889,0.992943997881657,0.9501466275659824,0.9501466275659824,0.2111271676300578,0.0007178323699421964,6,0.09284123735505312,0.020913571447349844,0.0029,0.0005,1998-02-28,e85ac74d630dff95,"French CRSP 202607 (Mkt-RF+RF, RF); FRED GS10, TB3MS (BEY), USREC; anuncios NBER; descarga 2026-09-25","{""comision_por_lado"": 0.0029, ""cortes"": [""1998-02-28""], ""efectivo_en_mxn"": false, ""exposicion_inicial"": 0.0, ""exposicion_max"": 1.0, ""exposicion_min"": 0.0, ""extras"": [""pico"", ""spread"", ""valle""], ""fx"": false, ""max_dias_fx"": 10, ""min_historia"": 534, ""periodos_por_anio"": 12, ""permitir_capturas"": false, ""rebalanceo_con_deriva"": true, ""segmentos"": [""dentro_muestra"", ""fuera_muestra""], ""senal"": ""senal_probit50"", ""spread_por_lado"": 0.0005, ""usuario"": {""horizonte_meses"": 12, ""regla"": ""w=0 si P_rt>0.5 (probit 12m, etiquetas en tiempo real)"", ""spread"": ""GS10-BEY(TB3MS)""}, ""variante"": ""probit50""}","prueba pre-registrada, costos por defecto"
2026-09-25T06:37:15.468980Z,R07,920d734a1c,probit30,1,completo,1970-12-31,2026-07-31,667,12,USD,358.3813087022266,0.11167758855420007,0.14456947447342175,0.509990422923747,0.7646789230390066,-0.5031170717166413,0.22197137571411527,0.1472215539795782,-0.4842002395648721,5.705645577166681,0.9998570994939655,0.8665667166416792,0.8665667166416792,0.3778262154573666,0.0012846091325550463,21,0.11317394584381812,0.043839181910870106,0.0029,0.0005,1998-02-28,e85ac74d630dff95,"French CRSP 202607 (Mkt-RF+RF, RF); FRED GS10, TB3MS (BEY), USREC; anuncios NBER; descarga 2026-09-25","{""comision_por_lado"": 0.0029, ""cortes"": [""1998-02-28""], ""efectivo_en_mxn"": false, ""exposicion_inicial"": 0.0, ""exposicion_max"": 1.0, ""exposicion_min"": 0.0, ""extras"": [""pico"", ""spread"", ""valle""], ""fx"": false, ""max_dias_fx"": 10, ""min_historia"": 534, ""periodos_por_anio"": 12, ""permitir_capturas"": false, ""rebalanceo_con_deriva"": true, ""segmentos"": [""dentro_muestra"", ""fuera_muestra""], ""senal"": ""senal_probit30"", ""spread_por_lado"": 0.0005, ""usuario"": {""horizonte_meses"": 12, ""regla"": ""w=0 si P_rt>0.3"", ""spread"": ""GS10-BEY(TB3MS)""}, ""variante"": ""probit30""}","prueba pre-registrada, costos por defecto"
2026-09-25T06:37:15.468980Z,R07,920d734a1c,probit30,1,dentro_muestra,1970-12-31,1998-02-28,326,12,USD,40.48234476009162,0.14699890856365805,0.1358280783644604,0.5929488406909316,0.9329627987862872,-0.2985273547470001,0.49241353003726784,0.17116958639429294,-0.4148043445457577,7.734111800855798,0.9982237440743453,0.8558282208588958,0.8558282208588958,0.47860598729966736,0.0016272603568188689,13,0.13485242836977895,0.06837674231400404,0.0029,0.0005,1998-02-28,e85ac74d630dff95,"French CRSP 202607 (Mkt-RF+RF, RF); FRED GS10, TB3MS (BEY), USREC; anuncios NBER; descarga 2026-09-25","{""comision_por_lado"": 0.0029, ""cortes"": [""1998-02-28""], ""efectivo_en_mxn"": false, ""exposicion_inicial"": 0.0, ""exposicion_max"": 1.0, ""exposicion_min"": 0.0, ""extras"": [""pico"", ""spread"", ""valle""], ""fx"": false, ""max_dias_fx"": 10, ""min_historia"": 534, ""periodos_por_anio"": 12, ""permitir_capturas"": false, ""rebalanceo_con_deriva"": true, ""segmentos"": [""dentro_muestra"", ""fuera_muestra""], ""senal"": ""senal_probit30"", ""spread_por_lado"": 0.0005, ""usuario"": {""horizonte_meses"": 12, ""regla"": ""w=0 si P_rt>0.3"", ""spread"": ""GS10-BEY(TB3MS)""}, ""variante"": ""probit30""}","prueba pre-registrada, costos por defecto"
2026-09-25T06:37:15.468980Z,R07,920d734a1c,probit30,1,fuera_muestra,1998-02-28,2026-07-31,341,12,USD,7.663476251901056,0.0789352511528787,0.15218856504031544,0.4400703079765315,0.6385734748135359,-0.5031170717166412,0.1568924125026223,0.127037355386306,-0.5200888960288826,4.349079366344156,0.9879164352799341,0.8768328445747801,0.8768328445747801,0.2815028901734104,0.0009571098265895953,8,0.09284123735505312,0.020913571447349844,0.0029,0.0005,1998-02-28,e85ac74d630dff95,"French CRSP 202607 (Mkt-RF+RF, RF); FRED GS10, TB3MS (BEY), USREC; anuncios NBER; descarga 2026-09-25","{""comision_por_lado"": 0.0029, ""cortes"": [""1998-02-28""], ""efectivo_en_mxn"": false, ""exposicion_inicial"": 0.0, ""exposicion_max"": 1.0, ""exposicion_min"": 0.0, ""extras"": [""pico"", ""spread"", ""valle""], ""fx"": false, ""max_dias_fx"": 10, ""min_historia"": 534, ""periodos_por_anio"": 12, ""permitir_capturas"": false, ""rebalanceo_con_deriva"": true, ""segmentos"": [""dentro_muestra"", ""fuera_muestra""], ""senal"": ""senal_probit30"", ""spread_por_lado"": 0.0005, ""usuario"": {""horizonte_meses"": 12, ""regla"": ""w=0 si P_rt>0.3"", ""spread"": ""GS10-BEY(TB3MS)""}, ""variante"": ""probit30""}","prueba pre-registrada, costos por defecto"
2026-09-25T06:37:16.709166Z,R07,d176d96a3c,probit_cont,1,completo,1970-12-31,2026-07-31,667,12,USD,328.4402912751323,0.10993908585986256,0.13622636589361298,0.5206489288775324,0.7807728382153839,-0.4922379169970724,0.22334542314528041,0.15029839962036684,-0.5089967638993175,5.566814310729312,0.9998897938182567,0.8638314387129121,1.0,0.3648149119861387,0.0012403707007528717,667,0.11317394584381812,0.043839181910870106,0.0029,0.0005,1998-02-28,e85ac74d630dff95,"French CRSP 202607 (Mkt-RF+RF, RF); FRED GS10, TB3MS (BEY), USREC; anuncios NBER; descarga 2026-09-25","{""comision_por_lado"": 0.0029, ""cortes"": [""1998-02-28""], ""efectivo_en_mxn"": false, ""exposicion_inicial"": 0.0, ""exposicion_max"": 1.0, ""exposicion_min"": 0.0, ""extras"": [""pico"", ""spread"", ""valle""], ""fx"": false, ""max_dias_fx"": 10, ""min_historia"": 534, ""periodos_por_anio"": 12, ""permitir_capturas"": false, ""rebalanceo_con_deriva"": true, ""segmentos"": [""dentro_muestra"", ""fuera_muestra""], ""senal"": ""senal_probit_cont"", ""spread_por_lado"": 0.0005, ""usuario"": {""horizonte_meses"": 12, ""regla"": ""w=1-P_rt"", ""spread"": ""GS10-BEY(TB3MS)""}, ""variante"": ""probit_cont""}","prueba pre-registrada, costos por defecto"
2026-09-25T06:37:16.709166Z,R07,d176d96a3c,probit_cont,1,dentro_muestra,1970-12-31,1998-02-28,326,12,USD,34.985517493057976,0.1410118594467784,0.13184004020664591,0.5660448607148162,0.8890883778971383,-0.29621306058031804,0.47604875750758163,0.1634030763535517,-0.43756764555101824,7.3351943703282245,0.9973748521059739,0.8603474401259451,1.0,0.49936626664146805,0.0016978453065809916,326,0.13485242836977895,0.06837674231400404,0.0029,0.0005,1998-02-28,e85ac74d630dff95,"French CRSP 202607 (Mkt-RF+RF, RF); FRED GS10, TB3MS (BEY), USREC; anuncios NBER; descarga 2026-09-25","{""comision_por_lado"": 0.0029, ""cortes"": [""1998-02-28""], ""efectivo_en_mxn"": false, ""exposicion_inicial"": 0.0, ""exposicion_max"": 1.0, ""exposicion_min"": 0.0, ""extras"": [""pico"", ""spread"", ""valle""], ""fx"": false, ""max_dias_fx"": 10, ""min_historia"": 534, ""periodos_por_anio"": 12, ""permitir_capturas"": false, ""rebalanceo_con_deriva"": true, ""segmentos"": [""dentro_muestra"", ""fuera_muestra""], ""senal"": ""senal_probit_cont"", ""spread_por_lado"": 0.0005, ""usuario"": {""horizonte_meses"": 12, ""regla"": ""w=1-P_rt"", ""spread"": ""GS10-BEY(TB3MS)""}, ""variante"": ""probit_cont""}","prueba pre-registrada, costos por defecto"
2026-09-25T06:37:16.709166Z,R07,d176d96a3c,probit_cont,1,fuera_muestra,1998-02-28,2026-07-31,341,12,USD,8.154802104448974,0.0810315528955432,0.14007244955356019,0.47942751509653037,0.6942011496633284,-0.4922379169970724,0.1646186734046844,0.1383988024489476,-0.5626516067596746,4.190535591810059,0.9926726204542322,0.8671621822300711,1.0,0.2362133715684589,0.0008031254633327603,341,0.09284123735505312,0.020913571447349844,0.0029,0.0005,1998-02-28,e85ac74d630dff95,"French CRSP 202607 (Mkt-RF+RF, RF); FRED GS10, TB3MS (BEY), USREC; anuncios NBER; descarga 2026-09-25","{""comision_por_lado"": 0.0029, ""cortes"": [""1998-02-28""], ""efectivo_en_mxn"": false, ""exposicion_inicial"": 0.0, ""exposicion_max"": 1.0, ""exposicion_min"": 0.0, ""extras"": [""pico"", ""spread"", ""valle""], ""fx"": false, ""max_dias_fx"": 10, ""min_historia"": 534, ""periodos_por_anio"": 12, ""permitir_capturas"": false, ""rebalanceo_con_deriva"": true, ""segmentos"": [""dentro_muestra"", ""fuera_muestra""], ""senal"": ""senal_probit_cont"", ""spread_por_lado"": 0.0005, ""usuario"": {""horizonte_meses"": 12, ""regla"": ""w=1-P_rt"", ""spread"": ""GS10-BEY(TB3MS)""}, ""variante"": ""probit_cont""}","prueba pre-registrada, costos por defecto"
2026-09-25T06:37:16.722332Z,R07,75a1caa654,inv_fuera12,1,completo,1970-12-31,2026-07-31,667,12,USD,249.6410588771955,0.10449330234856258,0.1254413810246568,0.5159349776337211,0.7694345871174112,-0.4606090846389672,0.22685896964117871,0.1489375991105862,-0.6967264759079493,7.744344289690257,0.9998396891767974,0.7076461769115442,0.7076461769115442,0.2698758681838333,0.0009175779518250331,15,0.11317394584381812,0.043839181910870106,0.0029,0.0005,1998-02-28,e85ac74d630dff95,"French CRSP 202607 (Mkt-RF+RF, RF); FRED GS10, TB3MS (BEY), USREC; anuncios NBER; descarga 2026-09-25","{""comision_por_lado"": 0.0029, ""cortes"": [""1998-02-28""], ""efectivo_en_mxn"": false, ""exposicion_inicial"": 0.0, ""exposicion_max"": 1.0, ""exposicion_min"": 0.0, ""extras"": [""pico"", ""spread"", ""valle""], ""fx"": false, ""max_dias_fx"": 10, ""min_historia"": 534, ""periodos_por_anio"": 12, ""permitir_capturas"": false, ""rebalanceo_con_deriva"": true, ""segmentos"": [""dentro_muestra"", ""fuera_muestra""], ""senal"": ""senal_inv_fuera12"", ""spread_por_lado"": 0.0005, ""usuario"": {""horizonte_meses"": 12, ""regla"": ""w=0 si algun S<0 en t-12..t-1"", ""spread"": ""GS10-BEY(TB3MS)""}, ""variante"": ""inv_fuera12""}","prueba pre-registrada, costos por defecto"
2026-09-25T06:37:16.722332Z,R07,75a1caa654,inv_fuera12,1,dentro_muestra,1970-12-31,1998-02-28,326,12,USD,34.23515821709207,0.14012701747460254,0.11764136333776594,0.6142813811350402,0.9678148416318867,-0.2985273547470001,0.469394228858388,0.17732776037824527,-0.6850207983334509,11.090689396180858,0.9982347022512779,0.7085889570552147,0.7085889570552147,0.2577109162382824,0.0008762171152101602,7,0.13485242836977895,0.06837674231400404,0.0029,0.0005,1998-02-28,e85ac74d630dff95,"French CRSP 202607 (Mkt-RF+RF, RF); FRED GS10, TB3MS (BEY), USREC; anuncios NBER; descarga 2026-09-25","{""comision_por_lado"": 0.0029, ""cortes"": [""1998-02-28""], ""efectivo_en_mxn"": false, ""exposicion_inicial"": 0.0, ""exposicion_max"": 1.0, ""exposicion_min"": 0.0, ""extras"": [""pico"", ""spread"", ""valle""], ""fx"": false, ""max_dias_fx"": 10, ""min_historia"": 534, ""periodos_por_anio"": 12, ""permitir_capturas"": false, ""rebalanceo_con_deriva"": true, ""segmentos"": [""dentro_muestra"", ""fuera_muestra""], ""senal"": ""senal_inv_fuera12"", ""spread_por_lado"": 0.0005, ""usuario"": {""horizonte_meses"": 12, ""regla"": ""w=0 si algun S<0 en t-12..t-1"", ""spread"": ""GS10-BEY(TB3MS)""}, ""variante"": ""inv_fuera12""}","prueba pre-registrada, costos por defecto"
2026-09-25T06:37:16.722332Z,R07,75a1caa654,inv_fuera12,1,fuera_muestra,1998-02-28,2026-07-31,341,12,USD,6.113379691186213,0.0714767007532,0.1320738927331686,0.4331475323909173,0.6224846814472796,-0.4606090846389672,0.15517866046698708,0.12503892221235913,-0.6894861948009154,5.55767515552106,0.9858928586434659,0.7067448680351907,0.7067448680351907,0.2815028901734104,0.0009571098265895953,8,0.09284123735505312,0.020913571447349844,0.0029,0.0005,1998-02-28,e85ac74d630dff95,"French CRSP 202607 (Mkt-RF+RF, RF); FRED GS10, TB3MS (BEY), USREC; anuncios NBER; descarga 2026-09-25","{""comision_por_lado"": 0.0029, ""cortes"": [""1998-02-28""], ""efectivo_en_mxn"": false, ""exposicion_inicial"": 0.0, ""exposicion_max"": 1.0, ""exposicion_min"": 0.0, ""extras"": [""pico"", ""spread"", ""valle""], ""fx"": false, ""max_dias_fx"": 10, ""min_historia"": 534, ""periodos_por_anio"": 12, ""permitir_capturas"": false, ""rebalanceo_con_deriva"": true, ""segmentos"": [""dentro_muestra"", ""fuera_muestra""], ""senal"": ""senal_inv_fuera12"", ""spread_por_lado"": 0.0005, ""usuario"": {""horizonte_meses"": 12, ""regla"": ""w=0 si algun S<0 en t-12..t-1"", ""spread"": ""GS10-BEY(TB3MS)""}, ""variante"": ""inv_fuera12""}","prueba pre-registrada, costos por defecto"
2026-09-25T06:37:16.736540Z,R07,8d660d3a0f,desinv12,1,completo,1970-12-31,2026-07-31,667,12,USD,314.0228867508954,0.10904580391412111,0.13860392106182426,0.5083526120976465,0.7467174360719522,-0.4161685053159573,0.2620232009900244,0.14674875871891283,-0.692242413336895,6.040567295503096,0.9998178343729344,0.8515742128935532,0.8515742128935532,0.3058593172750111,0.0010399216787350376,17,0.11317394584381812,0.043839181910870106,0.0029,0.0005,1998-02-28,e85ac74d630dff95,"French CRSP 202607 (Mkt-RF+RF, RF); FRED GS10, TB3MS (BEY), USREC; anuncios NBER; descarga 2026-09-25","{""comision_por_lado"": 0.0029, ""cortes"": [""1998-02-28""], ""efectivo_en_mxn"": false, ""exposicion_inicial"": 0.0, ""exposicion_max"": 1.0, ""exposicion_min"": 0.0, ""extras"": [""pico"", ""spread"", ""valle""], ""fx"": false, ""max_dias_fx"": 10, ""min_historia"": 534, ""periodos_por_anio"": 12, ""permitir_capturas"": false, ""rebalanceo_con_deriva"": true, ""segmentos"": [""dentro_muestra"", ""fuera_muestra""], ""senal"": ""senal_desinv12"", ""spread_por_lado"": 0.0005, ""usuario"": {""horizonte_meses"": 12, ""regla"": ""w=0 12 meses tras des-inversion (S>=0 despues de 3 meses <0)"", ""spread"": ""GS10-BEY(TB3MS)""}, ""variante"": ""desinv12""}","prueba pre-registrada, costos por defecto"
2026-09-25T06:37:16.736540Z,R07,8d660d3a0f,desinv12,1,dentro_muestra,1970-12-31,1998-02-28,326,12,USD,23.5977551175596,0.1251411082954379,0.13228150076789202,0.4589374068549734,0.6733816799520964,-0.34472404114791955,0.36301822141189277,0.13248381769445386,-0.8169010053384541,8.003177412494985,0.987387952038612,0.843558282208589,0.843558282208589,0.33134260659207737,0.001126564862413063,9,0.13485242836977895,0.06837674231400404,0.0029,0.0005,1998-02-28,e85ac74d630dff95,"French CRSP 202607 (Mkt-RF+RF, RF); FRED GS10, TB3MS (BEY), USREC; anuncios NBER; descarga 2026-09-25","{""comision_por_lado"": 0.0029, ""cortes"": [""1998-02-28""], ""efectivo_en_mxn"": false, ""exposicion_inicial"": 0.0, ""exposicion_max"": 1.0, ""exposicion_min"": 0.0, ""extras"": [""pico"", ""spread"", ""valle""], ""fx"": false, ""max_dias_fx"": 10, ""min_historia"": 534, ""periodos_por_anio"": 12, ""permitir_capturas"": false, ""rebalanceo_con_deriva"": true, ""segmentos"": [""dentro_muestra"", ""fuera_muestra""], ""senal"": ""senal_desinv12"", ""spread_por_lado"": 0.0005, ""usuario"": {""horizonte_meses"": 12, ""regla"": ""w=0 12 meses tras des-inversion (S>=0 despues de 3 meses <0)"", ""spread"": ""GS10-BEY(TB3MS)""}, ""variante"": ""desinv12""}","prueba pre-registrada, costos por defecto"
2026-09-25T06:37:16.736540Z,R07,8d660d3a0f,desinv12,1,fuera_muestra,1998-02-28,2026-07-31,341,12,USD,11.806977110118885,0.09387747252234657,0.1444834714180892,0.5520718867913279,0.8124835476305811,-0.4161685053159573,0.22557562939817924,0.15936942622549888,-0.6060317551513963,4.635195715985113,0.9972581631993862,0.8592375366568915,0.8592375366568915,0.2815028901734104,0.0009571098265895953,8,0.09284123735505312,0.020913571447349844,0.0029,0.0005,1998-02-28,e85ac74d630dff95,"French CRSP 202607 (Mkt-RF+RF, RF); FRED GS10, TB3MS (BEY), USREC; anuncios NBER; descarga 2026-09-25","{""comision_por_lado"": 0.0029, ""cortes"": [""1998-02-28""], ""efectivo_en_mxn"": false, ""exposicion_inicial"": 0.0, ""exposicion_max"": 1.0, ""exposicion_min"": 0.0, ""extras"": [""pico"", ""spread"", ""valle""], ""fx"": false, ""max_dias_fx"": 10, ""min_historia"": 534, ""periodos_por_anio"": 12, ""permitir_capturas"": false, ""rebalanceo_con_deriva"": true, ""segmentos"": [""dentro_muestra"", ""fuera_muestra""], ""senal"": ""senal_desinv12"", ""spread_por_lado"": 0.0005, ""usuario"": {""horizonte_meses"": 12, ""regla"": ""w=0 12 meses tras des-inversion (S>=0 despues de 3 meses <0)"", ""spread"": ""GS10-BEY(TB3MS)""}, ""variante"": ""desinv12""}","prueba pre-registrada, costos por defecto"
2026-09-25T06:37:16.747153Z,R07,fe86f10aeb,comprar_y_mantener,0,completo,1970-12-31,2026-07-31,667,12,USD,384.963189903785,0.1131057369845736,0.1568926554641817,0.4894472526408878,0.722646756124589,-0.5031170717166412,0.22480997633146402,0.14129125153316968,-0.4978832835666869,4.773540630821371,0.9997619342325683,1.0,1.0,0.017991724545588887,6.117186345500221e-05,1,0.11317394584381812,0.043839181910870106,0.0029,0.0005,1998-02-28,e85ac74d630dff95,"French CRSP 202607 (Mkt-RF+RF, RF); FRED GS10, TB3MS (BEY), USREC; anuncios NBER; descarga 2026-09-25","{""comision_por_lado"": 0.0029, ""cortes"": [""1998-02-28""], ""efectivo_en_mxn"": false, ""exposicion_inicial"": 0.0, ""exposicion_max"": 1.0, ""exposicion_min"": 0.0, ""extras"": [""pico"", ""spread"", ""valle""], ""fx"": false, ""max_dias_fx"": 10, ""min_historia"": 534, ""periodos_por_anio"": 12, ""permitir_capturas"": false, ""rebalanceo_con_deriva"": true, ""segmentos"": [""dentro_muestra"", ""fuera_muestra""], ""senal"": ""senal_comprar_y_mantener"", ""spread_por_lado"": 0.0005, ""usuario"": {}, ""variante"": ""comprar_y_mantener""}",regla sencilla
2026-09-25T06:37:16.747153Z,R07,fe86f10aeb,comprar_y_mantener,0,dentro_muestra,1970-12-31,1998-02-28,326,12,USD,29.95968885364769,0.13471014137565374,0.15459429530722413,0.467592843738122,0.7030059069423056,-0.4650754998419562,0.2896521993126524,0.13498242710167369,-0.43268775407152504,5.769075470718527,0.9903949839067555,1.0,1.0,0.03681584517689749,0.00012517387360145145,1,0.13485242836977895,0.06837674231400404,0.0029,0.0005,1998-02-28,e85ac74d630dff95,"French CRSP 202607 (Mkt-RF+RF, RF); FRED GS10, TB3MS (BEY), USREC; anuncios NBER; descarga 2026-09-25","{""comision_por_lado"": 0.0029, ""cortes"": [""1998-02-28""], ""efectivo_en_mxn"": false, ""exposicion_inicial"": 0.0, ""exposicion_max"": 1.0, ""exposicion_min"": 0.0, ""extras"": [""pico"", ""spread"", ""valle""], ""fx"": false, ""max_dias_fx"": 10, ""min_historia"": 534, ""periodos_por_anio"": 12, ""permitir_capturas"": false, ""rebalanceo_con_deriva"": true, ""segmentos"": [""dentro_muestra"", ""fuera_muestra""], ""senal"": ""senal_comprar_y_mantener"", ""spread_por_lado"": 0.0005, ""usuario"": {}, ""variante"": ""comprar_y_mantener""}",regla sencilla
2026-09-25T06:37:16.747153Z,R07,fe86f10aeb,comprar_y_mantener,0,fuera_muestra,1998-02-28,2026-07-31,341,12,USD,11.466636590836107,0.09284123735505312,0.1591092634362624,0.5092135481345306,0.7409420528186756,-0.5031170717166414,0.1845320752847398,0.14699728954523786,-0.556624559884014,3.912932020806964,0.995162449452212,1.0,1.0,0.0,0.0,0,0.09284123735505312,0.020913571447349844,0.0029,0.0005,1998-02-28,e85ac74d630dff95,"French CRSP 202607 (Mkt-RF+RF, RF); FRED GS10, TB3MS (BEY), USREC; anuncios NBER; descarga 2026-09-25","{""comision_por_lado"": 0.0029, ""cortes"": [""1998-02-28""], ""efectivo_en_mxn"": false, ""exposicion_inicial"": 0.0, ""exposicion_max"": 1.0, ""exposicion_min"": 0.0, ""extras"": [""pico"", ""spread"", ""valle""], ""fx"": false, ""max_dias_fx"": 10, ""min_historia"": 534, ""periodos_por_anio"": 12, ""permitir_capturas"": false, ""rebalanceo_con_deriva"": true, ""segmentos"": [""dentro_muestra"", ""fuera_muestra""], ""senal"": ""senal_comprar_y_mantener"", ""spread_por_lado"": 0.0005, ""usuario"": {}, ""variante"": ""comprar_y_mantener""}",regla sencilla
2026-09-25T06:37:16.755555Z,R07,e10a576fbc,efectivo,0,completo,1970-12-31,2026-07-31,667,12,USD,9.856150424970346,0.043839181910870106,0.009514587127552513,0.0,0.0,0.0,inf,,0.0,3.0,,0.0,0.0,0.0,0.0,0,0.11317394584381812,0.043839181910870106,0.0029,0.0005,1998-02-28,e85ac74d630dff95,"French CRSP 202607 (Mkt-RF+RF, RF); FRED GS10, TB3MS (BEY), USREC; anuncios NBER; descarga 2026-09-25","{""comision_por_lado"": 0.0029, ""cortes"": [""1998-02-28""], ""efectivo_en_mxn"": false, ""exposicion_inicial"": 0.0, ""exposicion_max"": 1.0, ""exposicion_min"": 0.0, ""extras"": [""pico"", ""spread"", ""valle""], ""fx"": false, ""max_dias_fx"": 10, ""min_historia"": 534, ""periodos_por_anio"": 12, ""permitir_capturas"": false, ""rebalanceo_con_deriva"": true, ""segmentos"": [""dentro_muestra"", ""fuera_muestra""], ""senal"": ""senal_efectivo"", ""spread_por_lado"": 0.0005, ""usuario"": {}, ""variante"": ""efectivo""}",regla sencilla
2026-09-25T06:37:16.755555Z,R07,e10a576fbc,efectivo,0,dentro_muestra,1970-12-31,1998-02-28,326,12,USD,5.028636378676871,0.06837674231400404,0.007809260049457734,0.0,0.0,0.0,inf,,0.0,3.0,,0.0,0.0,0.0,0.0,0,0.13485242836977895,0.06837674231400404,0.0029,0.0005,1998-02-28,e85ac74d630dff95,"French CRSP 202607 (Mkt-RF+RF, RF); FRED GS10, TB3MS (BEY), USREC; anuncios NBER; descarga 2026-09-25","{""comision_por_lado"": 0.0029, ""cortes"": [""1998-02-28""], ""efectivo_en_mxn"": false, ""exposicion_inicial"": 0.0, ""exposicion_max"": 1.0, ""exposicion_min"": 0.0, ""extras"": [""pico"", ""spread"", ""valle""], ""fx"": false, ""max_dias_fx"": 10, ""min_historia"": 534, ""periodos_por_anio"": 12, ""permitir_capturas"": false, ""rebalanceo_con_deriva"": true, ""segmentos"": [""dentro_muestra"", ""fuera_muestra""], ""senal"": ""senal_efectivo"", ""spread_por_lado"": 0.0005, ""usuario"": {}, ""variante"": ""efectivo""}",regla sencilla
2026-09-25T06:37:16.755555Z,R07,e10a576fbc,efectivo,0,fuera_muestra,1998-02-28,2026-07-31,341,12,USD,0.8007638449332057,0.020913571447349844,0.005836312304398472,0.0,0.0,0.0,inf,,0.0,3.0,,0.0,0.0,0.0,0.0,0,0.09284123735505312,0.020913571447349844,0.0029,0.0005,1998-02-28,e85ac74d630dff95,"French CRSP 202607 (Mkt-RF+RF, RF); FRED GS10, TB3MS (BEY), USREC; anuncios NBER; descarga 2026-09-25","{""comision_por_lado"": 0.0029, ""cortes"": [""1998-02-28""], ""efectivo_en_mxn"": false, ""exposicion_inicial"": 0.0, ""exposicion_max"": 1.0, ""exposicion_min"": 0.0, ""extras"": [""pico"", ""spread"", ""valle""], ""fx"": false, ""max_dias_fx"": 10, ""min_historia"": 534, ""periodos_por_anio"": 12, ""permitir_capturas"": false, ""rebalanceo_con_deriva"": true, ""segmentos"": [""dentro_muestra"", ""fuera_muestra""], ""senal"": ""senal_efectivo"", ""spread_por_lado"": 0.0005, ""usuario"": {}, ""variante"": ""efectivo""}",regla sencilla
2026-09-25T06:37:16.767160Z,R07,c38a41134b,sma10,0,completo,1970-12-31,2026-07-31,667,12,USD,185.41898242344897,0.09862640543069756,0.11766180085670538,0.4945182454376408,0.7257469957135162,-0.24841710515095394,0.39701938145831756,0.14275512106130167,-0.8206470846489795,8.123589375749194,0.9996985284097626,0.7586206896551724,0.7586206896551724,1.4933131372838775,0.005077264666765177,83,0.11317394584381812,0.043839181910870106,0.0029,0.0005,1998-02-28,e85ac74d630dff95,"French CRSP 202607 (Mkt-RF+RF, RF); FRED GS10, TB3MS (BEY), USREC; anuncios NBER; descarga 2026-09-25","{""comision_por_lado"": 0.0029, ""cortes"": [""1998-02-28""], ""efectivo_en_mxn"": false, ""exposicion_inicial"": 0.0, ""exposicion_max"": 1.0, ""exposicion_min"": 0.0, ""extras"": [""pico"", ""spread"", ""valle""], ""fx"": false, ""max_dias_fx"": 10, ""min_historia"": 534, ""periodos_por_anio"": 12, ""permitir_capturas"": false, ""rebalanceo_con_deriva"": true, ""segmentos"": [""dentro_muestra"", ""fuera_muestra""], ""senal"": ""media_movil_10"", ""spread_por_lado"": 0.0005, ""usuario"": {}, ""variante"": ""sma10""}",regla sencilla
2026-09-25T06:37:16.767160Z,R07,c38a41134b,sma10,0,dentro_muestra,1970-12-31,1998-02-28,326,12,USD,18.870812759899394,0.11633593684373844,0.1262452403035321,0.41225456619214923,0.5914113616599196,-0.24841710515095394,0.46830888224482514,0.11900764238284488,-0.9934120326949848,9.240177052929326,0.9774059655613117,0.7668711656441718,0.7668711656441718,1.4358179618990021,0.004881781070456606,39,0.13485242836977895,0.06837674231400404,0.0029,0.0005,1998-02-28,e85ac74d630dff95,"French CRSP 202607 (Mkt-RF+RF, RF); FRED GS10, TB3MS (BEY), USREC; anuncios NBER; descarga 2026-09-25","{""comision_por_lado"": 0.0029, ""cortes"": [""1998-02-28""], ""efectivo_en_mxn"": false, ""exposicion_inicial"": 0.0, ""exposicion_max"": 1.0, ""exposicion_min"": 0.0, ""extras"": [""pico"", ""spread"", ""valle""], ""fx"": false, ""max_dias_fx"": 10, ""min_historia"": 534, ""periodos_por_anio"": 12, ""permitir_capturas"": false, ""rebalanceo_con_deriva"": true, ""segmentos"": [""dentro_muestra"", ""fuera_muestra""], ""senal"": ""media_movil_10"", ""spread_por_lado"": 0.0005, ""usuario"": {}, ""variante"": ""sma10""}",regla sencilla
2026-09-25T06:37:16.767160Z,R07,c38a41134b,sma10,0,fuera_muestra,1998-02-28,2026-07-31,341,12,USD,8.381547935455101,0.08196262849922453,0.10880041727012216,0.5880730040213984,0.8915766348419608,-0.19307574579550835,0.42451022608522426,0.16976205358745314,-0.5296980306444368,5.643795388682624,0.9984283349599397,0.750733137829912,0.750733137829912,1.5482658959537572,0.005264104046242771,44,0.09284123735505312,0.020913571447349844,0.0029,0.0005,1998-02-28,e85ac74d630dff95,"French CRSP 202607 (Mkt-RF+RF, RF); FRED GS10, TB3MS (BEY), USREC; anuncios NBER; descarga 2026-09-25","{""comision_por_lado"": 0.0029, ""cortes"": [""1998-02-28""], ""efectivo_en_mxn"": false, ""exposicion_inicial"": 0.0, ""exposicion_max"": 1.0, ""exposicion_min"": 0.0, ""extras"": [""pico"", ""spread"", ""valle""], ""fx"": false, ""max_dias_fx"": 10, ""min_historia"": 534, ""periodos_por_anio"": 12, ""permitir_capturas"": false, ""rebalanceo_con_deriva"": true, ""segmentos"": [""dentro_muestra"", ""fuera_muestra""], ""senal"": ""media_movil_10"", ""spread_por_lado"": 0.0005, ""usuario"": {}, ""variante"": ""sma10""}",regla sencilla
2026-09-25T06:37:16.786068Z,R07,72d38d2c8b,inv1,0,completo,1970-12-31,2026-07-31,667,12,USD,413.6324040819379,0.1145415817953419,0.14092857394077918,0.53745229728967,0.8137025828668029,-0.5031170717166413,0.2276638743434499,0.1551491142583869,-0.4827748248516385,5.818525746701837,0.9999307548054661,0.8500749625187406,0.8500749625187406,0.4857765627308999,0.00213741687601596,27,0.11317394584381812,0.043839181910870106,0.0029,0.0015,1998-02-28,e85ac74d630dff95,"French CRSP 202607 (Mkt-RF+RF, RF); FRED GS10, TB3MS (BEY), USREC; anuncios NBER; descarga 2026-09-25","{""comision_por_lado"": 0.0029, ""cortes"": [""1998-02-28""], ""efectivo_en_mxn"": false, ""exposicion_inicial"": 0.0, ""exposicion_max"": 1.0, ""exposicion_min"": 0.0, ""extras"": [""pico"", ""spread"", ""valle""], ""fx"": false, ""max_dias_fx"": 10, ""min_historia"": 534, ""periodos_por_anio"": 12, ""permitir_capturas"": false, ""rebalanceo_con_deriva"": true, ""segmentos"": [""dentro_muestra"", ""fuera_muestra""], ""senal"": ""senal_inv1"", ""spread_por_lado"": 0.0015, ""usuario"": {""escenario"": ""spread_medio"", ""regla"": ""w=0 si S_{t-1}<0""}, ""variante"": ""inv1""}",sensibilidad de costos: spread_medio
2026-09-25T06:37:16.786068Z,R07,72d38d2c8b,inv1,0,dentro_muestra,1970-12-31,1998-02-28,326,12,USD,39.90909829638352,0.1464114424554257,0.13375980741347568,0.595937495405958,0.936000438458158,-0.298527354747,0.49044564971109084,0.1720323366964106,-0.4806257587231608,7.774547865562875,0.9982152499423745,0.843558282208589,0.843558282208589,0.5522376776534623,0.0024298457816752344,15,0.13485242836977895,0.06837674231400404,0.0029,0.0015,1998-02-28,e85ac74d630dff95,"French CRSP 202607 (Mkt-RF+RF, RF); FRED GS10, TB3MS (BEY), USREC; anuncios NBER; descarga 2026-09-25","{""comision_por_lado"": 0.0029, ""cortes"": [""1998-02-28""], ""efectivo_en_mxn"": false, ""exposicion_inicial"": 0.0, ""exposicion_max"": 1.0, ""exposicion_min"": 0.0, ""extras"": [""pico"", ""spread"", ""valle""], ""fx"": false, ""max_dias_fx"": 10, ""min_historia"": 534, ""periodos_por_anio"": 12, ""permitir_capturas"": false, ""rebalanceo_con_deriva"": true, ""segmentos"": [""dentro_muestra"", ""fuera_muestra""], ""senal"": ""senal_inv1"", ""spread_por_lado"": 0.0015, ""usuario"": {""escenario"": ""spread_medio"", ""regla"": ""w=0 si S_{t-1}<0""}, ""variante"": ""inv1""}",sensibilidad de costos: spread_medio
2026-09-25T06:37:16.786068Z,R07,72d38d2c8b,inv1,0,fuera_muestra,1998-02-28,2026-07-31,341,12,USD,9.135456936204152,0.08490940892603471,0.14725458733840374,0.48705924829342945,0.7184841442309012,-0.5031170717166413,0.16876670202488422,0.14060189405675413,-0.4775673664912225,4.453802079166698,0.9936100946630078,0.8563049853372434,0.8563049853372434,0.4222543352601156,0.0018579190751445089,12,0.09284123735505312,0.020913571447349844,0.0029,0.0015,1998-02-28,e85ac74d630dff95,"French CRSP 202607 (Mkt-RF+RF, RF); FRED GS10, TB3MS (BEY), USREC; anuncios NBER; descarga 2026-09-25","{""comision_por_lado"": 0.0029, ""cortes"": [""1998-02-28""], ""efectivo_en_mxn"": false, ""exposicion_inicial"": 0.0, ""exposicion_max"": 1.0, ""exposicion_min"": 0.0, ""extras"": [""pico"", ""spread"", ""valle""], ""fx"": false, ""max_dias_fx"": 10, ""min_historia"": 534, ""periodos_por_anio"": 12, ""permitir_capturas"": false, ""rebalanceo_con_deriva"": true, ""segmentos"": [""dentro_muestra"", ""fuera_muestra""], ""senal"": ""senal_inv1"", ""spread_por_lado"": 0.0015, ""usuario"": {""escenario"": ""spread_medio"", ""regla"": ""w=0 si S_{t-1}<0""}, ""variante"": ""inv1""}",sensibilidad de costos: spread_medio
2026-09-25T06:37:16.804278Z,R07,379220ecba,inv3,0,completo,1970-12-31,2026-07-31,667,12,USD,460.0977347011308,0.11667355082167674,0.14789062832594066,0.5322730567458394,0.8047253224189558,-0.5031170717166413,0.23190139508402136,0.15365399629729765,-0.4376440926461407,5.499439796292059,0.9999251307660069,0.8860569715142429,0.8860569715142429,0.3058593172750111,0.0013457809960100487,17,0.11317394584381812,0.043839181910870106,0.0029,0.0015,1998-02-28,e85ac74d630dff95,"French CRSP 202607 (Mkt-RF+RF, RF); FRED GS10, TB3MS (BEY), USREC; anuncios NBER; descarga 2026-09-25","{""comision_por_lado"": 0.0029, ""cortes"": [""1998-02-28""], ""efectivo_en_mxn"": false, ""exposicion_inicial"": 0.0, ""exposicion_max"": 1.0, ""exposicion_min"": 0.0, ""extras"": [""pico"", ""spread"", ""valle""], ""fx"": false, ""max_dias_fx"": 10, ""min_historia"": 534, ""periodos_por_anio"": 12, ""permitir_capturas"": false, ""rebalanceo_con_deriva"": true, ""segmentos"": [""dentro_muestra"", ""fuera_muestra""], ""senal"": ""senal_inv3"", ""spread_por_lado"": 0.0015, ""usuario"": {""escenario"": ""spread_medio"", ""regla"": ""w=0 si S<0 en t-1,t-2,t-3 (regla 6(1) cap. 04)""}, ""variante"": ""inv3""}",sensibilidad de costos: spread_medio
2026-09-25T06:37:16.804278Z,R07,379220ecba,inv3,0,dentro_muestra,1970-12-31,1998-02-28,326,12,USD,45.84590564712443,0.15214512990407125,0.14284290156845383,0.6018922006133927,0.9529864262195249,-0.2985273547470001,0.5096522227687081,0.17375131202363925,-0.33477910949386824,7.052664488874978,0.9985651538086376,0.8834355828220859,0.8834355828220859,0.33134260659207737,0.0014579074690051408,9,0.13485242836977895,0.06837674231400404,0.0029,0.0015,1998-02-28,e85ac74d630dff95,"French CRSP 202607 (Mkt-RF+RF, RF); FRED GS10, TB3MS (BEY), USREC; anuncios NBER; descarga 2026-09-25","{""comision_por_lado"": 0.0029, ""cortes"": [""1998-02-28""], ""efectivo_en_mxn"": false, ""exposicion_inicial"": 0.0, ""exposicion_max"": 1.0, ""exposicion_min"": 0.0, ""extras"": [""pico"", ""spread"", ""valle""], ""fx"": false, ""max_dias_fx"": 10, ""min_historia"": 534, ""periodos_por_anio"": 12, ""permitir_capturas"": false, ""rebalanceo_con_deriva"": true, ""segmentos"": [""dentro_muestra"", ""fuera_muestra""], ""senal"": ""senal_inv3"", ""spread_por_lado"": 0.0015, ""usuario"": {""escenario"": ""spread_medio"", ""regla"": ""w=0 si S<0 en t-1,t-2,t-3 (regla 6(1) cap. 04)""}, ""variante"": ""inv3""}",sensibilidad de costos: spread_medio
2026-09-25T06:37:16.804278Z,R07,379220ecba,inv3,0,fuera_muestra,1998-02-28,2026-07-31,341,12,USD,8.8428609359041,0.083791688847493,0.15228504561903758,0.4696203333449753,0.6857525751377127,-0.5031170717166413,0.16654511158127625,0.13556771293682165,-0.5133300007654187,4.296665771218473,0.9918051936150081,0.8885630498533724,0.8885630498533724,0.2815028901734104,0.0012386127167630058,8,0.09284123735505312,0.020913571447349844,0.0029,0.0015,1998-02-28,e85ac74d630dff95,"French CRSP 202607 (Mkt-RF+RF, RF); FRED GS10, TB3MS (BEY), USREC; anuncios NBER; descarga 2026-09-25","{""comision_por_lado"": 0.0029, ""cortes"": [""1998-02-28""], ""efectivo_en_mxn"": false, ""exposicion_inicial"": 0.0, ""exposicion_max"": 1.0, ""exposicion_min"": 0.0, ""extras"": [""pico"", ""spread"", ""valle""], ""fx"": false, ""max_dias_fx"": 10, ""min_historia"": 534, ""periodos_por_anio"": 12, ""permitir_capturas"": false, ""rebalanceo_con_deriva"": true, ""segmentos"": [""dentro_muestra"", ""fuera_muestra""], ""senal"": ""senal_inv3"", ""spread_por_lado"": 0.0015, ""usuario"": {""escenario"": ""spread_medio"", ""regla"": ""w=0 si S<0 en t-1,t-2,t-3 (regla 6(1) cap. 04)""}, ""variante"": ""inv3""}",sensibilidad de costos: spread_medio
2026-09-25T06:37:16.816811Z,R07,73b7916966,inv3_medio,0,completo,1970-12-31,2026-07-31,667,12,USD,428.0721470279739,0.11522824581775915,0.1501400015371203,0.517441038065961,0.7773769638035638,-0.5031170717166412,0.22902869390736244,0.14937236130857098,-0.43765545713619997,5.194894598019871,0.9998897775190828,0.9430284857571214,1.0,0.1729227245988549,0.0007608599882349618,17,0.11317394584381812,0.043839181910870106,0.0029,0.0015,1998-02-28,e85ac74d630dff95,"French CRSP 202607 (Mkt-RF+RF, RF); FRED GS10, TB3MS (BEY), USREC; anuncios NBER; descarga 2026-09-25","{""comision_por_lado"": 0.0029, ""cortes"": [""1998-02-28""], ""efectivo_en_mxn"": false, ""exposicion_inicial"": 0.0, ""exposicion_max"": 1.0, ""exposicion_min"": 0.0, ""extras"": [""pico"", ""spread"", ""valle""], ""fx"": false, ""max_dias_fx"": 10, ""min_historia"": 534, ""periodos_por_anio"": 12, ""permitir_capturas"": false, ""rebalanceo_con_deriva"": true, ""segmentos"": [""dentro_muestra"", ""fuera_muestra""], ""senal"": ""senal_inv3_medio"", ""spread_por_lado"": 0.0015, ""usuario"": {""escenario"": ""spread_medio"", ""regla"": ""w=0.5 si S<0 en t-1,t-2,t-3""}, ""variante"": ""inv3_medio""}",sensibilidad de costos: spread_medio
2026-09-25T06:37:16.816811Z,R07,73b7916966,inv3_medio,0,dentro_muestra,1970-12-31,1998-02-28,326,12,USD,37.47650862542319,0.14382693164712124,0.14594236159911306,0.5415737264718221,0.8456810590997393,-0.36612098111223235,0.39283990556944315,0.15633886838226763,-0.3179727831784819,6.491104494547383,0.996615034192524,0.941717791411043,1.0,0.19572697121814825,0.0008611986733598522,9,0.13485242836977895,0.06837674231400404,0.0029,0.0015,1998-02-28,e85ac74d630dff95,"French CRSP 202607 (Mkt-RF+RF, RF); FRED GS10, TB3MS (BEY), USREC; anuncios NBER; descarga 2026-09-25","{""comision_por_lado"": 0.0029, ""cortes"": [""1998-02-28""], ""efectivo_en_mxn"": false, ""exposicion_inicial"": 0.0, ""exposicion_max"": 1.0, ""exposicion_min"": 0.0, ""extras"": [""pico"", ""spread"", ""valle""], ""fx"": false, ""max_dias_fx"": 10, ""min_historia"": 534, ""periodos_por_anio"": 12, ""permitir_capturas"": false, ""rebalanceo_con_deriva"": true, ""segmentos"": [""dentro_muestra"", ""fuera_muestra""], ""senal"": ""senal_inv3_medio"", ""spread_por_lado"": 0.0015, ""usuario"": {""escenario"": ""spread_medio"", ""regla"": ""w=0.5 si S<0 en t-1,t-2,t-3""}, ""variante"": ""inv3_medio""}",sensibilidad de costos: spread_medio
2026-09-25T06:37:16.816811Z,R07,73b7916966,inv3_medio,0,fuera_muestra,1998-02-28,2026-07-31,341,12,USD,10.151535374612072,0.08856274504013095,0.15394714128432824,0.49509765261959265,0.7219645692159571,-0.5031170717166413,0.17602810562152826,0.14292238150753683,-0.5342850367951812,4.157553558338735,0.9941545926792623,0.9442815249266863,1.0,0.15112687385607956,0.0006649582449667497,8,0.09284123735505312,0.020913571447349844,0.0029,0.0015,1998-02-28,e85ac74d630dff95,"French CRSP 202607 (Mkt-RF+RF, RF); FRED GS10, TB3MS (BEY), USREC; anuncios NBER; descarga 2026-09-25","{""comision_por_lado"": 0.0029, ""cortes"": [""1998-02-28""], ""efectivo_en_mxn"": false, ""exposicion_inicial"": 0.0, ""exposicion_max"": 1.0, ""exposicion_min"": 0.0, ""extras"": [""pico"", ""spread"", ""valle""], ""fx"": false, ""max_dias_fx"": 10, ""min_historia"": 534, ""periodos_por_anio"": 12, ""permitir_capturas"": false, ""rebalanceo_con_deriva"": true, ""segmentos"": [""dentro_muestra"", ""fuera_muestra""], ""senal"": ""senal_inv3_medio"", ""spread_por_lado"": 0.0015, ""usuario"": {""escenario"": ""spread_medio"", ""regla"": ""w=0.5 si S<0 en t-1,t-2,t-3""}, ""variante"": ""inv3_medio""}",sensibilidad de costos: spread_medio
2026-09-25T06:37:18.062707Z,R07,cf01657d2c,probit50,0,completo,1970-12-31,2026-07-31,667,12,USD,516.7823193307642,0.11900541747380222,0.1510706565161097,0.53869540050779,0.8084239953908489,-0.5031170717166411,0.23653623413682703,0.1555079672471929,-0.4859643288031517,5.261317683752535,0.9999343770614384,0.9235382308845578,0.9235382308845578,0.4138096645485444,0.0018207625240135956,23,0.11317394584381812,0.043839181910870106,0.0029,0.0015,1998-02-28,e85ac74d630dff95,"French CRSP 202607 (Mkt-RF+RF, RF); FRED GS10, TB3MS (BEY), USREC; anuncios NBER; descarga 2026-09-25","{""comision_por_lado"": 0.0029, ""cortes"": [""1998-02-28""], ""efectivo_en_mxn"": false, ""exposicion_inicial"": 0.0, ""exposicion_max"": 1.0, ""exposicion_min"": 0.0, ""extras"": [""pico"", ""spread"", ""valle""], ""fx"": false, ""max_dias_fx"": 10, ""min_historia"": 534, ""periodos_por_anio"": 12, ""permitir_capturas"": false, ""rebalanceo_con_deriva"": true, ""segmentos"": [""dentro_muestra"", ""fuera_muestra""], ""senal"": ""senal_probit50"", ""spread_por_lado"": 0.0015, ""usuario"": {""escenario"": ""spread_medio"", ""regla"": ""w=0 si P_rt>0.5 (probit 12m, etiquetas en tiempo real)""}, ""variante"": ""probit50""}",sensibilidad de costos: spread_medio
2026-09-25T06:37:18.062707Z,R07,cf01657d2c,probit50,0,dentro_muestra,1970-12-31,1998-02-28,326,12,USD,47.167167312650314,0.1533255261051436,0.14439206109524466,0.6053097912065456,0.951702890937664,-0.3325298719860512,0.4610879774180866,0.17473788544810764,-0.3918491094898451,6.913772309364477,0.9985826606929509,0.8957055214723927,0.8957055214723927,0.6258693680072573,0.002753825219231932,17,0.13485242836977895,0.06837674231400404,0.0029,0.0015,1998-02-28,e85ac74d630dff95,"French CRSP 202607 (Mkt-RF+RF, RF); FRED GS10, TB3MS (BEY), USREC; anuncios NBER; descarga 2026-09-25","{""comision_por_lado"": 0.0029, ""cortes"": [""1998-02-28""], ""efectivo_en_mxn"": false, ""exposicion_inicial"": 0.0, ""exposicion_max"": 1.0, ""exposicion_min"": 0.0, ""extras"": [""pico"", ""spread"", ""valle""], ""fx"": false, ""max_dias_fx"": 10, ""min_historia"": 534, ""periodos_por_anio"": 12, ""permitir_capturas"": false, ""rebalanceo_con_deriva"": true, ""segmentos"": [""dentro_muestra"", ""fuera_muestra""], ""senal"": ""senal_probit50"", ""spread_por_lado"": 0.0015, ""usuario"": {""escenario"": ""spread_medio"", ""regla"": ""w=0 si P_rt>0.5 (probit 12m, etiquetas en tiempo real)""}, ""variante"": ""probit50""}",sensibilidad de costos: spread_medio
2026-09-25T06:37:18.062707Z,R07,cf01657d2c,probit50,0,fuera_muestra,1998-02-28,2026-07-31,341,12,USD,9.749694204973046,0.08715789290773635,0.15697170091078974,0.4803294339716262,0.6970406985890311,-0.5031170717166414,0.1732358089347924,0.1386591640016095,-0.5488654257670623,4.061145916763639,0.9928174504772718,0.9501466275659824,0.9501466275659824,0.2111271676300578,0.0009289595375722543,6,0.09284123735505312,0.020913571447349844,0.0029,0.0015,1998-02-28,e85ac74d630dff95,"French CRSP 202607 (Mkt-RF+RF, RF); FRED GS10, TB3MS (BEY), USREC; anuncios NBER; descarga 2026-09-25","{""comision_por_lado"": 0.0029, ""cortes"": [""1998-02-28""], ""efectivo_en_mxn"": false, ""exposicion_inicial"": 0.0, ""exposicion_max"": 1.0, ""exposicion_min"": 0.0, ""extras"": [""pico"", ""spread"", ""valle""], ""fx"": false, ""max_dias_fx"": 10, ""min_historia"": 534, ""periodos_por_anio"": 12, ""permitir_capturas"": false, ""rebalanceo_con_deriva"": true, ""segmentos"": [""dentro_muestra"", ""fuera_muestra""], ""senal"": ""senal_probit50"", ""spread_por_lado"": 0.0015, ""usuario"": {""escenario"": ""spread_medio"", ""regla"": ""w=0 si P_rt>0.5 (probit 12m, etiquetas en tiempo real)""}, ""variante"": ""probit50""}",sensibilidad de costos: spread_medio
2026-09-25T06:37:19.334137Z,R07,1eb8a897b6,probit30,0,completo,1970-12-31,2026-07-31,667,12,USD,350.8840590406783,0.11125600304742478,0.1445676154402711,0.5073383832862817,0.7602933305068675,-0.5031170717166411,0.22113342858316862,0.14645597608028213,-0.48542942994506494,5.699896633206498,0.9998467689851989,0.8665667166416792,0.8665667166416792,0.3778262154573666,0.0016624353480124132,21,0.11317394584381812,0.043839181910870106,0.0029,0.0015,1998-02-28,e85ac74d630dff95,"French CRSP 202607 (Mkt-RF+RF, RF); FRED GS10, TB3MS (BEY), USREC; anuncios NBER; descarga 2026-09-25","{""comision_por_lado"": 0.0029, ""cortes"": [""1998-02-28""], ""efectivo_en_mxn"": false, ""exposicion_inicial"": 0.0, ""exposicion_max"": 1.0, ""exposicion_min"": 0.0, ""extras"": [""pico"", ""spread"", ""valle""], ""fx"": false, ""max_dias_fx"": 10, ""min_historia"": 534, ""periodos_por_anio"": 12, ""permitir_capturas"": false, ""rebalanceo_con_deriva"": true, ""segmentos"": [""dentro_muestra"", ""fuera_muestra""], ""senal"": ""senal_probit30"", ""spread_por_lado"": 0.0015, ""usuario"": {""escenario"": ""spread_medio"", ""regla"": ""w=0 si P_rt>0.3""}, ""variante"": ""probit30""}",sensibilidad de costos: spread_medio
2026-09-25T06:37:19.334137Z,R07,1eb8a897b6,probit30,0,dentro_muestra,1970-12-31,1998-02-28,326,12,USD,39.94448028540869,0.14644793102121723,0.13578385350560424,0.5895172546942146,0.9267327589386625,-0.298527354747,0.4905678782613771,0.17017897284481698,-0.4185151816405717,7.72529519130318,0.9981284969688216,0.8558282208588958,0.8558282208588958,0.47860598729966736,0.0021058663441185367,13,0.13485242836977895,0.06837674231400404,0.0029,0.0015,1998-02-28,e85ac74d630dff95,"French CRSP 202607 (Mkt-RF+RF, RF); FRED GS10, TB3MS (BEY), USREC; anuncios NBER; descarga 2026-09-25","{""comision_por_lado"": 0.0029, ""cortes"": [""1998-02-28""], ""efectivo_en_mxn"": false, ""exposicion_inicial"": 0.0, ""exposicion_max"": 1.0, ""exposicion_min"": 0.0, ""extras"": [""pico"", ""spread"", ""valle""], ""fx"": false, ""max_dias_fx"": 10, ""min_historia"": 534, ""periodos_por_anio"": 12, ""permitir_capturas"": false, ""rebalanceo_con_deriva"": true, ""segmentos"": [""dentro_muestra"", ""fuera_muestra""], ""senal"": ""senal_probit30"", ""spread_por_lado"": 0.0015, ""usuario"": {""escenario"": ""spread_medio"", ""regla"": ""w=0 si P_rt>0.3""}, ""variante"": ""probit30""}",sensibilidad de costos: spread_medio
2026-09-25T06:37:19.334137Z,R07,1eb8a897b6,probit30,0,fuera_muestra,1998-02-28,2026-07-31,341,12,USD,7.594175737189138,0.07863038165767589,0.15222619352649405,0.43812948917634253,0.635588343645779,-0.5031170717166414,0.1562864511621283,0.1264770892579373,-0.5195923371010974,4.347284695591532,0.9876165287530909,0.8768328445747801,0.8768328445747801,0.2815028901734104,0.0012386127167630058,8,0.09284123735505312,0.020913571447349844,0.0029,0.0015,1998-02-28,e85ac74d630dff95,"French CRSP 202607 (Mkt-RF+RF, RF); FRED GS10, TB3MS (BEY), USREC; anuncios NBER; descarga 2026-09-25","{""comision_por_lado"": 0.0029, ""cortes"": [""1998-02-28""], ""efectivo_en_mxn"": false, ""exposicion_inicial"": 0.0, ""exposicion_max"": 1.0, ""exposicion_min"": 0.0, ""extras"": [""pico"", ""spread"", ""valle""], ""fx"": false, ""max_dias_fx"": 10, ""min_historia"": 534, ""periodos_por_anio"": 12, ""permitir_capturas"": false, ""rebalanceo_con_deriva"": true, ""segmentos"": [""dentro_muestra"", ""fuera_muestra""], ""senal"": ""senal_probit30"", ""spread_por_lado"": 0.0015, ""usuario"": {""escenario"": ""spread_medio"", ""regla"": ""w=0 si P_rt>0.3""}, ""variante"": ""probit30""}",sensibilidad de costos: spread_medio
2026-09-25T06:37:20.520044Z,R07,332d4890e9,probit_cont,0,completo,1970-12-31,2026-07-31,667,12,USD,321.82240482519524,0.10953391861457051,0.1362163761954935,0.5179570136985291,0.7763059897471345,-0.492344444865332,0.2224741636813444,0.14952131064375024,-0.5091122572850402,5.565069332258689,0.9998817178759489,0.8638314387129121,1.0,0.3648149119861387,0.0016051856127390113,667,0.11317394584381812,0.043839181910870106,0.0029,0.0015,1998-02-28,e85ac74d630dff95,"French CRSP 202607 (Mkt-RF+RF, RF); FRED GS10, TB3MS (BEY), USREC; anuncios NBER; descarga 2026-09-25","{""comision_por_lado"": 0.0029, ""cortes"": [""1998-02-28""], ""efectivo_en_mxn"": false, ""exposicion_inicial"": 0.0, ""exposicion_max"": 1.0, ""exposicion_min"": 0.0, ""extras"": [""pico"", ""spread"", ""valle""], ""fx"": false, ""max_dias_fx"": 10, ""min_historia"": 534, ""periodos_por_anio"": 12, ""permitir_capturas"": false, ""rebalanceo_con_deriva"": true, ""segmentos"": [""dentro_muestra"", ""fuera_muestra""], ""senal"": ""senal_probit_cont"", ""spread_por_lado"": 0.0015, ""usuario"": {""escenario"": ""spread_medio"", ""regla"": ""w=1-P_rt""}, ""variante"": ""probit_cont""}",sensibilidad de costos: spread_medio
2026-09-25T06:37:20.520044Z,R07,332d4890e9,probit_cont,0,dentro_muestra,1970-12-31,1998-02-28,326,12,USD,34.50019628141503,0.14044161236704356,0.13183198987895225,0.5622278846451862,0.8823402497251313,-0.29622296360998346,0.47410778237960455,0.1623012102729061,-0.4378475009190296,7.33227887011074,0.9972289945747452,0.8603474401259451,1.0,0.49936626664146805,0.0021972115732224622,326,0.13485242836977895,0.06837674231400404,0.0029,0.0015,1998-02-28,e85ac74d630dff95,"French CRSP 202607 (Mkt-RF+RF, RF); FRED GS10, TB3MS (BEY), USREC; anuncios NBER; descarga 2026-09-25","{""comision_por_lado"": 0.0029, ""cortes"": [""1998-02-28""], ""efectivo_en_mxn"": false, ""exposicion_inicial"": 0.0, ""exposicion_max"": 1.0, ""exposicion_min"": 0.0, ""extras"": [""pico"", ""spread"", ""valle""], ""fx"": false, ""max_dias_fx"": 10, ""min_historia"": 534, ""periodos_por_anio"": 12, ""permitir_capturas"": false, ""rebalanceo_con_deriva"": true, ""segmentos"": [""dentro_muestra"", ""fuera_muestra""], ""senal"": ""senal_probit_cont"", ""spread_por_lado"": 0.0015, ""usuario"": {""escenario"": ""spread_medio"", ""regla"": ""w=1-P_rt""}, ""variante"": ""probit_cont""}",sensibilidad de costos: spread_medio
2026-09-25T06:37:20.520044Z,R07,332d4890e9,probit_cont,0,fuera_muestra,1998-02-28,2026-07-31,341,12,USD,8.093538589649947,0.08077617100726808,0.14006480296749807,0.47774739374517255,0.6915358988953307,-0.4923444448653319,0.1640643493588362,0.13791379319170877,-0.5627268713596074,4.189707620182027,0.9925058586427169,0.8671621822300711,1.0,0.2362133715684589,0.0010393388349012192,341,0.09284123735505312,0.020913571447349844,0.0029,0.0015,1998-02-28,e85ac74d630dff95,"French CRSP 202607 (Mkt-RF+RF, RF); FRED GS10, TB3MS (BEY), USREC; anuncios NBER; descarga 2026-09-25","{""comision_por_lado"": 0.0029, ""cortes"": [""1998-02-28""], ""efectivo_en_mxn"": false, ""exposicion_inicial"": 0.0, ""exposicion_max"": 1.0, ""exposicion_min"": 0.0, ""extras"": [""pico"", ""spread"", ""valle""], ""fx"": false, ""max_dias_fx"": 10, ""min_historia"": 534, ""periodos_por_anio"": 12, ""permitir_capturas"": false, ""rebalanceo_con_deriva"": true, ""segmentos"": [""dentro_muestra"", ""fuera_muestra""], ""senal"": ""senal_probit_cont"", ""spread_por_lado"": 0.0015, ""usuario"": {""escenario"": ""spread_medio"", ""regla"": ""w=1-P_rt""}, ""variante"": ""probit_cont""}",sensibilidad de costos: spread_medio
2026-09-25T06:37:20.534633Z,R07,427e41c5c9,inv_fuera12,0,completo,1970-12-31,2026-07-31,667,12,USD,245.89499900953277,0.10419409972001326,0.1254338486886938,0.5137794008326655,0.7658803688691502,-0.4611503157400719,0.2259438976048374,0.14831533768741204,-0.6974908255856491,7.742098284665532,0.9998308279664984,0.7076461769115442,0.7076461769115442,0.2698758681838333,0.0011874538200088666,15,0.11317394584381812,0.043839181910870106,0.0029,0.0015,1998-02-28,e85ac74d630dff95,"French CRSP 202607 (Mkt-RF+RF, RF); FRED GS10, TB3MS (BEY), USREC; anuncios NBER; descarga 2026-09-25","{""comision_por_lado"": 0.0029, ""cortes"": [""1998-02-28""], ""efectivo_en_mxn"": false, ""exposicion_inicial"": 0.0, ""exposicion_max"": 1.0, ""exposicion_min"": 0.0, ""extras"": [""pico"", ""spread"", ""valle""], ""fx"": false, ""max_dias_fx"": 10, ""min_historia"": 534, ""periodos_por_anio"": 12, ""permitir_capturas"": false, ""rebalanceo_con_deriva"": true, ""segmentos"": [""dentro_muestra"", ""fuera_muestra""], ""senal"": ""senal_inv_fuera12"", ""spread_por_lado"": 0.0015, ""usuario"": {""escenario"": ""spread_medio"", ""regla"": ""w=0 si algun S<0 en t-12..t-1""}, ""variante"": ""inv_fuera12""}",sensibilidad de costos: spread_medio
2026-09-25T06:37:20.534633Z,R07,427e41c5c9,inv_fuera12,0,dentro_muestra,1970-12-31,1998-02-28,326,12,USD,33.98841440288557,0.13983208202907016,0.11760003616257626,0.6122387429097303,0.9640638387376721,-0.2985273547469999,0.4684062609524578,0.17673810151362546,-0.6873301069238482,11.09255654497546,0.9981825886764206,0.7085889570552147,0.7085889570552147,0.2577109162382824,0.0011339280314484428,7,0.13485242836977895,0.06837674231400404,0.0029,0.0015,1998-02-28,e85ac74d630dff95,"French CRSP 202607 (Mkt-RF+RF, RF); FRED GS10, TB3MS (BEY), USREC; anuncios NBER; descarga 2026-09-25","{""comision_por_lado"": 0.0029, ""cortes"": [""1998-02-28""], ""efectivo_en_mxn"": false, ""exposicion_inicial"": 0.0, ""exposicion_max"": 1.0, ""exposicion_min"": 0.0, ""extras"": [""pico"", ""spread"", ""valle""], ""fx"": false, ""max_dias_fx"": 10, ""min_historia"": 534, ""periodos_por_anio"": 12, ""permitir_capturas"": false, ""rebalanceo_con_deriva"": true, ""segmentos"": [""dentro_muestra"", ""fuera_muestra""], ""senal"": ""senal_inv_fuera12"", ""spread_por_lado"": 0.0015, ""usuario"": {""escenario"": ""spread_medio"", ""regla"": ""w=0 si algun S<0 en t-12..t-1""}, ""variante"": ""inv_fuera12""}",sensibilidad de costos: spread_medio
2026-09-25T06:37:20.534633Z,R07,427e41c5c9,inv_fuera12,0,fuera_muestra,1998-02-28,2026-07-31,341,12,USD,6.05647864366128,0.07117393878436884,0.1320947703863113,0.4309489539064638,0.6191161634510172,-0.46115031574007204,0.1543399979465397,0.12440424727244226,-0.6890945131989004,5.5559594594559245,0.9855123419799519,0.7067448680351907,0.7067448680351907,0.2815028901734104,0.0012386127167630058,8,0.09284123735505312,0.020913571447349844,0.0029,0.0015,1998-02-28,e85ac74d630dff95,"French CRSP 202607 (Mkt-RF+RF, RF); FRED GS10, TB3MS (BEY), USREC; anuncios NBER; descarga 2026-09-25","{""comision_por_lado"": 0.0029, ""cortes"": [""1998-02-28""], ""efectivo_en_mxn"": false, ""exposicion_inicial"": 0.0, ""exposicion_max"": 1.0, ""exposicion_min"": 0.0, ""extras"": [""pico"", ""spread"", ""valle""], ""fx"": false, ""max_dias_fx"": 10, ""min_historia"": 534, ""periodos_por_anio"": 12, ""permitir_capturas"": false, ""rebalanceo_con_deriva"": true, ""segmentos"": [""dentro_muestra"", ""fuera_muestra""], ""senal"": ""senal_inv_fuera12"", ""spread_por_lado"": 0.0015, ""usuario"": {""escenario"": ""spread_medio"", ""regla"": ""w=0 si algun S<0 en t-12..t-1""}, ""variante"": ""inv_fuera12""}",sensibilidad de costos: spread_medio
2026-09-25T06:37:20.547592Z,R07,6968947043,desinv12,0,completo,1970-12-31,2026-07-31,667,12,USD,308.69214751465427,0.10870531606396394,0.13859730977045467,0.5061319009345611,0.7432496798133277,-0.4161685053159573,0.26120505198113037,0.1461076946250129,-0.6919051545504213,6.035613489246931,0.9998075855401999,0.8515742128935532,0.8515742128935532,0.3058593172750111,0.0013457809960100487,17,0.11317394584381812,0.043839181910870106,0.0029,0.0015,1998-02-28,e85ac74d630dff95,"French CRSP 202607 (Mkt-RF+RF, RF); FRED GS10, TB3MS (BEY), USREC; anuncios NBER; descarga 2026-09-25","{""comision_por_lado"": 0.0029, ""cortes"": [""1998-02-28""], ""efectivo_en_mxn"": false, ""exposicion_inicial"": 0.0, ""exposicion_max"": 1.0, ""exposicion_min"": 0.0, ""extras"": [""pico"", ""spread"", ""valle""], ""fx"": false, ""max_dias_fx"": 10, ""min_historia"": 534, ""periodos_por_anio"": 12, ""permitir_capturas"": false, ""rebalanceo_con_deriva"": true, ""segmentos"": [""dentro_muestra"", ""fuera_muestra""], ""senal"": ""senal_desinv12"", ""spread_por_lado"": 0.0015, ""usuario"": {""escenario"": ""spread_medio"", ""regla"": ""w=0 12 meses tras des-inversion (S>=0 despues de 3 meses <0)""}, ""variante"": ""desinv12""}",sensibilidad de costos: spread_medio
2026-09-25T06:37:20.547592Z,R07,6968947043,desinv12,0,dentro_muestra,1970-12-31,1998-02-28,326,12,USD,23.376509549585784,0.12476690367691723,0.132297035715842,0.45635817597354994,0.6694033188680327,-0.3460384043891458,0.3605579672498074,0.13173925787260785,-0.8152673170014897,7.996381885218134,0.9870112090767656,0.843558282208589,0.843558282208589,0.33134260659207737,0.0014579074690051408,9,0.13485242836977895,0.06837674231400404,0.0029,0.0015,1998-02-28,e85ac74d630dff95,"French CRSP 202607 (Mkt-RF+RF, RF); FRED GS10, TB3MS (BEY), USREC; anuncios NBER; descarga 2026-09-25","{""comision_por_lado"": 0.0029, ""cortes"": [""1998-02-28""], ""efectivo_en_mxn"": false, ""exposicion_inicial"": 0.0, ""exposicion_max"": 1.0, ""exposicion_min"": 0.0, ""extras"": [""pico"", ""spread"", ""valle""], ""fx"": false, ""max_dias_fx"": 10, ""min_historia"": 534, ""periodos_por_anio"": 12, ""permitir_capturas"": false, ""rebalanceo_con_deriva"": true, ""segmentos"": [""dentro_muestra"", ""fuera_muestra""], ""senal"": ""senal_desinv12"", ""spread_por_lado"": 0.0015, ""usuario"": {""escenario"": ""spread_medio"", ""regla"": ""w=0 12 meses tras des-inversion (S>=0 despues de 3 meses <0)""}, ""variante"": ""desinv12""}",sensibilidad de costos: spread_medio
2026-09-25T06:37:20.547592Z,R07,6968947043,desinv12,0,fuera_muestra,1998-02-28,2026-07-31,341,12,USD,11.70453207768281,0.09356838087620245,0.14445779505424436,0.5501729414303768,0.8094725728770885,-0.4161685053159573,0.22483292147531647,0.1588212479178381,-0.6065887625557262,4.630465096332014,0.9971811243441071,0.8592375366568915,0.8592375366568915,0.2815028901734104,0.0012386127167630058,8,0.09284123735505312,0.020913571447349844,0.0029,0.0015,1998-02-28,e85ac74d630dff95,"French CRSP 202607 (Mkt-RF+RF, RF); FRED GS10, TB3MS (BEY), USREC; anuncios NBER; descarga 2026-09-25","{""comision_por_lado"": 0.0029, ""cortes"": [""1998-02-28""], ""efectivo_en_mxn"": false, ""exposicion_inicial"": 0.0, ""exposicion_max"": 1.0, ""exposicion_min"": 0.0, ""extras"": [""pico"", ""spread"", ""valle""], ""fx"": false, ""max_dias_fx"": 10, ""min_historia"": 534, ""periodos_por_anio"": 12, ""permitir_capturas"": false, ""rebalanceo_con_deriva"": true, ""segmentos"": [""dentro_muestra"", ""fuera_muestra""], ""senal"": ""senal_desinv12"", ""spread_por_lado"": 0.0015, ""usuario"": {""escenario"": ""spread_medio"", ""regla"": ""w=0 12 meses tras des-inversion (S>=0 despues de 3 meses <0)""}, ""variante"": ""desinv12""}",sensibilidad de costos: spread_medio
2026-09-25T06:37:20.557903Z,R07,df13cb52fe,comprar_y_mantener,0,completo,1970-12-31,2026-07-31,667,12,USD,384.5759099620787,0.11308563206274824,0.15688806460040838,0.48934110259139224,0.7224691259691071,-0.5031170717166411,0.22477001560869084,0.1412606086533443,-0.4978944980002066,4.773943685474704,0.9997612860979227,1.0,1.0,0.017991724545588887,7.916358800059109e-05,1,0.11317394584381812,0.043839181910870106,0.0029,0.0015,1998-02-28,e85ac74d630dff95,"French CRSP 202607 (Mkt-RF+RF, RF); FRED GS10, TB3MS (BEY), USREC; anuncios NBER; descarga 2026-09-25","{""comision_por_lado"": 0.0029, ""cortes"": [""1998-02-28""], ""efectivo_en_mxn"": false, ""exposicion_inicial"": 0.0, ""exposicion_max"": 1.0, ""exposicion_min"": 0.0, ""extras"": [""pico"", ""spread"", ""valle""], ""fx"": false, ""max_dias_fx"": 10, ""min_historia"": 534, ""periodos_por_anio"": 12, ""permitir_capturas"": false, ""rebalanceo_con_deriva"": true, ""segmentos"": [""dentro_muestra"", ""fuera_muestra""], ""senal"": ""senal_comprar_y_mantener"", ""spread_por_lado"": 0.0015, ""usuario"": {""escenario"": ""spread_medio"", ""regla"": ""C&M""}, ""variante"": ""comprar_y_mantener""}",sensibilidad de costos: spread_medio
2026-09-25T06:37:20.557903Z,R07,df13cb52fe,comprar_y_mantener,0,dentro_muestra,1970-12-31,1998-02-28,326,12,USD,29.92862354273687,0.13466820327265605,0.15458514469877652,0.46737230777470046,0.7026312240905102,-0.46507549984195584,0.28956202448509893,0.13491876385274998,-0.4327080238516003,5.770188869449038,0.9903676571175276,1.0,1.0,0.03681584517689749,0.00016198971877834893,1,0.13485242836977895,0.06837674231400404,0.0029,0.0015,1998-02-28,e85ac74d630dff95,"French CRSP 202607 (Mkt-RF+RF, RF); FRED GS10, TB3MS (BEY), USREC; anuncios NBER; descarga 2026-09-25","{""comision_por_lado"": 0.0029, ""cortes"": [""1998-02-28""], ""efectivo_en_mxn"": false, ""exposicion_inicial"": 0.0, ""exposicion_max"": 1.0, ""exposicion_min"": 0.0, ""extras"": [""pico"", ""spread"", ""valle""], ""fx"": false, ""max_dias_fx"": 10, ""min_historia"": 534, ""periodos_por_anio"": 12, ""permitir_capturas"": false, ""rebalanceo_con_deriva"": true, ""segmentos"": [""dentro_muestra"", ""fuera_muestra""], ""senal"": ""senal_comprar_y_mantener"", ""spread_por_lado"": 0.0015, ""usuario"": {""escenario"": ""spread_medio"", ""regla"": ""C&M""}, ""variante"": ""comprar_y_mantener""}",sensibilidad de costos: spread_medio
2026-09-25T06:37:20.557903Z,R07,df13cb52fe,comprar_y_mantener,0,fuera_muestra,1998-02-28,2026-07-31,341,12,USD,11.466636590836107,0.09284123735505312,0.1591092634362624,0.5092135481345306,0.7409420528186756,-0.5031170717166414,0.1845320752847398,0.14699728954523786,-0.556624559884014,3.912932020806964,0.995162449452212,1.0,1.0,0.0,0.0,0,0.09284123735505312,0.020913571447349844,0.0029,0.0015,1998-02-28,e85ac74d630dff95,"French CRSP 202607 (Mkt-RF+RF, RF); FRED GS10, TB3MS (BEY), USREC; anuncios NBER; descarga 2026-09-25","{""comision_por_lado"": 0.0029, ""cortes"": [""1998-02-28""], ""efectivo_en_mxn"": false, ""exposicion_inicial"": 0.0, ""exposicion_max"": 1.0, ""exposicion_min"": 0.0, ""extras"": [""pico"", ""spread"", ""valle""], ""fx"": false, ""max_dias_fx"": 10, ""min_historia"": 534, ""periodos_por_anio"": 12, ""permitir_capturas"": false, ""rebalanceo_con_deriva"": true, ""segmentos"": [""dentro_muestra"", ""fuera_muestra""], ""senal"": ""senal_comprar_y_mantener"", ""spread_por_lado"": 0.0015, ""usuario"": {""escenario"": ""spread_medio"", ""regla"": ""C&M""}, ""variante"": ""comprar_y_mantener""}",sensibilidad de costos: spread_medio
2026-09-25T06:37:20.569706Z,R07,500938801e,sma10,0,completo,1970-12-31,2026-07-31,667,12,USD,170.51517724249325,0.09698062263749163,0.11770759892031633,0.48158146936283885,0.7057316199606165,-0.24992464242037338,0.38803945740720586,0.13902059548668527,-0.8154097176399255,8.102773458516157,0.9995943823281328,0.7586206896551724,0.7586206896551724,1.4933131372838775,0.006570577804049063,83,0.11317394584381812,0.043839181910870106,0.0029,0.0015,1998-02-28,e85ac74d630dff95,"French CRSP 202607 (Mkt-RF+RF, RF); FRED GS10, TB3MS (BEY), USREC; anuncios NBER; descarga 2026-09-25","{""comision_por_lado"": 0.0029, ""cortes"": [""1998-02-28""], ""efectivo_en_mxn"": false, ""exposicion_inicial"": 0.0, ""exposicion_max"": 1.0, ""exposicion_min"": 0.0, ""extras"": [""pico"", ""spread"", ""valle""], ""fx"": false, ""max_dias_fx"": 10, ""min_historia"": 534, ""periodos_por_anio"": 12, ""permitir_capturas"": false, ""rebalanceo_con_deriva"": true, ""segmentos"": [""dentro_muestra"", ""fuera_muestra""], ""senal"": ""media_movil_10"", ""spread_por_lado"": 0.0015, ""usuario"": {""escenario"": ""spread_medio"", ""regla"": ""SMA10""}, ""variante"": ""sma10""}",sensibilidad de costos: spread_medio
2026-09-25T06:37:20.569706Z,R07,500938801e,sma10,0,dentro_muestra,1970-12-31,1998-02-28,326,12,USD,18.107850294542107,0.11472796508441574,0.12626818426598388,0.40073299562977616,0.5743097523594962,-0.24992464242037338,0.45905023199530376,0.1156816514500082,-0.9866861023728808,9.217455614875565,0.9745210241779374,0.7668711656441718,0.7668711656441718,1.4358179618990021,0.006317599032355605,39,0.13485242836977895,0.06837674231400404,0.0029,0.0015,1998-02-28,e85ac74d630dff95,"French CRSP 202607 (Mkt-RF+RF, RF); FRED GS10, TB3MS (BEY), USREC; anuncios NBER; descarga 2026-09-25","{""comision_por_lado"": 0.0029, ""cortes"": [""1998-02-28""], ""efectivo_en_mxn"": false, ""exposicion_inicial"": 0.0, ""exposicion_max"": 1.0, ""exposicion_min"": 0.0, ""extras"": [""pico"", ""spread"", ""valle""], ""fx"": false, ""max_dias_fx"": 10, ""min_historia"": 534, ""periodos_por_anio"": 12, ""permitir_capturas"": false, ""rebalanceo_con_deriva"": true, ""segmentos"": [""dentro_muestra"", ""fuera_muestra""], ""senal"": ""media_movil_10"", ""spread_por_lado"": 0.0015, ""usuario"": {""escenario"": ""spread_medio"", ""regla"": ""SMA10""}, ""variante"": ""sma10""}",sensibilidad de costos: spread_medio
2026-09-25T06:37:20.569706Z,R07,500938801e,sma10,0,fuera_muestra,1998-02-28,2026-07-31,341,12,USD,7.976162917263595,0.08028221009270453,0.10887065652568245,0.5734439307367399,0.8675337785063182,-0.1979216384349265,0.405626240402714,0.16553900388800696,-0.5274731364898791,5.635815882032261,0.9980455778916989,0.750733137829912,0.750733137829912,1.5482658959537572,0.006812369942196525,44,0.09284123735505312,0.020913571447349844,0.0029,0.0015,1998-02-28,e85ac74d630dff95,"French CRSP 202607 (Mkt-RF+RF, RF); FRED GS10, TB3MS (BEY), USREC; anuncios NBER; descarga 2026-09-25","{""comision_por_lado"": 0.0029, ""cortes"": [""1998-02-28""], ""efectivo_en_mxn"": false, ""exposicion_inicial"": 0.0, ""exposicion_max"": 1.0, ""exposicion_min"": 0.0, ""extras"": [""pico"", ""spread"", ""valle""], ""fx"": false, ""max_dias_fx"": 10, ""min_historia"": 534, ""periodos_por_anio"": 12, ""permitir_capturas"": false, ""rebalanceo_con_deriva"": true, ""segmentos"": [""dentro_muestra"", ""fuera_muestra""], ""senal"": ""media_movil_10"", ""spread_por_lado"": 0.0015, ""usuario"": {""escenario"": ""spread_medio"", ""regla"": ""SMA10""}, ""variante"": ""sma10""}",sensibilidad de costos: spread_medio
2026-09-25T06:37:20.582397Z,R07,dbf2ceb7f0,inv1,0,completo,1970-12-31,2026-07-31,667,12,USD,466.0584841716568,0.11693163712785637,0.14098240266455053,0.5526692862104695,0.8392693645980315,-0.5031170717166413,0.23241436973880503,0.15954188058322646,-0.4763764716158658,5.85161475226444,0.9999545113587993,0.8500749625187406,0.8500749625187406,0.4857765627308999,0.0,27,0.11317394584381812,0.043839181910870106,0.0,0.0,1998-02-28,e85ac74d630dff95,"French CRSP 202607 (Mkt-RF+RF, RF); FRED GS10, TB3MS (BEY), USREC; anuncios NBER; descarga 2026-09-25","{""comision_por_lado"": 0.0, ""cortes"": [""1998-02-28""], ""efectivo_en_mxn"": false, ""exposicion_inicial"": 0.0, ""exposicion_max"": 1.0, ""exposicion_min"": 0.0, ""extras"": [""pico"", ""spread"", ""valle""], ""fx"": false, ""max_dias_fx"": 10, ""min_historia"": 534, ""periodos_por_anio"": 12, ""permitir_capturas"": false, ""rebalanceo_con_deriva"": true, ""segmentos"": [""dentro_muestra"", ""fuera_muestra""], ""senal"": ""senal_inv1"", ""spread_por_lado"": 0.0, ""usuario"": {""escenario"": ""bruto"", ""regla"": ""w=0 si S_{t-1}<0""}, ""variante"": ""inv1""}",sensibilidad de costos: bruto
2026-09-25T06:37:20.582397Z,R07,dbf2ceb7f0,inv1,0,dentro_muestra,1970-12-31,1998-02-28,326,12,USD,42.70655618104178,0.14920659383053025,0.13376356151452995,0.6143452577213228,0.9687717519351161,-0.2985273547470001,0.49980878287345504,0.17734619996038786,-0.4713765344679339,7.818540624262693,0.9986415659986281,0.843558282208589,0.843558282208589,0.5522376776534623,0.0,15,0.13485242836977895,0.06837674231400404,0.0,0.0,1998-02-28,e85ac74d630dff95,"French CRSP 202607 (Mkt-RF+RF, RF); FRED GS10, TB3MS (BEY), USREC; anuncios NBER; descarga 2026-09-25","{""comision_por_lado"": 0.0, ""cortes"": [""1998-02-28""], ""efectivo_en_mxn"": false, ""exposicion_inicial"": 0.0, ""exposicion_max"": 1.0, ""exposicion_min"": 0.0, ""extras"": [""pico"", ""spread"", ""valle""], ""fx"": false, ""max_dias_fx"": 10, ""min_historia"": 534, ""periodos_por_anio"": 12, ""permitir_capturas"": false, ""rebalanceo_con_deriva"": true, ""segmentos"": [""dentro_muestra"", ""fuera_muestra""], ""senal"": ""senal_inv1"", ""spread_por_lado"": 0.0, ""usuario"": {""escenario"": ""bruto"", ""regla"": ""w=0 si S_{t-1}<0""}, ""variante"": ""inv1""}",sensibilidad de costos: bruto
2026-09-25T06:37:20.582397Z,R07,dbf2ceb7f0,inv1,0,fuera_muestra,1998-02-28,2026-07-31,341,12,USD,9.686233942500563,0.08693141226475265,0.14734363686691118,0.49957139284704105,0.738686369555865,-0.5031170717166413,0.17278565397938428,0.14421383906983773,-0.47291001584148473,4.481284987972367,0.9946347931929206,0.8563049853372434,0.8563049853372434,0.4222543352601156,0.0,12,0.09284123735505312,0.020913571447349844,0.0,0.0,1998-02-28,e85ac74d630dff95,"French CRSP 202607 (Mkt-RF+RF, RF); FRED GS10, TB3MS (BEY), USREC; anuncios NBER; descarga 2026-09-25","{""comision_por_lado"": 0.0, ""cortes"": [""1998-02-28""], ""efectivo_en_mxn"": false, ""exposicion_inicial"": 0.0, ""exposicion_max"": 1.0, ""exposicion_min"": 0.0, ""extras"": [""pico"", ""spread"", ""valle""], ""fx"": false, ""max_dias_fx"": 10, ""min_historia"": 534, ""periodos_por_anio"": 12, ""permitir_capturas"": false, ""rebalanceo_con_deriva"": true, ""segmentos"": [""dentro_muestra"", ""fuera_muestra""], ""senal"": ""senal_inv1"", ""spread_por_lado"": 0.0, ""usuario"": {""escenario"": ""bruto"", ""regla"": ""w=0 si S_{t-1}<0""}, ""variante"": ""inv1""}",sensibilidad de costos: bruto
2026-09-25T06:37:20.595579Z,R07,ef9c308360,inv3,0,completo,1970-12-31,2026-07-31,667,12,USD,495.9925672203594,0.11818068089368139,0.14780643706473107,0.5417453544063711,0.8201822234295773,-0.5031170717166416,0.2348969803200028,0.1563884130993738,-0.44022267020806866,5.5068106212182,0.999941993149466,0.8860569715142429,0.8860569715142429,0.3058593172750111,0.0,17,0.11317394584381812,0.043839181910870106,0.0,0.0,1998-02-28,e85ac74d630dff95,"French CRSP 202607 (Mkt-RF+RF, RF); FRED GS10, TB3MS (BEY), USREC; anuncios NBER; descarga 2026-09-25","{""comision_por_lado"": 0.0, ""cortes"": [""1998-02-28""], ""efectivo_en_mxn"": false, ""exposicion_inicial"": 0.0, ""exposicion_max"": 1.0, ""exposicion_min"": 0.0, ""extras"": [""pico"", ""spread"", ""valle""], ""fx"": false, ""max_dias_fx"": 10, ""min_historia"": 534, ""periodos_por_anio"": 12, ""permitir_capturas"": false, ""rebalanceo_con_deriva"": true, ""segmentos"": [""dentro_muestra"", ""fuera_muestra""], ""senal"": ""senal_inv3"", ""spread_por_lado"": 0.0, ""usuario"": {""escenario"": ""bruto"", ""regla"": ""w=0 si S<0 en t-1,t-2,t-3 (regla 6(1) cap. 04)""}, ""variante"": ""inv3""}",sensibilidad de costos: bruto
2026-09-25T06:37:20.595579Z,R07,ef9c308360,inv3,0,dentro_muestra,1970-12-31,1998-02-28,326,12,USD,47.74248289163446,0.15382978760365495,0.14275792691617667,0.6125449142035154,0.9717404094118594,-0.2985273547470001,0.5152954500066658,0.17682648555306793,-0.3358832591897679,7.057810472979005,0.9987778615012339,0.8834355828220859,0.8834355828220859,0.33134260659207737,0.0,9,0.13485242836977895,0.06837674231400404,0.0,0.0,1998-02-28,e85ac74d630dff95,"French CRSP 202607 (Mkt-RF+RF, RF); FRED GS10, TB3MS (BEY), USREC; anuncios NBER; descarga 2026-09-25","{""comision_por_lado"": 0.0, ""cortes"": [""1998-02-28""], ""efectivo_en_mxn"": false, ""exposicion_inicial"": 0.0, ""exposicion_max"": 1.0, ""exposicion_min"": 0.0, ""extras"": [""pico"", ""spread"", ""valle""], ""fx"": false, ""max_dias_fx"": 10, ""min_historia"": 534, ""periodos_por_anio"": 12, ""permitir_capturas"": false, ""rebalanceo_con_deriva"": true, ""segmentos"": [""dentro_muestra"", ""fuera_muestra""], ""senal"": ""senal_inv3"", ""spread_por_lado"": 0.0, ""usuario"": {""escenario"": ""bruto"", ""regla"": ""w=0 si S<0 en t-1,t-2,t-3 (regla 6(1) cap. 04)""}, ""variante"": ""inv3""}",sensibilidad de costos: bruto
2026-09-25T06:37:20.595579Z,R07,ef9c308360,inv3,0,fuera_muestra,1998-02-28,2026-07-31,341,12,USD,9.196291566133116,0.08513788435734915,0.15219737538134084,0.4780368954629673,0.6987295112671574,-0.5031170717166411,0.16922082183945325,0.13799736513905858,-0.5169848745684933,4.305484132057052,0.9926666201105606,0.8885630498533724,0.8885630498533724,0.2815028901734104,0.0,8,0.09284123735505312,0.020913571447349844,0.0,0.0,1998-02-28,e85ac74d630dff95,"French CRSP 202607 (Mkt-RF+RF, RF); FRED GS10, TB3MS (BEY), USREC; anuncios NBER; descarga 2026-09-25","{""comision_por_lado"": 0.0, ""cortes"": [""1998-02-28""], ""efectivo_en_mxn"": false, ""exposicion_inicial"": 0.0, ""exposicion_max"": 1.0, ""exposicion_min"": 0.0, ""extras"": [""pico"", ""spread"", ""valle""], ""fx"": false, ""max_dias_fx"": 10, ""min_historia"": 534, ""periodos_por_anio"": 12, ""permitir_capturas"": false, ""rebalanceo_con_deriva"": true, ""segmentos"": [""dentro_muestra"", ""fuera_muestra""], ""senal"": ""senal_inv3"", ""spread_por_lado"": 0.0, ""usuario"": {""escenario"": ""bruto"", ""regla"": ""w=0 si S<0 en t-1,t-2,t-3 (regla 6(1) cap. 04)""}, ""variante"": ""inv3""}",sensibilidad de costos: bruto
2026-09-25T06:37:20.609252Z,R07,490fa7c1f5,inv3_medio,0,completo,1970-12-31,2026-07-31,667,12,USD,446.6283970768695,0.11607808309468504,0.1501032428755376,0.5226702032260254,0.7859947369726237,-0.5031170717166412,0.23071783809407478,0.1508818912649711,-0.4389002357802295,5.198060342313208,0.9999040291728881,0.9430284857571214,1.0,0.1729227245988549,0.0,17,0.11317394584381812,0.043839181910870106,0.0,0.0,1998-02-28,e85ac74d630dff95,"French CRSP 202607 (Mkt-RF+RF, RF); FRED GS10, TB3MS (BEY), USREC; anuncios NBER; descarga 2026-09-25","{""comision_por_lado"": 0.0, ""cortes"": [""1998-02-28""], ""efectivo_en_mxn"": false, ""exposicion_inicial"": 0.0, ""exposicion_max"": 1.0, ""exposicion_min"": 0.0, ""extras"": [""pico"", ""spread"", ""valle""], ""fx"": false, ""max_dias_fx"": 10, ""min_historia"": 534, ""periodos_por_anio"": 12, ""permitir_capturas"": false, ""rebalanceo_con_deriva"": true, ""segmentos"": [""dentro_muestra"", ""fuera_muestra""], ""senal"": ""senal_inv3_medio"", ""spread_por_lado"": 0.0, ""usuario"": {""escenario"": ""bruto"", ""regla"": ""w=0.5 si S<0 en t-1,t-2,t-3""}, ""variante"": ""inv3_medio""}",sensibilidad de costos: bruto
2026-09-25T06:37:20.609252Z,R07,490fa7c1f5,inv3_medio,0,dentro_muestra,1970-12-31,1998-02-28,326,12,USD,38.38831084262086,0.14481364625298299,0.14591499028639393,0.5476210601662613,0.8563435121046724,-0.36301147997748273,0.39892304855473343,0.15808458325044963,-0.31834905156908466,6.4912821295247,0.9968948232993735,0.941717791411043,1.0,0.19572697121814825,0.0,9,0.13485242836977895,0.06837674231400404,0.0,0.0,1998-02-28,e85ac74d630dff95,"French CRSP 202607 (Mkt-RF+RF, RF); FRED GS10, TB3MS (BEY), USREC; anuncios NBER; descarga 2026-09-25","{""comision_por_lado"": 0.0, ""cortes"": [""1998-02-28""], ""efectivo_en_mxn"": false, ""exposicion_inicial"": 0.0, ""exposicion_max"": 1.0, ""exposicion_min"": 0.0, ""extras"": [""pico"", ""spread"", ""valle""], ""fx"": false, ""max_dias_fx"": 10, ""min_historia"": 534, ""periodos_por_anio"": 12, ""permitir_capturas"": false, ""rebalanceo_con_deriva"": true, ""segmentos"": [""dentro_muestra"", ""fuera_muestra""], ""senal"": ""senal_inv3_medio"", ""spread_por_lado"": 0.0, ""usuario"": {""escenario"": ""bruto"", ""regla"": ""w=0.5 si S<0 en t-1,t-2,t-3""}, ""variante"": ""inv3_medio""}",sensibilidad de costos: bruto
2026-09-25T06:37:20.609252Z,R07,490fa7c1f5,inv3_medio,0,fuera_muestra,1998-02-28,2026-07-31,341,12,USD,10.364498438772964,0.08928759185070989,0.15389907972054423,0.49957560770081955,0.7289454159148432,-0.5031170717166413,0.17746881763733355,0.14421505579331953,-0.5362275840179611,4.162455873965221,0.99449917892164,0.9442815249266863,1.0,0.15112687385607956,0.0,8,0.09284123735505312,0.020913571447349844,0.0,0.0,1998-02-28,e85ac74d630dff95,"French CRSP 202607 (Mkt-RF+RF, RF); FRED GS10, TB3MS (BEY), USREC; anuncios NBER; descarga 2026-09-25","{""comision_por_lado"": 0.0, ""cortes"": [""1998-02-28""], ""efectivo_en_mxn"": false, ""exposicion_inicial"": 0.0, ""exposicion_max"": 1.0, ""exposicion_min"": 0.0, ""extras"": [""pico"", ""spread"", ""valle""], ""fx"": false, ""max_dias_fx"": 10, ""min_historia"": 534, ""periodos_por_anio"": 12, ""permitir_capturas"": false, ""rebalanceo_con_deriva"": true, ""segmentos"": [""dentro_muestra"", ""fuera_muestra""], ""senal"": ""senal_inv3_medio"", ""spread_por_lado"": 0.0, ""usuario"": {""escenario"": ""bruto"", ""regla"": ""w=0.5 si S<0 en t-1,t-2,t-3""}, ""variante"": ""inv3_medio""}",sensibilidad de costos: bruto
2026-09-25T06:37:21.805589Z,R07,2e8eb7e213,probit50,0,completo,1970-12-31,2026-07-31,667,12,USD,572.0530046706688,0.12104922034700016,0.15115745125988075,0.5507611690299674,0.8284666470966212,-0.5031170717166413,0.24059851504139745,0.15899105459932233,-0.47997430707573613,5.275375708256597,0.9999531250936682,0.9235382308845578,0.9235382308845578,0.4138096645485444,0.0,23,0.11317394584381812,0.043839181910870106,0.0,0.0,1998-02-28,e85ac74d630dff95,"French CRSP 202607 (Mkt-RF+RF, RF); FRED GS10, TB3MS (BEY), USREC; anuncios NBER; descarga 2026-09-25","{""comision_por_lado"": 0.0, ""cortes"": [""1998-02-28""], ""efectivo_en_mxn"": false, ""exposicion_inicial"": 0.0, ""exposicion_max"": 1.0, ""exposicion_min"": 0.0, ""extras"": [""pico"", ""spread"", ""valle""], ""fx"": false, ""max_dias_fx"": 10, ""min_historia"": 534, ""periodos_por_anio"": 12, ""permitir_capturas"": false, ""rebalanceo_con_deriva"": true, ""segmentos"": [""dentro_muestra"", ""fuera_muestra""], ""senal"": ""senal_probit50"", ""spread_por_lado"": 0.0, ""usuario"": {""escenario"": ""bruto"", ""regla"": ""w=0 si P_rt>0.5 (probit 12m, etiquetas en tiempo real)""}, ""variante"": ""probit50""}",sensibilidad de costos: bruto
2026-09-25T06:37:21.805589Z,R07,2e8eb7e213,probit50,0,dentro_muestra,1970-12-31,1998-02-28,326,12,USD,50.91681141952043,0.15651298743050446,0.14443986293382333,0.624567233589672,0.9865566115535613,-0.31463407811421773,0.49744448652408046,0.18029703022000854,-0.3756630491236578,6.942903514338974,0.9989536613923582,0.8957055214723927,0.8957055214723927,0.6258693680072573,0.0,17,0.13485242836977895,0.06837674231400404,0.0,0.0,1998-02-28,e85ac74d630dff95,"French CRSP 202607 (Mkt-RF+RF, RF); FRED GS10, TB3MS (BEY), USREC; anuncios NBER; descarga 2026-09-25","{""comision_por_lado"": 0.0, ""cortes"": [""1998-02-28""], ""efectivo_en_mxn"": false, ""exposicion_inicial"": 0.0, ""exposicion_max"": 1.0, ""exposicion_min"": 0.0, ""extras"": [""pico"", ""spread"", ""valle""], ""fx"": false, ""max_dias_fx"": 10, ""min_historia"": 534, ""periodos_por_anio"": 12, ""permitir_capturas"": false, ""rebalanceo_con_deriva"": true, ""segmentos"": [""dentro_muestra"", ""fuera_muestra""], ""senal"": ""senal_probit50"", ""spread_por_lado"": 0.0, ""usuario"": {""escenario"": ""bruto"", ""regla"": ""w=0 si P_rt>0.5 (probit 12m, etiquetas en tiempo real)""}, ""variante"": ""probit50""}",sensibilidad de costos: bruto
2026-09-25T06:37:21.805589Z,R07,2e8eb7e213,probit50,0,fuera_muestra,1998-02-28,2026-07-31,341,12,USD,10.037908319138493,0.08817051828535605,0.1570652659473791,0.4861364049578908,0.7059947811803811,-0.5031170717166414,0.17524851220913096,0.14033549213265759,-0.5496227385572614,4.064144034400529,0.9933570003074725,0.9501466275659824,0.9501466275659824,0.2111271676300578,0.0,6,0.09284123735505312,0.020913571447349844,0.0,0.0,1998-02-28,e85ac74d630dff95,"French CRSP 202607 (Mkt-RF+RF, RF); FRED GS10, TB3MS (BEY), USREC; anuncios NBER; descarga 2026-09-25","{""comision_por_lado"": 0.0, ""cortes"": [""1998-02-28""], ""efectivo_en_mxn"": false, ""exposicion_inicial"": 0.0, ""exposicion_max"": 1.0, ""exposicion_min"": 0.0, ""extras"": [""pico"", ""spread"", ""valle""], ""fx"": false, ""max_dias_fx"": 10, ""min_historia"": 534, ""periodos_por_anio"": 12, ""permitir_capturas"": false, ""rebalanceo_con_deriva"": true, ""segmentos"": [""dentro_muestra"", ""fuera_muestra""], ""senal"": ""senal_probit50"", ""spread_por_lado"": 0.0, ""usuario"": {""escenario"": ""bruto"", ""regla"": ""w=0 si P_rt>0.5 (probit 12m, etiquetas en tiempo real)""}, ""variante"": ""probit50""}",sensibilidad de costos: bruto
2026-09-25T06:37:23.034134Z,R07,52b1313288,probit30,0,completo,1970-12-31,2026-07-31,667,12,USD,385.0263463308427,0.11310901375480342,0.14459525379418098,0.5189386434216556,0.7794629430279663,-0.5031170717166412,0.2248164892693348,0.14980468273619604,-0.4797732462104344,5.724696036080386,0.9998873473138341,0.8665667166416792,0.8665667166416792,0.3778262154573666,0.0,21,0.11317394584381812,0.043839181910870106,0.0,0.0,1998-02-28,e85ac74d630dff95,"French CRSP 202607 (Mkt-RF+RF, RF); FRED GS10, TB3MS (BEY), USREC; anuncios NBER; descarga 2026-09-25","{""comision_por_lado"": 0.0, ""cortes"": [""1998-02-28""], ""efectivo_en_mxn"": false, ""exposicion_inicial"": 0.0, ""exposicion_max"": 1.0, ""exposicion_min"": 0.0, ""extras"": [""pico"", ""spread"", ""valle""], ""fx"": false, ""max_dias_fx"": 10, ""min_historia"": 534, ""periodos_por_anio"": 12, ""permitir_capturas"": false, ""rebalanceo_con_deriva"": true, ""segmentos"": [""dentro_muestra"", ""fuera_muestra""], ""senal"": ""senal_probit30"", ""spread_por_lado"": 0.0, ""usuario"": {""escenario"": ""bruto"", ""regla"": ""w=0 si P_rt>0.3""}, ""variante"": ""probit30""}",sensibilidad de costos: bruto
2026-09-25T06:37:23.034134Z,R07,52b1313288,probit30,0,dentro_muestra,1970-12-31,1998-02-28,326,12,USD,42.36025421480906,0.1488700792399864,0.13600507486853305,0.6044837722075632,0.9539260127001616,-0.2985273547470001,0.4986815341131897,0.17449943430239853,-0.40155984771803055,7.762942799140551,0.9985132861676123,0.8558282208588958,0.8558282208588958,0.47860598729966736,0.0,13,0.13485242836977895,0.06837674231400404,0.0,0.0,1998-02-28,e85ac74d630dff95,"French CRSP 202607 (Mkt-RF+RF, RF); FRED GS10, TB3MS (BEY), USREC; anuncios NBER; descarga 2026-09-25","{""comision_por_lado"": 0.0, ""cortes"": [""1998-02-28""], ""efectivo_en_mxn"": false, ""exposicion_inicial"": 0.0, ""exposicion_max"": 1.0, ""exposicion_min"": 0.0, ""extras"": [""pico"", ""spread"", ""valle""], ""fx"": false, ""max_dias_fx"": 10, ""min_historia"": 534, ""periodos_por_anio"": 12, ""permitir_capturas"": false, ""rebalanceo_con_deriva"": true, ""segmentos"": [""dentro_muestra"", ""fuera_muestra""], ""senal"": ""senal_probit30"", ""spread_por_lado"": 0.0, ""usuario"": {""escenario"": ""bruto"", ""regla"": ""w=0 si P_rt>0.3""}, ""variante"": ""probit30""}",sensibilidad de costos: bruto
2026-09-25T06:37:23.034134Z,R07,52b1313288,probit30,0,fuera_muestra,1998-02-28,2026-07-31,341,12,USD,7.902769444534291,0.07997016622285003,0.15207385115667846,0.4466382273687344,0.6486434054732201,-0.5031170717166413,0.15894941896920906,0.12893335040085804,-0.5218717200079317,4.3545791382894325,0.9888836188537555,0.8768328445747801,0.8768328445747801,0.2815028901734104,0.0,8,0.09284123735505312,0.020913571447349844,0.0,0.0,1998-02-28,e85ac74d630dff95,"French CRSP 202607 (Mkt-RF+RF, RF); FRED GS10, TB3MS (BEY), USREC; anuncios NBER; descarga 2026-09-25","{""comision_por_lado"": 0.0, ""cortes"": [""1998-02-28""], ""efectivo_en_mxn"": false, ""exposicion_inicial"": 0.0, ""exposicion_max"": 1.0, ""exposicion_min"": 0.0, ""extras"": [""pico"", ""spread"", ""valle""], ""fx"": false, ""max_dias_fx"": 10, ""min_historia"": 534, ""periodos_por_anio"": 12, ""permitir_capturas"": false, ""rebalanceo_con_deriva"": true, ""segmentos"": [""dentro_muestra"", ""fuera_muestra""], ""senal"": ""senal_probit30"", ""spread_por_lado"": 0.0, ""usuario"": {""escenario"": ""bruto"", ""regla"": ""w=0 si P_rt>0.3""}, ""variante"": ""probit30""}",sensibilidad de costos: bruto
2026-09-25T06:37:24.140683Z,R07,23f621bb56,probit_cont,0,completo,1970-12-31,2026-07-31,667,12,USD,351.96184097828683,0.11131714874709031,0.13626393836945586,0.5297863912647784,0.7959784879940124,-0.4918755830291406,0.2263115970537929,0.15293615780486014,-0.5085101125965849,5.572471921241909,0.9999134883335032,0.8638314387129121,1.0,0.3648149119861387,0.0,667,0.11317394584381812,0.043839181910870106,0.0,0.0,1998-02-28,e85ac74d630dff95,"French CRSP 202607 (Mkt-RF+RF, RF); FRED GS10, TB3MS (BEY), USREC; anuncios NBER; descarga 2026-09-25","{""comision_por_lado"": 0.0, ""cortes"": [""1998-02-28""], ""efectivo_en_mxn"": false, ""exposicion_inicial"": 0.0, ""exposicion_max"": 1.0, ""exposicion_min"": 0.0, ""extras"": [""pico"", ""spread"", ""valle""], ""fx"": false, ""max_dias_fx"": 10, ""min_historia"": 534, ""periodos_por_anio"": 12, ""permitir_capturas"": false, ""rebalanceo_con_deriva"": true, ""segmentos"": [""dentro_muestra"", ""fuera_muestra""], ""senal"": ""senal_probit_cont"", ""spread_por_lado"": 0.0, ""usuario"": {""escenario"": ""bruto"", ""regla"": ""w=1-P_rt""}, ""variante"": ""probit_cont""}",sensibilidad de costos: bruto
2026-09-25T06:37:24.140683Z,R07,23f621bb56,probit_cont,0,dentro_muestra,1970-12-31,1998-02-28,326,12,USD,36.68473847368875,0.14295166657511182,0.1318743298527053,0.5789922016887106,0.9120771202677236,-0.29617938966844504,0.48265230992317726,0.16714065175183557,-0.43643256801873287,7.344202154822761,0.9978186820939651,0.8603474401259451,1.0,0.49936626664146805,0.0,326,0.13485242836977895,0.06837674231400404,0.0,0.0,1998-02-28,e85ac74d630dff95,"French CRSP 202607 (Mkt-RF+RF, RF); FRED GS10, TB3MS (BEY), USREC; anuncios NBER; descarga 2026-09-25","{""comision_por_lado"": 0.0, ""cortes"": [""1998-02-28""], ""efectivo_en_mxn"": false, ""exposicion_inicial"": 0.0, ""exposicion_max"": 1.0, ""exposicion_min"": 0.0, ""extras"": [""pico"", ""spread"", ""valle""], ""fx"": false, ""max_dias_fx"": 10, ""min_historia"": 534, ""periodos_por_anio"": 12, ""permitir_capturas"": false, ""rebalanceo_con_deriva"": true, ""segmentos"": [""dentro_muestra"", ""fuera_muestra""], ""senal"": ""senal_probit_cont"", ""spread_por_lado"": 0.0, ""usuario"": {""escenario"": ""bruto"", ""regla"": ""w=1-P_rt""}, ""variante"": ""probit_cont""}",sensibilidad de costos: bruto
2026-09-25T06:37:24.140683Z,R07,23f621bb56,probit_cont,0,fuera_muestra,1998-02-28,2026-07-31,341,12,USD,8.366174618001477,0.08190019153618211,0.14009894417252614,0.4851371937232257,0.7032723637060639,-0.4918755830291407,0.1665059099535136,0.140047044695002,-0.5623869537317405,4.193351450717647,0.9932147335612292,0.8671621822300711,1.0,0.2362133715684589,0.0,341,0.09284123735505312,0.020913571447349844,0.0,0.0,1998-02-28,e85ac74d630dff95,"French CRSP 202607 (Mkt-RF+RF, RF); FRED GS10, TB3MS (BEY), USREC; anuncios NBER; descarga 2026-09-25","{""comision_por_lado"": 0.0, ""cortes"": [""1998-02-28""], ""efectivo_en_mxn"": false, ""exposicion_inicial"": 0.0, ""exposicion_max"": 1.0, ""exposicion_min"": 0.0, ""extras"": [""pico"", ""spread"", ""valle""], ""fx"": false, ""max_dias_fx"": 10, ""min_historia"": 534, ""periodos_por_anio"": 12, ""permitir_capturas"": false, ""rebalanceo_con_deriva"": true, ""segmentos"": [""dentro_muestra"", ""fuera_muestra""], ""senal"": ""senal_probit_cont"", ""spread_por_lado"": 0.0, ""usuario"": {""escenario"": ""bruto"", ""regla"": ""w=1-P_rt""}, ""variante"": ""probit_cont""}",sensibilidad de costos: bruto
2026-09-25T06:37:24.153183Z,R07,1b4712dbca,inv_fuera12,0,completo,1970-12-31,2026-07-31,667,12,USD,262.77824480141027,0.10550895453818288,0.1254832293978382,0.52319458232573,0.7813940069132559,-0.458768898895211,0.22998279698616306,0.15103326647215704,-0.6937322127229367,7.750102129861761,0.9998664681909759,0.7076461769115442,0.7076461769115442,0.2698758681838333,0.0,15,0.11317394584381812,0.043839181910870106,0.0,0.0,1998-02-28,e85ac74d630dff95,"French CRSP 202607 (Mkt-RF+RF, RF); FRED GS10, TB3MS (BEY), USREC; anuncios NBER; descarga 2026-09-25","{""comision_por_lado"": 0.0, ""cortes"": [""1998-02-28""], ""efectivo_en_mxn"": false, ""exposicion_inicial"": 0.0, ""exposicion_max"": 1.0, ""exposicion_min"": 0.0, ""extras"": [""pico"", ""spread"", ""valle""], ""fx"": false, ""max_dias_fx"": 10, ""min_historia"": 534, ""periodos_por_anio"": 12, ""permitir_capturas"": false, ""rebalanceo_con_deriva"": true, ""segmentos"": [""dentro_muestra"", ""fuera_muestra""], ""senal"": ""senal_inv_fuera12"", ""spread_por_lado"": 0.0, ""usuario"": {""escenario"": ""bruto"", ""regla"": ""w=0 si algun S<0 en t-12..t-1""}, ""variante"": ""inv_fuera12""}",sensibilidad de costos: bruto
2026-09-25T06:37:24.153183Z,R07,1b4712dbca,inv_fuera12,0,dentro_muestra,1970-12-31,1998-02-28,326,12,USD,35.08527722506703,0.14112815772928622,0.11779890559554958,0.6211264878403697,0.9803863885833797,-0.2985273547470001,0.4727478252332734,0.17930377247772214,-0.6763822226587777,11.081293934513877,0.9984006791758304,0.7085889570552147,0.7085889570552147,0.2577109162382824,0.0,7,0.13485242836977895,0.06837674231400404,0.0,0.0,1998-02-28,e85ac74d630dff95,"French CRSP 202607 (Mkt-RF+RF, RF); FRED GS10, TB3MS (BEY), USREC; anuncios NBER; descarga 2026-09-25","{""comision_por_lado"": 0.0, ""cortes"": [""1998-02-28""], ""efectivo_en_mxn"": false, ""exposicion_inicial"": 0.0, ""exposicion_max"": 1.0, ""exposicion_min"": 0.0, ""extras"": [""pico"", ""spread"", ""valle""], ""fx"": false, ""max_dias_fx"": 10, ""min_historia"": 534, ""periodos_por_anio"": 12, ""permitir_capturas"": false, ""rebalanceo_con_deriva"": true, ""segmentos"": [""dentro_muestra"", ""fuera_muestra""], ""senal"": ""senal_inv_fuera12"", ""spread_por_lado"": 0.0, ""usuario"": {""escenario"": ""bruto"", ""regla"": ""w=0 si algun S<0 en t-12..t-1""}, ""variante"": ""inv_fuera12""}",sensibilidad de costos: bruto
2026-09-25T06:37:24.153183Z,R07,1b4712dbca,inv_fuera12,0,fuera_muestra,1998-02-28,2026-07-31,341,12,USD,6.309857789264091,0.07250446157902135,0.1320185057126931,0.4405765108015352,0.6338495538618609,-0.458768898895211,0.15804136190056411,0.12718348355494621,-0.6907200492554341,5.562193510241993,0.9871142395677182,0.7067448680351907,0.7067448680351907,0.2815028901734104,0.0,8,0.09284123735505312,0.020913571447349844,0.0,0.0,1998-02-28,e85ac74d630dff95,"French CRSP 202607 (Mkt-RF+RF, RF); FRED GS10, TB3MS (BEY), USREC; anuncios NBER; descarga 2026-09-25","{""comision_por_lado"": 0.0, ""cortes"": [""1998-02-28""], ""efectivo_en_mxn"": false, ""exposicion_inicial"": 0.0, ""exposicion_max"": 1.0, ""exposicion_min"": 0.0, ""extras"": [""pico"", ""spread"", ""valle""], ""fx"": false, ""max_dias_fx"": 10, ""min_historia"": 534, ""periodos_por_anio"": 12, ""permitir_capturas"": false, ""rebalanceo_con_deriva"": true, ""segmentos"": [""dentro_muestra"", ""fuera_muestra""], ""senal"": ""senal_inv_fuera12"", ""spread_por_lado"": 0.0, ""usuario"": {""escenario"": ""bruto"", ""regla"": ""w=0 si algun S<0 en t-12..t-1""}, ""variante"": ""inv_fuera12""}",sensibilidad de costos: bruto
2026-09-25T06:37:24.165260Z,R07,ceb2a558c8,desinv12,0,completo,1970-12-31,2026-07-31,667,12,USD,332.80058902492215,0.11020169172505301,0.13864301681490784,0.5158405836444119,0.7583842368598436,-0.41616850531595717,0.26480065242175727,0.14891034991301744,-0.6930664907761837,6.055751935061864,0.9998487512881513,0.8515742128935532,0.8515742128935532,0.3058593172750111,0.0,17,0.11317394584381812,0.043839181910870106,0.0,0.0,1998-02-28,e85ac74d630dff95,"French CRSP 202607 (Mkt-RF+RF, RF); FRED GS10, TB3MS (BEY), USREC; anuncios NBER; descarga 2026-09-25","{""comision_por_lado"": 0.0, ""cortes"": [""1998-02-28""], ""efectivo_en_mxn"": false, ""exposicion_inicial"": 0.0, ""exposicion_max"": 1.0, ""exposicion_min"": 0.0, ""extras"": [""pico"", ""spread"", ""valle""], ""fx"": false, ""max_dias_fx"": 10, ""min_historia"": 534, ""periodos_por_anio"": 12, ""permitir_capturas"": false, ""rebalanceo_con_deriva"": true, ""segmentos"": [""dentro_muestra"", ""fuera_muestra""], ""senal"": ""senal_desinv12"", ""spread_por_lado"": 0.0, ""usuario"": {""escenario"": ""bruto"", ""regla"": ""w=0 12 meses tras des-inversion (S>=0 despues de 3 meses <0)""}, ""variante"": ""desinv12""}",sensibilidad de costos: bruto
2026-09-25T06:37:24.165260Z,R07,ceb2a558c8,desinv12,0,dentro_muestra,1970-12-31,1998-02-28,326,12,USD,24.363403338353102,0.126411529145823,0.13224724552745462,0.46764736703853566,0.68677392372754,-0.3411865698097505,0.3705055835471821,0.13499816662275915,-0.8222464526005421,8.0225663285375,0.9885887001518388,0.843558282208589,0.843558282208589,0.33134260659207737,0.0,9,0.13485242836977895,0.06837674231400404,0.0,0.0,1998-02-28,e85ac74d630dff95,"French CRSP 202607 (Mkt-RF+RF, RF); FRED GS10, TB3MS (BEY), USREC; anuncios NBER; descarga 2026-09-25","{""comision_por_lado"": 0.0, ""cortes"": [""1998-02-28""], ""efectivo_en_mxn"": false, ""exposicion_inicial"": 0.0, ""exposicion_max"": 1.0, ""exposicion_min"": 0.0, ""extras"": [""pico"", ""spread"", ""valle""], ""fx"": false, ""max_dias_fx"": 10, ""min_historia"": 534, ""periodos_por_anio"": 12, ""permitir_capturas"": false, ""rebalanceo_con_deriva"": true, ""segmentos"": [""dentro_muestra"", ""fuera_muestra""], ""senal"": ""senal_desinv12"", ""spread_por_lado"": 0.0, ""usuario"": {""escenario"": ""bruto"", ""regla"": ""w=0 12 meses tras des-inversion (S>=0 despues de 3 meses <0)""}, ""variante"": ""desinv12""}",sensibilidad de costos: bruto
2026-09-25T06:37:24.165260Z,R07,ceb2a558c8,desinv12,0,fuera_muestra,1998-02-28,2026-07-31,341,12,USD,12.160717612378441,0.09492672017627757,0.144585707332635,0.5584659466603207,0.8226129319386947,-0.4161685053159573,0.22809683809256232,0.16121523231878768,-0.6037317756288103,4.650870801410897,0.9975042557593403,0.8592375366568915,0.8592375366568915,0.2815028901734104,0.0,8,0.09284123735505312,0.020913571447349844,0.0,0.0,1998-02-28,e85ac74d630dff95,"French CRSP 202607 (Mkt-RF+RF, RF); FRED GS10, TB3MS (BEY), USREC; anuncios NBER; descarga 2026-09-25","{""comision_por_lado"": 0.0, ""cortes"": [""1998-02-28""], ""efectivo_en_mxn"": false, ""exposicion_inicial"": 0.0, ""exposicion_max"": 1.0, ""exposicion_min"": 0.0, ""extras"": [""pico"", ""spread"", ""valle""], ""fx"": false, ""max_dias_fx"": 10, ""min_historia"": 534, ""periodos_por_anio"": 12, ""permitir_capturas"": false, ""rebalanceo_con_deriva"": true, ""segmentos"": [""dentro_muestra"", ""fuera_muestra""], ""senal"": ""senal_desinv12"", ""spread_por_lado"": 0.0, ""usuario"": {""escenario"": ""bruto"", ""regla"": ""w=0 12 meses tras des-inversion (S>=0 despues de 3 meses <0)""}, ""variante"": ""desinv12""}",sensibilidad de costos: bruto
2026-09-25T06:37:24.175323Z,R07,78e0cf2886,comprar_y_mantener,0,completo,1970-12-31,2026-07-31,667,12,USD,386.2799417055842,0.11317394584381812,0.1569092127409733,0.4898051729621189,0.7232506986532271,-0.5031170717166413,0.22494554887129412,0.1413945742300753,-0.49780508586502836,4.772109623420575,0.9997641160913722,1.0,1.0,0.017991724545588887,0.0,1,0.11317394584381812,0.043839181910870106,0.0,0.0,1998-02-28,e85ac74d630dff95,"French CRSP 202607 (Mkt-RF+RF, RF); FRED GS10, TB3MS (BEY), USREC; anuncios NBER; descarga 2026-09-25","{""comision_por_lado"": 0.0, ""cortes"": [""1998-02-28""], ""efectivo_en_mxn"": false, ""exposicion_inicial"": 0.0, ""exposicion_max"": 1.0, ""exposicion_min"": 0.0, ""extras"": [""pico"", ""spread"", ""valle""], ""fx"": false, ""max_dias_fx"": 10, ""min_historia"": 534, ""periodos_por_anio"": 12, ""permitir_capturas"": false, ""rebalanceo_con_deriva"": true, ""segmentos"": [""dentro_muestra"", ""fuera_muestra""], ""senal"": ""senal_comprar_y_mantener"", ""spread_por_lado"": 0.0, ""usuario"": {""escenario"": ""bruto"", ""regla"": ""C&M""}, ""variante"": ""comprar_y_mantener""}",sensibilidad de costos: bruto
2026-09-25T06:37:24.175323Z,R07,78e0cf2886,comprar_y_mantener,0,dentro_muestra,1970-12-31,1998-02-28,326,12,USD,30.065310910744184,0.13485242836977895,0.15462737436639418,0.4683365685671951,0.7042798286384098,-0.46507549984195606,0.2899581431737537,0.13519712196680786,-0.4325359427262933,5.765119680209398,0.9904869716370225,1.0,1.0,0.03681584517689749,0.0,1,0.13485242836977895,0.06837674231400404,0.0,0.0,1998-02-28,e85ac74d630dff95,"French CRSP 202607 (Mkt-RF+RF, RF); FRED GS10, TB3MS (BEY), USREC; anuncios NBER; descarga 2026-09-25","{""comision_por_lado"": 0.0, ""cortes"": [""1998-02-28""], ""efectivo_en_mxn"": false, ""exposicion_inicial"": 0.0, ""exposicion_max"": 1.0, ""exposicion_min"": 0.0, ""extras"": [""pico"", ""spread"", ""valle""], ""fx"": false, ""max_dias_fx"": 10, ""min_historia"": 534, ""periodos_por_anio"": 12, ""permitir_capturas"": false, ""rebalanceo_con_deriva"": true, ""segmentos"": [""dentro_muestra"", ""fuera_muestra""], ""senal"": ""senal_comprar_y_mantener"", ""spread_por_lado"": 0.0, ""usuario"": {""escenario"": ""bruto"", ""regla"": ""C&M""}, ""variante"": ""comprar_y_mantener""}",sensibilidad de costos: bruto
2026-09-25T06:37:24.175323Z,R07,78e0cf2886,comprar_y_mantener,0,fuera_muestra,1998-02-28,2026-07-31,341,12,USD,11.466636590836107,0.09284123735505312,0.1591092634362624,0.5092135481345306,0.7409420528186756,-0.5031170717166414,0.1845320752847398,0.14699728954523786,-0.556624559884014,3.912932020806964,0.995162449452212,1.0,1.0,0.0,0.0,0,0.09284123735505312,0.020913571447349844,0.0,0.0,1998-02-28,e85ac74d630dff95,"French CRSP 202607 (Mkt-RF+RF, RF); FRED GS10, TB3MS (BEY), USREC; anuncios NBER; descarga 2026-09-25","{""comision_por_lado"": 0.0, ""cortes"": [""1998-02-28""], ""efectivo_en_mxn"": false, ""exposicion_inicial"": 0.0, ""exposicion_max"": 1.0, ""exposicion_min"": 0.0, ""extras"": [""pico"", ""spread"", ""valle""], ""fx"": false, ""max_dias_fx"": 10, ""min_historia"": 534, ""periodos_por_anio"": 12, ""permitir_capturas"": false, ""rebalanceo_con_deriva"": true, ""segmentos"": [""dentro_muestra"", ""fuera_muestra""], ""senal"": ""senal_comprar_y_mantener"", ""spread_por_lado"": 0.0, ""usuario"": {""escenario"": ""bruto"", ""regla"": ""C&M""}, ""variante"": ""comprar_y_mantener""}",sensibilidad de costos: bruto
2026-09-25T06:37:24.187341Z,R07,d6b24f55eb,sma10,0,completo,1970-12-31,2026-07-31,667,12,USD,246.3186445918988,0.10422815958852527,0.11759068881519942,0.538195982443492,0.7934444348902605,-0.2432801579060898,0.428428526541647,0.1553637976702626,-0.8369221442935278,8.177024062035034,0.9998928277788608,0.7586206896551724,0.7586206896551724,1.4933131372838775,0.0,83,0.11317394584381812,0.043839181910870106,0.0,0.0,1998-02-28,e85ac74d630dff95,"French CRSP 202607 (Mkt-RF+RF, RF); FRED GS10, TB3MS (BEY), USREC; anuncios NBER; descarga 2026-09-25","{""comision_por_lado"": 0.0, ""cortes"": [""1998-02-28""], ""efectivo_en_mxn"": false, ""exposicion_inicial"": 0.0, ""exposicion_max"": 1.0, ""exposicion_min"": 0.0, ""extras"": [""pico"", ""spread"", ""valle""], ""fx"": false, ""max_dias_fx"": 10, ""min_historia"": 534, ""periodos_por_anio"": 12, ""permitir_capturas"": false, ""rebalanceo_con_deriva"": true, ""segmentos"": [""dentro_muestra"", ""fuera_muestra""], ""senal"": ""media_movil_10"", ""spread_por_lado"": 0.0, ""usuario"": {""escenario"": ""bruto"", ""regla"": ""SMA10""}, ""variante"": ""sma10""}",sensibilidad de costos: bruto
2026-09-25T06:37:24.187341Z,R07,d6b24f55eb,sma10,0,dentro_muestra,1970-12-31,1998-02-28,326,12,USD,21.693485294274712,0.12180829933670756,0.12624408576244384,0.4511890818642275,0.6492350671264115,-0.2432801579060898,0.500691467751051,0.13024706893486593,-1.0145285217773126,9.298634841440089,0.9851196779658431,0.7668711656441718,0.7668711656441718,1.4358179618990021,0.0,39,0.13485242836977895,0.06837674231400404,0.0,0.0,1998-02-28,e85ac74d630dff95,"French CRSP 202607 (Mkt-RF+RF, RF); FRED GS10, TB3MS (BEY), USREC; anuncios NBER; descarga 2026-09-25","{""comision_por_lado"": 0.0, ""cortes"": [""1998-02-28""], ""efectivo_en_mxn"": false, ""exposicion_inicial"": 0.0, ""exposicion_max"": 1.0, ""exposicion_min"": 0.0, ""extras"": [""pico"", ""spread"", ""valle""], ""fx"": false, ""max_dias_fx"": 10, ""min_historia"": 534, ""periodos_por_anio"": 12, ""permitir_capturas"": false, ""rebalanceo_con_deriva"": true, ""segmentos"": [""dentro_muestra"", ""fuera_muestra""], ""senal"": ""media_movil_10"", ""spread_por_lado"": 0.0, ""usuario"": {""escenario"": ""bruto"", ""regla"": ""SMA10""}, ""variante"": ""sma10""}",sensibilidad de costos: bruto
2026-09-25T06:37:24.187341Z,R07,d6b24f55eb,sma10,0,fuera_muestra,1998-02-28,2026-07-31,341,12,USD,9.898222171906486,0.08768296543487542,0.10865547431524897,0.6374116914908358,0.9729720533381641,-0.17641681233830964,0.4970215948961158,0.18400490583342438,-0.536329365208835,5.660782684515517,0.9992644475255621,0.750733137829912,0.750733137829912,1.5482658959537572,0.0,44,0.09284123735505312,0.020913571447349844,0.0,0.0,1998-02-28,e85ac74d630dff95,"French CRSP 202607 (Mkt-RF+RF, RF); FRED GS10, TB3MS (BEY), USREC; anuncios NBER; descarga 2026-09-25","{""comision_por_lado"": 0.0, ""cortes"": [""1998-02-28""], ""efectivo_en_mxn"": false, ""exposicion_inicial"": 0.0, ""exposicion_max"": 1.0, ""exposicion_min"": 0.0, ""extras"": [""pico"", ""spread"", ""valle""], ""fx"": false, ""max_dias_fx"": 10, ""min_historia"": 534, ""periodos_por_anio"": 12, ""permitir_capturas"": false, ""rebalanceo_con_deriva"": true, ""segmentos"": [""dentro_muestra"", ""fuera_muestra""], ""senal"": ""media_movil_10"", ""spread_por_lado"": 0.0, ""usuario"": {""escenario"": ""bruto"", ""regla"": ""SMA10""}, ""variante"": ""sma10""}",sensibilidad de costos: bruto
2026-09-25T06:37:24.199330Z,R07,bf689e9d85,inv1,0,completo,1970-12-31,2026-07-31,667,12,USD,488.33127731160954,0.11786818437788482,0.1437830513484384,0.5510910109903175,0.8357895009685051,-0.5031170717166413,0.23427585944503374,0.15908627177162143,-0.4769387859622757,5.582105566382659,0.9999530517065771,0.8710644677661169,0.8710644677661169,0.3418427663661888,0.0011622654056450419,19,0.11317394584381812,0.043839181910870106,0.0029,0.0005,1998-02-28,e85ac74d630dff95,"French CRSP 202607 (Mkt-RF+RF, RF); FRED GS10, TB3MS (BEY), USREC; anuncios NBER; descarga 2026-09-25","{""comision_por_lado"": 0.0029, ""cortes"": [""1998-02-28""], ""efectivo_en_mxn"": false, ""exposicion_inicial"": 0.0, ""exposicion_max"": 1.0, ""exposicion_min"": 0.0, ""extras"": [""pico"", ""spread"", ""valle""], ""fx"": false, ""max_dias_fx"": 10, ""min_historia"": 534, ""periodos_por_anio"": 12, ""permitir_capturas"": false, ""rebalanceo_con_deriva"": true, ""segmentos"": [""dentro_muestra"", ""fuera_muestra""], ""senal"": ""senal_inv1"", ""spread_por_lado"": 0.0005, ""usuario"": {""regla"": ""w=0 si S_{t-1}<0"", ""spread"": ""GS10-TB3MS (descuento)""}, ""variante"": ""inv1""}",sensibilidad: spread en base descuento
2026-09-25T06:37:24.199330Z,R07,bf689e9d85,inv1,0,dentro_muestra,1970-12-31,1998-02-28,326,12,USD,46.71775515913005,0.15292756611798564,0.13712498460289302,0.627312211265036,0.9918279159353508,-0.2985273547470001,0.5122732094269575,0.18108943701990396,-0.4528863466691927,7.329189096618723,0.9989146410114209,0.8711656441717791,0.8711656441717791,0.33134260659207737,0.001126564862413063,9,0.13485242836977895,0.06837674231400404,0.0029,0.0005,1998-02-28,e85ac74d630dff95,"French CRSP 202607 (Mkt-RF+RF, RF); FRED GS10, TB3MS (BEY), USREC; anuncios NBER; descarga 2026-09-25","{""comision_por_lado"": 0.0029, ""cortes"": [""1998-02-28""], ""efectivo_en_mxn"": false, ""exposicion_inicial"": 0.0, ""exposicion_max"": 1.0, ""exposicion_min"": 0.0, ""extras"": [""pico"", ""spread"", ""valle""], ""fx"": false, ""max_dias_fx"": 10, ""min_historia"": 534, ""periodos_por_anio"": 12, ""permitir_capturas"": false, ""rebalanceo_con_deriva"": true, ""segmentos"": [""dentro_muestra"", ""fuera_muestra""], ""senal"": ""senal_inv1"", ""spread_por_lado"": 0.0005, ""usuario"": {""regla"": ""w=0 si S_{t-1}<0"", ""spread"": ""GS10-TB3MS (descuento)""}, ""variante"": ""inv1""}",sensibilidad: spread en base descuento
2026-09-25T06:37:24.199330Z,R07,bf689e9d85,inv1,0,fuera_muestra,1998-02-28,2026-07-31,341,12,USD,9.254700282521195,0.08535601461201536,0.14959805028589473,0.48467942819224424,0.713397753341805,-0.5031170717166412,0.16965437948821666,0.13991489916873306,-0.4862932814347036,4.331227223630006,0.9933853615294567,0.8709677419354839,0.8709677419354839,0.351878612716763,0.0011963872832369941,10,0.09284123735505312,0.020913571447349844,0.0029,0.0005,1998-02-28,e85ac74d630dff95,"French CRSP 202607 (Mkt-RF+RF, RF); FRED GS10, TB3MS (BEY), USREC; anuncios NBER; descarga 2026-09-25","{""comision_por_lado"": 0.0029, ""cortes"": [""1998-02-28""], ""efectivo_en_mxn"": false, ""exposicion_inicial"": 0.0, ""exposicion_max"": 1.0, ""exposicion_min"": 0.0, ""extras"": [""pico"", ""spread"", ""valle""], ""fx"": false, ""max_dias_fx"": 10, ""min_historia"": 534, ""periodos_por_anio"": 12, ""permitir_capturas"": false, ""rebalanceo_con_deriva"": true, ""segmentos"": [""dentro_muestra"", ""fuera_muestra""], ""senal"": ""senal_inv1"", ""spread_por_lado"": 0.0005, ""usuario"": {""regla"": ""w=0 si S_{t-1}<0"", ""spread"": ""GS10-TB3MS (descuento)""}, ""variante"": ""inv1""}",sensibilidad: spread en base descuento
2026-09-25T06:37:24.212505Z,R07,ad785c46ff,inv3,0,completo,1970-12-31,2026-07-31,667,12,USD,385.4475090979399,0.11313085165981973,0.14903826698230893,0.5078177209563413,0.7635705966728414,-0.5031170717166412,0.22485989448502705,0.14659434894670295,-0.4364580465141992,5.384929602927451,0.9998570228402305,0.896551724137931,0.896551724137931,0.2698758681838333,0.0009175779518250331,15,0.11317394584381812,0.043839181910870106,0.0029,0.0005,1998-02-28,e85ac74d630dff95,"French CRSP 202607 (Mkt-RF+RF, RF); FRED GS10, TB3MS (BEY), USREC; anuncios NBER; descarga 2026-09-25","{""comision_por_lado"": 0.0029, ""cortes"": [""1998-02-28""], ""efectivo_en_mxn"": false, ""exposicion_inicial"": 0.0, ""exposicion_max"": 1.0, ""exposicion_min"": 0.0, ""extras"": [""pico"", ""spread"", ""valle""], ""fx"": false, ""max_dias_fx"": 10, ""min_historia"": 534, ""periodos_por_anio"": 12, ""permitir_capturas"": false, ""rebalanceo_con_deriva"": true, ""segmentos"": [""dentro_muestra"", ""fuera_muestra""], ""senal"": ""senal_inv3"", ""spread_por_lado"": 0.0005, ""usuario"": {""regla"": ""w=0 si S<0 en t-1,t-2,t-3 (regla 6(1) cap. 04)"", ""spread"": ""GS10-TB3MS (descuento)""}, ""variante"": ""inv3""}",sensibilidad: spread en base descuento
2026-09-25T06:37:24.212505Z,R07,ad785c46ff,inv3,0,dentro_muestra,1970-12-31,1998-02-28,326,12,USD,44.38763752846822,0.15080451560208874,0.14365521045197066,0.5911575136126201,0.9342742371929197,-0.298527354747,0.5051614641140495,0.17065247480885806,-0.32894651325086177,6.905456416615394,0.9983294088079979,0.8957055214723927,0.8957055214723927,0.2577109162382824,0.0008762171152101602,7,0.13485242836977895,0.06837674231400404,0.0029,0.0005,1998-02-28,e85ac74d630dff95,"French CRSP 202607 (Mkt-RF+RF, RF); FRED GS10, TB3MS (BEY), USREC; anuncios NBER; descarga 2026-09-25","{""comision_por_lado"": 0.0029, ""cortes"": [""1998-02-28""], ""efectivo_en_mxn"": false, ""exposicion_inicial"": 0.0, ""exposicion_max"": 1.0, ""exposicion_min"": 0.0, ""extras"": [""pico"", ""spread"", ""valle""], ""fx"": false, ""max_dias_fx"": 10, ""min_historia"": 534, ""periodos_por_anio"": 12, ""permitir_capturas"": false, ""rebalanceo_con_deriva"": true, ""segmentos"": [""dentro_muestra"", ""fuera_muestra""], ""senal"": ""senal_inv3"", ""spread_por_lado"": 0.0005, ""usuario"": {""regla"": ""w=0 si S<0 en t-1,t-2,t-3 (regla 6(1) cap. 04)"", ""spread"": ""GS10-TB3MS (descuento)""}, ""variante"": ""inv3""}",sensibilidad: spread en base descuento
2026-09-25T06:37:24.212505Z,R07,ad785c46ff,inv3,0,fuera_muestra,1998-02-28,2026-07-31,341,12,USD,7.514378146594446,0.07827638116601077,0.15367573162080914,0.4332684305464664,0.6277198351327598,-0.5031170717166414,0.15558283661282019,0.12507382250368454,-0.5132499080701498,4.2176378068737845,0.9868754143463679,0.8973607038123167,0.8973607038123167,0.2815028901734104,0.0009571098265895953,8,0.09284123735505312,0.020913571447349844,0.0029,0.0005,1998-02-28,e85ac74d630dff95,"French CRSP 202607 (Mkt-RF+RF, RF); FRED GS10, TB3MS (BEY), USREC; anuncios NBER; descarga 2026-09-25","{""comision_por_lado"": 0.0029, ""cortes"": [""1998-02-28""], ""efectivo_en_mxn"": false, ""exposicion_inicial"": 0.0, ""exposicion_max"": 1.0, ""exposicion_min"": 0.0, ""extras"": [""pico"", ""spread"", ""valle""], ""fx"": false, ""max_dias_fx"": 10, ""min_historia"": 534, ""periodos_por_anio"": 12, ""permitir_capturas"": false, ""rebalanceo_con_deriva"": true, ""segmentos"": [""dentro_muestra"", ""fuera_muestra""], ""senal"": ""senal_inv3"", ""spread_por_lado"": 0.0005, ""usuario"": {""regla"": ""w=0 si S<0 en t-1,t-2,t-3 (regla 6(1) cap. 04)"", ""spread"": ""GS10-TB3MS (descuento)""}, ""variante"": ""inv3""}",sensibilidad: spread en base descuento
2026-09-25T06:37:24.224192Z,R07,8f07879834,inv3_medio,0,completo,1970-12-31,2026-07-31,667,12,USD,391.4382549898665,0.11343897514871348,0.1509594347172718,0.5047558249670803,0.7551769880671534,-0.5031170717166416,0.22547232349253887,0.14571045570988772,-0.44363391935921787,5.134234024360429,0.9998453668391473,0.9482758620689655,1.0,0.15345870746279933,0.0005217596053735176,15,0.11317394584381812,0.043839181910870106,0.0029,0.0005,1998-02-28,e85ac74d630dff95,"French CRSP 202607 (Mkt-RF+RF, RF); FRED GS10, TB3MS (BEY), USREC; anuncios NBER; descarga 2026-09-25","{""comision_por_lado"": 0.0029, ""cortes"": [""1998-02-28""], ""efectivo_en_mxn"": false, ""exposicion_inicial"": 0.0, ""exposicion_max"": 1.0, ""exposicion_min"": 0.0, ""extras"": [""pico"", ""spread"", ""valle""], ""fx"": false, ""max_dias_fx"": 10, ""min_historia"": 534, ""periodos_por_anio"": 12, ""permitir_capturas"": false, ""rebalanceo_con_deriva"": true, ""segmentos"": [""dentro_muestra"", ""fuera_muestra""], ""senal"": ""senal_inv3_medio"", ""spread_por_lado"": 0.0005, ""usuario"": {""regla"": ""w=0.5 si S<0 en t-1,t-2,t-3"", ""spread"": ""GS10-TB3MS (descuento)""}, ""variante"": ""inv3_medio""}",sensibilidad: spread en base descuento
2026-09-25T06:37:24.224192Z,R07,8f07879834,inv3_medio,0,dentro_muestra,1970-12-31,1998-02-28,326,12,USD,36.875453032080316,0.14316410091016474,0.14650692566997345,0.5360862749030094,0.8360609690508121,-0.3654150461635801,0.3917849098257342,0.1547547775620581,-0.31570797653281235,6.403313959918146,0.9963524496122957,0.9478527607361963,1.0,0.1584742658690169,0.0005388125039546571,7,0.13485242836977895,0.06837674231400404,0.0029,0.0005,1998-02-28,e85ac74d630dff95,"French CRSP 202607 (Mkt-RF+RF, RF); FRED GS10, TB3MS (BEY), USREC; anuncios NBER; descarga 2026-09-25","{""comision_por_lado"": 0.0029, ""cortes"": [""1998-02-28""], ""efectivo_en_mxn"": false, ""exposicion_inicial"": 0.0, ""exposicion_max"": 1.0, ""exposicion_min"": 0.0, ""extras"": [""pico"", ""spread"", ""valle""], ""fx"": false, ""max_dias_fx"": 10, ""min_historia"": 534, ""periodos_por_anio"": 12, ""permitir_capturas"": false, ""rebalanceo_con_deriva"": true, ""segmentos"": [""dentro_muestra"", ""fuera_muestra""], ""senal"": ""senal_inv3_medio"", ""spread_por_lado"": 0.0005, ""usuario"": {""regla"": ""w=0.5 si S<0 en t-1,t-2,t-3"", ""spread"": ""GS10-TB3MS (descuento)""}, ""variante"": ""inv3_medio""}",sensibilidad: spread en base descuento
2026-09-25T06:37:24.224192Z,R07,8f07879834,inv3_medio,0,fuera_muestra,1998-02-28,2026-07-31,341,12,USD,9.361282138525766,0.08575097833251788,0.15497538975968403,0.47601609325969624,0.689889978542613,-0.5031170717166413,0.1704394129182191,0.13741400979103982,-0.5453983485343508,4.125636419692554,0.9923933975064598,0.9486803519061584,1.0,0.14866493530980474,0.000505460780053336,8,0.09284123735505312,0.020913571447349844,0.0029,0.0005,1998-02-28,e85ac74d630dff95,"French CRSP 202607 (Mkt-RF+RF, RF); FRED GS10, TB3MS (BEY), USREC; anuncios NBER; descarga 2026-09-25","{""comision_por_lado"": 0.0029, ""cortes"": [""1998-02-28""], ""efectivo_en_mxn"": false, ""exposicion_inicial"": 0.0, ""exposicion_max"": 1.0, ""exposicion_min"": 0.0, ""extras"": [""pico"", ""spread"", ""valle""], ""fx"": false, ""max_dias_fx"": 10, ""min_historia"": 534, ""periodos_por_anio"": 12, ""permitir_capturas"": false, ""rebalanceo_con_deriva"": true, ""segmentos"": [""dentro_muestra"", ""fuera_muestra""], ""senal"": ""senal_inv3_medio"", ""spread_por_lado"": 0.0005, ""usuario"": {""regla"": ""w=0.5 si S<0 en t-1,t-2,t-3"", ""spread"": ""GS10-TB3MS (descuento)""}, ""variante"": ""inv3_medio""}",sensibilidad: spread en base descuento
2026-09-25T06:37:24.238755Z,R07,8d1606aa58,inv_fuera12,0,completo,1993-11-30,2026-07-31,392,12,MXN,93.62578711010703,0.14945671543701455,0.16009622868213527,0.4958024451170859,0.7048197069036369,-0.29617895531699445,0.50461625565886,0.1431258375766121,-0.932516886239876,6.489397525421188,0.9956792740792217,0.7448979591836735,0.7448979591836735,0.27552175006286145,0.0009367739502137289,9,0.1694929348712011,0.0799444377424996,0.0029,0.0005,1998-02-28,6f7a2f88fb30b19e,"French CRSP 202607 (Mkt-RF+RF, RF); FRED GS10, TB3MS (BEY), USREC; anuncios NBER; descarga 2026-09-25","{""comision_por_lado"": 0.0029, ""cortes"": [""1998-02-28""], ""efectivo_en_mxn"": false, ""exposicion_inicial"": 0.0, ""exposicion_max"": 1.0, ""exposicion_min"": 0.0, ""extras"": [""fx"", ""pico"", ""spread"", ""valle""], ""fx"": true, ""max_dias_fx"": 10, ""min_historia"": 534, ""periodos_por_anio"": 12, ""permitir_capturas"": false, ""rebalanceo_con_deriva"": true, ""segmentos"": [""dentro_muestra"", ""fuera_muestra""], ""senal"": ""senal_inv_fuera12"", ""spread_por_lado"": 0.0005, ""usuario"": {""moneda"": ""MXN""}, ""variante"": ""inv_fuera12""}",sensibilidad MXN (DEXMXUS)
2026-09-25T06:37:24.238755Z,R07,8d1606aa58,inv_fuera12,0,dentro_muestra,1993-11-30,1998-02-28,51,12,MXN,5.548164816985787,0.5566488003539856,0.2742036160320722,1.4563957999457595,2.6301463771296314,-0.09028225806451595,6.165649954791813,0.4204252535726623,-0.4383944630332299,2.637322411995583,0.9959984953132794,1.0,1.0,0.23549323017408125,0.0008006769825918762,1,0.5578977976739656,0.3313507192415628,0.0029,0.0005,1998-02-28,6f7a2f88fb30b19e,"French CRSP 202607 (Mkt-RF+RF, RF); FRED GS10, TB3MS (BEY), USREC; anuncios NBER; descarga 2026-09-25","{""comision_por_lado"": 0.0029, ""cortes"": [""1998-02-28""], ""efectivo_en_mxn"": false, ""exposicion_inicial"": 0.0, ""exposicion_max"": 1.0, ""exposicion_min"": 0.0, ""extras"": [""fx"", ""pico"", ""spread"", ""valle""], ""fx"": true, ""max_dias_fx"": 10, ""min_historia"": 534, ""periodos_por_anio"": 12, ""permitir_capturas"": false, ""rebalanceo_con_deriva"": true, ""segmentos"": [""dentro_muestra"", ""fuera_muestra""], ""senal"": ""senal_inv_fuera12"", ""spread_por_lado"": 0.0005, ""usuario"": {""moneda"": ""MXN""}, ""variante"": ""inv_fuera12""}",sensibilidad MXN (DEXMXUS)
2026-09-25T06:37:24.238755Z,R07,8d1606aa58,inv_fuera12,0,fuera_muestra,1998-02-28,2026-07-31,341,12,MXN,13.450733870450241,0.09853537089894449,0.12984178008888494,0.37860132933088186,0.5265591306367238,-0.2961789553169948,0.3326886300665215,0.1092927897023674,-0.9506460399659867,6.642541678208258,0.9715191809547776,0.7067448680351907,0.7067448680351907,0.2815028901734104,0.0009571098265895953,8,0.12043943948345293,0.04669533931751335,0.0029,0.0005,1998-02-28,6f7a2f88fb30b19e,"French CRSP 202607 (Mkt-RF+RF, RF); FRED GS10, TB3MS (BEY), USREC; anuncios NBER; descarga 2026-09-25","{""comision_por_lado"": 0.0029, ""cortes"": [""1998-02-28""], ""efectivo_en_mxn"": false, ""exposicion_inicial"": 0.0, ""exposicion_max"": 1.0, ""exposicion_min"": 0.0, ""extras"": [""fx"", ""pico"", ""spread"", ""valle""], ""fx"": true, ""max_dias_fx"": 10, ""min_historia"": 534, ""periodos_por_anio"": 12, ""permitir_capturas"": false, ""rebalanceo_con_deriva"": true, ""segmentos"": [""dentro_muestra"", ""fuera_muestra""], ""senal"": ""senal_inv_fuera12"", ""spread_por_lado"": 0.0005, ""usuario"": {""moneda"": ""MXN""}, ""variante"": ""inv_fuera12""}",sensibilidad MXN (DEXMXUS)
2026-09-25T06:37:24.252118Z,R07,a8a060210e,comprar_y_mantener,0,completo,1993-11-30,2026-07-31,392,12,MXN,164.83752748151295,0.16937100598494137,0.1669232673685158,0.5377313814971924,0.768611372583657,-0.3986273085655938,0.42488560704583916,0.1552296789295567,-0.7742314731094355,4.719586220642732,0.9979577393569319,1.0,1.0,0.030613527784762385,0.0001040859944681921,1,0.1694929348712011,0.0799444377424996,0.0029,0.0005,1998-02-28,6f7a2f88fb30b19e,"French CRSP 202607 (Mkt-RF+RF, RF); FRED GS10, TB3MS (BEY), USREC; anuncios NBER; descarga 2026-09-25","{""comision_por_lado"": 0.0029, ""cortes"": [""1998-02-28""], ""efectivo_en_mxn"": false, ""exposicion_inicial"": 0.0, ""exposicion_max"": 1.0, ""exposicion_min"": 0.0, ""extras"": [""fx"", ""pico"", ""spread"", ""valle""], ""fx"": true, ""max_dias_fx"": 10, ""min_historia"": 534, ""periodos_por_anio"": 12, ""permitir_capturas"": false, ""rebalanceo_con_deriva"": true, ""segmentos"": [""dentro_muestra"", ""fuera_muestra""], ""senal"": ""senal_comprar_y_mantener"", ""spread_por_lado"": 0.0005, ""usuario"": {""moneda"": ""MXN""}, ""variante"": ""comprar_y_mantener""}",sensibilidad MXN (DEXMXUS)
2026-09-25T06:37:24.252118Z,R07,a8a060210e,comprar_y_mantener,0,dentro_muestra,1993-11-30,1998-02-28,51,12,MXN,5.548164816985787,0.5566488003539856,0.2742036160320722,1.4563957999457595,2.6301463771296314,-0.09028225806451595,6.165649954791813,0.4204252535726623,-0.4383944630332299,2.637322411995583,0.9959984953132794,1.0,1.0,0.23549323017408125,0.0008006769825918762,1,0.5578977976739656,0.3313507192415628,0.0029,0.0005,1998-02-28,6f7a2f88fb30b19e,"French CRSP 202607 (Mkt-RF+RF, RF); FRED GS10, TB3MS (BEY), USREC; anuncios NBER; descarga 2026-09-25","{""comision_por_lado"": 0.0029, ""cortes"": [""1998-02-28""], ""efectivo_en_mxn"": false, ""exposicion_inicial"": 0.0, ""exposicion_max"": 1.0, ""exposicion_min"": 0.0, ""extras"": [""fx"", ""pico"", ""spread"", ""valle""], ""fx"": true, ""max_dias_fx"": 10, ""min_historia"": 534, ""periodos_por_anio"": 12, ""permitir_capturas"": false, ""rebalanceo_con_deriva"": true, ""segmentos"": [""dentro_muestra"", ""fuera_muestra""], ""senal"": ""senal_comprar_y_mantener"", ""spread_por_lado"": 0.0005, ""usuario"": {""moneda"": ""MXN""}, ""variante"": ""comprar_y_mantener""}",sensibilidad MXN (DEXMXUS)
2026-09-25T06:37:24.252118Z,R07,a8a060210e,comprar_y_mantener,0,fuera_muestra,1998-02-28,2026-07-31,341,12,MXN,24.325802284532372,0.12043943948345293,0.13998972845923438,0.4465401602173276,0.6293274132856972,-0.3986273085655936,0.30213544555398864,0.12890504085272636,-0.7493419561280122,4.584936918209213,0.9879187884960696,1.0,1.0,0.0,0.0,0,0.12043943948345293,0.04669533931751335,0.0029,0.0005,1998-02-28,6f7a2f88fb30b19e,"French CRSP 202607 (Mkt-RF+RF, RF); FRED GS10, TB3MS (BEY), USREC; anuncios NBER; descarga 2026-09-25","{""comision_por_lado"": 0.0029, ""cortes"": [""1998-02-28""], ""efectivo_en_mxn"": false, ""exposicion_inicial"": 0.0, ""exposicion_max"": 1.0, ""exposicion_min"": 0.0, ""extras"": [""fx"", ""pico"", ""spread"", ""valle""], ""fx"": true, ""max_dias_fx"": 10, ""min_historia"": 534, ""periodos_por_anio"": 12, ""permitir_capturas"": false, ""rebalanceo_con_deriva"": true, ""segmentos"": [""dentro_muestra"", ""fuera_muestra""], ""senal"": ""senal_comprar_y_mantener"", ""spread_por_lado"": 0.0005, ""usuario"": {""moneda"": ""MXN""}, ""variante"": ""comprar_y_mantener""}",sensibilidad MXN (DEXMXUS)
2026-09-25T06:37:24.266429Z,R07,ef0128610d,sma10,0,completo,1993-11-30,2026-07-31,392,12,MXN,115.25612853933481,0.15672378473804227,0.15584476215206186,0.6459807026550789,0.9769334191495445,-0.24012895283734714,0.6526650905115974,0.1864785662846067,-0.6752349352099629,6.043366195333745,0.9996743826847665,0.7678571428571429,0.7678571428571429,1.5000628614533569,0.005100213728941408,49,0.1694929348712011,0.0799444377424996,0.0029,0.0005,1998-02-28,6f7a2f88fb30b19e,"French CRSP 202607 (Mkt-RF+RF, RF); FRED GS10, TB3MS (BEY), USREC; anuncios NBER; descarga 2026-09-25","{""comision_por_lado"": 0.0029, ""cortes"": [""1998-02-28""], ""efectivo_en_mxn"": false, ""exposicion_inicial"": 0.0, ""exposicion_max"": 1.0, ""exposicion_min"": 0.0, ""extras"": [""fx"", ""pico"", ""spread"", ""valle""], ""fx"": true, ""max_dias_fx"": 10, ""min_historia"": 534, ""periodos_por_anio"": 12, ""permitir_capturas"": false, ""rebalanceo_con_deriva"": true, ""segmentos"": [""dentro_muestra"", ""fuera_muestra""], ""senal"": ""media_movil_10"", ""spread_por_lado"": 0.0005, ""usuario"": {""moneda"": ""MXN""}, ""variante"": ""sma10""}",sensibilidad MXN (DEXMXUS)
2026-09-25T06:37:24.266429Z,R07,ef0128610d,sma10,0,dentro_muestra,1993-11-30,1998-02-28,51,12,MXN,5.099966389588476,0.530873467448933,0.26829225504753385,1.312687473448681,2.3916824301516217,-0.09028225806451606,5.880152743516547,0.3789402330787229,-0.2937462246512394,2.6610519772151036,0.9933607815785118,0.8823529411764706,0.8823529411764706,1.1774661508704063,0.00400338491295938,5,0.5578977976739656,0.3313507192415628,0.0029,0.0005,1998-02-28,6f7a2f88fb30b19e,"French CRSP 202607 (Mkt-RF+RF, RF); FRED GS10, TB3MS (BEY), USREC; anuncios NBER; descarga 2026-09-25","{""comision_por_lado"": 0.0029, ""cortes"": [""1998-02-28""], ""efectivo_en_mxn"": false, ""exposicion_inicial"": 0.0, ""exposicion_max"": 1.0, ""exposicion_min"": 0.0, ""extras"": [""fx"", ""pico"", ""spread"", ""valle""], ""fx"": true, ""max_dias_fx"": 10, ""min_historia"": 534, ""periodos_por_anio"": 12, ""permitir_capturas"": false, ""rebalanceo_con_deriva"": true, ""segmentos"": [""dentro_muestra"", ""fuera_muestra""], ""senal"": ""media_movil_10"", ""spread_por_lado"": 0.0005, ""usuario"": {""moneda"": ""MXN""}, ""variante"": ""sma10""}",sensibilidad MXN (DEXMXUS)
2026-09-25T06:37:24.266429Z,R07,ef0128610d,sma10,0,fuera_muestra,1998-02-28,2026-07-31,341,12,MXN,18.058486738183138,0.10928610632567004,0.12651256556240736,0.5472162493519493,0.807575197390755,-0.24012895283734736,0.455114241886923,0.15796772443414267,-0.7375231394244015,6.522986883949481,0.9966867069923626,0.750733137829912,0.750733137829912,1.5482658959537572,0.005264104046242771,44,0.12043943948345293,0.04669533931751335,0.0029,0.0005,1998-02-28,6f7a2f88fb30b19e,"French CRSP 202607 (Mkt-RF+RF, RF); FRED GS10, TB3MS (BEY), USREC; anuncios NBER; descarga 2026-09-25","{""comision_por_lado"": 0.0029, ""cortes"": [""1998-02-28""], ""efectivo_en_mxn"": false, ""exposicion_inicial"": 0.0, ""exposicion_max"": 1.0, ""exposicion_min"": 0.0, ""extras"": [""fx"", ""pico"", ""spread"", ""valle""], ""fx"": true, ""max_dias_fx"": 10, ""min_historia"": 534, ""periodos_por_anio"": 12, ""permitir_capturas"": false, ""rebalanceo_con_deriva"": true, ""segmentos"": [""dentro_muestra"", ""fuera_muestra""], ""senal"": ""media_movil_10"", ""spread_por_lado"": 0.0005, ""usuario"": {""moneda"": ""MXN""}, ""variante"": ""sma10""}",sensibilidad MXN (DEXMXUS)
