fecha_registro_utc,id_replica,corrida,variante,es_prueba,segmento,fecha_inicio,fecha_fin,n_periodos,periodos_por_anio,moneda,rendimiento_total,cagr,vol_anual,sharpe,sortino,mdd,calmar,sharpe_periodo,asimetria,curtosis,psr,exposicion_media,tiempo_invertido,rotacion_anual,costo_anual,n_cambios_senal,cagr_activo_sin_costos,cagr_efectivo,comision_por_lado,spread_por_lado,cortes,huella_datos,fuente_datos,parametros_json,nota
2026-09-25T06:51:33.670792Z,R08,35d0256c43,mxn_h000,1,completo,1993-12-31,2026-07-31,391,12,MXN,161.6463798458471,0.1691502789374486,0.16712737481559903,0.3833101535136045,0.6556570211609707,-0.3986273085655936,0.42433188921780846,0.11065211015709817,2.096519347590452,23.671828828770643,0.9915282688819589,1.0,1.0,0.030693277310924375,0.00010435714285714287,1,0.16927250239528435,0.11172233927432984,0.0029,0.0005,2007-05-31,d93425e0e4741dff,French F-F_Research_Data_Factors CRSP 202607 sha256 b840dba55d319f48; FRED DEXMXUS huella 28098d0c456254a0; Banxico SF43936 huella 379eb41bf5f8814a,"{""comision_por_lado"": 0.0029, ""cortes"": [""2007-05-31""], ""efectivo_en_mxn"": true, ""exposicion_inicial"": 0.0, ""exposicion_max"": 1.0, ""exposicion_min"": 0.0, ""extras"": [""fx""], ""fx"": true, ""max_dias_fx"": 10, ""min_historia"": 1, ""periodos_por_anio"": 12, ""permitir_capturas"": false, ""rebalanceo_con_deriva"": true, ""segmentos"": [""dentro_muestra"", ""fuera_muestra""], ""senal"": ""senal_comprar_y_mantener"", ""spread_por_lado"": 0.0005, ""usuario"": {""efectivo"": ""CETES28 SF43936"", ""fx"": ""DEXMXUS"", ""h"": 0.0}, ""variante"": ""mxn_h000""}",P1 sin cubrir (conversion del motor)
2026-09-25T06:51:33.670792Z,R08,35d0256c43,mxn_h000,1,dentro_muestra,1993-12-31,2007-05-31,161,12,MXN,13.209301031691227,0.2187966393495755,0.2017367039530032,0.2371141212342199,0.4235712065929111,-0.3986273085655936,0.5488751890503578,0.06844895086161921,2.940533385396536,26.77332320394511,0.8291933612499737,1.0,1.0,0.07455603184323331,0.00025349050826699326,1,0.2191061584387033,0.18374024165064107,0.0029,0.0005,2007-05-31,d93425e0e4741dff,French F-F_Research_Data_Factors CRSP 202607 sha256 b840dba55d319f48; FRED DEXMXUS huella 28098d0c456254a0; Banxico SF43936 huella 379eb41bf5f8814a,"{""comision_por_lado"": 0.0029, ""cortes"": [""2007-05-31""], ""efectivo_en_mxn"": true, ""exposicion_inicial"": 0.0, ""exposicion_max"": 1.0, ""exposicion_min"": 0.0, ""extras"": [""fx""], ""fx"": true, ""max_dias_fx"": 10, ""min_historia"": 1, ""periodos_por_anio"": 12, ""permitir_capturas"": false, ""rebalanceo_con_deriva"": true, ""segmentos"": [""dentro_muestra"", ""fuera_muestra""], ""senal"": ""senal_comprar_y_mantener"", ""spread_por_lado"": 0.0005, ""usuario"": {""efectivo"": ""CETES28 SF43936"", ""fx"": ""DEXMXUS"", ""h"": 0.0}, ""variante"": ""mxn_h000""}",P1 sin cubrir (conversion del motor)
2026-09-25T06:51:33.670792Z,R08,35d0256c43,mxn_h000,1,fuera_muestra,2007-05-31,2026-07-31,230,12,MXN,10.446472946353536,0.1356175247443545,0.1375156572543321,0.542592100504438,0.8789758748531012,-0.29971589617506866,0.4524869267032077,0.15663284764320087,0.11485829466018538,4.126570883952664,0.9910789941931004,1.0,1.0,0.0,0.0,0,0.1356175247443545,0.0639492100778396,0.0029,0.0005,2007-05-31,d93425e0e4741dff,French F-F_Research_Data_Factors CRSP 202607 sha256 b840dba55d319f48; FRED DEXMXUS huella 28098d0c456254a0; Banxico SF43936 huella 379eb41bf5f8814a,"{""comision_por_lado"": 0.0029, ""cortes"": [""2007-05-31""], ""efectivo_en_mxn"": true, ""exposicion_inicial"": 0.0, ""exposicion_max"": 1.0, ""exposicion_min"": 0.0, ""extras"": [""fx""], ""fx"": true, ""max_dias_fx"": 10, ""min_historia"": 1, ""periodos_por_anio"": 12, ""permitir_capturas"": false, ""rebalanceo_con_deriva"": true, ""segmentos"": [""dentro_muestra"", ""fuera_muestra""], ""senal"": ""senal_comprar_y_mantener"", ""spread_por_lado"": 0.0005, ""usuario"": {""efectivo"": ""CETES28 SF43936"", ""fx"": ""DEXMXUS"", ""h"": 0.0}, ""variante"": ""mxn_h000""}",P1 sin cubrir (conversion del motor)
2026-09-25T06:51:33.676720Z,R08,27bd6132ff,mxn_h025,1,completo,1993-12-31,2026-07-31,391,12,MXN,201.0795322484564,0.1769663223928053,0.15410227133517035,0.45222683910893574,0.7347693745912621,-0.3820207733080212,0.4632374330338271,0.13054664364715882,1.0034098969469556,12.38127857834539,0.9964434743775805,1.0,1.0,0.030693277310924375,0.00010435714285714287,1,0.17708936294308408,0.11172233927432984,0.0029,0.0005,2007-05-31,1cca5ec61fd6d53c,French F-F_Research_Data_Factors CRSP 202607 sha256 b840dba55d319f48; FRED DEXMXUS huella 28098d0c456254a0; Banxico SF43936 huella 379eb41bf5f8814a,"{""comision_por_lado"": 0.0029, ""cortes"": [""2007-05-31""], ""efectivo_en_mxn"": false, ""exposicion_inicial"": 0.0, ""exposicion_max"": 1.0, ""exposicion_min"": 0.0, ""extras"": [], ""fx"": false, ""max_dias_fx"": 10, ""min_historia"": 1, ""periodos_por_anio"": 12, ""permitir_capturas"": false, ""rebalanceo_con_deriva"": true, ""segmentos"": [""dentro_muestra"", ""fuera_muestra""], ""senal"": ""senal_comprar_y_mantener"", ""spread_por_lado"": 0.0005, ""usuario"": {""c"": 0.0, ""cobertura"": ""CETES28 vs RF French"", ""fx"": ""DEXMXUS"", ""h"": 0.25}, ""variante"": ""mxn_h025""}",cobertura fija h=0.25
2026-09-25T06:51:33.676720Z,R08,27bd6132ff,mxn_h025,1,dentro_muestra,1993-12-31,2007-05-31,161,12,MXN,15.267336424385586,0.23114993841017983,0.17756723030806312,0.31191026475958267,0.5173526247121527,-0.3820207733080212,0.6050716467813779,0.09004073766097626,1.7187740806095124,16.098920675850007,0.8881953587871727,1.0,1.0,0.07455603184323331,0.00025349050826699326,1,0.2314625946772002,0.18374024165064107,0.0029,0.0005,2007-05-31,1cca5ec61fd6d53c,French F-F_Research_Data_Factors CRSP 202607 sha256 b840dba55d319f48; FRED DEXMXUS huella 28098d0c456254a0; Banxico SF43936 huella 379eb41bf5f8814a,"{""comision_por_lado"": 0.0029, ""cortes"": [""2007-05-31""], ""efectivo_en_mxn"": false, ""exposicion_inicial"": 0.0, ""exposicion_max"": 1.0, ""exposicion_min"": 0.0, ""extras"": [], ""fx"": false, ""max_dias_fx"": 10, ""min_historia"": 1, ""periodos_por_anio"": 12, ""permitir_capturas"": false, ""rebalanceo_con_deriva"": true, ""segmentos"": [""dentro_muestra"", ""fuera_muestra""], ""senal"": ""senal_comprar_y_mantener"", ""spread_por_lado"": 0.0005, ""usuario"": {""c"": 0.0, ""cobertura"": ""CETES28 vs RF French"", ""fx"": ""DEXMXUS"", ""h"": 0.25}, ""variante"": ""mxn_h025""}",cobertura fija h=0.25
2026-09-25T06:51:33.676720Z,R08,27bd6132ff,mxn_h025,1,fuera_muestra,2007-05-31,2026-07-31,230,12,MXN,11.422410588713763,0.14047545910383707,0.1348129103801453,0.583076713438418,0.9283708762457135,-0.34926241214949216,0.4022060611655812,0.1683197487309365,-0.0468475852935503,3.8235523167383536,0.9940035515591212,1.0,1.0,0.0,0.0,0,0.14047545910383707,0.0639492100778396,0.0029,0.0005,2007-05-31,1cca5ec61fd6d53c,French F-F_Research_Data_Factors CRSP 202607 sha256 b840dba55d319f48; FRED DEXMXUS huella 28098d0c456254a0; Banxico SF43936 huella 379eb41bf5f8814a,"{""comision_por_lado"": 0.0029, ""cortes"": [""2007-05-31""], ""efectivo_en_mxn"": false, ""exposicion_inicial"": 0.0, ""exposicion_max"": 1.0, ""exposicion_min"": 0.0, ""extras"": [], ""fx"": false, ""max_dias_fx"": 10, ""min_historia"": 1, ""periodos_por_anio"": 12, ""permitir_capturas"": false, ""rebalanceo_con_deriva"": true, ""segmentos"": [""dentro_muestra"", ""fuera_muestra""], ""senal"": ""senal_comprar_y_mantener"", ""spread_por_lado"": 0.0005, ""usuario"": {""c"": 0.0, ""cobertura"": ""CETES28 vs RF French"", ""fx"": ""DEXMXUS"", ""h"": 0.25}, ""variante"": ""mxn_h025""}",cobertura fija h=0.25
2026-09-25T06:51:33.681979Z,R08,757afa5e86,mxn_h050,1,completo,1993-12-31,2026-07-31,391,12,MXN,241.6125368556996,0.18358868149743635,0.1484714242087701,0.5078480559548739,0.7791074416024588,-0.3971813602250953,0.46222884526451796,0.1466031059064873,0.032827397268235525,5.493798944496783,0.9979319594377998,1.0,1.0,0.030693277310924375,0.00010435714285714287,1,0.18371241435189822,0.11172233927432984,0.0029,0.0005,2007-05-31,5fda33abc7dac027,French F-F_Research_Data_Factors CRSP 202607 sha256 b840dba55d319f48; FRED DEXMXUS huella 28098d0c456254a0; Banxico SF43936 huella 379eb41bf5f8814a,"{""comision_por_lado"": 0.0029, ""cortes"": [""2007-05-31""], ""efectivo_en_mxn"": false, ""exposicion_inicial"": 0.0, ""exposicion_max"": 1.0, ""exposicion_min"": 0.0, ""extras"": [], ""fx"": false, ""max_dias_fx"": 10, ""min_historia"": 1, ""periodos_por_anio"": 12, ""permitir_capturas"": false, ""rebalanceo_con_deriva"": true, ""segmentos"": [""dentro_muestra"", ""fuera_muestra""], ""senal"": ""senal_comprar_y_mantener"", ""spread_por_lado"": 0.0005, ""usuario"": {""c"": 0.0, ""cobertura"": ""CETES28 vs RF French"", ""fx"": ""DEXMXUS"", ""h"": 0.5}, ""variante"": ""mxn_h050""}",cobertura fija h=0.5
2026-09-25T06:51:33.681979Z,R08,757afa5e86,mxn_h050,1,dentro_muestra,1993-12-31,2007-05-31,161,12,MXN,17.30687572552951,0.24203978389028746,0.1607384318252179,0.39434404727861033,0.6031826056777341,-0.3749632474941791,0.6455026872841582,0.1138373209248161,0.3481110740338265,7.175111053488337,0.9270656152256567,1.0,1.0,0.07455603184323331,0.00025349050826699326,1,0.242355205684341,0.18374024165064107,0.0029,0.0005,2007-05-31,5fda33abc7dac027,French F-F_Research_Data_Factors CRSP 202607 sha256 b840dba55d319f48; FRED DEXMXUS huella 28098d0c456254a0; Banxico SF43936 huella 379eb41bf5f8814a,"{""comision_por_lado"": 0.0029, ""cortes"": [""2007-05-31""], ""efectivo_en_mxn"": false, ""exposicion_inicial"": 0.0, ""exposicion_max"": 1.0, ""exposicion_min"": 0.0, ""extras"": [], ""fx"": false, ""max_dias_fx"": 10, ""min_historia"": 1, ""periodos_por_anio"": 12, ""permitir_capturas"": false, ""rebalanceo_con_deriva"": true, ""segmentos"": [""dentro_muestra"", ""fuera_muestra""], ""senal"": ""senal_comprar_y_mantener"", ""spread_por_lado"": 0.0005, ""usuario"": {""c"": 0.0, ""cobertura"": ""CETES28 vs RF French"", ""fx"": ""DEXMXUS"", ""h"": 0.5}, ""variante"": ""mxn_h050""}",cobertura fija h=0.5
2026-09-25T06:51:33.681979Z,R08,757afa5e86,mxn_h050,1,fuera_muestra,2007-05-31,2026-07-31,230,12,MXN,12.252536396331614,0.14433081859023678,0.13868884250876254,0.5958291023602125,0.9182929777287722,-0.3971813602250952,0.36338769399560933,0.17200104631934088,-0.2522508247858821,3.691322274915879,0.9942017746438089,1.0,1.0,0.0,0.0,0,0.14433081859023678,0.0639492100778396,0.0029,0.0005,2007-05-31,5fda33abc7dac027,French F-F_Research_Data_Factors CRSP 202607 sha256 b840dba55d319f48; FRED DEXMXUS huella 28098d0c456254a0; Banxico SF43936 huella 379eb41bf5f8814a,"{""comision_por_lado"": 0.0029, ""cortes"": [""2007-05-31""], ""efectivo_en_mxn"": false, ""exposicion_inicial"": 0.0, ""exposicion_max"": 1.0, ""exposicion_min"": 0.0, ""extras"": [], ""fx"": false, ""max_dias_fx"": 10, ""min_historia"": 1, ""periodos_por_anio"": 12, ""permitir_capturas"": false, ""rebalanceo_con_deriva"": true, ""segmentos"": [""dentro_muestra"", ""fuera_muestra""], ""senal"": ""senal_comprar_y_mantener"", ""spread_por_lado"": 0.0005, ""usuario"": {""c"": 0.0, ""cobertura"": ""CETES28 vs RF French"", ""fx"": ""DEXMXUS"", ""h"": 0.5}, ""variante"": ""mxn_h050""}",cobertura fija h=0.5
2026-09-25T06:51:33.687614Z,R08,b074adbd3b,mxn_h075,1,completo,1993-12-31,2026-07-31,391,12,MXN,279.99919734352835,0.1889368396924722,0.15106396241499837,0.5363306121547406,0.785278162166139,-0.44308499240551535,0.4264121848648747,0.15482531165108815,-0.5402876872010921,4.032669755813646,0.9982092671268172,1.0,1.0,0.030693277310924375,0.00010435714285714287,1,0.18906113164562255,0.11172233927432984,0.0029,0.0005,2007-05-31,7e8e0f0bf7b8c50f,French F-F_Research_Data_Factors CRSP 202607 sha256 b840dba55d319f48; FRED DEXMXUS huella 28098d0c456254a0; Banxico SF43936 huella 379eb41bf5f8814a,"{""comision_por_lado"": 0.0029, ""cortes"": [""2007-05-31""], ""efectivo_en_mxn"": false, ""exposicion_inicial"": 0.0, ""exposicion_max"": 1.0, ""exposicion_min"": 0.0, ""extras"": [], ""fx"": false, ""max_dias_fx"": 10, ""min_historia"": 1, ""periodos_por_anio"": 12, ""permitir_capturas"": false, ""rebalanceo_con_deriva"": true, ""segmentos"": [""dentro_muestra"", ""fuera_muestra""], ""senal"": ""senal_comprar_y_mantener"", ""spread_por_lado"": 0.0005, ""usuario"": {""c"": 0.0, ""cobertura"": ""CETES28 vs RF French"", ""fx"": ""DEXMXUS"", ""h"": 0.75}, ""variante"": ""mxn_h075""}",cobertura fija h=0.75
2026-09-25T06:51:33.687614Z,R08,b074adbd3b,mxn_h075,1,dentro_muestra,1993-12-31,2007-05-31,161,12,MXN,19.227502669965947,0.2513127601192593,0.15368104724032217,0.4660314616362859,0.6693834159384588,-0.3682829099642314,0.6823905028437715,0.13453169491327222,-0.6294847305152633,4.067725970041125,0.9477663840850592,1.0,1.0,0.07455603184323331,0.00025349050826699326,1,0.25163053682886094,0.18374024165064107,0.0029,0.0005,2007-05-31,7e8e0f0bf7b8c50f,French F-F_Research_Data_Factors CRSP 202607 sha256 b840dba55d319f48; FRED DEXMXUS huella 28098d0c456254a0; Banxico SF43936 huella 379eb41bf5f8814a,"{""comision_por_lado"": 0.0029, ""cortes"": [""2007-05-31""], ""efectivo_en_mxn"": false, ""exposicion_inicial"": 0.0, ""exposicion_max"": 1.0, ""exposicion_min"": 0.0, ""extras"": [], ""fx"": false, ""max_dias_fx"": 10, ""min_historia"": 1, ""periodos_por_anio"": 12, ""permitir_capturas"": false, ""rebalanceo_con_deriva"": true, ""segmentos"": [""dentro_muestra"", ""fuera_muestra""], ""senal"": ""senal_comprar_y_mantener"", ""spread_por_lado"": 0.0005, ""usuario"": {""c"": 0.0, ""cobertura"": ""CETES28 vs RF French"", ""fx"": ""DEXMXUS"", ""h"": 0.75}, ""variante"": ""mxn_h075""}",cobertura fija h=0.75
2026-09-25T06:51:33.687614Z,R08,b074adbd3b,mxn_h075,1,fuera_muestra,2007-05-31,2026-07-31,230,12,MXN,12.891937226673056,0.14714737057411686,0.1486296695947908,0.5832270438468172,0.8667991646308607,-0.44308499240551535,0.33209739236540486,0.16836314538181482,-0.48618485654410354,4.000904302117243,0.992362431585725,1.0,1.0,0.0,0.0,0,0.14714737057411686,0.0639492100778396,0.0029,0.0005,2007-05-31,7e8e0f0bf7b8c50f,French F-F_Research_Data_Factors CRSP 202607 sha256 b840dba55d319f48; FRED DEXMXUS huella 28098d0c456254a0; Banxico SF43936 huella 379eb41bf5f8814a,"{""comision_por_lado"": 0.0029, ""cortes"": [""2007-05-31""], ""efectivo_en_mxn"": false, ""exposicion_inicial"": 0.0, ""exposicion_max"": 1.0, ""exposicion_min"": 0.0, ""extras"": [], ""fx"": false, ""max_dias_fx"": 10, ""min_historia"": 1, ""periodos_por_anio"": 12, ""permitir_capturas"": false, ""rebalanceo_con_deriva"": true, ""segmentos"": [""dentro_muestra"", ""fuera_muestra""], ""senal"": ""senal_comprar_y_mantener"", ""spread_por_lado"": 0.0005, ""usuario"": {""c"": 0.0, ""cobertura"": ""CETES28 vs RF French"", ""fx"": ""DEXMXUS"", ""h"": 0.75}, ""variante"": ""mxn_h075""}",cobertura fija h=0.75
2026-09-25T06:51:33.693074Z,R08,494c9490a8,mxn_h100,1,completo,1993-12-31,2026-07-31,391,12,MXN,312.30544705688146,0.1929148263178213,0.16148430522028093,0.535081570411106,0.7647273208566272,-0.48698296229699256,0.396142865877451,0.15446474435762989,-0.7711755355103039,4.702831504457076,0.9978514300902088,1.0,1.0,0.030693277310924375,0.00010435714285714287,1,0.19303953413135289,0.11172233927432984,0.0029,0.0005,2007-05-31,0fba6fc05d1b0c8b,French F-F_Research_Data_Factors CRSP 202607 sha256 b840dba55d319f48; FRED DEXMXUS huella 28098d0c456254a0; Banxico SF43936 huella 379eb41bf5f8814a,"{""comision_por_lado"": 0.0029, ""cortes"": [""2007-05-31""], ""efectivo_en_mxn"": false, ""exposicion_inicial"": 0.0, ""exposicion_max"": 1.0, ""exposicion_min"": 0.0, ""extras"": [], ""fx"": false, ""max_dias_fx"": 10, ""min_historia"": 1, ""periodos_por_anio"": 12, ""permitir_capturas"": false, ""rebalanceo_con_deriva"": true, ""segmentos"": [""dentro_muestra"", ""fuera_muestra""], ""senal"": ""senal_comprar_y_mantener"", ""spread_por_lado"": 0.0005, ""usuario"": {""c"": 0.0, ""cobertura"": ""CETES28 vs RF French"", ""fx"": ""DEXMXUS"", ""h"": 1.0}, ""variante"": ""mxn_h100""}",cobertura fija h=1.0
2026-09-25T06:51:33.693074Z,R08,494c9490a8,mxn_h100,1,dentro_muestra,1993-12-31,2007-05-31,161,12,MXN,20.907381662002226,0.25877789007182495,0.15771234487202473,0.5039750733724738,0.7111000626698541,-0.36199374037334486,0.7148684112739975,0.1454850721382296,-0.8967300863896713,4.620005682898508,0.9569496138169362,1.0,1.0,0.07455603184323331,0.00025349050826699326,1,0.25909756258598393,0.18374024165064107,0.0029,0.0005,2007-05-31,0fba6fc05d1b0c8b,French F-F_Research_Data_Factors CRSP 202607 sha256 b840dba55d319f48; FRED DEXMXUS huella 28098d0c456254a0; Banxico SF43936 huella 379eb41bf5f8814a,"{""comision_por_lado"": 0.0029, ""cortes"": [""2007-05-31""], ""efectivo_en_mxn"": false, ""exposicion_inicial"": 0.0, ""exposicion_max"": 1.0, ""exposicion_min"": 0.0, ""extras"": [], ""fx"": false, ""max_dias_fx"": 10, ""min_historia"": 1, ""periodos_por_anio"": 12, ""permitir_capturas"": false, ""rebalanceo_con_deriva"": true, ""segmentos"": [""dentro_muestra"", ""fuera_muestra""], ""senal"": ""senal_comprar_y_mantener"", ""spread_por_lado"": 0.0005, ""usuario"": {""c"": 0.0, ""cobertura"": ""CETES28 vs RF French"", ""fx"": ""DEXMXUS"", ""h"": 1.0}, ""variante"": ""mxn_h100""}",cobertura fija h=1.0
2026-09-25T06:51:33.693074Z,R08,494c9490a8,mxn_h100,1,fuera_muestra,2007-05-31,2026-07-31,230,12,MXN,13.301364347903855,0.14888705174149997,0.16353309068036995,0.554850541116848,0.8002904339759445,-0.48698296229699267,0.3057335949480289,0.16017155463691085,-0.7103223335479225,4.67190387883461,0.9884808512426366,1.0,1.0,0.0,0.0,0,0.14888705174149997,0.0639492100778396,0.0029,0.0005,2007-05-31,0fba6fc05d1b0c8b,French F-F_Research_Data_Factors CRSP 202607 sha256 b840dba55d319f48; FRED DEXMXUS huella 28098d0c456254a0; Banxico SF43936 huella 379eb41bf5f8814a,"{""comision_por_lado"": 0.0029, ""cortes"": [""2007-05-31""], ""efectivo_en_mxn"": false, ""exposicion_inicial"": 0.0, ""exposicion_max"": 1.0, ""exposicion_min"": 0.0, ""extras"": [], ""fx"": false, ""max_dias_fx"": 10, ""min_historia"": 1, ""periodos_por_anio"": 12, ""permitir_capturas"": false, ""rebalanceo_con_deriva"": true, ""segmentos"": [""dentro_muestra"", ""fuera_muestra""], ""senal"": ""senal_comprar_y_mantener"", ""spread_por_lado"": 0.0005, ""usuario"": {""c"": 0.0, ""cobertura"": ""CETES28 vs RF French"", ""fx"": ""DEXMXUS"", ""h"": 1.0}, ""variante"": ""mxn_h100""}",cobertura fija h=1.0
2026-09-25T06:51:33.703466Z,R08,dbf8b86306,mxn_hminvar_exp36,1,completo,1993-12-31,2026-07-31,391,12,MXN,298.4472779656344,0.19125952952542113,0.1735454583551446,0.4886443463910212,0.8062024547655302,-0.44010305001869376,0.4345789685331588,0.14105947246342243,1.5991884622140393,20.98201913197815,0.9985590039257433,1.0,1.0,0.030693277310924375,0.00010435714285714287,1,0.1913840642935356,0.11172233927432984,0.0029,0.0005,2007-05-31,fedcc03226b55817,French F-F_Research_Data_Factors CRSP 202607 sha256 b840dba55d319f48; FRED DEXMXUS huella 28098d0c456254a0; Banxico SF43936 huella 379eb41bf5f8814a,"{""comision_por_lado"": 0.0029, ""cortes"": [""2007-05-31""], ""efectivo_en_mxn"": false, ""exposicion_inicial"": 0.0, ""exposicion_max"": 1.0, ""exposicion_min"": 0.0, ""extras"": [], ""fx"": false, ""max_dias_fx"": 10, ""min_historia"": 1, ""periodos_por_anio"": 12, ""permitir_capturas"": false, ""rebalanceo_con_deriva"": true, ""segmentos"": [""dentro_muestra"", ""fuera_muestra""], ""senal"": ""senal_comprar_y_mantener"", ""spread_por_lado"": 0.0005, ""usuario"": {""auditoria_causal"": true, ""c"": 0.0, ""h"": ""minvar_expansiva"", ""min_meses"": 36, ""recorte"": [0, 1]}, ""variante"": ""mxn_hminvar_exp36""}",P6 minima varianza expansiva; h_t con meses <= t-1
2026-09-25T06:51:33.703466Z,R08,dbf8b86306,mxn_hminvar_exp36,1,dentro_muestra,1993-12-31,2007-05-31,161,12,MXN,22.107428726398823,0.26379289477084145,0.20724848726268277,0.4186334393629275,0.754628495759828,-0.36563150169592984,0.7214720108832952,0.12084906445398254,2.5536668966510985,24.134941946260017,0.9586692284437974,1.0,1.0,0.07455603184323331,0.00025349050826699326,1,0.2641138408688257,0.18374024165064107,0.0029,0.0005,2007-05-31,fedcc03226b55817,French F-F_Research_Data_Factors CRSP 202607 sha256 b840dba55d319f48; FRED DEXMXUS huella 28098d0c456254a0; Banxico SF43936 huella 379eb41bf5f8814a,"{""comision_por_lado"": 0.0029, ""cortes"": [""2007-05-31""], ""efectivo_en_mxn"": false, ""exposicion_inicial"": 0.0, ""exposicion_max"": 1.0, ""exposicion_min"": 0.0, ""extras"": [], ""fx"": false, ""max_dias_fx"": 10, ""min_historia"": 1, ""periodos_por_anio"": 12, ""permitir_capturas"": false, ""rebalanceo_con_deriva"": true, ""segmentos"": [""dentro_muestra"", ""fuera_muestra""], ""senal"": ""senal_comprar_y_mantener"", ""spread_por_lado"": 0.0005, ""usuario"": {""auditoria_causal"": true, ""c"": 0.0, ""h"": ""minvar_expansiva"", ""min_meses"": 36, ""recorte"": [0, 1]}, ""variante"": ""mxn_hminvar_exp36""}",P6 minima varianza expansiva; h_t con meses <= t-1
2026-09-25T06:51:33.703466Z,R08,dbf8b86306,mxn_hminvar_exp36,1,fuera_muestra,2007-05-31,2026-07-31,230,12,MXN,11.95891816918317,0.14299401378235266,0.14442456717646623,0.5701644372072612,0.8525490246342045,-0.440103050018694,0.3249102994770856,0.16459229565198186,-0.450613893578293,4.191101749795549,0.9913293365261708,1.0,1.0,0.0,0.0,0,0.14299401378235266,0.0639492100778396,0.0029,0.0005,2007-05-31,fedcc03226b55817,French F-F_Research_Data_Factors CRSP 202607 sha256 b840dba55d319f48; FRED DEXMXUS huella 28098d0c456254a0; Banxico SF43936 huella 379eb41bf5f8814a,"{""comision_por_lado"": 0.0029, ""cortes"": [""2007-05-31""], ""efectivo_en_mxn"": false, ""exposicion_inicial"": 0.0, ""exposicion_max"": 1.0, ""exposicion_min"": 0.0, ""extras"": [], ""fx"": false, ""max_dias_fx"": 10, ""min_historia"": 1, ""periodos_por_anio"": 12, ""permitir_capturas"": false, ""rebalanceo_con_deriva"": true, ""segmentos"": [""dentro_muestra"", ""fuera_muestra""], ""senal"": ""senal_comprar_y_mantener"", ""spread_por_lado"": 0.0005, ""usuario"": {""auditoria_causal"": true, ""c"": 0.0, ""h"": ""minvar_expansiva"", ""min_meses"": 36, ""recorte"": [0, 1]}, ""variante"": ""mxn_hminvar_exp36""}",P6 minima varianza expansiva; h_t con meses <= t-1
2026-09-25T06:51:33.713586Z,R08,25ab5334ea,bench50_h000,1,completo,1993-12-31,2026-07-31,391,12,MXN,77.41625334466663,0.14326137572083475,0.0866564233706025,0.3793317992054641,0.6480927396005899,-0.11870995195468237,1.2068185805982374,0.1095036581917299,2.095315728226423,23.67255305189362,0.9909015091059841,0.5,1.0,0.11229630914669349,0.0003818074510987577,1,0.16927250239528435,0.11172233927432984,0.0029,0.0005,2007-05-31,d93425e0e4741dff,French F-F_Research_Data_Factors CRSP 202607 sha256 b840dba55d319f48; FRED DEXMXUS huella 28098d0c456254a0; Banxico SF43936 huella 379eb41bf5f8814a,"{""comision_por_lado"": 0.0029, ""cortes"": [""2007-05-31""], ""efectivo_en_mxn"": true, ""exposicion_inicial"": 0.0, ""exposicion_max"": 1.0, ""exposicion_min"": 0.0, ""extras"": [""fx""], ""fx"": true, ""max_dias_fx"": 10, ""min_historia"": 1, ""periodos_por_anio"": 12, ""permitir_capturas"": false, ""rebalanceo_con_deriva"": true, ""segmentos"": [""dentro_muestra"", ""fuera_muestra""], ""senal"": ""senal_mitad"", ""spread_por_lado"": 0.0005, ""usuario"": {""h"": 0.0, ""peso_acciones"": 0.5}, ""variante"": ""bench50_h000""}","P7 50% sin cubrir + 50% CETES, rebalanceo mensual"
2026-09-25T06:51:33.713586Z,R08,25ab5334ea,bench50_h000,1,dentro_muestra,1993-12-31,2007-05-31,161,12,MXN,11.30100139127344,0.20576212050683096,0.10549408420840299,0.23349911906800427,0.4166027892926597,-0.11595899965956802,1.774438561137183,0.06740538962472638,2.939967735283499,26.786536069387363,0.8251674293021967,0.5,1.0,0.14258369144073527,0.0004847845508984997,1,0.2191061584387033,0.18374024165064107,0.0029,0.0005,2007-05-31,d93425e0e4741dff,French F-F_Research_Data_Factors CRSP 202607 sha256 b840dba55d319f48; FRED DEXMXUS huella 28098d0c456254a0; Banxico SF43936 huella 379eb41bf5f8814a,"{""comision_por_lado"": 0.0029, ""cortes"": [""2007-05-31""], ""efectivo_en_mxn"": true, ""exposicion_inicial"": 0.0, ""exposicion_max"": 1.0, ""exposicion_min"": 0.0, ""extras"": [""fx""], ""fx"": true, ""max_dias_fx"": 10, ""min_historia"": 1, ""periodos_por_anio"": 12, ""permitir_capturas"": false, ""rebalanceo_con_deriva"": true, ""segmentos"": [""dentro_muestra"", ""fuera_muestra""], ""senal"": ""senal_mitad"", ""spread_por_lado"": 0.0005, ""usuario"": {""h"": 0.0, ""peso_acciones"": 0.5}, ""variante"": ""bench50_h000""}","P7 50% sin cubrir + 50% CETES, rebalanceo mensual"
2026-09-25T06:51:33.713586Z,R08,25ab5334ea,bench50_h000,1,fuera_muestra,2007-05-31,2026-07-31,230,12,MXN,5.374786153613197,0.101462893747297,0.06860221240821952,0.5380663441579354,0.8707006721636135,-0.11870995195468248,0.8547126174057459,0.15532637432073093,0.11473680902201268,4.125396372742533,0.9905957709007442,0.5,1.0,0.09110249599735608,0.00030974848639101063,0,0.1356175247443545,0.0639492100778396,0.0029,0.0005,2007-05-31,d93425e0e4741dff,French F-F_Research_Data_Factors CRSP 202607 sha256 b840dba55d319f48; FRED DEXMXUS huella 28098d0c456254a0; Banxico SF43936 huella 379eb41bf5f8814a,"{""comision_por_lado"": 0.0029, ""cortes"": [""2007-05-31""], ""efectivo_en_mxn"": true, ""exposicion_inicial"": 0.0, ""exposicion_max"": 1.0, ""exposicion_min"": 0.0, ""extras"": [""fx""], ""fx"": true, ""max_dias_fx"": 10, ""min_historia"": 1, ""periodos_por_anio"": 12, ""permitir_capturas"": false, ""rebalanceo_con_deriva"": true, ""segmentos"": [""dentro_muestra"", ""fuera_muestra""], ""senal"": ""senal_mitad"", ""spread_por_lado"": 0.0005, ""usuario"": {""h"": 0.0, ""peso_acciones"": 0.5}, ""variante"": ""bench50_h000""}","P7 50% sin cubrir + 50% CETES, rebalanceo mensual"
2026-09-25T06:51:33.719327Z,R08,89403ed6c4,bench50_h100,1,completo,1993-12-31,2026-07-31,391,12,MXN,107.87106399769202,0.15483388713740331,0.08535466344101263,0.5304671261516809,0.7573433397051615,-0.23672990536465155,0.6540529254168455,0.15313266903996006,-0.7727581689539429,4.70465945446192,0.9976892028399031,0.5,1.0,0.1218788343261617,0.0004143880367089497,1,0.19303953413135289,0.11172233927432984,0.0029,0.0005,2007-05-31,0fba6fc05d1b0c8b,French F-F_Research_Data_Factors CRSP 202607 sha256 b840dba55d319f48; FRED DEXMXUS huella 28098d0c456254a0; Banxico SF43936 huella 379eb41bf5f8814a,"{""comision_por_lado"": 0.0029, ""cortes"": [""2007-05-31""], ""efectivo_en_mxn"": false, ""exposicion_inicial"": 0.0, ""exposicion_max"": 1.0, ""exposicion_min"": 0.0, ""extras"": [], ""fx"": false, ""max_dias_fx"": 10, ""min_historia"": 1, ""periodos_por_anio"": 12, ""permitir_capturas"": false, ""rebalanceo_con_deriva"": true, ""segmentos"": [""dentro_muestra"", ""fuera_muestra""], ""senal"": ""senal_mitad"", ""spread_por_lado"": 0.0005, ""usuario"": {""h"": 1.0, ""peso_acciones"": 0.5}, ""variante"": ""bench50_h100""}","P8 50% cubierto + 50% CETES, rebalanceo mensual"
2026-09-25T06:51:33.719327Z,R08,89403ed6c4,bench50_h100,1,dentro_muestra,1993-12-31,2007-05-31,161,12,MXN,13.982459648149659,0.2236206913931409,0.08775646240978531,0.4992858188978848,0.7037755412620583,-0.12203621485690175,1.8324125478273472,0.14413140097162827,-0.8974437465463814,4.619932376797523,0.9555707873584366,0.5,1.0,0.13844098576275865,0.0004706993515933794,1,0.25909756258598393,0.18374024165064107,0.0029,0.0005,2007-05-31,0fba6fc05d1b0c8b,French F-F_Research_Data_Factors CRSP 202607 sha256 b840dba55d319f48; FRED DEXMXUS huella 28098d0c456254a0; Banxico SF43936 huella 379eb41bf5f8814a,"{""comision_por_lado"": 0.0029, ""cortes"": [""2007-05-31""], ""efectivo_en_mxn"": false, ""exposicion_inicial"": 0.0, ""exposicion_max"": 1.0, ""exposicion_min"": 0.0, ""extras"": [], ""fx"": false, ""max_dias_fx"": 10, ""min_historia"": 1, ""periodos_por_anio"": 12, ""permitir_capturas"": false, ""rebalanceo_con_deriva"": true, ""segmentos"": [""dentro_muestra"", ""fuera_muestra""], ""senal"": ""senal_mitad"", ""spread_por_lado"": 0.0005, ""usuario"": {""h"": 1.0, ""peso_acciones"": 0.5}, ""variante"": ""bench50_h100""}","P8 50% cubierto + 50% CETES, rebalanceo mensual"
2026-09-25T06:51:33.719327Z,R08,89403ed6c4,bench50_h100,1,fuera_muestra,2007-05-31,2026-07-31,230,12,MXN,6.266568143978806,0.10901268974944989,0.08174461786901581,0.5502806996299208,0.7928573973729864,-0.23672990536465133,0.46049395230201334,0.1588523550305952,-0.7123063448862834,4.674638412500473,0.987935296090477,0.5,1.0,0.11028934998279814,0.0003749837899415137,0,0.14888705174149997,0.0639492100778396,0.0029,0.0005,2007-05-31,0fba6fc05d1b0c8b,French F-F_Research_Data_Factors CRSP 202607 sha256 b840dba55d319f48; FRED DEXMXUS huella 28098d0c456254a0; Banxico SF43936 huella 379eb41bf5f8814a,"{""comision_por_lado"": 0.0029, ""cortes"": [""2007-05-31""], ""efectivo_en_mxn"": false, ""exposicion_inicial"": 0.0, ""exposicion_max"": 1.0, ""exposicion_min"": 0.0, ""extras"": [], ""fx"": false, ""max_dias_fx"": 10, ""min_historia"": 1, ""periodos_por_anio"": 12, ""permitir_capturas"": false, ""rebalanceo_con_deriva"": true, ""segmentos"": [""dentro_muestra"", ""fuera_muestra""], ""senal"": ""senal_mitad"", ""spread_por_lado"": 0.0005, ""usuario"": {""h"": 1.0, ""peso_acciones"": 0.5}, ""variante"": ""bench50_h100""}","P8 50% cubierto + 50% CETES, rebalanceo mensual"
2026-09-25T06:51:33.724202Z,R08,0a1519cddb,usd_referencia,0,completo,1993-12-31,2026-07-31,391,12,USD,28.180301241717526,0.1090941296889687,0.15425709884579425,0.5941103386752095,0.8759261320131719,-0.5031170717166412,0.2168364697241107,0.17150488198123595,-0.5816596701505056,4.015880837812581,0.99930713354319,1.0,1.0,0.030693277310924375,0.00010435714285714287,1,0.10921007485191137,0.024578274868084726,0.0029,0.0005,2007-05-31,5a85946898d7745e,French F-F_Research_Data_Factors CRSP 202607 sha256 b840dba55d319f48; FRED DEXMXUS huella 28098d0c456254a0; Banxico SF43936 huella 379eb41bf5f8814a,"{""comision_por_lado"": 0.0029, ""cortes"": [""2007-05-31""], ""efectivo_en_mxn"": false, ""exposicion_inicial"": 0.0, ""exposicion_max"": 1.0, ""exposicion_min"": 0.0, ""extras"": [], ""fx"": false, ""max_dias_fx"": 10, ""min_historia"": 1, ""periodos_por_anio"": 12, ""permitir_capturas"": false, ""rebalanceo_con_deriva"": true, ""segmentos"": [""dentro_muestra"", ""fuera_muestra""], ""senal"": ""senal_comprar_y_mantener"", ""spread_por_lado"": 0.0005, ""usuario"": {""moneda"": ""USD""}, ""variante"": ""usd_referencia""}",S0 referencia en USD contra RF
2026-09-25T06:51:33.724202Z,R08,0a1519cddb,usd_referencia,0,dentro_muestra,1993-12-31,2007-05-31,161,12,USD,3.1127311982209296,0.111186918768992,0.1455045569308218,0.5357423034648994,0.7691161947852401,-0.44994684480196634,0.2471112311453775,0.15465548156086492,-0.7712337427678568,4.033059796909785,0.9666940252943612,1.0,1.0,0.07455603184323331,0.00025349050826699326,1,0.11146910986785463,0.03938416008294898,0.0029,0.0005,2007-05-31,5a85946898d7745e,French F-F_Research_Data_Factors CRSP 202607 sha256 b840dba55d319f48; FRED DEXMXUS huella 28098d0c456254a0; Banxico SF43936 huella 379eb41bf5f8814a,"{""comision_por_lado"": 0.0029, ""cortes"": [""2007-05-31""], ""efectivo_en_mxn"": false, ""exposicion_inicial"": 0.0, ""exposicion_max"": 1.0, ""exposicion_min"": 0.0, ""extras"": [], ""fx"": false, ""max_dias_fx"": 10, ""min_historia"": 1, ""periodos_por_anio"": 12, ""permitir_capturas"": false, ""rebalanceo_con_deriva"": true, ""segmentos"": [""dentro_muestra"", ""fuera_muestra""], ""senal"": ""senal_comprar_y_mantener"", ""spread_por_lado"": 0.0005, ""usuario"": {""moneda"": ""USD""}, ""variante"": ""usd_referencia""}",S0 referencia en USD contra RF
2026-09-25T06:51:33.724202Z,R08,0a1519cddb,usd_referencia,0,fuera_muestra,2007-05-31,2026-07-31,230,12,USD,6.095115103642121,0.10763203000760235,0.1604128051716383,0.6312613712562105,0.947196910939548,-0.5031170717166412,0.2139303872960634,0.18222946131189272,-0.4905443924269237,3.9488993171371014,0.9955107809027375,1.0,1.0,0.0,0.0,0,0.10763203000760235,0.014343358766019998,0.0029,0.0005,2007-05-31,5a85946898d7745e,French F-F_Research_Data_Factors CRSP 202607 sha256 b840dba55d319f48; FRED DEXMXUS huella 28098d0c456254a0; Banxico SF43936 huella 379eb41bf5f8814a,"{""comision_por_lado"": 0.0029, ""cortes"": [""2007-05-31""], ""efectivo_en_mxn"": false, ""exposicion_inicial"": 0.0, ""exposicion_max"": 1.0, ""exposicion_min"": 0.0, ""extras"": [], ""fx"": false, ""max_dias_fx"": 10, ""min_historia"": 1, ""periodos_por_anio"": 12, ""permitir_capturas"": false, ""rebalanceo_con_deriva"": true, ""segmentos"": [""dentro_muestra"", ""fuera_muestra""], ""senal"": ""senal_comprar_y_mantener"", ""spread_por_lado"": 0.0005, ""usuario"": {""moneda"": ""USD""}, ""variante"": ""usd_referencia""}",S0 referencia en USD contra RF
2026-09-25T06:51:33.733146Z,R08,f13c0e9ea3,cetes_100,0,completo,1993-12-31,2026-07-31,391,12,MXN,30.519551928519093,0.11172233927432984,0.028826512769568262,0.0,0.0,0.0,inf,,0.0,3.0,,0.0,0.0,0.0,0.0,0,0.16927250239528435,0.11172233927432984,0.0029,0.0005,2007-05-31,d93425e0e4741dff,French F-F_Research_Data_Factors CRSP 202607 sha256 b840dba55d319f48; FRED DEXMXUS huella 28098d0c456254a0; Banxico SF43936 huella 379eb41bf5f8814a,"{""comision_por_lado"": 0.0029, ""cortes"": [""2007-05-31""], ""efectivo_en_mxn"": true, ""exposicion_inicial"": 0.0, ""exposicion_max"": 1.0, ""exposicion_min"": 0.0, ""extras"": [""fx""], ""fx"": true, ""max_dias_fx"": 10, ""min_historia"": 1, ""periodos_por_anio"": 12, ""permitir_capturas"": false, ""rebalanceo_con_deriva"": true, ""segmentos"": [""dentro_muestra"", ""fuera_muestra""], ""senal"": ""senal_efectivo"", ""spread_por_lado"": 0.0005, ""usuario"": {""exposicion"": 0.0}, ""variante"": ""cetes_100""}",S0 100% CETES
2026-09-25T06:51:33.733146Z,R08,f13c0e9ea3,cetes_100,0,dentro_muestra,1993-12-31,2007-05-31,161,12,MXN,8.606574312671366,0.18374024165064107,0.037082074835708544,0.0,0.0,0.0,inf,,0.0,3.0,,0.0,0.0,0.0,0.0,0,0.2191061584387033,0.18374024165064107,0.0029,0.0005,2007-05-31,d93425e0e4741dff,French F-F_Research_Data_Factors CRSP 202607 sha256 b840dba55d319f48; FRED DEXMXUS huella 28098d0c456254a0; Banxico SF43936 huella 379eb41bf5f8814a,"{""comision_por_lado"": 0.0029, ""cortes"": [""2007-05-31""], ""efectivo_en_mxn"": true, ""exposicion_inicial"": 0.0, ""exposicion_max"": 1.0, ""exposicion_min"": 0.0, ""extras"": [""fx""], ""fx"": true, ""max_dias_fx"": 10, ""min_historia"": 1, ""periodos_por_anio"": 12, ""permitir_capturas"": false, ""rebalanceo_con_deriva"": true, ""segmentos"": [""dentro_muestra"", ""fuera_muestra""], ""senal"": ""senal_efectivo"", ""spread_por_lado"": 0.0005, ""usuario"": {""exposicion"": 0.0}, ""variante"": ""cetes_100""}",S0 100% CETES
2026-09-25T06:51:33.733146Z,R08,f13c0e9ea3,cetes_100,0,fuera_muestra,2007-05-31,2026-07-31,230,12,MXN,2.2810397236967006,0.0639492100778396,0.00708139489709497,0.0,0.0,0.0,inf,,0.0,3.0,,0.0,0.0,0.0,0.0,0,0.1356175247443545,0.0639492100778396,0.0029,0.0005,2007-05-31,d93425e0e4741dff,French F-F_Research_Data_Factors CRSP 202607 sha256 b840dba55d319f48; FRED DEXMXUS huella 28098d0c456254a0; Banxico SF43936 huella 379eb41bf5f8814a,"{""comision_por_lado"": 0.0029, ""cortes"": [""2007-05-31""], ""efectivo_en_mxn"": true, ""exposicion_inicial"": 0.0, ""exposicion_max"": 1.0, ""exposicion_min"": 0.0, ""extras"": [""fx""], ""fx"": true, ""max_dias_fx"": 10, ""min_historia"": 1, ""periodos_por_anio"": 12, ""permitir_capturas"": false, ""rebalanceo_con_deriva"": true, ""segmentos"": [""dentro_muestra"", ""fuera_muestra""], ""senal"": ""senal_efectivo"", ""spread_por_lado"": 0.0005, ""usuario"": {""exposicion"": 0.0}, ""variante"": ""cetes_100""}",S0 100% CETES
2026-09-25T06:51:41.517700Z,R08,6c68449198,usd_referencia_diaria,0,completo,1993-12-31,2026-07-31,8199,252,USD,28.3988119552584,0.10934812362395885,0.18696899100963582,0.5183487590686142,0.7289452135282548,-0.5456553593385389,0.20039778177293846,0.03265290259272594,-0.20858390813304561,12.599556006315535,0.9983692613888911,1.0,1.0,0.030693277310924375,0.00010435714285714287,1,0.10946409533953338,0.02479654956125721,0.0029,0.0005,2007-05-31,13911108d699e114,French diario CRSP 202607 sha256 1916d331c2c51d2a; DEXMXUS; CETES28 devengado por dia natural,"{""comision_por_lado"": 0.0029, ""cortes"": [""2007-05-31""], ""efectivo_en_mxn"": false, ""exposicion_inicial"": 0.0, ""exposicion_max"": 1.0, ""exposicion_min"": 0.0, ""extras"": [], ""fx"": false, ""max_dias_fx"": 10, ""min_historia"": 1, ""periodos_por_anio"": 252, ""permitir_capturas"": false, ""rebalanceo_con_deriva"": true, ""segmentos"": [""dentro_muestra"", ""fuera_muestra""], ""senal"": ""senal_comprar_y_mantener"", ""spread_por_lado"": 0.0005, ""usuario"": {""frecuencia"": ""diaria""}, ""variante"": ""usd_referencia_diaria""}",S8
2026-09-25T06:51:41.517700Z,R08,6c68449198,usd_referencia_diaria,0,dentro_muestra,1993-12-31,2007-05-31,3377,252,USD,3.094666898219419,0.11082229499997776,0.16489962767947075,0.488159807396371,0.6960439140450108,-0.49225604938802037,0.22513140293096162,0.030751177391142536,-0.09356502088039506,6.801339575601535,0.9627038343755372,1.0,1.0,0.07455603184323331,0.00025349050826699326,1,0.11110439350093437,0.03902309506340207,0.0029,0.0005,2007-05-31,13911108d699e114,French diario CRSP 202607 sha256 1916d331c2c51d2a; DEXMXUS; CETES28 devengado por dia natural,"{""comision_por_lado"": 0.0029, ""cortes"": [""2007-05-31""], ""efectivo_en_mxn"": false, ""exposicion_inicial"": 0.0, ""exposicion_max"": 1.0, ""exposicion_min"": 0.0, ""extras"": [], ""fx"": false, ""max_dias_fx"": 10, ""min_historia"": 1, ""periodos_por_anio"": 252, ""permitir_capturas"": false, ""rebalanceo_con_deriva"": true, ""segmentos"": [""dentro_muestra"", ""fuera_muestra""], ""senal"": ""senal_comprar_y_mantener"", ""spread_por_lado"": 0.0005, ""usuario"": {""frecuencia"": ""diaria""}, ""variante"": ""usd_referencia_diaria""}",S8
2026-09-25T06:51:41.517700Z,R08,6c68449198,usd_referencia_diaria,0,fuera_muestra,2007-05-31,2026-07-31,4822,252,USD,6.1797810874537,0.10831772524838068,0.20100392374282183,0.5393673555638557,0.7537278580795609,-0.5456553593385387,0.19850941330382418,0.033976949717345536,-0.25283544769120814,13.886297790115384,0.9904800402025653,1.0,1.0,0.0,0.0,0,0.10831772524838068,0.014957426870352064,0.0029,0.0005,2007-05-31,13911108d699e114,French diario CRSP 202607 sha256 1916d331c2c51d2a; DEXMXUS; CETES28 devengado por dia natural,"{""comision_por_lado"": 0.0029, ""cortes"": [""2007-05-31""], ""efectivo_en_mxn"": false, ""exposicion_inicial"": 0.0, ""exposicion_max"": 1.0, ""exposicion_min"": 0.0, ""extras"": [], ""fx"": false, ""max_dias_fx"": 10, ""min_historia"": 1, ""periodos_por_anio"": 252, ""permitir_capturas"": false, ""rebalanceo_con_deriva"": true, ""segmentos"": [""dentro_muestra"", ""fuera_muestra""], ""senal"": ""senal_comprar_y_mantener"", ""spread_por_lado"": 0.0005, ""usuario"": {""frecuencia"": ""diaria""}, ""variante"": ""usd_referencia_diaria""}",S8
2026-09-25T06:51:41.691653Z,R08,7ce2692d33,mxn_h000_diaria,0,completo,1993-12-31,2026-07-31,8199,252,MXN,162.86432397262345,0.1694180263467917,0.20831477594063508,0.3418483970350112,0.5178017634989411,-0.45668104275883314,0.3709767003318747,0.021534424872397845,1.5464489832810755,36.12024236291659,0.976087721339661,1.0,1.0,0.030693277310924375,0.00010435714285714287,1,0.16954027779505343,0.112691205202476,0.0029,0.0005,2007-05-31,74b7b6565df806e8,French diario CRSP 202607 sha256 1916d331c2c51d2a; DEXMXUS; CETES28 devengado por dia natural,"{""comision_por_lado"": 0.0029, ""cortes"": [""2007-05-31""], ""efectivo_en_mxn"": true, ""exposicion_inicial"": 0.0, ""exposicion_max"": 1.0, ""exposicion_min"": 0.0, ""extras"": [""fx""], ""fx"": true, ""max_dias_fx"": 10, ""min_historia"": 1, ""periodos_por_anio"": 252, ""permitir_capturas"": false, ""rebalanceo_con_deriva"": true, ""segmentos"": [""dentro_muestra"", ""fuera_muestra""], ""senal"": ""senal_comprar_y_mantener"", ""spread_por_lado"": 0.0005, ""usuario"": {""frecuencia"": ""diaria"", ""h"": 0.0}, ""variante"": ""mxn_h000_diaria""}",S8
2026-09-25T06:51:41.691653Z,R08,7ce2692d33,mxn_h000_diaria,0,dentro_muestra,1993-12-31,2007-05-31,3377,252,MXN,13.146889688893221,0.21839670463400673,0.22355415342838328,0.22985897379559453,0.36471922460517064,-0.45668104275883314,0.4782259042649576,0.014479754316182276,2.6889509246862078,52.67690393842415,0.8042743602167499,1.0,1.0,0.07455603184323331,0.00025349050826699326,1,0.21870612215784901,0.18594909814512928,0.0029,0.0005,2007-05-31,74b7b6565df806e8,French diario CRSP 202607 sha256 1916d331c2c51d2a; DEXMXUS; CETES28 devengado por dia natural,"{""comision_por_lado"": 0.0029, ""cortes"": [""2007-05-31""], ""efectivo_en_mxn"": true, ""exposicion_inicial"": 0.0, ""exposicion_max"": 1.0, ""exposicion_min"": 0.0, ""extras"": [""fx""], ""fx"": true, ""max_dias_fx"": 10, ""min_historia"": 1, ""periodos_por_anio"": 252, ""permitir_capturas"": false, ""rebalanceo_con_deriva"": true, ""segmentos"": [""dentro_muestra"", ""fuera_muestra""], ""senal"": ""senal_comprar_y_mantener"", ""spread_por_lado"": 0.0005, ""usuario"": {""frecuencia"": ""diaria"", ""h"": 0.0}, ""variante"": ""mxn_h000_diaria""}",S8
2026-09-25T06:51:41.691653Z,R08,7ce2692d33,mxn_h000_diaria,0,fuera_muestra,2007-05-31,2026-07-31,4822,252,MXN,10.583063668141406,0.13632054480062283,0.19694194370267953,0.43206830001778623,0.6297972485965064,-0.38345469274524346,0.3555062628772948,0.027217744553369207,0.36136210405794633,15.695677915740454,0.9710582450354952,1.0,1.0,0.0,0.0,0,0.13632054480062283,0.0641366568056232,0.0029,0.0005,2007-05-31,74b7b6565df806e8,French diario CRSP 202607 sha256 1916d331c2c51d2a; DEXMXUS; CETES28 devengado por dia natural,"{""comision_por_lado"": 0.0029, ""cortes"": [""2007-05-31""], ""efectivo_en_mxn"": true, ""exposicion_inicial"": 0.0, ""exposicion_max"": 1.0, ""exposicion_min"": 0.0, ""extras"": [""fx""], ""fx"": true, ""max_dias_fx"": 10, ""min_historia"": 1, ""periodos_por_anio"": 252, ""permitir_capturas"": false, ""rebalanceo_con_deriva"": true, ""segmentos"": [""dentro_muestra"", ""fuera_muestra""], ""senal"": ""senal_comprar_y_mantener"", ""spread_por_lado"": 0.0005, ""usuario"": {""frecuencia"": ""diaria"", ""h"": 0.0}, ""variante"": ""mxn_h000_diaria""}",S8
2026-09-25T06:51:41.781727Z,R08,4e554b95dd,mxn_h100_diaria,0,completo,1993-12-31,2026-07-31,8199,252,MXN,349.80368977144434,0.19706121500185314,0.18769587900867177,0.4845708379926019,0.6781132833661555,-0.5165625253111052,0.38148569697960755,0.030525093569585566,-0.2659879541672004,12.983017485817205,0.9970099660526421,1.0,1.0,0.030693277310924375,0.00010435714285714287,1,0.19718635628058712,0.112691205202476,0.0029,0.0005,2007-05-31,fb9a7db175952f5b,French diario CRSP 202607 sha256 1916d331c2c51d2a; DEXMXUS; CETES28 devengado por dia natural,"{""comision_por_lado"": 0.0029, ""cortes"": [""2007-05-31""], ""efectivo_en_mxn"": false, ""exposicion_inicial"": 0.0, ""exposicion_max"": 1.0, ""exposicion_min"": 0.0, ""extras"": [], ""fx"": false, ""max_dias_fx"": 10, ""min_historia"": 1, ""periodos_por_anio"": 252, ""permitir_capturas"": false, ""rebalanceo_con_deriva"": true, ""segmentos"": [""dentro_muestra"", ""fuera_muestra""], ""senal"": ""senal_comprar_y_mantener"", ""spread_por_lado"": 0.0005, ""usuario"": {""frecuencia"": ""diaria"", ""h"": 1.0}, ""variante"": ""mxn_h100_diaria""}",S8 cobertura renovada a diario
2026-09-25T06:51:41.781727Z,R08,4e554b95dd,mxn_h100_diaria,0,dentro_muestra,1993-12-31,2007-05-31,3377,252,MXN,22.240633361182606,0.26433460957441746,0.16568409481181856,0.4711964576436814,0.6704587220583218,-0.3982783102659865,0.6636932083946124,0.029682586799518115,-0.109100581686536,6.896018327601314,0.9573526930238161,1.0,1.0,0.07455603184323331,0.00025349050826699326,1,0.26465569324340166,0.18594909814512928,0.0029,0.0005,2007-05-31,fb9a7db175952f5b,French diario CRSP 202607 sha256 1916d331c2c51d2a; DEXMXUS; CETES28 devengado por dia natural,"{""comision_por_lado"": 0.0029, ""cortes"": [""2007-05-31""], ""efectivo_en_mxn"": false, ""exposicion_inicial"": 0.0, ""exposicion_max"": 1.0, ""exposicion_min"": 0.0, ""extras"": [], ""fx"": false, ""max_dias_fx"": 10, ""min_historia"": 1, ""periodos_por_anio"": 252, ""permitir_capturas"": false, ""rebalanceo_con_deriva"": true, ""segmentos"": [""dentro_muestra"", ""fuera_muestra""], ""senal"": ""senal_comprar_y_mantener"", ""spread_por_lado"": 0.0005, ""usuario"": {""frecuencia"": ""diaria"", ""h"": 1.0}, ""variante"": ""mxn_h100_diaria""}",S8 cobertura renovada a diario
2026-09-25T06:51:41.781727Z,R08,4e554b95dd,mxn_h100_diaria,0,fuera_muestra,2007-05-31,2026-07-31,4822,252,MXN,14.094411770953139,0.15212648217047953,0.20167285239148758,0.4957540568146416,0.6885518543968173,-0.5165625253111045,0.29449771269965813,0.031229570137688747,-0.3240998851236874,14.311576821303396,0.9843809763523255,1.0,1.0,0.0,0.0,0,0.15212648217047953,0.0641366568056232,0.0029,0.0005,2007-05-31,fb9a7db175952f5b,French diario CRSP 202607 sha256 1916d331c2c51d2a; DEXMXUS; CETES28 devengado por dia natural,"{""comision_por_lado"": 0.0029, ""cortes"": [""2007-05-31""], ""efectivo_en_mxn"": false, ""exposicion_inicial"": 0.0, ""exposicion_max"": 1.0, ""exposicion_min"": 0.0, ""extras"": [], ""fx"": false, ""max_dias_fx"": 10, ""min_historia"": 1, ""periodos_por_anio"": 252, ""permitir_capturas"": false, ""rebalanceo_con_deriva"": true, ""segmentos"": [""dentro_muestra"", ""fuera_muestra""], ""senal"": ""senal_comprar_y_mantener"", ""spread_por_lado"": 0.0005, ""usuario"": {""frecuencia"": ""diaria"", ""h"": 1.0}, ""variante"": ""mxn_h100_diaria""}",S8 cobertura renovada a diario
2026-09-25T06:51:41.827364Z,R08,ff29d3f5ce,gspc_precio_usd,0,completo,1993-12-31,2026-07-31,391,12,USD,15.00226170173261,0.0888304874245931,0.1496334177463592,0.48385439175122796,0.7006661196593059,-0.5255585947031326,0.16902109169153623,0.13967673166307706,-0.5626395191490727,3.953673859311448,0.9958355988794614,1.0,1.0,0.030693277310924375,0.00010435714285714287,1,0.08894431421792115,0.024578274868084726,0.0029,0.0005,2007-05-31,021378e8b9ff2e03,Yahoo ^GSPC (precio) huella de1e2a5f437e88d1; DEXMXUS,"{""comision_por_lado"": 0.0029, ""cortes"": [""2007-05-31""], ""efectivo_en_mxn"": false, ""exposicion_inicial"": 0.0, ""exposicion_max"": 1.0, ""exposicion_min"": 0.0, ""extras"": [], ""fx"": false, ""max_dias_fx"": 10, ""min_historia"": 1, ""periodos_por_anio"": 12, ""permitir_capturas"": false, ""rebalanceo_con_deriva"": true, ""segmentos"": [""dentro_muestra"", ""fuera_muestra""], ""senal"": ""senal_comprar_y_mantener"", ""spread_por_lado"": 0.0005, ""usuario"": {""indice"": ""^GSPC precio""}, ""variante"": ""gspc_precio_usd""}",S3b capitulo
2026-09-25T06:51:41.827364Z,R08,ff29d3f5ce,gspc_precio_usd,0,dentro_muestra,1993-12-31,2007-05-31,161,12,USD,2.2702665820849885,0.09235871576309451,0.1408231409859931,0.4264872556398794,0.6100207558000105,-0.4628116596094133,0.1995600453131194,0.12311626592481456,-0.6297934027087583,3.880245104893814,0.9322413268463954,1.0,1.0,0.07455603184323331,0.00025349050826699326,1,0.09263612535201826,0.03938416008294898,0.0029,0.0005,2007-05-31,021378e8b9ff2e03,Yahoo ^GSPC (precio) huella de1e2a5f437e88d1; DEXMXUS,"{""comision_por_lado"": 0.0029, ""cortes"": [""2007-05-31""], ""efectivo_en_mxn"": false, ""exposicion_inicial"": 0.0, ""exposicion_max"": 1.0, ""exposicion_min"": 0.0, ""extras"": [], ""fx"": false, ""max_dias_fx"": 10, ""min_historia"": 1, ""periodos_por_anio"": 12, ""permitir_capturas"": false, ""rebalanceo_con_deriva"": true, ""segmentos"": [""dentro_muestra"", ""fuera_muestra""], ""senal"": ""senal_comprar_y_mantener"", ""spread_por_lado"": 0.0005, ""usuario"": {""indice"": ""^GSPC precio""}, ""variante"": ""gspc_precio_usd""}",S3b capitulo
2026-09-25T06:51:41.827364Z,R08,ff29d3f5ce,gspc_precio_usd,0,fuera_muestra,2007-05-31,2026-07-31,230,12,USD,3.8932590967951732,0.08636836374556212,0.15580603221020228,0.5202403658592386,0.7600148314832649,-0.5255585947031325,0.16433631685606478,0.1501804576360704,-0.534766644157728,3.9352186001822886,0.984995718549798,1.0,1.0,0.0,0.0,0,0.08636836374556212,0.014343358766019998,0.0029,0.0005,2007-05-31,021378e8b9ff2e03,Yahoo ^GSPC (precio) huella de1e2a5f437e88d1; DEXMXUS,"{""comision_por_lado"": 0.0029, ""cortes"": [""2007-05-31""], ""efectivo_en_mxn"": false, ""exposicion_inicial"": 0.0, ""exposicion_max"": 1.0, ""exposicion_min"": 0.0, ""extras"": [], ""fx"": false, ""max_dias_fx"": 10, ""min_historia"": 1, ""periodos_por_anio"": 12, ""permitir_capturas"": false, ""rebalanceo_con_deriva"": true, ""segmentos"": [""dentro_muestra"", ""fuera_muestra""], ""senal"": ""senal_comprar_y_mantener"", ""spread_por_lado"": 0.0005, ""usuario"": {""indice"": ""^GSPC precio""}, ""variante"": ""gspc_precio_usd""}",S3b capitulo
2026-09-25T06:51:41.838754Z,R08,9d044903ae,gspc_precio_mxn_h000,0,completo,1993-12-31,2026-07-31,391,12,MXN,88.19407354889483,0.1477893841571949,0.1644405793446426,0.2728396660731857,0.45797508682317806,-0.41850424419347276,0.35313712156494276,0.07876202732648069,2.2483528599752503,25.21737995335515,0.953208933338804,1.0,1.0,0.030693277310924375,0.00010435714285714287,1,0.1479093745381801,0.11172233927432984,0.0029,0.0005,2007-05-31,1bafce93b1c2be99,Yahoo ^GSPC (precio) huella de1e2a5f437e88d1; DEXMXUS,"{""comision_por_lado"": 0.0029, ""cortes"": [""2007-05-31""], ""efectivo_en_mxn"": true, ""exposicion_inicial"": 0.0, ""exposicion_max"": 1.0, ""exposicion_min"": 0.0, ""extras"": [""fx""], ""fx"": true, ""max_dias_fx"": 10, ""min_historia"": 1, ""periodos_por_anio"": 12, ""permitir_capturas"": false, ""rebalanceo_con_deriva"": true, ""segmentos"": [""dentro_muestra"", ""fuera_muestra""], ""senal"": ""senal_comprar_y_mantener"", ""spread_por_lado"": 0.0005, ""usuario"": {""h"": 0.0, ""indice"": ""^GSPC precio""}, ""variante"": ""gspc_precio_mxn_h000""}",S3b capitulo
2026-09-25T06:51:41.838754Z,R08,9d044903ae,gspc_precio_mxn_h000,0,dentro_muestra,1993-12-31,2007-05-31,161,12,MXN,10.298623731798143,0.19814507284805316,0.19978704946179948,0.14943766756318103,0.26772854127667867,-0.41850424419347276,0.47346012757866207,0.043138938797336185,3.139367410115805,27.983905384717655,0.7199314368988501,1.0,1.0,0.07455603184323331,0.00025349050826699326,1,0.1984493473755813,0.18374024165064107,0.0029,0.0005,2007-05-31,1bafce93b1c2be99,Yahoo ^GSPC (precio) huella de1e2a5f437e88d1; DEXMXUS,"{""comision_por_lado"": 0.0029, ""cortes"": [""2007-05-31""], ""efectivo_en_mxn"": true, ""exposicion_inicial"": 0.0, ""exposicion_max"": 1.0, ""exposicion_min"": 0.0, ""extras"": [""fx""], ""fx"": true, ""max_dias_fx"": 10, ""min_historia"": 1, ""periodos_por_anio"": 12, ""permitir_capturas"": false, ""rebalanceo_con_deriva"": true, ""segmentos"": [""dentro_muestra"", ""fuera_muestra""], ""senal"": ""senal_comprar_y_mantener"", ""spread_por_lado"": 0.0005, ""usuario"": {""h"": 0.0, ""indice"": ""^GSPC precio""}, ""variante"": ""gspc_precio_mxn_h000""}",S3b capitulo
2026-09-25T06:51:41.838754Z,R08,9d044903ae,gspc_precio_mxn_h000,0,fuera_muestra,2007-05-31,2026-07-31,230,12,MXN,6.8942423135901665,0.11381660946446459,0.13389448978219168,0.4084593874924952,0.6320101468599965,-0.3354548110603661,0.33929043707762757,0.11791206866091089,0.02227730422921562,4.006769458706386,0.9622482467422296,1.0,1.0,0.0,0.0,0,0.11381660946446459,0.0639492100778396,0.0029,0.0005,2007-05-31,1bafce93b1c2be99,Yahoo ^GSPC (precio) huella de1e2a5f437e88d1; DEXMXUS,"{""comision_por_lado"": 0.0029, ""cortes"": [""2007-05-31""], ""efectivo_en_mxn"": true, ""exposicion_inicial"": 0.0, ""exposicion_max"": 1.0, ""exposicion_min"": 0.0, ""extras"": [""fx""], ""fx"": true, ""max_dias_fx"": 10, ""min_historia"": 1, ""periodos_por_anio"": 12, ""permitir_capturas"": false, ""rebalanceo_con_deriva"": true, ""segmentos"": [""dentro_muestra"", ""fuera_muestra""], ""senal"": ""senal_comprar_y_mantener"", ""spread_por_lado"": 0.0005, ""usuario"": {""h"": 0.0, ""indice"": ""^GSPC precio""}, ""variante"": ""gspc_precio_mxn_h000""}",S3b capitulo
2026-09-25T06:51:41.858626Z,R08,b512ab1730,mxn_h000_fix,0,completo,1993-12-31,2026-07-31,391,12,MXN,161.74326676240716,0.16917164915694083,0.16740696872051977,0.382989978436771,0.6551628294568352,-0.39642651319883104,0.42674151078308775,0.11055968357369936,2.088361441697331,23.48325818477849,0.991468861203112,1.0,1.0,0.030693277310924375,0.00010435714285714287,1,0.16929387484882819,0.11172233927432984,0.0029,0.0005,2007-05-31,27d52a154213736d,French CRSP 202607; Banxico FIX SF43718 huella 5458d96e1cdefe5a; CETES SF43936,"{""comision_por_lado"": 0.0029, ""cortes"": [""2007-05-31""], ""efectivo_en_mxn"": true, ""exposicion_inicial"": 0.0, ""exposicion_max"": 1.0, ""exposicion_min"": 0.0, ""extras"": [""fx""], ""fx"": true, ""max_dias_fx"": 10, ""min_historia"": 1, ""periodos_por_anio"": 12, ""permitir_capturas"": false, ""rebalanceo_con_deriva"": true, ""segmentos"": [""dentro_muestra"", ""fuera_muestra""], ""senal"": ""senal_comprar_y_mantener"", ""spread_por_lado"": 0.0005, ""usuario"": {""fx"": ""FIX"", ""h"": 0.0}, ""variante"": ""mxn_h000_fix""}",S1
2026-09-25T06:51:41.858626Z,R08,b512ab1730,mxn_h000_fix,0,dentro_muestra,1993-12-31,2007-05-31,161,12,MXN,13.222020649250076,0.21887794777451108,0.20259505578734716,0.23712100068650566,0.4247925920580359,-0.39642651319883104,0.5521274195521101,0.06845093678843374,2.924054496666495,26.310124566353867,0.8291157540416281,1.0,1.0,0.07455603184323331,0.00025349050826699326,1,0.21918748751229233,0.18374024165064107,0.0029,0.0005,2007-05-31,27d52a154213736d,French CRSP 202607; Banxico FIX SF43718 huella 5458d96e1cdefe5a; CETES SF43936,"{""comision_por_lado"": 0.0029, ""cortes"": [""2007-05-31""], ""efectivo_en_mxn"": true, ""exposicion_inicial"": 0.0, ""exposicion_max"": 1.0, ""exposicion_min"": 0.0, ""extras"": [""fx""], ""fx"": true, ""max_dias_fx"": 10, ""min_historia"": 1, ""periodos_por_anio"": 12, ""permitir_capturas"": false, ""rebalanceo_con_deriva"": true, ""segmentos"": [""dentro_muestra"", ""fuera_muestra""], ""senal"": ""senal_comprar_y_mantener"", ""spread_por_lado"": 0.0005, ""usuario"": {""fx"": ""FIX"", ""h"": 0.0}, ""variante"": ""mxn_h000_fix""}",S1
2026-09-25T06:51:41.858626Z,R08,b512ab1730,mxn_h000_fix,0,fuera_muestra,2007-05-31,2026-07-31,230,12,MXN,10.443048127692647,0.1355997955207704,0.1372075262277403,0.5434240845446086,0.8768725126468238,-0.30056061851663873,0.4511562299478823,0.15687302074797785,0.0766883020632865,4.047028099587771,0.9910089872959187,1.0,1.0,0.0,0.0,0,0.1355997955207704,0.0639492100778396,0.0029,0.0005,2007-05-31,27d52a154213736d,French CRSP 202607; Banxico FIX SF43718 huella 5458d96e1cdefe5a; CETES SF43936,"{""comision_por_lado"": 0.0029, ""cortes"": [""2007-05-31""], ""efectivo_en_mxn"": true, ""exposicion_inicial"": 0.0, ""exposicion_max"": 1.0, ""exposicion_min"": 0.0, ""extras"": [""fx""], ""fx"": true, ""max_dias_fx"": 10, ""min_historia"": 1, ""periodos_por_anio"": 12, ""permitir_capturas"": false, ""rebalanceo_con_deriva"": true, ""segmentos"": [""dentro_muestra"", ""fuera_muestra""], ""senal"": ""senal_comprar_y_mantener"", ""spread_por_lado"": 0.0005, ""usuario"": {""fx"": ""FIX"", ""h"": 0.0}, ""variante"": ""mxn_h000_fix""}",S1
2026-09-25T06:51:41.865159Z,R08,7958ef51ad,mxn_h100_fix,0,completo,1993-12-31,2026-07-31,391,12,MXN,312.67916171340164,0.19295847528205745,0.16145869019927644,0.5353884221743924,0.7652008832004553,-0.48678664088510926,0.3963922981353945,0.15455332483169726,-0.7712903025006626,4.698451977958899,0.9978617652620383,1.0,1.0,0.030693277310924375,0.00010435714285714287,1,0.19308318765866983,0.11172233927432984,0.0029,0.0005,2007-05-31,2b0c2933e15bfc8f,French CRSP 202607; Banxico FIX SF43718 huella 5458d96e1cdefe5a; CETES SF43936,"{""comision_por_lado"": 0.0029, ""cortes"": [""2007-05-31""], ""efectivo_en_mxn"": false, ""exposicion_inicial"": 0.0, ""exposicion_max"": 1.0, ""exposicion_min"": 0.0, ""extras"": [], ""fx"": false, ""max_dias_fx"": 10, ""min_historia"": 1, ""periodos_por_anio"": 12, ""permitir_capturas"": false, ""rebalanceo_con_deriva"": true, ""segmentos"": [""dentro_muestra"", ""fuera_muestra""], ""senal"": ""senal_comprar_y_mantener"", ""spread_por_lado"": 0.0005, ""usuario"": {""fx"": ""FIX"", ""h"": 1.0}, ""variante"": ""mxn_h100_fix""}",S1
2026-09-25T06:51:41.865159Z,R08,7958ef51ad,mxn_h100_fix,0,dentro_muestra,1993-12-31,2007-05-31,161,12,MXN,20.932919242394256,0.25888723207298425,0.15770537933144163,0.5045990297210634,0.7120895829912252,-0.36195150788607655,0.7152539122850359,0.14566519282113996,-0.8959459496906544,4.612207224863573,0.9571399729053947,1.0,1.0,0.07455603184323331,0.00025349050826699326,1,0.2592069323550541,0.18374024165064107,0.0029,0.0005,2007-05-31,2b0c2933e15bfc8f,French CRSP 202607; Banxico FIX SF43718 huella 5458d96e1cdefe5a; CETES SF43936,"{""comision_por_lado"": 0.0029, ""cortes"": [""2007-05-31""], ""efectivo_en_mxn"": false, ""exposicion_inicial"": 0.0, ""exposicion_max"": 1.0, ""exposicion_min"": 0.0, ""extras"": [], ""fx"": false, ""max_dias_fx"": 10, ""min_historia"": 1, ""periodos_por_anio"": 12, ""permitir_capturas"": false, ""rebalanceo_con_deriva"": true, ""segmentos"": [""dentro_muestra"", ""fuera_muestra""], ""senal"": ""senal_comprar_y_mantener"", ""spread_por_lado"": 0.0005, ""usuario"": {""fx"": ""FIX"", ""h"": 1.0}, ""variante"": ""mxn_h100_fix""}",S1
2026-09-25T06:51:41.865159Z,R08,7958ef51ad,mxn_h100_fix,0,fuera_muestra,2007-05-31,2026-07-31,230,12,MXN,13.301751547376767,0.1488886745198157,0.16349292504865082,0.5549564648427637,0.8004330163927844,-0.48678664088510903,0.30586023118690364,0.16020213218274637,-0.7108199796518873,4.669399313815829,0.9884910840221977,1.0,1.0,0.0,0.0,0,0.1488886745198157,0.0639492100778396,0.0029,0.0005,2007-05-31,2b0c2933e15bfc8f,French CRSP 202607; Banxico FIX SF43718 huella 5458d96e1cdefe5a; CETES SF43936,"{""comision_por_lado"": 0.0029, ""cortes"": [""2007-05-31""], ""efectivo_en_mxn"": false, ""exposicion_inicial"": 0.0, ""exposicion_max"": 1.0, ""exposicion_min"": 0.0, ""extras"": [], ""fx"": false, ""max_dias_fx"": 10, ""min_historia"": 1, ""periodos_por_anio"": 12, ""permitir_capturas"": false, ""rebalanceo_con_deriva"": true, ""segmentos"": [""dentro_muestra"", ""fuera_muestra""], ""senal"": ""senal_comprar_y_mantener"", ""spread_por_lado"": 0.0005, ""usuario"": {""fx"": ""FIX"", ""h"": 1.0}, ""variante"": ""mxn_h100_fix""}",S1
2026-09-25T06:51:41.879278Z,R08,53d0d76ec8,mxn_h000_fix_desde1991,0,completo,1991-11-30,2026-07-31,416,12,MXN,222.772807101167,0.16891492316879164,0.16411214602285293,0.367560963065685,0.6282204316295732,-0.3964265131988308,0.426093910333568,0.10610571048478566,2.1111644388934043,23.968889303591087,0.9908015288701384,1.0,1.0,0.028846153846153848,9.807692307692307e-05,1,0.16902976772607237,0.11508687090263425,0.0029,0.0005,2007-05-31,5527db320e82eff4,French CRSP 202607; Banxico FIX SF43718 huella 5458d96e1cdefe5a; CETES SF43936,"{""comision_por_lado"": 0.0029, ""cortes"": [""2007-05-31""], ""efectivo_en_mxn"": true, ""exposicion_inicial"": 0.0, ""exposicion_max"": 1.0, ""exposicion_min"": 0.0, ""extras"": [""fx""], ""fx"": true, ""max_dias_fx"": 10, ""min_historia"": 1, ""periodos_por_anio"": 12, ""permitir_capturas"": false, ""rebalanceo_con_deriva"": true, ""segmentos"": [""dentro_muestra"", ""fuera_muestra""], ""senal"": ""senal_comprar_y_mantener"", ""spread_por_lado"": 0.0005, ""usuario"": {""base"": ""1991-11-30"", ""fx"": ""FIX"", ""h"": 0.0}, ""variante"": ""mxn_h000_fix_desde1991""}",S2
2026-09-25T06:51:41.879278Z,R08,53d0d76ec8,mxn_h000_fix_desde1991,0,dentro_muestra,1991-11-30,2007-05-31,186,12,MXN,18.55534964146724,0.2114708691893561,0.19201000560297318,0.21745999423866377,0.38806520498371505,-0.3964265131988308,0.5334427999857094,0.0627752931058335,3.0156360879026773,28.364158581651616,0.8245685726100915,1.0,1.0,0.06452040275569687,0.00021936936936936937,1,0.21173711085925895,0.18174140100368685,0.0029,0.0005,2007-05-31,5527db320e82eff4,French CRSP 202607; Banxico FIX SF43718 huella 5458d96e1cdefe5a; CETES SF43936,"{""comision_por_lado"": 0.0029, ""cortes"": [""2007-05-31""], ""efectivo_en_mxn"": true, ""exposicion_inicial"": 0.0, ""exposicion_max"": 1.0, ""exposicion_min"": 0.0, ""extras"": [""fx""], ""fx"": true, ""max_dias_fx"": 10, ""min_historia"": 1, ""periodos_por_anio"": 12, ""permitir_capturas"": false, ""rebalanceo_con_deriva"": true, ""segmentos"": [""dentro_muestra"", ""fuera_muestra""], ""senal"": ""senal_comprar_y_mantener"", ""spread_por_lado"": 0.0005, ""usuario"": {""base"": ""1991-11-30"", ""fx"": ""FIX"", ""h"": 0.0}, ""variante"": ""mxn_h000_fix_desde1991""}",S2
2026-09-25T06:51:41.879278Z,R08,53d0d76ec8,mxn_h000_fix_desde1991,0,fuera_muestra,2007-05-31,2026-07-31,230,12,MXN,10.443048127692647,0.1355997955207704,0.1372075262277403,0.5434240845446086,0.8768725126468238,-0.30056061851663873,0.4511562299478823,0.15687302074797785,0.0766883020632865,4.047028099587771,0.9910089872959187,1.0,1.0,0.0,0.0,0,0.1355997955207704,0.0639492100778396,0.0029,0.0005,2007-05-31,5527db320e82eff4,French CRSP 202607; Banxico FIX SF43718 huella 5458d96e1cdefe5a; CETES SF43936,"{""comision_por_lado"": 0.0029, ""cortes"": [""2007-05-31""], ""efectivo_en_mxn"": true, ""exposicion_inicial"": 0.0, ""exposicion_max"": 1.0, ""exposicion_min"": 0.0, ""extras"": [""fx""], ""fx"": true, ""max_dias_fx"": 10, ""min_historia"": 1, ""periodos_por_anio"": 12, ""permitir_capturas"": false, ""rebalanceo_con_deriva"": true, ""segmentos"": [""dentro_muestra"", ""fuera_muestra""], ""senal"": ""senal_comprar_y_mantener"", ""spread_por_lado"": 0.0005, ""usuario"": {""base"": ""1991-11-30"", ""fx"": ""FIX"", ""h"": 0.0}, ""variante"": ""mxn_h000_fix_desde1991""}",S2
2026-09-25T06:51:41.885626Z,R08,6d31965202,mxn_h100_fix_desde1991,0,completo,1991-11-30,2026-07-31,416,12,MXN,549.0813456523716,0.1996395533625066,0.15844215112053633,0.5597058698197316,0.8062257446792984,-0.48678664088510915,0.4101171572816957,0.16157316730371785,-0.7554146700779153,4.841827180884476,0.9989410286378205,1.0,1.0,0.028846153846153848,9.807692307692307e-05,1,0.19975741657964208,0.11508687090263425,0.0029,0.0005,2007-05-31,eef43aa8a87ae2a8,French CRSP 202607; Banxico FIX SF43718 huella 5458d96e1cdefe5a; CETES SF43936,"{""comision_por_lado"": 0.0029, ""cortes"": [""2007-05-31""], ""efectivo_en_mxn"": false, ""exposicion_inicial"": 0.0, ""exposicion_max"": 1.0, ""exposicion_min"": 0.0, ""extras"": [], ""fx"": false, ""max_dias_fx"": 10, ""min_historia"": 1, ""periodos_por_anio"": 12, ""permitir_capturas"": false, ""rebalanceo_con_deriva"": true, ""segmentos"": [""dentro_muestra"", ""fuera_muestra""], ""senal"": ""senal_comprar_y_mantener"", ""spread_por_lado"": 0.0005, ""usuario"": {""base"": ""1991-11-30"", ""fx"": ""FIX"", ""h"": 1.0}, ""variante"": ""mxn_h100_fix_desde1991""}",S2
2026-09-25T06:51:41.885626Z,R08,6d31965202,mxn_h100_fix_desde1991,0,dentro_muestra,1991-11-30,2007-05-31,186,12,MXN,37.46251585549797,0.26551492093015994,0.15099498839798725,0.5685321819789949,0.819601621499163,-0.36195150788607655,0.7335648979081756,0.16412110415426903,-0.8367589214251242,4.9257625582734885,0.980739704169171,1.0,1.0,0.06452040275569687,0.00021936936936936937,1,0.26579303971485757,0.18174140100368685,0.0029,0.0005,2007-05-31,eef43aa8a87ae2a8,French CRSP 202607; Banxico FIX SF43718 huella 5458d96e1cdefe5a; CETES SF43936,"{""comision_por_lado"": 0.0029, ""cortes"": [""2007-05-31""], ""efectivo_en_mxn"": false, ""exposicion_inicial"": 0.0, ""exposicion_max"": 1.0, ""exposicion_min"": 0.0, ""extras"": [], ""fx"": false, ""max_dias_fx"": 10, ""min_historia"": 1, ""periodos_por_anio"": 12, ""permitir_capturas"": false, ""rebalanceo_con_deriva"": true, ""segmentos"": [""dentro_muestra"", ""fuera_muestra""], ""senal"": ""senal_comprar_y_mantener"", ""spread_por_lado"": 0.0005, ""usuario"": {""base"": ""1991-11-30"", ""fx"": ""FIX"", ""h"": 1.0}, ""variante"": ""mxn_h100_fix_desde1991""}",S2
2026-09-25T06:51:41.885626Z,R08,6d31965202,mxn_h100_fix_desde1991,0,fuera_muestra,2007-05-31,2026-07-31,230,12,MXN,13.301751547376767,0.1488886745198157,0.16349292504865082,0.5549564648427637,0.8004330163927844,-0.48678664088510903,0.30586023118690364,0.16020213218274637,-0.7108199796518873,4.669399313815829,0.9884910840221977,1.0,1.0,0.0,0.0,0,0.1488886745198157,0.0639492100778396,0.0029,0.0005,2007-05-31,eef43aa8a87ae2a8,French CRSP 202607; Banxico FIX SF43718 huella 5458d96e1cdefe5a; CETES SF43936,"{""comision_por_lado"": 0.0029, ""cortes"": [""2007-05-31""], ""efectivo_en_mxn"": false, ""exposicion_inicial"": 0.0, ""exposicion_max"": 1.0, ""exposicion_min"": 0.0, ""extras"": [], ""fx"": false, ""max_dias_fx"": 10, ""min_historia"": 1, ""periodos_por_anio"": 12, ""permitir_capturas"": false, ""rebalanceo_con_deriva"": true, ""segmentos"": [""dentro_muestra"", ""fuera_muestra""], ""senal"": ""senal_comprar_y_mantener"", ""spread_por_lado"": 0.0005, ""usuario"": {""base"": ""1991-11-30"", ""fx"": ""FIX"", ""h"": 1.0}, ""variante"": ""mxn_h100_fix_desde1991""}",S2
2026-09-25T06:51:41.894067Z,R08,b2425cdae0,usd_referencia_desde1991,0,completo,1991-11-30,2026-07-31,416,12,USD,38.60781784893917,0.1119617135523967,0.15139588561186043,0.616615305190754,0.9161824970603056,-0.5031170717166412,0.22253610510647562,0.17800150621916255,-0.5636356041277303,4.141083104710446,0.9996851229477894,1.0,1.0,0.028846153846153848,9.807692307692307e-05,1,0.11207096252182525,0.025055764094776167,0.0029,0.0005,2007-05-31,b669493dd74ff4fd,French CRSP 202607; Banxico FIX SF43718 huella 5458d96e1cdefe5a; CETES SF43936,"{""comision_por_lado"": 0.0029, ""cortes"": [""2007-05-31""], ""efectivo_en_mxn"": false, ""exposicion_inicial"": 0.0, ""exposicion_max"": 1.0, ""exposicion_min"": 0.0, ""extras"": [], ""fx"": false, ""max_dias_fx"": 10, ""min_historia"": 1, ""periodos_por_anio"": 12, ""permitir_capturas"": false, ""rebalanceo_con_deriva"": true, ""segmentos"": [""dentro_muestra"", ""fuera_muestra""], ""senal"": ""senal_comprar_y_mantener"", ""spread_por_lado"": 0.0005, ""usuario"": {""base"": ""1991-11-30""}, ""variante"": ""usd_referencia_desde1991""}",S2
2026-09-25T06:51:41.894067Z,R08,b2425cdae0,usd_referencia_desde1991,0,dentro_muestra,1991-11-30,2007-05-31,186,12,USD,4.582406665764641,0.11733967991710803,0.13986728128407677,0.5977684397136143,0.876705475022136,-0.4499468448019661,0.26078564895538364,0.1725608847908589,-0.7102572420128495,4.323927656218318,0.9857825038907566,1.0,1.0,0.06452040275569687,0.00021936936936936937,1,0.11758523463063475,0.038460475482738676,0.0029,0.0005,2007-05-31,b669493dd74ff4fd,French CRSP 202607; Banxico FIX SF43718 huella 5458d96e1cdefe5a; CETES SF43936,"{""comision_por_lado"": 0.0029, ""cortes"": [""2007-05-31""], ""efectivo_en_mxn"": false, ""exposicion_inicial"": 0.0, ""exposicion_max"": 1.0, ""exposicion_min"": 0.0, ""extras"": [], ""fx"": false, ""max_dias_fx"": 10, ""min_historia"": 1, ""periodos_por_anio"": 12, ""permitir_capturas"": false, ""rebalanceo_con_deriva"": true, ""segmentos"": [""dentro_muestra"", ""fuera_muestra""], ""senal"": ""senal_comprar_y_mantener"", ""spread_por_lado"": 0.0005, ""usuario"": {""base"": ""1991-11-30""}, ""variante"": ""usd_referencia_desde1991""}",S2
2026-09-25T06:51:41.894067Z,R08,b2425cdae0,usd_referencia_desde1991,0,fuera_muestra,2007-05-31,2026-07-31,230,12,USD,6.095115103642121,0.10763203000760235,0.1604128051716383,0.6312613712562105,0.947196910939548,-0.5031170717166412,0.2139303872960634,0.18222946131189272,-0.4905443924269237,3.9488993171371014,0.9955107809027375,1.0,1.0,0.0,0.0,0,0.10763203000760235,0.014343358766019998,0.0029,0.0005,2007-05-31,b669493dd74ff4fd,French CRSP 202607; Banxico FIX SF43718 huella 5458d96e1cdefe5a; CETES SF43936,"{""comision_por_lado"": 0.0029, ""cortes"": [""2007-05-31""], ""efectivo_en_mxn"": false, ""exposicion_inicial"": 0.0, ""exposicion_max"": 1.0, ""exposicion_min"": 0.0, ""extras"": [], ""fx"": false, ""max_dias_fx"": 10, ""min_historia"": 1, ""periodos_por_anio"": 12, ""permitir_capturas"": false, ""rebalanceo_con_deriva"": true, ""segmentos"": [""dentro_muestra"", ""fuera_muestra""], ""senal"": ""senal_comprar_y_mantener"", ""spread_por_lado"": 0.0005, ""usuario"": {""base"": ""1991-11-30""}, ""variante"": ""usd_referencia_desde1991""}",S2
2026-09-25T06:51:42.632972Z,R08,7c618d40b3,mxn_h000_sp500tr,0,completo,1993-12-31,2026-07-31,391,12,MXN,162.8841294767407,0.16942236434231117,0.16494735386512602,0.38807878510542987,0.6702321472628022,-0.40052524357621055,0.4230004651631254,0.11202869552370144,2.258928432897107,25.36423340556904,0.9926187740389144,1.0,1.0,0.030693277310924375,0.00010435714285714287,1,0.1695446162440688,0.11172233927432984,0.0029,0.0005,2007-05-31,376117accd4a930d,Yahoo ^SP500TR huella da53bc6647fa70db; DEXMXUS; CETES SF43936; RF French,"{""comision_por_lado"": 0.0029, ""cortes"": [""2007-05-31""], ""efectivo_en_mxn"": true, ""exposicion_inicial"": 0.0, ""exposicion_max"": 1.0, ""exposicion_min"": 0.0, ""extras"": [""fx""], ""fx"": true, ""max_dias_fx"": 10, ""min_historia"": 1, ""periodos_por_anio"": 12, ""permitir_capturas"": false, ""rebalanceo_con_deriva"": true, ""segmentos"": [""dentro_muestra"", ""fuera_muestra""], ""senal"": ""senal_comprar_y_mantener"", ""spread_por_lado"": 0.0005, ""usuario"": {""activo"": ""^SP500TR"", ""h"": 0.0}, ""variante"": ""mxn_h000_sp500tr""}",S3a
2026-09-25T06:51:42.632972Z,R08,7c618d40b3,mxn_h000_sp500tr,0,dentro_muestra,1993-12-31,2007-05-31,161,12,MXN,13.40881362753469,0.22006430908413344,0.20057875217169005,0.24271102199812072,0.44573077905561875,-0.40052524357621055,0.5494392990544686,0.07006463694295209,3.148507127982598,28.09784790327126,0.8372250547823278,1.0,1.0,0.07455603184323331,0.00025349050826699326,1,0.22037415010390093,0.18374024165064107,0.0029,0.0005,2007-05-31,376117accd4a930d,Yahoo ^SP500TR huella da53bc6647fa70db; DEXMXUS; CETES SF43936; RF French,"{""comision_por_lado"": 0.0029, ""cortes"": [""2007-05-31""], ""efectivo_en_mxn"": true, ""exposicion_inicial"": 0.0, ""exposicion_max"": 1.0, ""exposicion_min"": 0.0, ""extras"": [""fx""], ""fx"": true, ""max_dias_fx"": 10, ""min_historia"": 1, ""periodos_por_anio"": 12, ""permitir_capturas"": false, ""rebalanceo_con_deriva"": true, ""segmentos"": [""dentro_muestra"", ""fuera_muestra""], ""senal"": ""senal_comprar_y_mantener"", ""spread_por_lado"": 0.0005, ""usuario"": {""activo"": ""^SP500TR"", ""h"": 0.0}, ""variante"": ""mxn_h000_sp500tr""}",S3a
2026-09-25T06:51:42.632972Z,R08,7c618d40b3,mxn_h000_sp500tr,0,fuera_muestra,2007-05-31,2026-07-31,230,12,MXN,10.373880856059136,0.13524065736347657,0.13414448581894636,0.5504819922117334,0.8798439066922106,-0.3122100164364566,0.4331720644555354,0.15891046319374288,0.024118782275307404,4.004484755708356,0.9915011555886668,1.0,1.0,0.0,0.0,0,0.13524065736347657,0.0639492100778396,0.0029,0.0005,2007-05-31,376117accd4a930d,Yahoo ^SP500TR huella da53bc6647fa70db; DEXMXUS; CETES SF43936; RF French,"{""comision_por_lado"": 0.0029, ""cortes"": [""2007-05-31""], ""efectivo_en_mxn"": true, ""exposicion_inicial"": 0.0, ""exposicion_max"": 1.0, ""exposicion_min"": 0.0, ""extras"": [""fx""], ""fx"": true, ""max_dias_fx"": 10, ""min_historia"": 1, ""periodos_por_anio"": 12, ""permitir_capturas"": false, ""rebalanceo_con_deriva"": true, ""segmentos"": [""dentro_muestra"", ""fuera_muestra""], ""senal"": ""senal_comprar_y_mantener"", ""spread_por_lado"": 0.0005, ""usuario"": {""activo"": ""^SP500TR"", ""h"": 0.0}, ""variante"": ""mxn_h000_sp500tr""}",S3a
2026-09-25T06:51:42.638702Z,R08,3c24b7d576,mxn_h100_sp500tr,0,completo,1993-12-31,2026-07-31,391,12,MXN,318.2076412875846,0.19359836591335622,0.15708015694082086,0.5508575164979828,0.7920745740282651,-0.4931224788818931,0.3925969190297744,0.15901886771761956,-0.7512601638843475,4.615003677236024,0.9983496017737059,1.0,1.0,0.030693277310924375,0.00010435714285714287,1,0.19372314518440215,0.11172233927432984,0.0029,0.0005,2007-05-31,04128e3891d1c555,Yahoo ^SP500TR huella da53bc6647fa70db; DEXMXUS; CETES SF43936; RF French,"{""comision_por_lado"": 0.0029, ""cortes"": [""2007-05-31""], ""efectivo_en_mxn"": false, ""exposicion_inicial"": 0.0, ""exposicion_max"": 1.0, ""exposicion_min"": 0.0, ""extras"": [], ""fx"": false, ""max_dias_fx"": 10, ""min_historia"": 1, ""periodos_por_anio"": 12, ""permitir_capturas"": false, ""rebalanceo_con_deriva"": true, ""segmentos"": [""dentro_muestra"", ""fuera_muestra""], ""senal"": ""senal_comprar_y_mantener"", ""spread_por_lado"": 0.0005, ""usuario"": {""activo"": ""^SP500TR"", ""h"": 1.0}, ""variante"": ""mxn_h100_sp500tr""}",S3a
2026-09-25T06:51:42.638702Z,R08,3c24b7d576,mxn_h100_sp500tr,0,dentro_muestra,1993-12-31,2007-05-31,161,12,MXN,21.31286781990981,0.2605002577012734,0.15384724378097428,0.5256648085043133,0.7565334410630106,-0.35921650449270714,0.7251901136033745,0.1517463593467392,-0.7634979084467817,4.38367990579384,0.9641819400851352,1.0,1.0,0.07455603184323331,0.00025349050826699326,1,0.26082036761872196,0.18374024165064107,0.0029,0.0005,2007-05-31,04128e3891d1c555,Yahoo ^SP500TR huella da53bc6647fa70db; DEXMXUS; CETES SF43936; RF French,"{""comision_por_lado"": 0.0029, ""cortes"": [""2007-05-31""], ""efectivo_en_mxn"": false, ""exposicion_inicial"": 0.0, ""exposicion_max"": 1.0, ""exposicion_min"": 0.0, ""extras"": [], ""fx"": false, ""max_dias_fx"": 10, ""min_historia"": 1, ""periodos_por_anio"": 12, ""permitir_capturas"": false, ""rebalanceo_con_deriva"": true, ""segmentos"": [""dentro_muestra"", ""fuera_muestra""], ""senal"": ""senal_comprar_y_mantener"", ""spread_por_lado"": 0.0005, ""usuario"": {""activo"": ""^SP500TR"", ""h"": 1.0}, ""variante"": ""mxn_h100_sp500tr""}",S3a
2026-09-25T06:51:42.638702Z,R08,3c24b7d576,mxn_h100_sp500tr,0,fuera_muestra,2007-05-31,2026-07-31,230,12,MXN,13.305988986442857,0.1489064311830517,0.1586993468884657,0.5669162544799683,0.8161967657588378,-0.4931224788818931,0.30196642327212997,0.16365462606599204,-0.7474323992064256,4.655150395675875,0.9896280730030296,1.0,1.0,0.0,0.0,0,0.1489064311830517,0.0639492100778396,0.0029,0.0005,2007-05-31,04128e3891d1c555,Yahoo ^SP500TR huella da53bc6647fa70db; DEXMXUS; CETES SF43936; RF French,"{""comision_por_lado"": 0.0029, ""cortes"": [""2007-05-31""], ""efectivo_en_mxn"": false, ""exposicion_inicial"": 0.0, ""exposicion_max"": 1.0, ""exposicion_min"": 0.0, ""extras"": [], ""fx"": false, ""max_dias_fx"": 10, ""min_historia"": 1, ""periodos_por_anio"": 12, ""permitir_capturas"": false, ""rebalanceo_con_deriva"": true, ""segmentos"": [""dentro_muestra"", ""fuera_muestra""], ""senal"": ""senal_comprar_y_mantener"", ""spread_por_lado"": 0.0005, ""usuario"": {""activo"": ""^SP500TR"", ""h"": 1.0}, ""variante"": ""mxn_h100_sp500tr""}",S3a
2026-09-25T06:51:42.646309Z,R08,1600124c04,usd_referencia_sp500tr,0,completo,1993-12-31,2026-07-31,391,12,USD,28.402365250308023,0.10935223878815248,0.14973295608738477,0.6091842478142391,0.9038307293509928,-0.5094876760691069,0.21463176426924982,0.17585634473081532,-0.5645542651264429,3.9439884122319953,0.999478347475681,1.0,1.0,0.030693277310924375,0.00010435714285714287,1,0.10946821093392822,0.024578274868084726,0.0029,0.0005,2007-05-31,3dc1f68ab748e595,Yahoo ^SP500TR huella da53bc6647fa70db; DEXMXUS; CETES SF43936; RF French,"{""comision_por_lado"": 0.0029, ""cortes"": [""2007-05-31""], ""efectivo_en_mxn"": false, ""exposicion_inicial"": 0.0, ""exposicion_max"": 1.0, ""exposicion_min"": 0.0, ""extras"": [], ""fx"": false, ""max_dias_fx"": 10, ""min_historia"": 1, ""periodos_por_anio"": 12, ""permitir_capturas"": false, ""rebalanceo_con_deriva"": true, ""segmentos"": [""dentro_muestra"", ""fuera_muestra""], ""senal"": ""senal_comprar_y_mantener"", ""spread_por_lado"": 0.0005, ""usuario"": {""activo"": ""^SP500TR""}, ""variante"": ""usd_referencia_sp500tr""}",S3a
2026-09-25T06:51:42.646309Z,R08,1600124c04,usd_referencia_sp500tr,0,dentro_muestra,1993-12-31,2007-05-31,161,12,USD,3.170477999103917,0.11234266369056645,0.14111535052822916,0.5556094545223491,0.8143308448289825,-0.4473372472155498,0.25113639516906594,0.1603906340663897,-0.6378958524426412,3.8783275639029817,0.9723384505416253,1.0,1.0,0.07455603184323331,0.00025349050826699326,1,0.11262514829624037,0.03938416008294898,0.0029,0.0005,2007-05-31,3dc1f68ab748e595,Yahoo ^SP500TR huella da53bc6647fa70db; DEXMXUS; CETES SF43936; RF French,"{""comision_por_lado"": 0.0029, ""cortes"": [""2007-05-31""], ""efectivo_en_mxn"": false, ""exposicion_inicial"": 0.0, ""exposicion_max"": 1.0, ""exposicion_min"": 0.0, ""extras"": [], ""fx"": false, ""max_dias_fx"": 10, ""min_historia"": 1, ""periodos_por_anio"": 12, ""permitir_capturas"": false, ""rebalanceo_con_deriva"": true, ""segmentos"": [""dentro_muestra"", ""fuera_muestra""], ""senal"": ""senal_comprar_y_mantener"", ""spread_por_lado"": 0.0005, ""usuario"": {""activo"": ""^SP500TR""}, ""variante"": ""usd_referencia_sp500tr""}",S3a
2026-09-25T06:51:42.646309Z,R08,1600124c04,usd_referencia_sp500tr,0,fuera_muestra,2007-05-31,2026-07-31,230,12,USD,6.05011877694248,0.10726444992625472,0.15578471087751683,0.6432646505343356,0.9627698574833925,-0.5094876760691069,0.21053394412567766,0.18569450957308462,-0.5336513873287764,3.924011954993629,0.9959775380963467,1.0,1.0,0.0,0.0,0,0.10726444992625472,0.014343358766019998,0.0029,0.0005,2007-05-31,3dc1f68ab748e595,Yahoo ^SP500TR huella da53bc6647fa70db; DEXMXUS; CETES SF43936; RF French,"{""comision_por_lado"": 0.0029, ""cortes"": [""2007-05-31""], ""efectivo_en_mxn"": false, ""exposicion_inicial"": 0.0, ""exposicion_max"": 1.0, ""exposicion_min"": 0.0, ""extras"": [], ""fx"": false, ""max_dias_fx"": 10, ""min_historia"": 1, ""periodos_por_anio"": 12, ""permitir_capturas"": false, ""rebalanceo_con_deriva"": true, ""segmentos"": [""dentro_muestra"", ""fuera_muestra""], ""senal"": ""senal_comprar_y_mantener"", ""spread_por_lado"": 0.0005, ""usuario"": {""activo"": ""^SP500TR""}, ""variante"": ""usd_referencia_sp500tr""}",S3a
2026-09-25T06:52:22.401775Z,R08,4fa8e4b239,mxn_h000,1,completo,1993-12-31,2026-07-31,391,12,MXN,161.6463798458471,0.1691502789374486,0.16712737481559903,0.3833101535136045,0.6556570211609707,-0.3986273085655936,0.42433188921780846,0.11065211015709817,2.096519347590452,23.671828828770643,0.9915282688819589,1.0,1.0,0.030693277310924375,0.00010435714285714287,1,0.16927250239528435,0.11172233927432984,0.0029,0.0005,2007-05-31,d93425e0e4741dff,French F-F_Research_Data_Factors CRSP 202607 sha256 b840dba55d319f48; FRED DEXMXUS huella 28098d0c456254a0; Banxico SF43936 huella 379eb41bf5f8814a,"{""comision_por_lado"": 0.0029, ""cortes"": [""2007-05-31""], ""efectivo_en_mxn"": true, ""exposicion_inicial"": 0.0, ""exposicion_max"": 1.0, ""exposicion_min"": 0.0, ""extras"": [""fx""], ""fx"": true, ""max_dias_fx"": 10, ""min_historia"": 1, ""periodos_por_anio"": 12, ""permitir_capturas"": false, ""rebalanceo_con_deriva"": true, ""segmentos"": [""dentro_muestra"", ""fuera_muestra""], ""senal"": ""senal_comprar_y_mantener"", ""spread_por_lado"": 0.0005, ""usuario"": {""efectivo"": ""CETES28 SF43936"", ""fx"": ""DEXMXUS"", ""h"": 0.0}, ""variante"": ""mxn_h000""}",P1 sin cubrir (conversion del motor)
2026-09-25T06:52:22.401775Z,R08,4fa8e4b239,mxn_h000,1,dentro_muestra,1993-12-31,2007-05-31,161,12,MXN,13.209301031691227,0.2187966393495755,0.2017367039530032,0.2371141212342199,0.4235712065929111,-0.3986273085655936,0.5488751890503578,0.06844895086161921,2.940533385396536,26.77332320394511,0.8291933612499737,1.0,1.0,0.07455603184323331,0.00025349050826699326,1,0.2191061584387033,0.18374024165064107,0.0029,0.0005,2007-05-31,d93425e0e4741dff,French F-F_Research_Data_Factors CRSP 202607 sha256 b840dba55d319f48; FRED DEXMXUS huella 28098d0c456254a0; Banxico SF43936 huella 379eb41bf5f8814a,"{""comision_por_lado"": 0.0029, ""cortes"": [""2007-05-31""], ""efectivo_en_mxn"": true, ""exposicion_inicial"": 0.0, ""exposicion_max"": 1.0, ""exposicion_min"": 0.0, ""extras"": [""fx""], ""fx"": true, ""max_dias_fx"": 10, ""min_historia"": 1, ""periodos_por_anio"": 12, ""permitir_capturas"": false, ""rebalanceo_con_deriva"": true, ""segmentos"": [""dentro_muestra"", ""fuera_muestra""], ""senal"": ""senal_comprar_y_mantener"", ""spread_por_lado"": 0.0005, ""usuario"": {""efectivo"": ""CETES28 SF43936"", ""fx"": ""DEXMXUS"", ""h"": 0.0}, ""variante"": ""mxn_h000""}",P1 sin cubrir (conversion del motor)
2026-09-25T06:52:22.401775Z,R08,4fa8e4b239,mxn_h000,1,fuera_muestra,2007-05-31,2026-07-31,230,12,MXN,10.446472946353536,0.1356175247443545,0.1375156572543321,0.542592100504438,0.8789758748531012,-0.29971589617506866,0.4524869267032077,0.15663284764320087,0.11485829466018538,4.126570883952664,0.9910789941931004,1.0,1.0,0.0,0.0,0,0.1356175247443545,0.0639492100778396,0.0029,0.0005,2007-05-31,d93425e0e4741dff,French F-F_Research_Data_Factors CRSP 202607 sha256 b840dba55d319f48; FRED DEXMXUS huella 28098d0c456254a0; Banxico SF43936 huella 379eb41bf5f8814a,"{""comision_por_lado"": 0.0029, ""cortes"": [""2007-05-31""], ""efectivo_en_mxn"": true, ""exposicion_inicial"": 0.0, ""exposicion_max"": 1.0, ""exposicion_min"": 0.0, ""extras"": [""fx""], ""fx"": true, ""max_dias_fx"": 10, ""min_historia"": 1, ""periodos_por_anio"": 12, ""permitir_capturas"": false, ""rebalanceo_con_deriva"": true, ""segmentos"": [""dentro_muestra"", ""fuera_muestra""], ""senal"": ""senal_comprar_y_mantener"", ""spread_por_lado"": 0.0005, ""usuario"": {""efectivo"": ""CETES28 SF43936"", ""fx"": ""DEXMXUS"", ""h"": 0.0}, ""variante"": ""mxn_h000""}",P1 sin cubrir (conversion del motor)
2026-09-25T06:52:22.410834Z,R08,9f5579016b,mxn_h025,1,completo,1993-12-31,2026-07-31,391,12,MXN,201.0795322484564,0.1769663223928053,0.15410227133517035,0.45222683910893574,0.7347693745912621,-0.3820207733080212,0.4632374330338271,0.13054664364715882,1.0034098969469556,12.38127857834539,0.9964434743775805,1.0,1.0,0.030693277310924375,0.00010435714285714287,1,0.17708936294308408,0.11172233927432984,0.0029,0.0005,2007-05-31,1cca5ec61fd6d53c,French F-F_Research_Data_Factors CRSP 202607 sha256 b840dba55d319f48; FRED DEXMXUS huella 28098d0c456254a0; Banxico SF43936 huella 379eb41bf5f8814a,"{""comision_por_lado"": 0.0029, ""cortes"": [""2007-05-31""], ""efectivo_en_mxn"": false, ""exposicion_inicial"": 0.0, ""exposicion_max"": 1.0, ""exposicion_min"": 0.0, ""extras"": [], ""fx"": false, ""max_dias_fx"": 10, ""min_historia"": 1, ""periodos_por_anio"": 12, ""permitir_capturas"": false, ""rebalanceo_con_deriva"": true, ""segmentos"": [""dentro_muestra"", ""fuera_muestra""], ""senal"": ""senal_comprar_y_mantener"", ""spread_por_lado"": 0.0005, ""usuario"": {""c"": 0.0, ""cobertura"": ""CETES28 vs RF French"", ""fx"": ""DEXMXUS"", ""h"": 0.25}, ""variante"": ""mxn_h025""}",cobertura fija h=0.25
2026-09-25T06:52:22.410834Z,R08,9f5579016b,mxn_h025,1,dentro_muestra,1993-12-31,2007-05-31,161,12,MXN,15.267336424385586,0.23114993841017983,0.17756723030806312,0.31191026475958267,0.5173526247121527,-0.3820207733080212,0.6050716467813779,0.09004073766097626,1.7187740806095124,16.098920675850007,0.8881953587871727,1.0,1.0,0.07455603184323331,0.00025349050826699326,1,0.2314625946772002,0.18374024165064107,0.0029,0.0005,2007-05-31,1cca5ec61fd6d53c,French F-F_Research_Data_Factors CRSP 202607 sha256 b840dba55d319f48; FRED DEXMXUS huella 28098d0c456254a0; Banxico SF43936 huella 379eb41bf5f8814a,"{""comision_por_lado"": 0.0029, ""cortes"": [""2007-05-31""], ""efectivo_en_mxn"": false, ""exposicion_inicial"": 0.0, ""exposicion_max"": 1.0, ""exposicion_min"": 0.0, ""extras"": [], ""fx"": false, ""max_dias_fx"": 10, ""min_historia"": 1, ""periodos_por_anio"": 12, ""permitir_capturas"": false, ""rebalanceo_con_deriva"": true, ""segmentos"": [""dentro_muestra"", ""fuera_muestra""], ""senal"": ""senal_comprar_y_mantener"", ""spread_por_lado"": 0.0005, ""usuario"": {""c"": 0.0, ""cobertura"": ""CETES28 vs RF French"", ""fx"": ""DEXMXUS"", ""h"": 0.25}, ""variante"": ""mxn_h025""}",cobertura fija h=0.25
2026-09-25T06:52:22.410834Z,R08,9f5579016b,mxn_h025,1,fuera_muestra,2007-05-31,2026-07-31,230,12,MXN,11.422410588713763,0.14047545910383707,0.1348129103801453,0.583076713438418,0.9283708762457135,-0.34926241214949216,0.4022060611655812,0.1683197487309365,-0.0468475852935503,3.8235523167383536,0.9940035515591212,1.0,1.0,0.0,0.0,0,0.14047545910383707,0.0639492100778396,0.0029,0.0005,2007-05-31,1cca5ec61fd6d53c,French F-F_Research_Data_Factors CRSP 202607 sha256 b840dba55d319f48; FRED DEXMXUS huella 28098d0c456254a0; Banxico SF43936 huella 379eb41bf5f8814a,"{""comision_por_lado"": 0.0029, ""cortes"": [""2007-05-31""], ""efectivo_en_mxn"": false, ""exposicion_inicial"": 0.0, ""exposicion_max"": 1.0, ""exposicion_min"": 0.0, ""extras"": [], ""fx"": false, ""max_dias_fx"": 10, ""min_historia"": 1, ""periodos_por_anio"": 12, ""permitir_capturas"": false, ""rebalanceo_con_deriva"": true, ""segmentos"": [""dentro_muestra"", ""fuera_muestra""], ""senal"": ""senal_comprar_y_mantener"", ""spread_por_lado"": 0.0005, ""usuario"": {""c"": 0.0, ""cobertura"": ""CETES28 vs RF French"", ""fx"": ""DEXMXUS"", ""h"": 0.25}, ""variante"": ""mxn_h025""}",cobertura fija h=0.25
2026-09-25T06:52:22.419000Z,R08,43ed5999ee,mxn_h050,1,completo,1993-12-31,2026-07-31,391,12,MXN,241.6125368556996,0.18358868149743635,0.1484714242087701,0.5078480559548739,0.7791074416024588,-0.3971813602250953,0.46222884526451796,0.1466031059064873,0.032827397268235525,5.493798944496783,0.9979319594377998,1.0,1.0,0.030693277310924375,0.00010435714285714287,1,0.18371241435189822,0.11172233927432984,0.0029,0.0005,2007-05-31,5fda33abc7dac027,French F-F_Research_Data_Factors CRSP 202607 sha256 b840dba55d319f48; FRED DEXMXUS huella 28098d0c456254a0; Banxico SF43936 huella 379eb41bf5f8814a,"{""comision_por_lado"": 0.0029, ""cortes"": [""2007-05-31""], ""efectivo_en_mxn"": false, ""exposicion_inicial"": 0.0, ""exposicion_max"": 1.0, ""exposicion_min"": 0.0, ""extras"": [], ""fx"": false, ""max_dias_fx"": 10, ""min_historia"": 1, ""periodos_por_anio"": 12, ""permitir_capturas"": false, ""rebalanceo_con_deriva"": true, ""segmentos"": [""dentro_muestra"", ""fuera_muestra""], ""senal"": ""senal_comprar_y_mantener"", ""spread_por_lado"": 0.0005, ""usuario"": {""c"": 0.0, ""cobertura"": ""CETES28 vs RF French"", ""fx"": ""DEXMXUS"", ""h"": 0.5}, ""variante"": ""mxn_h050""}",cobertura fija h=0.5
2026-09-25T06:52:22.419000Z,R08,43ed5999ee,mxn_h050,1,dentro_muestra,1993-12-31,2007-05-31,161,12,MXN,17.30687572552951,0.24203978389028746,0.1607384318252179,0.39434404727861033,0.6031826056777341,-0.3749632474941791,0.6455026872841582,0.1138373209248161,0.3481110740338265,7.175111053488337,0.9270656152256567,1.0,1.0,0.07455603184323331,0.00025349050826699326,1,0.242355205684341,0.18374024165064107,0.0029,0.0005,2007-05-31,5fda33abc7dac027,French F-F_Research_Data_Factors CRSP 202607 sha256 b840dba55d319f48; FRED DEXMXUS huella 28098d0c456254a0; Banxico SF43936 huella 379eb41bf5f8814a,"{""comision_por_lado"": 0.0029, ""cortes"": [""2007-05-31""], ""efectivo_en_mxn"": false, ""exposicion_inicial"": 0.0, ""exposicion_max"": 1.0, ""exposicion_min"": 0.0, ""extras"": [], ""fx"": false, ""max_dias_fx"": 10, ""min_historia"": 1, ""periodos_por_anio"": 12, ""permitir_capturas"": false, ""rebalanceo_con_deriva"": true, ""segmentos"": [""dentro_muestra"", ""fuera_muestra""], ""senal"": ""senal_comprar_y_mantener"", ""spread_por_lado"": 0.0005, ""usuario"": {""c"": 0.0, ""cobertura"": ""CETES28 vs RF French"", ""fx"": ""DEXMXUS"", ""h"": 0.5}, ""variante"": ""mxn_h050""}",cobertura fija h=0.5
2026-09-25T06:52:22.419000Z,R08,43ed5999ee,mxn_h050,1,fuera_muestra,2007-05-31,2026-07-31,230,12,MXN,12.252536396331614,0.14433081859023678,0.13868884250876254,0.5958291023602125,0.9182929777287722,-0.3971813602250952,0.36338769399560933,0.17200104631934088,-0.2522508247858821,3.691322274915879,0.9942017746438089,1.0,1.0,0.0,0.0,0,0.14433081859023678,0.0639492100778396,0.0029,0.0005,2007-05-31,5fda33abc7dac027,French F-F_Research_Data_Factors CRSP 202607 sha256 b840dba55d319f48; FRED DEXMXUS huella 28098d0c456254a0; Banxico SF43936 huella 379eb41bf5f8814a,"{""comision_por_lado"": 0.0029, ""cortes"": [""2007-05-31""], ""efectivo_en_mxn"": false, ""exposicion_inicial"": 0.0, ""exposicion_max"": 1.0, ""exposicion_min"": 0.0, ""extras"": [], ""fx"": false, ""max_dias_fx"": 10, ""min_historia"": 1, ""periodos_por_anio"": 12, ""permitir_capturas"": false, ""rebalanceo_con_deriva"": true, ""segmentos"": [""dentro_muestra"", ""fuera_muestra""], ""senal"": ""senal_comprar_y_mantener"", ""spread_por_lado"": 0.0005, ""usuario"": {""c"": 0.0, ""cobertura"": ""CETES28 vs RF French"", ""fx"": ""DEXMXUS"", ""h"": 0.5}, ""variante"": ""mxn_h050""}",cobertura fija h=0.5
2026-09-25T06:52:22.426428Z,R08,444cd66b8a,mxn_h075,1,completo,1993-12-31,2026-07-31,391,12,MXN,279.99919734352835,0.1889368396924722,0.15106396241499837,0.5363306121547406,0.785278162166139,-0.44308499240551535,0.4264121848648747,0.15482531165108815,-0.5402876872010921,4.032669755813646,0.9982092671268172,1.0,1.0,0.030693277310924375,0.00010435714285714287,1,0.18906113164562255,0.11172233927432984,0.0029,0.0005,2007-05-31,7e8e0f0bf7b8c50f,French F-F_Research_Data_Factors CRSP 202607 sha256 b840dba55d319f48; FRED DEXMXUS huella 28098d0c456254a0; Banxico SF43936 huella 379eb41bf5f8814a,"{""comision_por_lado"": 0.0029, ""cortes"": [""2007-05-31""], ""efectivo_en_mxn"": false, ""exposicion_inicial"": 0.0, ""exposicion_max"": 1.0, ""exposicion_min"": 0.0, ""extras"": [], ""fx"": false, ""max_dias_fx"": 10, ""min_historia"": 1, ""periodos_por_anio"": 12, ""permitir_capturas"": false, ""rebalanceo_con_deriva"": true, ""segmentos"": [""dentro_muestra"", ""fuera_muestra""], ""senal"": ""senal_comprar_y_mantener"", ""spread_por_lado"": 0.0005, ""usuario"": {""c"": 0.0, ""cobertura"": ""CETES28 vs RF French"", ""fx"": ""DEXMXUS"", ""h"": 0.75}, ""variante"": ""mxn_h075""}",cobertura fija h=0.75
2026-09-25T06:52:22.426428Z,R08,444cd66b8a,mxn_h075,1,dentro_muestra,1993-12-31,2007-05-31,161,12,MXN,19.227502669965947,0.2513127601192593,0.15368104724032217,0.4660314616362859,0.6693834159384588,-0.3682829099642314,0.6823905028437715,0.13453169491327222,-0.6294847305152633,4.067725970041125,0.9477663840850592,1.0,1.0,0.07455603184323331,0.00025349050826699326,1,0.25163053682886094,0.18374024165064107,0.0029,0.0005,2007-05-31,7e8e0f0bf7b8c50f,French F-F_Research_Data_Factors CRSP 202607 sha256 b840dba55d319f48; FRED DEXMXUS huella 28098d0c456254a0; Banxico SF43936 huella 379eb41bf5f8814a,"{""comision_por_lado"": 0.0029, ""cortes"": [""2007-05-31""], ""efectivo_en_mxn"": false, ""exposicion_inicial"": 0.0, ""exposicion_max"": 1.0, ""exposicion_min"": 0.0, ""extras"": [], ""fx"": false, ""max_dias_fx"": 10, ""min_historia"": 1, ""periodos_por_anio"": 12, ""permitir_capturas"": false, ""rebalanceo_con_deriva"": true, ""segmentos"": [""dentro_muestra"", ""fuera_muestra""], ""senal"": ""senal_comprar_y_mantener"", ""spread_por_lado"": 0.0005, ""usuario"": {""c"": 0.0, ""cobertura"": ""CETES28 vs RF French"", ""fx"": ""DEXMXUS"", ""h"": 0.75}, ""variante"": ""mxn_h075""}",cobertura fija h=0.75
2026-09-25T06:52:22.426428Z,R08,444cd66b8a,mxn_h075,1,fuera_muestra,2007-05-31,2026-07-31,230,12,MXN,12.891937226673056,0.14714737057411686,0.1486296695947908,0.5832270438468172,0.8667991646308607,-0.44308499240551535,0.33209739236540486,0.16836314538181482,-0.48618485654410354,4.000904302117243,0.992362431585725,1.0,1.0,0.0,0.0,0,0.14714737057411686,0.0639492100778396,0.0029,0.0005,2007-05-31,7e8e0f0bf7b8c50f,French F-F_Research_Data_Factors CRSP 202607 sha256 b840dba55d319f48; FRED DEXMXUS huella 28098d0c456254a0; Banxico SF43936 huella 379eb41bf5f8814a,"{""comision_por_lado"": 0.0029, ""cortes"": [""2007-05-31""], ""efectivo_en_mxn"": false, ""exposicion_inicial"": 0.0, ""exposicion_max"": 1.0, ""exposicion_min"": 0.0, ""extras"": [], ""fx"": false, ""max_dias_fx"": 10, ""min_historia"": 1, ""periodos_por_anio"": 12, ""permitir_capturas"": false, ""rebalanceo_con_deriva"": true, ""segmentos"": [""dentro_muestra"", ""fuera_muestra""], ""senal"": ""senal_comprar_y_mantener"", ""spread_por_lado"": 0.0005, ""usuario"": {""c"": 0.0, ""cobertura"": ""CETES28 vs RF French"", ""fx"": ""DEXMXUS"", ""h"": 0.75}, ""variante"": ""mxn_h075""}",cobertura fija h=0.75
2026-09-25T06:52:22.432546Z,R08,bdabc68c6b,mxn_h100,1,completo,1993-12-31,2026-07-31,391,12,MXN,312.30544705688146,0.1929148263178213,0.16148430522028093,0.535081570411106,0.7647273208566272,-0.48698296229699256,0.396142865877451,0.15446474435762989,-0.7711755355103039,4.702831504457076,0.9978514300902088,1.0,1.0,0.030693277310924375,0.00010435714285714287,1,0.19303953413135289,0.11172233927432984,0.0029,0.0005,2007-05-31,0fba6fc05d1b0c8b,French F-F_Research_Data_Factors CRSP 202607 sha256 b840dba55d319f48; FRED DEXMXUS huella 28098d0c456254a0; Banxico SF43936 huella 379eb41bf5f8814a,"{""comision_por_lado"": 0.0029, ""cortes"": [""2007-05-31""], ""efectivo_en_mxn"": false, ""exposicion_inicial"": 0.0, ""exposicion_max"": 1.0, ""exposicion_min"": 0.0, ""extras"": [], ""fx"": false, ""max_dias_fx"": 10, ""min_historia"": 1, ""periodos_por_anio"": 12, ""permitir_capturas"": false, ""rebalanceo_con_deriva"": true, ""segmentos"": [""dentro_muestra"", ""fuera_muestra""], ""senal"": ""senal_comprar_y_mantener"", ""spread_por_lado"": 0.0005, ""usuario"": {""c"": 0.0, ""cobertura"": ""CETES28 vs RF French"", ""fx"": ""DEXMXUS"", ""h"": 1.0}, ""variante"": ""mxn_h100""}",cobertura fija h=1.0
2026-09-25T06:52:22.432546Z,R08,bdabc68c6b,mxn_h100,1,dentro_muestra,1993-12-31,2007-05-31,161,12,MXN,20.907381662002226,0.25877789007182495,0.15771234487202473,0.5039750733724738,0.7111000626698541,-0.36199374037334486,0.7148684112739975,0.1454850721382296,-0.8967300863896713,4.620005682898508,0.9569496138169362,1.0,1.0,0.07455603184323331,0.00025349050826699326,1,0.25909756258598393,0.18374024165064107,0.0029,0.0005,2007-05-31,0fba6fc05d1b0c8b,French F-F_Research_Data_Factors CRSP 202607 sha256 b840dba55d319f48; FRED DEXMXUS huella 28098d0c456254a0; Banxico SF43936 huella 379eb41bf5f8814a,"{""comision_por_lado"": 0.0029, ""cortes"": [""2007-05-31""], ""efectivo_en_mxn"": false, ""exposicion_inicial"": 0.0, ""exposicion_max"": 1.0, ""exposicion_min"": 0.0, ""extras"": [], ""fx"": false, ""max_dias_fx"": 10, ""min_historia"": 1, ""periodos_por_anio"": 12, ""permitir_capturas"": false, ""rebalanceo_con_deriva"": true, ""segmentos"": [""dentro_muestra"", ""fuera_muestra""], ""senal"": ""senal_comprar_y_mantener"", ""spread_por_lado"": 0.0005, ""usuario"": {""c"": 0.0, ""cobertura"": ""CETES28 vs RF French"", ""fx"": ""DEXMXUS"", ""h"": 1.0}, ""variante"": ""mxn_h100""}",cobertura fija h=1.0
2026-09-25T06:52:22.432546Z,R08,bdabc68c6b,mxn_h100,1,fuera_muestra,2007-05-31,2026-07-31,230,12,MXN,13.301364347903855,0.14888705174149997,0.16353309068036995,0.554850541116848,0.8002904339759445,-0.48698296229699267,0.3057335949480289,0.16017155463691085,-0.7103223335479225,4.67190387883461,0.9884808512426366,1.0,1.0,0.0,0.0,0,0.14888705174149997,0.0639492100778396,0.0029,0.0005,2007-05-31,0fba6fc05d1b0c8b,French F-F_Research_Data_Factors CRSP 202607 sha256 b840dba55d319f48; FRED DEXMXUS huella 28098d0c456254a0; Banxico SF43936 huella 379eb41bf5f8814a,"{""comision_por_lado"": 0.0029, ""cortes"": [""2007-05-31""], ""efectivo_en_mxn"": false, ""exposicion_inicial"": 0.0, ""exposicion_max"": 1.0, ""exposicion_min"": 0.0, ""extras"": [], ""fx"": false, ""max_dias_fx"": 10, ""min_historia"": 1, ""periodos_por_anio"": 12, ""permitir_capturas"": false, ""rebalanceo_con_deriva"": true, ""segmentos"": [""dentro_muestra"", ""fuera_muestra""], ""senal"": ""senal_comprar_y_mantener"", ""spread_por_lado"": 0.0005, ""usuario"": {""c"": 0.0, ""cobertura"": ""CETES28 vs RF French"", ""fx"": ""DEXMXUS"", ""h"": 1.0}, ""variante"": ""mxn_h100""}",cobertura fija h=1.0
2026-09-25T06:52:22.444665Z,R08,fa56c7be35,mxn_hminvar_exp36,1,completo,1993-12-31,2026-07-31,391,12,MXN,298.4472779656344,0.19125952952542113,0.1735454583551446,0.4886443463910212,0.8062024547655302,-0.44010305001869376,0.4345789685331588,0.14105947246342243,1.5991884622140393,20.98201913197815,0.9985590039257433,1.0,1.0,0.030693277310924375,0.00010435714285714287,1,0.1913840642935356,0.11172233927432984,0.0029,0.0005,2007-05-31,fedcc03226b55817,French F-F_Research_Data_Factors CRSP 202607 sha256 b840dba55d319f48; FRED DEXMXUS huella 28098d0c456254a0; Banxico SF43936 huella 379eb41bf5f8814a,"{""comision_por_lado"": 0.0029, ""cortes"": [""2007-05-31""], ""efectivo_en_mxn"": false, ""exposicion_inicial"": 0.0, ""exposicion_max"": 1.0, ""exposicion_min"": 0.0, ""extras"": [], ""fx"": false, ""max_dias_fx"": 10, ""min_historia"": 1, ""periodos_por_anio"": 12, ""permitir_capturas"": false, ""rebalanceo_con_deriva"": true, ""segmentos"": [""dentro_muestra"", ""fuera_muestra""], ""senal"": ""senal_comprar_y_mantener"", ""spread_por_lado"": 0.0005, ""usuario"": {""auditoria_causal"": true, ""c"": 0.0, ""h"": ""minvar_expansiva"", ""min_meses"": 36, ""recorte"": [0, 1]}, ""variante"": ""mxn_hminvar_exp36""}",P6 minima varianza expansiva; h_t con meses <= t-1
2026-09-25T06:52:22.444665Z,R08,fa56c7be35,mxn_hminvar_exp36,1,dentro_muestra,1993-12-31,2007-05-31,161,12,MXN,22.107428726398823,0.26379289477084145,0.20724848726268277,0.4186334393629275,0.754628495759828,-0.36563150169592984,0.7214720108832952,0.12084906445398254,2.5536668966510985,24.134941946260017,0.9586692284437974,1.0,1.0,0.07455603184323331,0.00025349050826699326,1,0.2641138408688257,0.18374024165064107,0.0029,0.0005,2007-05-31,fedcc03226b55817,French F-F_Research_Data_Factors CRSP 202607 sha256 b840dba55d319f48; FRED DEXMXUS huella 28098d0c456254a0; Banxico SF43936 huella 379eb41bf5f8814a,"{""comision_por_lado"": 0.0029, ""cortes"": [""2007-05-31""], ""efectivo_en_mxn"": false, ""exposicion_inicial"": 0.0, ""exposicion_max"": 1.0, ""exposicion_min"": 0.0, ""extras"": [], ""fx"": false, ""max_dias_fx"": 10, ""min_historia"": 1, ""periodos_por_anio"": 12, ""permitir_capturas"": false, ""rebalanceo_con_deriva"": true, ""segmentos"": [""dentro_muestra"", ""fuera_muestra""], ""senal"": ""senal_comprar_y_mantener"", ""spread_por_lado"": 0.0005, ""usuario"": {""auditoria_causal"": true, ""c"": 0.0, ""h"": ""minvar_expansiva"", ""min_meses"": 36, ""recorte"": [0, 1]}, ""variante"": ""mxn_hminvar_exp36""}",P6 minima varianza expansiva; h_t con meses <= t-1
2026-09-25T06:52:22.444665Z,R08,fa56c7be35,mxn_hminvar_exp36,1,fuera_muestra,2007-05-31,2026-07-31,230,12,MXN,11.95891816918317,0.14299401378235266,0.14442456717646623,0.5701644372072612,0.8525490246342045,-0.440103050018694,0.3249102994770856,0.16459229565198186,-0.450613893578293,4.191101749795549,0.9913293365261708,1.0,1.0,0.0,0.0,0,0.14299401378235266,0.0639492100778396,0.0029,0.0005,2007-05-31,fedcc03226b55817,French F-F_Research_Data_Factors CRSP 202607 sha256 b840dba55d319f48; FRED DEXMXUS huella 28098d0c456254a0; Banxico SF43936 huella 379eb41bf5f8814a,"{""comision_por_lado"": 0.0029, ""cortes"": [""2007-05-31""], ""efectivo_en_mxn"": false, ""exposicion_inicial"": 0.0, ""exposicion_max"": 1.0, ""exposicion_min"": 0.0, ""extras"": [], ""fx"": false, ""max_dias_fx"": 10, ""min_historia"": 1, ""periodos_por_anio"": 12, ""permitir_capturas"": false, ""rebalanceo_con_deriva"": true, ""segmentos"": [""dentro_muestra"", ""fuera_muestra""], ""senal"": ""senal_comprar_y_mantener"", ""spread_por_lado"": 0.0005, ""usuario"": {""auditoria_causal"": true, ""c"": 0.0, ""h"": ""minvar_expansiva"", ""min_meses"": 36, ""recorte"": [0, 1]}, ""variante"": ""mxn_hminvar_exp36""}",P6 minima varianza expansiva; h_t con meses <= t-1
2026-09-25T06:52:22.456038Z,R08,65a5b49114,bench50_h000,1,completo,1993-12-31,2026-07-31,391,12,MXN,77.41625334466663,0.14326137572083475,0.0866564233706025,0.3793317992054641,0.6480927396005899,-0.11870995195468237,1.2068185805982374,0.1095036581917299,2.095315728226423,23.67255305189362,0.9909015091059841,0.5,1.0,0.11229630914669349,0.0003818074510987577,1,0.16927250239528435,0.11172233927432984,0.0029,0.0005,2007-05-31,d93425e0e4741dff,French F-F_Research_Data_Factors CRSP 202607 sha256 b840dba55d319f48; FRED DEXMXUS huella 28098d0c456254a0; Banxico SF43936 huella 379eb41bf5f8814a,"{""comision_por_lado"": 0.0029, ""cortes"": [""2007-05-31""], ""efectivo_en_mxn"": true, ""exposicion_inicial"": 0.0, ""exposicion_max"": 1.0, ""exposicion_min"": 0.0, ""extras"": [""fx""], ""fx"": true, ""max_dias_fx"": 10, ""min_historia"": 1, ""periodos_por_anio"": 12, ""permitir_capturas"": false, ""rebalanceo_con_deriva"": true, ""segmentos"": [""dentro_muestra"", ""fuera_muestra""], ""senal"": ""senal_mitad"", ""spread_por_lado"": 0.0005, ""usuario"": {""h"": 0.0, ""peso_acciones"": 0.5}, ""variante"": ""bench50_h000""}","P7 50% sin cubrir + 50% CETES, rebalanceo mensual"
2026-09-25T06:52:22.456038Z,R08,65a5b49114,bench50_h000,1,dentro_muestra,1993-12-31,2007-05-31,161,12,MXN,11.30100139127344,0.20576212050683096,0.10549408420840299,0.23349911906800427,0.4166027892926597,-0.11595899965956802,1.774438561137183,0.06740538962472638,2.939967735283499,26.786536069387363,0.8251674293021967,0.5,1.0,0.14258369144073527,0.0004847845508984997,1,0.2191061584387033,0.18374024165064107,0.0029,0.0005,2007-05-31,d93425e0e4741dff,French F-F_Research_Data_Factors CRSP 202607 sha256 b840dba55d319f48; FRED DEXMXUS huella 28098d0c456254a0; Banxico SF43936 huella 379eb41bf5f8814a,"{""comision_por_lado"": 0.0029, ""cortes"": [""2007-05-31""], ""efectivo_en_mxn"": true, ""exposicion_inicial"": 0.0, ""exposicion_max"": 1.0, ""exposicion_min"": 0.0, ""extras"": [""fx""], ""fx"": true, ""max_dias_fx"": 10, ""min_historia"": 1, ""periodos_por_anio"": 12, ""permitir_capturas"": false, ""rebalanceo_con_deriva"": true, ""segmentos"": [""dentro_muestra"", ""fuera_muestra""], ""senal"": ""senal_mitad"", ""spread_por_lado"": 0.0005, ""usuario"": {""h"": 0.0, ""peso_acciones"": 0.5}, ""variante"": ""bench50_h000""}","P7 50% sin cubrir + 50% CETES, rebalanceo mensual"
2026-09-25T06:52:22.456038Z,R08,65a5b49114,bench50_h000,1,fuera_muestra,2007-05-31,2026-07-31,230,12,MXN,5.374786153613197,0.101462893747297,0.06860221240821952,0.5380663441579354,0.8707006721636135,-0.11870995195468248,0.8547126174057459,0.15532637432073093,0.11473680902201268,4.125396372742533,0.9905957709007442,0.5,1.0,0.09110249599735608,0.00030974848639101063,0,0.1356175247443545,0.0639492100778396,0.0029,0.0005,2007-05-31,d93425e0e4741dff,French F-F_Research_Data_Factors CRSP 202607 sha256 b840dba55d319f48; FRED DEXMXUS huella 28098d0c456254a0; Banxico SF43936 huella 379eb41bf5f8814a,"{""comision_por_lado"": 0.0029, ""cortes"": [""2007-05-31""], ""efectivo_en_mxn"": true, ""exposicion_inicial"": 0.0, ""exposicion_max"": 1.0, ""exposicion_min"": 0.0, ""extras"": [""fx""], ""fx"": true, ""max_dias_fx"": 10, ""min_historia"": 1, ""periodos_por_anio"": 12, ""permitir_capturas"": false, ""rebalanceo_con_deriva"": true, ""segmentos"": [""dentro_muestra"", ""fuera_muestra""], ""senal"": ""senal_mitad"", ""spread_por_lado"": 0.0005, ""usuario"": {""h"": 0.0, ""peso_acciones"": 0.5}, ""variante"": ""bench50_h000""}","P7 50% sin cubrir + 50% CETES, rebalanceo mensual"
2026-09-25T06:52:22.461721Z,R08,4c59d253e1,bench50_h100,1,completo,1993-12-31,2026-07-31,391,12,MXN,107.87106399769202,0.15483388713740331,0.08535466344101263,0.5304671261516809,0.7573433397051615,-0.23672990536465155,0.6540529254168455,0.15313266903996006,-0.7727581689539429,4.70465945446192,0.9976892028399031,0.5,1.0,0.1218788343261617,0.0004143880367089497,1,0.19303953413135289,0.11172233927432984,0.0029,0.0005,2007-05-31,0fba6fc05d1b0c8b,French F-F_Research_Data_Factors CRSP 202607 sha256 b840dba55d319f48; FRED DEXMXUS huella 28098d0c456254a0; Banxico SF43936 huella 379eb41bf5f8814a,"{""comision_por_lado"": 0.0029, ""cortes"": [""2007-05-31""], ""efectivo_en_mxn"": false, ""exposicion_inicial"": 0.0, ""exposicion_max"": 1.0, ""exposicion_min"": 0.0, ""extras"": [], ""fx"": false, ""max_dias_fx"": 10, ""min_historia"": 1, ""periodos_por_anio"": 12, ""permitir_capturas"": false, ""rebalanceo_con_deriva"": true, ""segmentos"": [""dentro_muestra"", ""fuera_muestra""], ""senal"": ""senal_mitad"", ""spread_por_lado"": 0.0005, ""usuario"": {""h"": 1.0, ""peso_acciones"": 0.5}, ""variante"": ""bench50_h100""}","P8 50% cubierto + 50% CETES, rebalanceo mensual"
2026-09-25T06:52:22.461721Z,R08,4c59d253e1,bench50_h100,1,dentro_muestra,1993-12-31,2007-05-31,161,12,MXN,13.982459648149659,0.2236206913931409,0.08775646240978531,0.4992858188978848,0.7037755412620583,-0.12203621485690175,1.8324125478273472,0.14413140097162827,-0.8974437465463814,4.619932376797523,0.9555707873584366,0.5,1.0,0.13844098576275865,0.0004706993515933794,1,0.25909756258598393,0.18374024165064107,0.0029,0.0005,2007-05-31,0fba6fc05d1b0c8b,French F-F_Research_Data_Factors CRSP 202607 sha256 b840dba55d319f48; FRED DEXMXUS huella 28098d0c456254a0; Banxico SF43936 huella 379eb41bf5f8814a,"{""comision_por_lado"": 0.0029, ""cortes"": [""2007-05-31""], ""efectivo_en_mxn"": false, ""exposicion_inicial"": 0.0, ""exposicion_max"": 1.0, ""exposicion_min"": 0.0, ""extras"": [], ""fx"": false, ""max_dias_fx"": 10, ""min_historia"": 1, ""periodos_por_anio"": 12, ""permitir_capturas"": false, ""rebalanceo_con_deriva"": true, ""segmentos"": [""dentro_muestra"", ""fuera_muestra""], ""senal"": ""senal_mitad"", ""spread_por_lado"": 0.0005, ""usuario"": {""h"": 1.0, ""peso_acciones"": 0.5}, ""variante"": ""bench50_h100""}","P8 50% cubierto + 50% CETES, rebalanceo mensual"
2026-09-25T06:52:22.461721Z,R08,4c59d253e1,bench50_h100,1,fuera_muestra,2007-05-31,2026-07-31,230,12,MXN,6.266568143978806,0.10901268974944989,0.08174461786901581,0.5502806996299208,0.7928573973729864,-0.23672990536465133,0.46049395230201334,0.1588523550305952,-0.7123063448862834,4.674638412500473,0.987935296090477,0.5,1.0,0.11028934998279814,0.0003749837899415137,0,0.14888705174149997,0.0639492100778396,0.0029,0.0005,2007-05-31,0fba6fc05d1b0c8b,French F-F_Research_Data_Factors CRSP 202607 sha256 b840dba55d319f48; FRED DEXMXUS huella 28098d0c456254a0; Banxico SF43936 huella 379eb41bf5f8814a,"{""comision_por_lado"": 0.0029, ""cortes"": [""2007-05-31""], ""efectivo_en_mxn"": false, ""exposicion_inicial"": 0.0, ""exposicion_max"": 1.0, ""exposicion_min"": 0.0, ""extras"": [], ""fx"": false, ""max_dias_fx"": 10, ""min_historia"": 1, ""periodos_por_anio"": 12, ""permitir_capturas"": false, ""rebalanceo_con_deriva"": true, ""segmentos"": [""dentro_muestra"", ""fuera_muestra""], ""senal"": ""senal_mitad"", ""spread_por_lado"": 0.0005, ""usuario"": {""h"": 1.0, ""peso_acciones"": 0.5}, ""variante"": ""bench50_h100""}","P8 50% cubierto + 50% CETES, rebalanceo mensual"
2026-09-25T06:52:22.467427Z,R08,aaaec39ecd,usd_referencia,0,completo,1993-12-31,2026-07-31,391,12,USD,28.180301241717526,0.1090941296889687,0.15425709884579425,0.5941103386752095,0.8759261320131719,-0.5031170717166412,0.2168364697241107,0.17150488198123595,-0.5816596701505056,4.015880837812581,0.99930713354319,1.0,1.0,0.030693277310924375,0.00010435714285714287,1,0.10921007485191137,0.024578274868084726,0.0029,0.0005,2007-05-31,5a85946898d7745e,French F-F_Research_Data_Factors CRSP 202607 sha256 b840dba55d319f48; FRED DEXMXUS huella 28098d0c456254a0; Banxico SF43936 huella 379eb41bf5f8814a,"{""comision_por_lado"": 0.0029, ""cortes"": [""2007-05-31""], ""efectivo_en_mxn"": false, ""exposicion_inicial"": 0.0, ""exposicion_max"": 1.0, ""exposicion_min"": 0.0, ""extras"": [], ""fx"": false, ""max_dias_fx"": 10, ""min_historia"": 1, ""periodos_por_anio"": 12, ""permitir_capturas"": false, ""rebalanceo_con_deriva"": true, ""segmentos"": [""dentro_muestra"", ""fuera_muestra""], ""senal"": ""senal_comprar_y_mantener"", ""spread_por_lado"": 0.0005, ""usuario"": {""moneda"": ""USD""}, ""variante"": ""usd_referencia""}",S0 referencia en USD contra RF
2026-09-25T06:52:22.467427Z,R08,aaaec39ecd,usd_referencia,0,dentro_muestra,1993-12-31,2007-05-31,161,12,USD,3.1127311982209296,0.111186918768992,0.1455045569308218,0.5357423034648994,0.7691161947852401,-0.44994684480196634,0.2471112311453775,0.15465548156086492,-0.7712337427678568,4.033059796909785,0.9666940252943612,1.0,1.0,0.07455603184323331,0.00025349050826699326,1,0.11146910986785463,0.03938416008294898,0.0029,0.0005,2007-05-31,5a85946898d7745e,French F-F_Research_Data_Factors CRSP 202607 sha256 b840dba55d319f48; FRED DEXMXUS huella 28098d0c456254a0; Banxico SF43936 huella 379eb41bf5f8814a,"{""comision_por_lado"": 0.0029, ""cortes"": [""2007-05-31""], ""efectivo_en_mxn"": false, ""exposicion_inicial"": 0.0, ""exposicion_max"": 1.0, ""exposicion_min"": 0.0, ""extras"": [], ""fx"": false, ""max_dias_fx"": 10, ""min_historia"": 1, ""periodos_por_anio"": 12, ""permitir_capturas"": false, ""rebalanceo_con_deriva"": true, ""segmentos"": [""dentro_muestra"", ""fuera_muestra""], ""senal"": ""senal_comprar_y_mantener"", ""spread_por_lado"": 0.0005, ""usuario"": {""moneda"": ""USD""}, ""variante"": ""usd_referencia""}",S0 referencia en USD contra RF
2026-09-25T06:52:22.467427Z,R08,aaaec39ecd,usd_referencia,0,fuera_muestra,2007-05-31,2026-07-31,230,12,USD,6.095115103642121,0.10763203000760235,0.1604128051716383,0.6312613712562105,0.947196910939548,-0.5031170717166412,0.2139303872960634,0.18222946131189272,-0.4905443924269237,3.9488993171371014,0.9955107809027375,1.0,1.0,0.0,0.0,0,0.10763203000760235,0.014343358766019998,0.0029,0.0005,2007-05-31,5a85946898d7745e,French F-F_Research_Data_Factors CRSP 202607 sha256 b840dba55d319f48; FRED DEXMXUS huella 28098d0c456254a0; Banxico SF43936 huella 379eb41bf5f8814a,"{""comision_por_lado"": 0.0029, ""cortes"": [""2007-05-31""], ""efectivo_en_mxn"": false, ""exposicion_inicial"": 0.0, ""exposicion_max"": 1.0, ""exposicion_min"": 0.0, ""extras"": [], ""fx"": false, ""max_dias_fx"": 10, ""min_historia"": 1, ""periodos_por_anio"": 12, ""permitir_capturas"": false, ""rebalanceo_con_deriva"": true, ""segmentos"": [""dentro_muestra"", ""fuera_muestra""], ""senal"": ""senal_comprar_y_mantener"", ""spread_por_lado"": 0.0005, ""usuario"": {""moneda"": ""USD""}, ""variante"": ""usd_referencia""}",S0 referencia en USD contra RF
2026-09-25T06:52:22.477104Z,R08,c16880d1a8,cetes_100,0,completo,1993-12-31,2026-07-31,391,12,MXN,30.519551928519093,0.11172233927432984,0.028826512769568262,0.0,0.0,0.0,inf,,0.0,3.0,,0.0,0.0,0.0,0.0,0,0.16927250239528435,0.11172233927432984,0.0029,0.0005,2007-05-31,d93425e0e4741dff,French F-F_Research_Data_Factors CRSP 202607 sha256 b840dba55d319f48; FRED DEXMXUS huella 28098d0c456254a0; Banxico SF43936 huella 379eb41bf5f8814a,"{""comision_por_lado"": 0.0029, ""cortes"": [""2007-05-31""], ""efectivo_en_mxn"": true, ""exposicion_inicial"": 0.0, ""exposicion_max"": 1.0, ""exposicion_min"": 0.0, ""extras"": [""fx""], ""fx"": true, ""max_dias_fx"": 10, ""min_historia"": 1, ""periodos_por_anio"": 12, ""permitir_capturas"": false, ""rebalanceo_con_deriva"": true, ""segmentos"": [""dentro_muestra"", ""fuera_muestra""], ""senal"": ""senal_efectivo"", ""spread_por_lado"": 0.0005, ""usuario"": {""exposicion"": 0.0}, ""variante"": ""cetes_100""}",S0 100% CETES
2026-09-25T06:52:22.477104Z,R08,c16880d1a8,cetes_100,0,dentro_muestra,1993-12-31,2007-05-31,161,12,MXN,8.606574312671366,0.18374024165064107,0.037082074835708544,0.0,0.0,0.0,inf,,0.0,3.0,,0.0,0.0,0.0,0.0,0,0.2191061584387033,0.18374024165064107,0.0029,0.0005,2007-05-31,d93425e0e4741dff,French F-F_Research_Data_Factors CRSP 202607 sha256 b840dba55d319f48; FRED DEXMXUS huella 28098d0c456254a0; Banxico SF43936 huella 379eb41bf5f8814a,"{""comision_por_lado"": 0.0029, ""cortes"": [""2007-05-31""], ""efectivo_en_mxn"": true, ""exposicion_inicial"": 0.0, ""exposicion_max"": 1.0, ""exposicion_min"": 0.0, ""extras"": [""fx""], ""fx"": true, ""max_dias_fx"": 10, ""min_historia"": 1, ""periodos_por_anio"": 12, ""permitir_capturas"": false, ""rebalanceo_con_deriva"": true, ""segmentos"": [""dentro_muestra"", ""fuera_muestra""], ""senal"": ""senal_efectivo"", ""spread_por_lado"": 0.0005, ""usuario"": {""exposicion"": 0.0}, ""variante"": ""cetes_100""}",S0 100% CETES
2026-09-25T06:52:22.477104Z,R08,c16880d1a8,cetes_100,0,fuera_muestra,2007-05-31,2026-07-31,230,12,MXN,2.2810397236967006,0.0639492100778396,0.00708139489709497,0.0,0.0,0.0,inf,,0.0,3.0,,0.0,0.0,0.0,0.0,0,0.1356175247443545,0.0639492100778396,0.0029,0.0005,2007-05-31,d93425e0e4741dff,French F-F_Research_Data_Factors CRSP 202607 sha256 b840dba55d319f48; FRED DEXMXUS huella 28098d0c456254a0; Banxico SF43936 huella 379eb41bf5f8814a,"{""comision_por_lado"": 0.0029, ""cortes"": [""2007-05-31""], ""efectivo_en_mxn"": true, ""exposicion_inicial"": 0.0, ""exposicion_max"": 1.0, ""exposicion_min"": 0.0, ""extras"": [""fx""], ""fx"": true, ""max_dias_fx"": 10, ""min_historia"": 1, ""periodos_por_anio"": 12, ""permitir_capturas"": false, ""rebalanceo_con_deriva"": true, ""segmentos"": [""dentro_muestra"", ""fuera_muestra""], ""senal"": ""senal_efectivo"", ""spread_por_lado"": 0.0005, ""usuario"": {""exposicion"": 0.0}, ""variante"": ""cetes_100""}",S0 100% CETES
2026-09-25T06:52:30.821509Z,R08,7141571b09,usd_referencia_diaria,0,completo,1993-12-31,2026-07-31,8199,252,USD,28.3988119552584,0.10934812362395885,0.18696899100963582,0.5183487590686142,0.7289452135282548,-0.5456553593385389,0.20039778177293846,0.03265290259272594,-0.20858390813304561,12.599556006315535,0.9983692613888911,1.0,1.0,0.030693277310924375,0.00010435714285714287,1,0.10946409533953338,0.02479654956125721,0.0029,0.0005,2007-05-31,13911108d699e114,French diario CRSP 202607 sha256 1916d331c2c51d2a; DEXMXUS; CETES28 devengado por dia natural,"{""comision_por_lado"": 0.0029, ""cortes"": [""2007-05-31""], ""efectivo_en_mxn"": false, ""exposicion_inicial"": 0.0, ""exposicion_max"": 1.0, ""exposicion_min"": 0.0, ""extras"": [], ""fx"": false, ""max_dias_fx"": 10, ""min_historia"": 1, ""periodos_por_anio"": 252, ""permitir_capturas"": false, ""rebalanceo_con_deriva"": true, ""segmentos"": [""dentro_muestra"", ""fuera_muestra""], ""senal"": ""senal_comprar_y_mantener"", ""spread_por_lado"": 0.0005, ""usuario"": {""frecuencia"": ""diaria""}, ""variante"": ""usd_referencia_diaria""}",S8
2026-09-25T06:52:30.821509Z,R08,7141571b09,usd_referencia_diaria,0,dentro_muestra,1993-12-31,2007-05-31,3377,252,USD,3.094666898219419,0.11082229499997776,0.16489962767947075,0.488159807396371,0.6960439140450108,-0.49225604938802037,0.22513140293096162,0.030751177391142536,-0.09356502088039506,6.801339575601535,0.9627038343755372,1.0,1.0,0.07455603184323331,0.00025349050826699326,1,0.11110439350093437,0.03902309506340207,0.0029,0.0005,2007-05-31,13911108d699e114,French diario CRSP 202607 sha256 1916d331c2c51d2a; DEXMXUS; CETES28 devengado por dia natural,"{""comision_por_lado"": 0.0029, ""cortes"": [""2007-05-31""], ""efectivo_en_mxn"": false, ""exposicion_inicial"": 0.0, ""exposicion_max"": 1.0, ""exposicion_min"": 0.0, ""extras"": [], ""fx"": false, ""max_dias_fx"": 10, ""min_historia"": 1, ""periodos_por_anio"": 252, ""permitir_capturas"": false, ""rebalanceo_con_deriva"": true, ""segmentos"": [""dentro_muestra"", ""fuera_muestra""], ""senal"": ""senal_comprar_y_mantener"", ""spread_por_lado"": 0.0005, ""usuario"": {""frecuencia"": ""diaria""}, ""variante"": ""usd_referencia_diaria""}",S8
2026-09-25T06:52:30.821509Z,R08,7141571b09,usd_referencia_diaria,0,fuera_muestra,2007-05-31,2026-07-31,4822,252,USD,6.1797810874537,0.10831772524838068,0.20100392374282183,0.5393673555638557,0.7537278580795609,-0.5456553593385387,0.19850941330382418,0.033976949717345536,-0.25283544769120814,13.886297790115384,0.9904800402025653,1.0,1.0,0.0,0.0,0,0.10831772524838068,0.014957426870352064,0.0029,0.0005,2007-05-31,13911108d699e114,French diario CRSP 202607 sha256 1916d331c2c51d2a; DEXMXUS; CETES28 devengado por dia natural,"{""comision_por_lado"": 0.0029, ""cortes"": [""2007-05-31""], ""efectivo_en_mxn"": false, ""exposicion_inicial"": 0.0, ""exposicion_max"": 1.0, ""exposicion_min"": 0.0, ""extras"": [], ""fx"": false, ""max_dias_fx"": 10, ""min_historia"": 1, ""periodos_por_anio"": 252, ""permitir_capturas"": false, ""rebalanceo_con_deriva"": true, ""segmentos"": [""dentro_muestra"", ""fuera_muestra""], ""senal"": ""senal_comprar_y_mantener"", ""spread_por_lado"": 0.0005, ""usuario"": {""frecuencia"": ""diaria""}, ""variante"": ""usd_referencia_diaria""}",S8
2026-09-25T06:52:30.927950Z,R08,55d7509a9d,mxn_h000_diaria,0,completo,1993-12-31,2026-07-31,8199,252,MXN,162.86432397262345,0.1694180263467917,0.20831477594063508,0.3418483970350112,0.5178017634989411,-0.45668104275883314,0.3709767003318747,0.021534424872397845,1.5464489832810755,36.12024236291659,0.976087721339661,1.0,1.0,0.030693277310924375,0.00010435714285714287,1,0.16954027779505343,0.112691205202476,0.0029,0.0005,2007-05-31,74b7b6565df806e8,French diario CRSP 202607 sha256 1916d331c2c51d2a; DEXMXUS; CETES28 devengado por dia natural,"{""comision_por_lado"": 0.0029, ""cortes"": [""2007-05-31""], ""efectivo_en_mxn"": true, ""exposicion_inicial"": 0.0, ""exposicion_max"": 1.0, ""exposicion_min"": 0.0, ""extras"": [""fx""], ""fx"": true, ""max_dias_fx"": 10, ""min_historia"": 1, ""periodos_por_anio"": 252, ""permitir_capturas"": false, ""rebalanceo_con_deriva"": true, ""segmentos"": [""dentro_muestra"", ""fuera_muestra""], ""senal"": ""senal_comprar_y_mantener"", ""spread_por_lado"": 0.0005, ""usuario"": {""frecuencia"": ""diaria"", ""h"": 0.0}, ""variante"": ""mxn_h000_diaria""}",S8
2026-09-25T06:52:30.927950Z,R08,55d7509a9d,mxn_h000_diaria,0,dentro_muestra,1993-12-31,2007-05-31,3377,252,MXN,13.146889688893221,0.21839670463400673,0.22355415342838328,0.22985897379559453,0.36471922460517064,-0.45668104275883314,0.4782259042649576,0.014479754316182276,2.6889509246862078,52.67690393842415,0.8042743602167499,1.0,1.0,0.07455603184323331,0.00025349050826699326,1,0.21870612215784901,0.18594909814512928,0.0029,0.0005,2007-05-31,74b7b6565df806e8,French diario CRSP 202607 sha256 1916d331c2c51d2a; DEXMXUS; CETES28 devengado por dia natural,"{""comision_por_lado"": 0.0029, ""cortes"": [""2007-05-31""], ""efectivo_en_mxn"": true, ""exposicion_inicial"": 0.0, ""exposicion_max"": 1.0, ""exposicion_min"": 0.0, ""extras"": [""fx""], ""fx"": true, ""max_dias_fx"": 10, ""min_historia"": 1, ""periodos_por_anio"": 252, ""permitir_capturas"": false, ""rebalanceo_con_deriva"": true, ""segmentos"": [""dentro_muestra"", ""fuera_muestra""], ""senal"": ""senal_comprar_y_mantener"", ""spread_por_lado"": 0.0005, ""usuario"": {""frecuencia"": ""diaria"", ""h"": 0.0}, ""variante"": ""mxn_h000_diaria""}",S8
2026-09-25T06:52:30.927950Z,R08,55d7509a9d,mxn_h000_diaria,0,fuera_muestra,2007-05-31,2026-07-31,4822,252,MXN,10.583063668141406,0.13632054480062283,0.19694194370267953,0.43206830001778623,0.6297972485965064,-0.38345469274524346,0.3555062628772948,0.027217744553369207,0.36136210405794633,15.695677915740454,0.9710582450354952,1.0,1.0,0.0,0.0,0,0.13632054480062283,0.0641366568056232,0.0029,0.0005,2007-05-31,74b7b6565df806e8,French diario CRSP 202607 sha256 1916d331c2c51d2a; DEXMXUS; CETES28 devengado por dia natural,"{""comision_por_lado"": 0.0029, ""cortes"": [""2007-05-31""], ""efectivo_en_mxn"": true, ""exposicion_inicial"": 0.0, ""exposicion_max"": 1.0, ""exposicion_min"": 0.0, ""extras"": [""fx""], ""fx"": true, ""max_dias_fx"": 10, ""min_historia"": 1, ""periodos_por_anio"": 252, ""permitir_capturas"": false, ""rebalanceo_con_deriva"": true, ""segmentos"": [""dentro_muestra"", ""fuera_muestra""], ""senal"": ""senal_comprar_y_mantener"", ""spread_por_lado"": 0.0005, ""usuario"": {""frecuencia"": ""diaria"", ""h"": 0.0}, ""variante"": ""mxn_h000_diaria""}",S8
2026-09-25T06:52:31.027667Z,R08,64c3413e41,mxn_h100_diaria,0,completo,1993-12-31,2026-07-31,8199,252,MXN,349.80368977144434,0.19706121500185314,0.18769587900867177,0.4845708379926019,0.6781132833661555,-0.5165625253111052,0.38148569697960755,0.030525093569585566,-0.2659879541672004,12.983017485817205,0.9970099660526421,1.0,1.0,0.030693277310924375,0.00010435714285714287,1,0.19718635628058712,0.112691205202476,0.0029,0.0005,2007-05-31,fb9a7db175952f5b,French diario CRSP 202607 sha256 1916d331c2c51d2a; DEXMXUS; CETES28 devengado por dia natural,"{""comision_por_lado"": 0.0029, ""cortes"": [""2007-05-31""], ""efectivo_en_mxn"": false, ""exposicion_inicial"": 0.0, ""exposicion_max"": 1.0, ""exposicion_min"": 0.0, ""extras"": [], ""fx"": false, ""max_dias_fx"": 10, ""min_historia"": 1, ""periodos_por_anio"": 252, ""permitir_capturas"": false, ""rebalanceo_con_deriva"": true, ""segmentos"": [""dentro_muestra"", ""fuera_muestra""], ""senal"": ""senal_comprar_y_mantener"", ""spread_por_lado"": 0.0005, ""usuario"": {""frecuencia"": ""diaria"", ""h"": 1.0}, ""variante"": ""mxn_h100_diaria""}",S8 cobertura renovada a diario
2026-09-25T06:52:31.027667Z,R08,64c3413e41,mxn_h100_diaria,0,dentro_muestra,1993-12-31,2007-05-31,3377,252,MXN,22.240633361182606,0.26433460957441746,0.16568409481181856,0.4711964576436814,0.6704587220583218,-0.3982783102659865,0.6636932083946124,0.029682586799518115,-0.109100581686536,6.896018327601314,0.9573526930238161,1.0,1.0,0.07455603184323331,0.00025349050826699326,1,0.26465569324340166,0.18594909814512928,0.0029,0.0005,2007-05-31,fb9a7db175952f5b,French diario CRSP 202607 sha256 1916d331c2c51d2a; DEXMXUS; CETES28 devengado por dia natural,"{""comision_por_lado"": 0.0029, ""cortes"": [""2007-05-31""], ""efectivo_en_mxn"": false, ""exposicion_inicial"": 0.0, ""exposicion_max"": 1.0, ""exposicion_min"": 0.0, ""extras"": [], ""fx"": false, ""max_dias_fx"": 10, ""min_historia"": 1, ""periodos_por_anio"": 252, ""permitir_capturas"": false, ""rebalanceo_con_deriva"": true, ""segmentos"": [""dentro_muestra"", ""fuera_muestra""], ""senal"": ""senal_comprar_y_mantener"", ""spread_por_lado"": 0.0005, ""usuario"": {""frecuencia"": ""diaria"", ""h"": 1.0}, ""variante"": ""mxn_h100_diaria""}",S8 cobertura renovada a diario
2026-09-25T06:52:31.027667Z,R08,64c3413e41,mxn_h100_diaria,0,fuera_muestra,2007-05-31,2026-07-31,4822,252,MXN,14.094411770953139,0.15212648217047953,0.20167285239148758,0.4957540568146416,0.6885518543968173,-0.5165625253111045,0.29449771269965813,0.031229570137688747,-0.3240998851236874,14.311576821303396,0.9843809763523255,1.0,1.0,0.0,0.0,0,0.15212648217047953,0.0641366568056232,0.0029,0.0005,2007-05-31,fb9a7db175952f5b,French diario CRSP 202607 sha256 1916d331c2c51d2a; DEXMXUS; CETES28 devengado por dia natural,"{""comision_por_lado"": 0.0029, ""cortes"": [""2007-05-31""], ""efectivo_en_mxn"": false, ""exposicion_inicial"": 0.0, ""exposicion_max"": 1.0, ""exposicion_min"": 0.0, ""extras"": [], ""fx"": false, ""max_dias_fx"": 10, ""min_historia"": 1, ""periodos_por_anio"": 252, ""permitir_capturas"": false, ""rebalanceo_con_deriva"": true, ""segmentos"": [""dentro_muestra"", ""fuera_muestra""], ""senal"": ""senal_comprar_y_mantener"", ""spread_por_lado"": 0.0005, ""usuario"": {""frecuencia"": ""diaria"", ""h"": 1.0}, ""variante"": ""mxn_h100_diaria""}",S8 cobertura renovada a diario
2026-09-25T06:52:31.092051Z,R08,1963468852,gspc_precio_usd,0,completo,1993-12-31,2026-07-31,391,12,USD,15.00226170173261,0.0888304874245931,0.1496334177463592,0.48385439175122796,0.7006661196593059,-0.5255585947031326,0.16902109169153623,0.13967673166307706,-0.5626395191490727,3.953673859311448,0.9958355988794614,1.0,1.0,0.030693277310924375,0.00010435714285714287,1,0.08894431421792115,0.024578274868084726,0.0029,0.0005,2007-05-31,021378e8b9ff2e03,Yahoo ^GSPC (precio) huella de1e2a5f437e88d1; DEXMXUS,"{""comision_por_lado"": 0.0029, ""cortes"": [""2007-05-31""], ""efectivo_en_mxn"": false, ""exposicion_inicial"": 0.0, ""exposicion_max"": 1.0, ""exposicion_min"": 0.0, ""extras"": [], ""fx"": false, ""max_dias_fx"": 10, ""min_historia"": 1, ""periodos_por_anio"": 12, ""permitir_capturas"": false, ""rebalanceo_con_deriva"": true, ""segmentos"": [""dentro_muestra"", ""fuera_muestra""], ""senal"": ""senal_comprar_y_mantener"", ""spread_por_lado"": 0.0005, ""usuario"": {""indice"": ""^GSPC precio""}, ""variante"": ""gspc_precio_usd""}",S3b capitulo
2026-09-25T06:52:31.092051Z,R08,1963468852,gspc_precio_usd,0,dentro_muestra,1993-12-31,2007-05-31,161,12,USD,2.2702665820849885,0.09235871576309451,0.1408231409859931,0.4264872556398794,0.6100207558000105,-0.4628116596094133,0.1995600453131194,0.12311626592481456,-0.6297934027087583,3.880245104893814,0.9322413268463954,1.0,1.0,0.07455603184323331,0.00025349050826699326,1,0.09263612535201826,0.03938416008294898,0.0029,0.0005,2007-05-31,021378e8b9ff2e03,Yahoo ^GSPC (precio) huella de1e2a5f437e88d1; DEXMXUS,"{""comision_por_lado"": 0.0029, ""cortes"": [""2007-05-31""], ""efectivo_en_mxn"": false, ""exposicion_inicial"": 0.0, ""exposicion_max"": 1.0, ""exposicion_min"": 0.0, ""extras"": [], ""fx"": false, ""max_dias_fx"": 10, ""min_historia"": 1, ""periodos_por_anio"": 12, ""permitir_capturas"": false, ""rebalanceo_con_deriva"": true, ""segmentos"": [""dentro_muestra"", ""fuera_muestra""], ""senal"": ""senal_comprar_y_mantener"", ""spread_por_lado"": 0.0005, ""usuario"": {""indice"": ""^GSPC precio""}, ""variante"": ""gspc_precio_usd""}",S3b capitulo
2026-09-25T06:52:31.092051Z,R08,1963468852,gspc_precio_usd,0,fuera_muestra,2007-05-31,2026-07-31,230,12,USD,3.8932590967951732,0.08636836374556212,0.15580603221020228,0.5202403658592386,0.7600148314832649,-0.5255585947031325,0.16433631685606478,0.1501804576360704,-0.534766644157728,3.9352186001822886,0.984995718549798,1.0,1.0,0.0,0.0,0,0.08636836374556212,0.014343358766019998,0.0029,0.0005,2007-05-31,021378e8b9ff2e03,Yahoo ^GSPC (precio) huella de1e2a5f437e88d1; DEXMXUS,"{""comision_por_lado"": 0.0029, ""cortes"": [""2007-05-31""], ""efectivo_en_mxn"": false, ""exposicion_inicial"": 0.0, ""exposicion_max"": 1.0, ""exposicion_min"": 0.0, ""extras"": [], ""fx"": false, ""max_dias_fx"": 10, ""min_historia"": 1, ""periodos_por_anio"": 12, ""permitir_capturas"": false, ""rebalanceo_con_deriva"": true, ""segmentos"": [""dentro_muestra"", ""fuera_muestra""], ""senal"": ""senal_comprar_y_mantener"", ""spread_por_lado"": 0.0005, ""usuario"": {""indice"": ""^GSPC precio""}, ""variante"": ""gspc_precio_usd""}",S3b capitulo
2026-09-25T06:52:31.103631Z,R08,624ebbf7d3,gspc_precio_mxn_h000,0,completo,1993-12-31,2026-07-31,391,12,MXN,88.19407354889483,0.1477893841571949,0.1644405793446426,0.2728396660731857,0.45797508682317806,-0.41850424419347276,0.35313712156494276,0.07876202732648069,2.2483528599752503,25.21737995335515,0.953208933338804,1.0,1.0,0.030693277310924375,0.00010435714285714287,1,0.1479093745381801,0.11172233927432984,0.0029,0.0005,2007-05-31,1bafce93b1c2be99,Yahoo ^GSPC (precio) huella de1e2a5f437e88d1; DEXMXUS,"{""comision_por_lado"": 0.0029, ""cortes"": [""2007-05-31""], ""efectivo_en_mxn"": true, ""exposicion_inicial"": 0.0, ""exposicion_max"": 1.0, ""exposicion_min"": 0.0, ""extras"": [""fx""], ""fx"": true, ""max_dias_fx"": 10, ""min_historia"": 1, ""periodos_por_anio"": 12, ""permitir_capturas"": false, ""rebalanceo_con_deriva"": true, ""segmentos"": [""dentro_muestra"", ""fuera_muestra""], ""senal"": ""senal_comprar_y_mantener"", ""spread_por_lado"": 0.0005, ""usuario"": {""h"": 0.0, ""indice"": ""^GSPC precio""}, ""variante"": ""gspc_precio_mxn_h000""}",S3b capitulo
2026-09-25T06:52:31.103631Z,R08,624ebbf7d3,gspc_precio_mxn_h000,0,dentro_muestra,1993-12-31,2007-05-31,161,12,MXN,10.298623731798143,0.19814507284805316,0.19978704946179948,0.14943766756318103,0.26772854127667867,-0.41850424419347276,0.47346012757866207,0.043138938797336185,3.139367410115805,27.983905384717655,0.7199314368988501,1.0,1.0,0.07455603184323331,0.00025349050826699326,1,0.1984493473755813,0.18374024165064107,0.0029,0.0005,2007-05-31,1bafce93b1c2be99,Yahoo ^GSPC (precio) huella de1e2a5f437e88d1; DEXMXUS,"{""comision_por_lado"": 0.0029, ""cortes"": [""2007-05-31""], ""efectivo_en_mxn"": true, ""exposicion_inicial"": 0.0, ""exposicion_max"": 1.0, ""exposicion_min"": 0.0, ""extras"": [""fx""], ""fx"": true, ""max_dias_fx"": 10, ""min_historia"": 1, ""periodos_por_anio"": 12, ""permitir_capturas"": false, ""rebalanceo_con_deriva"": true, ""segmentos"": [""dentro_muestra"", ""fuera_muestra""], ""senal"": ""senal_comprar_y_mantener"", ""spread_por_lado"": 0.0005, ""usuario"": {""h"": 0.0, ""indice"": ""^GSPC precio""}, ""variante"": ""gspc_precio_mxn_h000""}",S3b capitulo
2026-09-25T06:52:31.103631Z,R08,624ebbf7d3,gspc_precio_mxn_h000,0,fuera_muestra,2007-05-31,2026-07-31,230,12,MXN,6.8942423135901665,0.11381660946446459,0.13389448978219168,0.4084593874924952,0.6320101468599965,-0.3354548110603661,0.33929043707762757,0.11791206866091089,0.02227730422921562,4.006769458706386,0.9622482467422296,1.0,1.0,0.0,0.0,0,0.11381660946446459,0.0639492100778396,0.0029,0.0005,2007-05-31,1bafce93b1c2be99,Yahoo ^GSPC (precio) huella de1e2a5f437e88d1; DEXMXUS,"{""comision_por_lado"": 0.0029, ""cortes"": [""2007-05-31""], ""efectivo_en_mxn"": true, ""exposicion_inicial"": 0.0, ""exposicion_max"": 1.0, ""exposicion_min"": 0.0, ""extras"": [""fx""], ""fx"": true, ""max_dias_fx"": 10, ""min_historia"": 1, ""periodos_por_anio"": 12, ""permitir_capturas"": false, ""rebalanceo_con_deriva"": true, ""segmentos"": [""dentro_muestra"", ""fuera_muestra""], ""senal"": ""senal_comprar_y_mantener"", ""spread_por_lado"": 0.0005, ""usuario"": {""h"": 0.0, ""indice"": ""^GSPC precio""}, ""variante"": ""gspc_precio_mxn_h000""}",S3b capitulo
2026-09-25T06:52:31.123171Z,R08,7c141ce3f6,mxn_h000_fix,0,completo,1993-12-31,2026-07-31,391,12,MXN,161.74326676240716,0.16917164915694083,0.16740696872051977,0.382989978436771,0.6551628294568352,-0.39642651319883104,0.42674151078308775,0.11055968357369936,2.088361441697331,23.48325818477849,0.991468861203112,1.0,1.0,0.030693277310924375,0.00010435714285714287,1,0.16929387484882819,0.11172233927432984,0.0029,0.0005,2007-05-31,27d52a154213736d,French CRSP 202607; Banxico FIX SF43718 huella 5458d96e1cdefe5a; CETES SF43936,"{""comision_por_lado"": 0.0029, ""cortes"": [""2007-05-31""], ""efectivo_en_mxn"": true, ""exposicion_inicial"": 0.0, ""exposicion_max"": 1.0, ""exposicion_min"": 0.0, ""extras"": [""fx""], ""fx"": true, ""max_dias_fx"": 10, ""min_historia"": 1, ""periodos_por_anio"": 12, ""permitir_capturas"": false, ""rebalanceo_con_deriva"": true, ""segmentos"": [""dentro_muestra"", ""fuera_muestra""], ""senal"": ""senal_comprar_y_mantener"", ""spread_por_lado"": 0.0005, ""usuario"": {""fx"": ""FIX"", ""h"": 0.0}, ""variante"": ""mxn_h000_fix""}",S1
2026-09-25T06:52:31.123171Z,R08,7c141ce3f6,mxn_h000_fix,0,dentro_muestra,1993-12-31,2007-05-31,161,12,MXN,13.222020649250076,0.21887794777451108,0.20259505578734716,0.23712100068650566,0.4247925920580359,-0.39642651319883104,0.5521274195521101,0.06845093678843374,2.924054496666495,26.310124566353867,0.8291157540416281,1.0,1.0,0.07455603184323331,0.00025349050826699326,1,0.21918748751229233,0.18374024165064107,0.0029,0.0005,2007-05-31,27d52a154213736d,French CRSP 202607; Banxico FIX SF43718 huella 5458d96e1cdefe5a; CETES SF43936,"{""comision_por_lado"": 0.0029, ""cortes"": [""2007-05-31""], ""efectivo_en_mxn"": true, ""exposicion_inicial"": 0.0, ""exposicion_max"": 1.0, ""exposicion_min"": 0.0, ""extras"": [""fx""], ""fx"": true, ""max_dias_fx"": 10, ""min_historia"": 1, ""periodos_por_anio"": 12, ""permitir_capturas"": false, ""rebalanceo_con_deriva"": true, ""segmentos"": [""dentro_muestra"", ""fuera_muestra""], ""senal"": ""senal_comprar_y_mantener"", ""spread_por_lado"": 0.0005, ""usuario"": {""fx"": ""FIX"", ""h"": 0.0}, ""variante"": ""mxn_h000_fix""}",S1
2026-09-25T06:52:31.123171Z,R08,7c141ce3f6,mxn_h000_fix,0,fuera_muestra,2007-05-31,2026-07-31,230,12,MXN,10.443048127692647,0.1355997955207704,0.1372075262277403,0.5434240845446086,0.8768725126468238,-0.30056061851663873,0.4511562299478823,0.15687302074797785,0.0766883020632865,4.047028099587771,0.9910089872959187,1.0,1.0,0.0,0.0,0,0.1355997955207704,0.0639492100778396,0.0029,0.0005,2007-05-31,27d52a154213736d,French CRSP 202607; Banxico FIX SF43718 huella 5458d96e1cdefe5a; CETES SF43936,"{""comision_por_lado"": 0.0029, ""cortes"": [""2007-05-31""], ""efectivo_en_mxn"": true, ""exposicion_inicial"": 0.0, ""exposicion_max"": 1.0, ""exposicion_min"": 0.0, ""extras"": [""fx""], ""fx"": true, ""max_dias_fx"": 10, ""min_historia"": 1, ""periodos_por_anio"": 12, ""permitir_capturas"": false, ""rebalanceo_con_deriva"": true, ""segmentos"": [""dentro_muestra"", ""fuera_muestra""], ""senal"": ""senal_comprar_y_mantener"", ""spread_por_lado"": 0.0005, ""usuario"": {""fx"": ""FIX"", ""h"": 0.0}, ""variante"": ""mxn_h000_fix""}",S1
2026-09-25T06:52:31.129095Z,R08,d17321850c,mxn_h100_fix,0,completo,1993-12-31,2026-07-31,391,12,MXN,312.67916171340164,0.19295847528205745,0.16145869019927644,0.5353884221743924,0.7652008832004553,-0.48678664088510926,0.3963922981353945,0.15455332483169726,-0.7712903025006626,4.698451977958899,0.9978617652620383,1.0,1.0,0.030693277310924375,0.00010435714285714287,1,0.19308318765866983,0.11172233927432984,0.0029,0.0005,2007-05-31,2b0c2933e15bfc8f,French CRSP 202607; Banxico FIX SF43718 huella 5458d96e1cdefe5a; CETES SF43936,"{""comision_por_lado"": 0.0029, ""cortes"": [""2007-05-31""], ""efectivo_en_mxn"": false, ""exposicion_inicial"": 0.0, ""exposicion_max"": 1.0, ""exposicion_min"": 0.0, ""extras"": [], ""fx"": false, ""max_dias_fx"": 10, ""min_historia"": 1, ""periodos_por_anio"": 12, ""permitir_capturas"": false, ""rebalanceo_con_deriva"": true, ""segmentos"": [""dentro_muestra"", ""fuera_muestra""], ""senal"": ""senal_comprar_y_mantener"", ""spread_por_lado"": 0.0005, ""usuario"": {""fx"": ""FIX"", ""h"": 1.0}, ""variante"": ""mxn_h100_fix""}",S1
2026-09-25T06:52:31.129095Z,R08,d17321850c,mxn_h100_fix,0,dentro_muestra,1993-12-31,2007-05-31,161,12,MXN,20.932919242394256,0.25888723207298425,0.15770537933144163,0.5045990297210634,0.7120895829912252,-0.36195150788607655,0.7152539122850359,0.14566519282113996,-0.8959459496906544,4.612207224863573,0.9571399729053947,1.0,1.0,0.07455603184323331,0.00025349050826699326,1,0.2592069323550541,0.18374024165064107,0.0029,0.0005,2007-05-31,2b0c2933e15bfc8f,French CRSP 202607; Banxico FIX SF43718 huella 5458d96e1cdefe5a; CETES SF43936,"{""comision_por_lado"": 0.0029, ""cortes"": [""2007-05-31""], ""efectivo_en_mxn"": false, ""exposicion_inicial"": 0.0, ""exposicion_max"": 1.0, ""exposicion_min"": 0.0, ""extras"": [], ""fx"": false, ""max_dias_fx"": 10, ""min_historia"": 1, ""periodos_por_anio"": 12, ""permitir_capturas"": false, ""rebalanceo_con_deriva"": true, ""segmentos"": [""dentro_muestra"", ""fuera_muestra""], ""senal"": ""senal_comprar_y_mantener"", ""spread_por_lado"": 0.0005, ""usuario"": {""fx"": ""FIX"", ""h"": 1.0}, ""variante"": ""mxn_h100_fix""}",S1
2026-09-25T06:52:31.129095Z,R08,d17321850c,mxn_h100_fix,0,fuera_muestra,2007-05-31,2026-07-31,230,12,MXN,13.301751547376767,0.1488886745198157,0.16349292504865082,0.5549564648427637,0.8004330163927844,-0.48678664088510903,0.30586023118690364,0.16020213218274637,-0.7108199796518873,4.669399313815829,0.9884910840221977,1.0,1.0,0.0,0.0,0,0.1488886745198157,0.0639492100778396,0.0029,0.0005,2007-05-31,2b0c2933e15bfc8f,French CRSP 202607; Banxico FIX SF43718 huella 5458d96e1cdefe5a; CETES SF43936,"{""comision_por_lado"": 0.0029, ""cortes"": [""2007-05-31""], ""efectivo_en_mxn"": false, ""exposicion_inicial"": 0.0, ""exposicion_max"": 1.0, ""exposicion_min"": 0.0, ""extras"": [], ""fx"": false, ""max_dias_fx"": 10, ""min_historia"": 1, ""periodos_por_anio"": 12, ""permitir_capturas"": false, ""rebalanceo_con_deriva"": true, ""segmentos"": [""dentro_muestra"", ""fuera_muestra""], ""senal"": ""senal_comprar_y_mantener"", ""spread_por_lado"": 0.0005, ""usuario"": {""fx"": ""FIX"", ""h"": 1.0}, ""variante"": ""mxn_h100_fix""}",S1
2026-09-25T06:52:31.142337Z,R08,7424dcc0af,mxn_h000_fix_desde1991,0,completo,1991-11-30,2026-07-31,416,12,MXN,222.772807101167,0.16891492316879164,0.16411214602285293,0.367560963065685,0.6282204316295732,-0.3964265131988308,0.426093910333568,0.10610571048478566,2.1111644388934043,23.968889303591087,0.9908015288701384,1.0,1.0,0.028846153846153848,9.807692307692307e-05,1,0.16902976772607237,0.11508687090263425,0.0029,0.0005,2007-05-31,5527db320e82eff4,French CRSP 202607; Banxico FIX SF43718 huella 5458d96e1cdefe5a; CETES SF43936,"{""comision_por_lado"": 0.0029, ""cortes"": [""2007-05-31""], ""efectivo_en_mxn"": true, ""exposicion_inicial"": 0.0, ""exposicion_max"": 1.0, ""exposicion_min"": 0.0, ""extras"": [""fx""], ""fx"": true, ""max_dias_fx"": 10, ""min_historia"": 1, ""periodos_por_anio"": 12, ""permitir_capturas"": false, ""rebalanceo_con_deriva"": true, ""segmentos"": [""dentro_muestra"", ""fuera_muestra""], ""senal"": ""senal_comprar_y_mantener"", ""spread_por_lado"": 0.0005, ""usuario"": {""base"": ""1991-11-30"", ""fx"": ""FIX"", ""h"": 0.0}, ""variante"": ""mxn_h000_fix_desde1991""}",S2
2026-09-25T06:52:31.142337Z,R08,7424dcc0af,mxn_h000_fix_desde1991,0,dentro_muestra,1991-11-30,2007-05-31,186,12,MXN,18.55534964146724,0.2114708691893561,0.19201000560297318,0.21745999423866377,0.38806520498371505,-0.3964265131988308,0.5334427999857094,0.0627752931058335,3.0156360879026773,28.364158581651616,0.8245685726100915,1.0,1.0,0.06452040275569687,0.00021936936936936937,1,0.21173711085925895,0.18174140100368685,0.0029,0.0005,2007-05-31,5527db320e82eff4,French CRSP 202607; Banxico FIX SF43718 huella 5458d96e1cdefe5a; CETES SF43936,"{""comision_por_lado"": 0.0029, ""cortes"": [""2007-05-31""], ""efectivo_en_mxn"": true, ""exposicion_inicial"": 0.0, ""exposicion_max"": 1.0, ""exposicion_min"": 0.0, ""extras"": [""fx""], ""fx"": true, ""max_dias_fx"": 10, ""min_historia"": 1, ""periodos_por_anio"": 12, ""permitir_capturas"": false, ""rebalanceo_con_deriva"": true, ""segmentos"": [""dentro_muestra"", ""fuera_muestra""], ""senal"": ""senal_comprar_y_mantener"", ""spread_por_lado"": 0.0005, ""usuario"": {""base"": ""1991-11-30"", ""fx"": ""FIX"", ""h"": 0.0}, ""variante"": ""mxn_h000_fix_desde1991""}",S2
2026-09-25T06:52:31.142337Z,R08,7424dcc0af,mxn_h000_fix_desde1991,0,fuera_muestra,2007-05-31,2026-07-31,230,12,MXN,10.443048127692647,0.1355997955207704,0.1372075262277403,0.5434240845446086,0.8768725126468238,-0.30056061851663873,0.4511562299478823,0.15687302074797785,0.0766883020632865,4.047028099587771,0.9910089872959187,1.0,1.0,0.0,0.0,0,0.1355997955207704,0.0639492100778396,0.0029,0.0005,2007-05-31,5527db320e82eff4,French CRSP 202607; Banxico FIX SF43718 huella 5458d96e1cdefe5a; CETES SF43936,"{""comision_por_lado"": 0.0029, ""cortes"": [""2007-05-31""], ""efectivo_en_mxn"": true, ""exposicion_inicial"": 0.0, ""exposicion_max"": 1.0, ""exposicion_min"": 0.0, ""extras"": [""fx""], ""fx"": true, ""max_dias_fx"": 10, ""min_historia"": 1, ""periodos_por_anio"": 12, ""permitir_capturas"": false, ""rebalanceo_con_deriva"": true, ""segmentos"": [""dentro_muestra"", ""fuera_muestra""], ""senal"": ""senal_comprar_y_mantener"", ""spread_por_lado"": 0.0005, ""usuario"": {""base"": ""1991-11-30"", ""fx"": ""FIX"", ""h"": 0.0}, ""variante"": ""mxn_h000_fix_desde1991""}",S2
2026-09-25T06:52:31.148427Z,R08,e57125d86a,mxn_h100_fix_desde1991,0,completo,1991-11-30,2026-07-31,416,12,MXN,549.0813456523716,0.1996395533625066,0.15844215112053633,0.5597058698197316,0.8062257446792984,-0.48678664088510915,0.4101171572816957,0.16157316730371785,-0.7554146700779153,4.841827180884476,0.9989410286378205,1.0,1.0,0.028846153846153848,9.807692307692307e-05,1,0.19975741657964208,0.11508687090263425,0.0029,0.0005,2007-05-31,eef43aa8a87ae2a8,French CRSP 202607; Banxico FIX SF43718 huella 5458d96e1cdefe5a; CETES SF43936,"{""comision_por_lado"": 0.0029, ""cortes"": [""2007-05-31""], ""efectivo_en_mxn"": false, ""exposicion_inicial"": 0.0, ""exposicion_max"": 1.0, ""exposicion_min"": 0.0, ""extras"": [], ""fx"": false, ""max_dias_fx"": 10, ""min_historia"": 1, ""periodos_por_anio"": 12, ""permitir_capturas"": false, ""rebalanceo_con_deriva"": true, ""segmentos"": [""dentro_muestra"", ""fuera_muestra""], ""senal"": ""senal_comprar_y_mantener"", ""spread_por_lado"": 0.0005, ""usuario"": {""base"": ""1991-11-30"", ""fx"": ""FIX"", ""h"": 1.0}, ""variante"": ""mxn_h100_fix_desde1991""}",S2
2026-09-25T06:52:31.148427Z,R08,e57125d86a,mxn_h100_fix_desde1991,0,dentro_muestra,1991-11-30,2007-05-31,186,12,MXN,37.46251585549797,0.26551492093015994,0.15099498839798725,0.5685321819789949,0.819601621499163,-0.36195150788607655,0.7335648979081756,0.16412110415426903,-0.8367589214251242,4.9257625582734885,0.980739704169171,1.0,1.0,0.06452040275569687,0.00021936936936936937,1,0.26579303971485757,0.18174140100368685,0.0029,0.0005,2007-05-31,eef43aa8a87ae2a8,French CRSP 202607; Banxico FIX SF43718 huella 5458d96e1cdefe5a; CETES SF43936,"{""comision_por_lado"": 0.0029, ""cortes"": [""2007-05-31""], ""efectivo_en_mxn"": false, ""exposicion_inicial"": 0.0, ""exposicion_max"": 1.0, ""exposicion_min"": 0.0, ""extras"": [], ""fx"": false, ""max_dias_fx"": 10, ""min_historia"": 1, ""periodos_por_anio"": 12, ""permitir_capturas"": false, ""rebalanceo_con_deriva"": true, ""segmentos"": [""dentro_muestra"", ""fuera_muestra""], ""senal"": ""senal_comprar_y_mantener"", ""spread_por_lado"": 0.0005, ""usuario"": {""base"": ""1991-11-30"", ""fx"": ""FIX"", ""h"": 1.0}, ""variante"": ""mxn_h100_fix_desde1991""}",S2
2026-09-25T06:52:31.148427Z,R08,e57125d86a,mxn_h100_fix_desde1991,0,fuera_muestra,2007-05-31,2026-07-31,230,12,MXN,13.301751547376767,0.1488886745198157,0.16349292504865082,0.5549564648427637,0.8004330163927844,-0.48678664088510903,0.30586023118690364,0.16020213218274637,-0.7108199796518873,4.669399313815829,0.9884910840221977,1.0,1.0,0.0,0.0,0,0.1488886745198157,0.0639492100778396,0.0029,0.0005,2007-05-31,eef43aa8a87ae2a8,French CRSP 202607; Banxico FIX SF43718 huella 5458d96e1cdefe5a; CETES SF43936,"{""comision_por_lado"": 0.0029, ""cortes"": [""2007-05-31""], ""efectivo_en_mxn"": false, ""exposicion_inicial"": 0.0, ""exposicion_max"": 1.0, ""exposicion_min"": 0.0, ""extras"": [], ""fx"": false, ""max_dias_fx"": 10, ""min_historia"": 1, ""periodos_por_anio"": 12, ""permitir_capturas"": false, ""rebalanceo_con_deriva"": true, ""segmentos"": [""dentro_muestra"", ""fuera_muestra""], ""senal"": ""senal_comprar_y_mantener"", ""spread_por_lado"": 0.0005, ""usuario"": {""base"": ""1991-11-30"", ""fx"": ""FIX"", ""h"": 1.0}, ""variante"": ""mxn_h100_fix_desde1991""}",S2
2026-09-25T06:52:31.154126Z,R08,60b0757c0c,usd_referencia_desde1991,0,completo,1991-11-30,2026-07-31,416,12,USD,38.60781784893917,0.1119617135523967,0.15139588561186043,0.616615305190754,0.9161824970603056,-0.5031170717166412,0.22253610510647562,0.17800150621916255,-0.5636356041277303,4.141083104710446,0.9996851229477894,1.0,1.0,0.028846153846153848,9.807692307692307e-05,1,0.11207096252182525,0.025055764094776167,0.0029,0.0005,2007-05-31,b669493dd74ff4fd,French CRSP 202607; Banxico FIX SF43718 huella 5458d96e1cdefe5a; CETES SF43936,"{""comision_por_lado"": 0.0029, ""cortes"": [""2007-05-31""], ""efectivo_en_mxn"": false, ""exposicion_inicial"": 0.0, ""exposicion_max"": 1.0, ""exposicion_min"": 0.0, ""extras"": [], ""fx"": false, ""max_dias_fx"": 10, ""min_historia"": 1, ""periodos_por_anio"": 12, ""permitir_capturas"": false, ""rebalanceo_con_deriva"": true, ""segmentos"": [""dentro_muestra"", ""fuera_muestra""], ""senal"": ""senal_comprar_y_mantener"", ""spread_por_lado"": 0.0005, ""usuario"": {""base"": ""1991-11-30""}, ""variante"": ""usd_referencia_desde1991""}",S2
2026-09-25T06:52:31.154126Z,R08,60b0757c0c,usd_referencia_desde1991,0,dentro_muestra,1991-11-30,2007-05-31,186,12,USD,4.582406665764641,0.11733967991710803,0.13986728128407677,0.5977684397136143,0.876705475022136,-0.4499468448019661,0.26078564895538364,0.1725608847908589,-0.7102572420128495,4.323927656218318,0.9857825038907566,1.0,1.0,0.06452040275569687,0.00021936936936936937,1,0.11758523463063475,0.038460475482738676,0.0029,0.0005,2007-05-31,b669493dd74ff4fd,French CRSP 202607; Banxico FIX SF43718 huella 5458d96e1cdefe5a; CETES SF43936,"{""comision_por_lado"": 0.0029, ""cortes"": [""2007-05-31""], ""efectivo_en_mxn"": false, ""exposicion_inicial"": 0.0, ""exposicion_max"": 1.0, ""exposicion_min"": 0.0, ""extras"": [], ""fx"": false, ""max_dias_fx"": 10, ""min_historia"": 1, ""periodos_por_anio"": 12, ""permitir_capturas"": false, ""rebalanceo_con_deriva"": true, ""segmentos"": [""dentro_muestra"", ""fuera_muestra""], ""senal"": ""senal_comprar_y_mantener"", ""spread_por_lado"": 0.0005, ""usuario"": {""base"": ""1991-11-30""}, ""variante"": ""usd_referencia_desde1991""}",S2
2026-09-25T06:52:31.154126Z,R08,60b0757c0c,usd_referencia_desde1991,0,fuera_muestra,2007-05-31,2026-07-31,230,12,USD,6.095115103642121,0.10763203000760235,0.1604128051716383,0.6312613712562105,0.947196910939548,-0.5031170717166412,0.2139303872960634,0.18222946131189272,-0.4905443924269237,3.9488993171371014,0.9955107809027375,1.0,1.0,0.0,0.0,0,0.10763203000760235,0.014343358766019998,0.0029,0.0005,2007-05-31,b669493dd74ff4fd,French CRSP 202607; Banxico FIX SF43718 huella 5458d96e1cdefe5a; CETES SF43936,"{""comision_por_lado"": 0.0029, ""cortes"": [""2007-05-31""], ""efectivo_en_mxn"": false, ""exposicion_inicial"": 0.0, ""exposicion_max"": 1.0, ""exposicion_min"": 0.0, ""extras"": [], ""fx"": false, ""max_dias_fx"": 10, ""min_historia"": 1, ""periodos_por_anio"": 12, ""permitir_capturas"": false, ""rebalanceo_con_deriva"": true, ""segmentos"": [""dentro_muestra"", ""fuera_muestra""], ""senal"": ""senal_comprar_y_mantener"", ""spread_por_lado"": 0.0005, ""usuario"": {""base"": ""1991-11-30""}, ""variante"": ""usd_referencia_desde1991""}",S2
2026-09-25T06:52:31.801824Z,R08,4f14d64ade,mxn_h000_sp500tr,0,completo,1993-12-31,2026-07-31,391,12,MXN,162.8841294767407,0.16942236434231117,0.16494735386512602,0.38807878510542987,0.6702321472628022,-0.40052524357621055,0.4230004651631254,0.11202869552370144,2.258928432897107,25.36423340556904,0.9926187740389144,1.0,1.0,0.030693277310924375,0.00010435714285714287,1,0.1695446162440688,0.11172233927432984,0.0029,0.0005,2007-05-31,376117accd4a930d,Yahoo ^SP500TR huella da53bc6647fa70db; DEXMXUS; CETES SF43936; RF French,"{""comision_por_lado"": 0.0029, ""cortes"": [""2007-05-31""], ""efectivo_en_mxn"": true, ""exposicion_inicial"": 0.0, ""exposicion_max"": 1.0, ""exposicion_min"": 0.0, ""extras"": [""fx""], ""fx"": true, ""max_dias_fx"": 10, ""min_historia"": 1, ""periodos_por_anio"": 12, ""permitir_capturas"": false, ""rebalanceo_con_deriva"": true, ""segmentos"": [""dentro_muestra"", ""fuera_muestra""], ""senal"": ""senal_comprar_y_mantener"", ""spread_por_lado"": 0.0005, ""usuario"": {""activo"": ""^SP500TR"", ""h"": 0.0}, ""variante"": ""mxn_h000_sp500tr""}",S3a
2026-09-25T06:52:31.801824Z,R08,4f14d64ade,mxn_h000_sp500tr,0,dentro_muestra,1993-12-31,2007-05-31,161,12,MXN,13.40881362753469,0.22006430908413344,0.20057875217169005,0.24271102199812072,0.44573077905561875,-0.40052524357621055,0.5494392990544686,0.07006463694295209,3.148507127982598,28.09784790327126,0.8372250547823278,1.0,1.0,0.07455603184323331,0.00025349050826699326,1,0.22037415010390093,0.18374024165064107,0.0029,0.0005,2007-05-31,376117accd4a930d,Yahoo ^SP500TR huella da53bc6647fa70db; DEXMXUS; CETES SF43936; RF French,"{""comision_por_lado"": 0.0029, ""cortes"": [""2007-05-31""], ""efectivo_en_mxn"": true, ""exposicion_inicial"": 0.0, ""exposicion_max"": 1.0, ""exposicion_min"": 0.0, ""extras"": [""fx""], ""fx"": true, ""max_dias_fx"": 10, ""min_historia"": 1, ""periodos_por_anio"": 12, ""permitir_capturas"": false, ""rebalanceo_con_deriva"": true, ""segmentos"": [""dentro_muestra"", ""fuera_muestra""], ""senal"": ""senal_comprar_y_mantener"", ""spread_por_lado"": 0.0005, ""usuario"": {""activo"": ""^SP500TR"", ""h"": 0.0}, ""variante"": ""mxn_h000_sp500tr""}",S3a
2026-09-25T06:52:31.801824Z,R08,4f14d64ade,mxn_h000_sp500tr,0,fuera_muestra,2007-05-31,2026-07-31,230,12,MXN,10.373880856059136,0.13524065736347657,0.13414448581894636,0.5504819922117334,0.8798439066922106,-0.3122100164364566,0.4331720644555354,0.15891046319374288,0.024118782275307404,4.004484755708356,0.9915011555886668,1.0,1.0,0.0,0.0,0,0.13524065736347657,0.0639492100778396,0.0029,0.0005,2007-05-31,376117accd4a930d,Yahoo ^SP500TR huella da53bc6647fa70db; DEXMXUS; CETES SF43936; RF French,"{""comision_por_lado"": 0.0029, ""cortes"": [""2007-05-31""], ""efectivo_en_mxn"": true, ""exposicion_inicial"": 0.0, ""exposicion_max"": 1.0, ""exposicion_min"": 0.0, ""extras"": [""fx""], ""fx"": true, ""max_dias_fx"": 10, ""min_historia"": 1, ""periodos_por_anio"": 12, ""permitir_capturas"": false, ""rebalanceo_con_deriva"": true, ""segmentos"": [""dentro_muestra"", ""fuera_muestra""], ""senal"": ""senal_comprar_y_mantener"", ""spread_por_lado"": 0.0005, ""usuario"": {""activo"": ""^SP500TR"", ""h"": 0.0}, ""variante"": ""mxn_h000_sp500tr""}",S3a
2026-09-25T06:52:31.807491Z,R08,66a183597f,mxn_h100_sp500tr,0,completo,1993-12-31,2026-07-31,391,12,MXN,318.2076412875846,0.19359836591335622,0.15708015694082086,0.5508575164979828,0.7920745740282651,-0.4931224788818931,0.3925969190297744,0.15901886771761956,-0.7512601638843475,4.615003677236024,0.9983496017737059,1.0,1.0,0.030693277310924375,0.00010435714285714287,1,0.19372314518440215,0.11172233927432984,0.0029,0.0005,2007-05-31,04128e3891d1c555,Yahoo ^SP500TR huella da53bc6647fa70db; DEXMXUS; CETES SF43936; RF French,"{""comision_por_lado"": 0.0029, ""cortes"": [""2007-05-31""], ""efectivo_en_mxn"": false, ""exposicion_inicial"": 0.0, ""exposicion_max"": 1.0, ""exposicion_min"": 0.0, ""extras"": [], ""fx"": false, ""max_dias_fx"": 10, ""min_historia"": 1, ""periodos_por_anio"": 12, ""permitir_capturas"": false, ""rebalanceo_con_deriva"": true, ""segmentos"": [""dentro_muestra"", ""fuera_muestra""], ""senal"": ""senal_comprar_y_mantener"", ""spread_por_lado"": 0.0005, ""usuario"": {""activo"": ""^SP500TR"", ""h"": 1.0}, ""variante"": ""mxn_h100_sp500tr""}",S3a
2026-09-25T06:52:31.807491Z,R08,66a183597f,mxn_h100_sp500tr,0,dentro_muestra,1993-12-31,2007-05-31,161,12,MXN,21.31286781990981,0.2605002577012734,0.15384724378097428,0.5256648085043133,0.7565334410630106,-0.35921650449270714,0.7251901136033745,0.1517463593467392,-0.7634979084467817,4.38367990579384,0.9641819400851352,1.0,1.0,0.07455603184323331,0.00025349050826699326,1,0.26082036761872196,0.18374024165064107,0.0029,0.0005,2007-05-31,04128e3891d1c555,Yahoo ^SP500TR huella da53bc6647fa70db; DEXMXUS; CETES SF43936; RF French,"{""comision_por_lado"": 0.0029, ""cortes"": [""2007-05-31""], ""efectivo_en_mxn"": false, ""exposicion_inicial"": 0.0, ""exposicion_max"": 1.0, ""exposicion_min"": 0.0, ""extras"": [], ""fx"": false, ""max_dias_fx"": 10, ""min_historia"": 1, ""periodos_por_anio"": 12, ""permitir_capturas"": false, ""rebalanceo_con_deriva"": true, ""segmentos"": [""dentro_muestra"", ""fuera_muestra""], ""senal"": ""senal_comprar_y_mantener"", ""spread_por_lado"": 0.0005, ""usuario"": {""activo"": ""^SP500TR"", ""h"": 1.0}, ""variante"": ""mxn_h100_sp500tr""}",S3a
2026-09-25T06:52:31.807491Z,R08,66a183597f,mxn_h100_sp500tr,0,fuera_muestra,2007-05-31,2026-07-31,230,12,MXN,13.305988986442857,0.1489064311830517,0.1586993468884657,0.5669162544799683,0.8161967657588378,-0.4931224788818931,0.30196642327212997,0.16365462606599204,-0.7474323992064256,4.655150395675875,0.9896280730030296,1.0,1.0,0.0,0.0,0,0.1489064311830517,0.0639492100778396,0.0029,0.0005,2007-05-31,04128e3891d1c555,Yahoo ^SP500TR huella da53bc6647fa70db; DEXMXUS; CETES SF43936; RF French,"{""comision_por_lado"": 0.0029, ""cortes"": [""2007-05-31""], ""efectivo_en_mxn"": false, ""exposicion_inicial"": 0.0, ""exposicion_max"": 1.0, ""exposicion_min"": 0.0, ""extras"": [], ""fx"": false, ""max_dias_fx"": 10, ""min_historia"": 1, ""periodos_por_anio"": 12, ""permitir_capturas"": false, ""rebalanceo_con_deriva"": true, ""segmentos"": [""dentro_muestra"", ""fuera_muestra""], ""senal"": ""senal_comprar_y_mantener"", ""spread_por_lado"": 0.0005, ""usuario"": {""activo"": ""^SP500TR"", ""h"": 1.0}, ""variante"": ""mxn_h100_sp500tr""}",S3a
2026-09-25T06:52:31.813154Z,R08,827e0af82a,usd_referencia_sp500tr,0,completo,1993-12-31,2026-07-31,391,12,USD,28.402365250308023,0.10935223878815248,0.14973295608738477,0.6091842478142391,0.9038307293509928,-0.5094876760691069,0.21463176426924982,0.17585634473081532,-0.5645542651264429,3.9439884122319953,0.999478347475681,1.0,1.0,0.030693277310924375,0.00010435714285714287,1,0.10946821093392822,0.024578274868084726,0.0029,0.0005,2007-05-31,3dc1f68ab748e595,Yahoo ^SP500TR huella da53bc6647fa70db; DEXMXUS; CETES SF43936; RF French,"{""comision_por_lado"": 0.0029, ""cortes"": [""2007-05-31""], ""efectivo_en_mxn"": false, ""exposicion_inicial"": 0.0, ""exposicion_max"": 1.0, ""exposicion_min"": 0.0, ""extras"": [], ""fx"": false, ""max_dias_fx"": 10, ""min_historia"": 1, ""periodos_por_anio"": 12, ""permitir_capturas"": false, ""rebalanceo_con_deriva"": true, ""segmentos"": [""dentro_muestra"", ""fuera_muestra""], ""senal"": ""senal_comprar_y_mantener"", ""spread_por_lado"": 0.0005, ""usuario"": {""activo"": ""^SP500TR""}, ""variante"": ""usd_referencia_sp500tr""}",S3a
2026-09-25T06:52:31.813154Z,R08,827e0af82a,usd_referencia_sp500tr,0,dentro_muestra,1993-12-31,2007-05-31,161,12,USD,3.170477999103917,0.11234266369056645,0.14111535052822916,0.5556094545223491,0.8143308448289825,-0.4473372472155498,0.25113639516906594,0.1603906340663897,-0.6378958524426412,3.8783275639029817,0.9723384505416253,1.0,1.0,0.07455603184323331,0.00025349050826699326,1,0.11262514829624037,0.03938416008294898,0.0029,0.0005,2007-05-31,3dc1f68ab748e595,Yahoo ^SP500TR huella da53bc6647fa70db; DEXMXUS; CETES SF43936; RF French,"{""comision_por_lado"": 0.0029, ""cortes"": [""2007-05-31""], ""efectivo_en_mxn"": false, ""exposicion_inicial"": 0.0, ""exposicion_max"": 1.0, ""exposicion_min"": 0.0, ""extras"": [], ""fx"": false, ""max_dias_fx"": 10, ""min_historia"": 1, ""periodos_por_anio"": 12, ""permitir_capturas"": false, ""rebalanceo_con_deriva"": true, ""segmentos"": [""dentro_muestra"", ""fuera_muestra""], ""senal"": ""senal_comprar_y_mantener"", ""spread_por_lado"": 0.0005, ""usuario"": {""activo"": ""^SP500TR""}, ""variante"": ""usd_referencia_sp500tr""}",S3a
2026-09-25T06:52:31.813154Z,R08,827e0af82a,usd_referencia_sp500tr,0,fuera_muestra,2007-05-31,2026-07-31,230,12,USD,6.05011877694248,0.10726444992625472,0.15578471087751683,0.6432646505343356,0.9627698574833925,-0.5094876760691069,0.21053394412567766,0.18569450957308462,-0.5336513873287764,3.924011954993629,0.9959775380963467,1.0,1.0,0.0,0.0,0,0.10726444992625472,0.014343358766019998,0.0029,0.0005,2007-05-31,3dc1f68ab748e595,Yahoo ^SP500TR huella da53bc6647fa70db; DEXMXUS; CETES SF43936; RF French,"{""comision_por_lado"": 0.0029, ""cortes"": [""2007-05-31""], ""efectivo_en_mxn"": false, ""exposicion_inicial"": 0.0, ""exposicion_max"": 1.0, ""exposicion_min"": 0.0, ""extras"": [], ""fx"": false, ""max_dias_fx"": 10, ""min_historia"": 1, ""periodos_por_anio"": 12, ""permitir_capturas"": false, ""rebalanceo_con_deriva"": true, ""segmentos"": [""dentro_muestra"", ""fuera_muestra""], ""senal"": ""senal_comprar_y_mantener"", ""spread_por_lado"": 0.0005, ""usuario"": {""activo"": ""^SP500TR""}, ""variante"": ""usd_referencia_sp500tr""}",S3a
2026-09-25T06:52:31.825492Z,R08,c140530492,mxn_h000_desde1997,0,completo,1997-01-31,2026-07-31,354,12,MXN,36.02572844086599,0.13026132668271262,0.14051485445840076,0.3378033631253618,0.5017225028190746,-0.3986273085655939,0.3267747188506484,0.09751543131679427,-0.15680242855360033,3.8947038498865347,0.9650199409585041,1.0,1.0,0.033904204956836534,0.00011527429685324421,1,0.13039184629432765,0.08850389541120918,0.0029,0.0005,2007-05-31,2b53724c4e4f9df4,French; DEXMXUS; cobertura con OCDE IR3TIB01MXM156N vs IR3TIB01USM156N (mes t-1 /1200); efectivo CETES,"{""comision_por_lado"": 0.0029, ""cortes"": [""2007-05-31""], ""efectivo_en_mxn"": true, ""exposicion_inicial"": 0.0, ""exposicion_max"": 1.0, ""exposicion_min"": 0.0, ""extras"": [""fx""], ""fx"": true, ""max_dias_fx"": 10, ""min_historia"": 1, ""periodos_por_anio"": 12, ""permitir_capturas"": false, ""rebalanceo_con_deriva"": true, ""segmentos"": [""dentro_muestra"", ""fuera_muestra""], ""senal"": ""senal_comprar_y_mantener"", ""spread_por_lado"": 0.0005, ""usuario"": {""base"": ""1997-01-31"", ""h"": 0.0}, ""variante"": ""mxn_h000_desde1997""}",S4
2026-09-25T06:52:31.825492Z,R08,c140530492,mxn_h000_desde1997,0,dentro_muestra,1997-01-31,2007-05-31,124,12,MXN,2.234684484416759,0.12038685270964766,0.14645522921077198,-0.021589895818094042,-0.028398926771067663,-0.3986273085655939,0.30200352590705176,-0.006232466081176286,-0.5661513559233915,3.2738556213087344,0.47239813901375216,1.0,1.0,0.09683191940615059,0.00032922852598091197,1,0.12075640544826638,0.13559037276149977,0.0029,0.0005,2007-05-31,2b53724c4e4f9df4,French; DEXMXUS; cobertura con OCDE IR3TIB01MXM156N vs IR3TIB01USM156N (mes t-1 /1200); efectivo CETES,"{""comision_por_lado"": 0.0029, ""cortes"": [""2007-05-31""], ""efectivo_en_mxn"": true, ""exposicion_inicial"": 0.0, ""exposicion_max"": 1.0, ""exposicion_min"": 0.0, ""extras"": [""fx""], ""fx"": true, ""max_dias_fx"": 10, ""min_historia"": 1, ""periodos_por_anio"": 12, ""permitir_capturas"": false, ""rebalanceo_con_deriva"": true, ""segmentos"": [""dentro_muestra"", ""fuera_muestra""], ""senal"": ""senal_comprar_y_mantener"", ""spread_por_lado"": 0.0005, ""usuario"": {""base"": ""1997-01-31"", ""h"": 0.0}, ""variante"": ""mxn_h000_desde1997""}",S4
2026-09-25T06:52:31.825492Z,R08,c140530492,mxn_h000_desde1997,0,fuera_muestra,2007-05-31,2026-07-31,230,12,MXN,10.446472946353536,0.1356175247443545,0.1375156572543321,0.542592100504438,0.8789758748531012,-0.29971589617506866,0.4524869267032077,0.15663284764320087,0.11485829466018538,4.126570883952664,0.9910789941931004,1.0,1.0,0.0,0.0,0,0.1356175247443545,0.0639492100778396,0.0029,0.0005,2007-05-31,2b53724c4e4f9df4,French; DEXMXUS; cobertura con OCDE IR3TIB01MXM156N vs IR3TIB01USM156N (mes t-1 /1200); efectivo CETES,"{""comision_por_lado"": 0.0029, ""cortes"": [""2007-05-31""], ""efectivo_en_mxn"": true, ""exposicion_inicial"": 0.0, ""exposicion_max"": 1.0, ""exposicion_min"": 0.0, ""extras"": [""fx""], ""fx"": true, ""max_dias_fx"": 10, ""min_historia"": 1, ""periodos_por_anio"": 12, ""permitir_capturas"": false, ""rebalanceo_con_deriva"": true, ""segmentos"": [""dentro_muestra"", ""fuera_muestra""], ""senal"": ""senal_comprar_y_mantener"", ""spread_por_lado"": 0.0005, ""usuario"": {""base"": ""1997-01-31"", ""h"": 0.0}, ""variante"": ""mxn_h000_desde1997""}",S4
2026-09-25T06:52:31.830521Z,R08,37090581a1,mxn_h050_interbancaria,0,completo,1997-01-31,2026-07-31,354,12,MXN,59.92693941436021,0.1495094407965707,0.14217042496564353,0.4584944258803513,0.6719701412239371,-0.4014069975017398,0.37246346408279213,0.13235594010198187,-0.41517299304025884,3.60386586839417,0.9919827768824181,1.0,1.0,0.033904204956836534,0.00011527429685324421,1,0.14964218312988664,0.08850389541120918,0.0029,0.0005,2007-05-31,bff32799a02b184d,French; DEXMXUS; cobertura con OCDE IR3TIB01MXM156N vs IR3TIB01USM156N (mes t-1 /1200); efectivo CETES,"{""comision_por_lado"": 0.0029, ""cortes"": [""2007-05-31""], ""efectivo_en_mxn"": false, ""exposicion_inicial"": 0.0, ""exposicion_max"": 1.0, ""exposicion_min"": 0.0, ""extras"": [], ""fx"": false, ""max_dias_fx"": 10, ""min_historia"": 1, ""periodos_por_anio"": 12, ""permitir_capturas"": false, ""rebalanceo_con_deriva"": true, ""segmentos"": [""dentro_muestra"", ""fuera_muestra""], ""senal"": ""senal_comprar_y_mantener"", ""spread_por_lado"": 0.0005, ""usuario"": {""h"": 0.5, ""tasas"": ""interbancarias""}, ""variante"": ""mxn_h050_interbancaria""}",S4
2026-09-25T06:52:31.830521Z,R08,37090581a1,mxn_h050_interbancaria,0,dentro_muestra,1997-01-31,2007-05-31,124,12,MXN,3.571431362091685,0.15854823992419376,0.1487493045506633,0.21246107561716174,0.2892320793159029,-0.3654802611992609,0.4338079419226222,0.06133222959994289,-0.6525089861693291,3.340786096386318,0.7473861788512188,1.0,1.0,0.09683191940615059,0.00032922852598091197,1,0.15893037996256565,0.13559037276149977,0.0029,0.0005,2007-05-31,bff32799a02b184d,French; DEXMXUS; cobertura con OCDE IR3TIB01MXM156N vs IR3TIB01USM156N (mes t-1 /1200); efectivo CETES,"{""comision_por_lado"": 0.0029, ""cortes"": [""2007-05-31""], ""efectivo_en_mxn"": false, ""exposicion_inicial"": 0.0, ""exposicion_max"": 1.0, ""exposicion_min"": 0.0, ""extras"": [], ""fx"": false, ""max_dias_fx"": 10, ""min_historia"": 1, ""periodos_por_anio"": 12, ""permitir_capturas"": false, ""rebalanceo_con_deriva"": true, ""segmentos"": [""dentro_muestra"", ""fuera_muestra""], ""senal"": ""senal_comprar_y_mantener"", ""spread_por_lado"": 0.0005, ""usuario"": {""h"": 0.5, ""tasas"": ""interbancarias""}, ""variante"": ""mxn_h050_interbancaria""}",S4
2026-09-25T06:52:31.830521Z,R08,37090581a1,mxn_h050_interbancaria,0,fuera_muestra,2007-05-31,2026-07-31,230,12,MXN,12.32775986085959,0.14466878266270444,0.1388067355540596,0.5975695175910134,0.9204644539673361,-0.4014069975017398,0.3604042370040582,0.17250346092034322,-0.25998099430396365,3.6929562589336835,0.9942916063295686,1.0,1.0,0.0,0.0,0,0.14466878266270444,0.0639492100778396,0.0029,0.0005,2007-05-31,bff32799a02b184d,French; DEXMXUS; cobertura con OCDE IR3TIB01MXM156N vs IR3TIB01USM156N (mes t-1 /1200); efectivo CETES,"{""comision_por_lado"": 0.0029, ""cortes"": [""2007-05-31""], ""efectivo_en_mxn"": false, ""exposicion_inicial"": 0.0, ""exposicion_max"": 1.0, ""exposicion_min"": 0.0, ""extras"": [], ""fx"": false, ""max_dias_fx"": 10, ""min_historia"": 1, ""periodos_por_anio"": 12, ""permitir_capturas"": false, ""rebalanceo_con_deriva"": true, ""segmentos"": [""dentro_muestra"", ""fuera_muestra""], ""senal"": ""senal_comprar_y_mantener"", ""spread_por_lado"": 0.0005, ""usuario"": {""h"": 0.5, ""tasas"": ""interbancarias""}, ""variante"": ""mxn_h050_interbancaria""}",S4
2026-09-25T06:52:31.835564Z,R08,581a99e039,mxn_h100_interbancaria,0,completo,1997-01-31,2026-07-31,354,12,MXN,90.54594111690132,0.16548802026414688,0.16331901391575934,0.5077959435027173,0.7255997241111791,-0.49428524651595296,0.3348026699777409,0.14658806233734692,-0.743749299012611,4.548432845659441,0.9952438641730936,1.0,1.0,0.033904204956836534,0.00011527429685324421,1,0.16562260776188364,0.08850389541120918,0.0029,0.0005,2007-05-31,35fc064c2ac0266f,French; DEXMXUS; cobertura con OCDE IR3TIB01MXM156N vs IR3TIB01USM156N (mes t-1 /1200); efectivo CETES,"{""comision_por_lado"": 0.0029, ""cortes"": [""2007-05-31""], ""efectivo_en_mxn"": false, ""exposicion_inicial"": 0.0, ""exposicion_max"": 1.0, ""exposicion_min"": 0.0, ""extras"": [], ""fx"": false, ""max_dias_fx"": 10, ""min_historia"": 1, ""periodos_por_anio"": 12, ""permitir_capturas"": false, ""rebalanceo_con_deriva"": true, ""segmentos"": [""dentro_muestra"", ""fuera_muestra""], ""senal"": ""senal_comprar_y_mantener"", ""spread_por_lado"": 0.0005, ""usuario"": {""h"": 1.0, ""tasas"": ""interbancarias""}, ""variante"": ""mxn_h100_interbancaria""}",S4
2026-09-25T06:52:31.835564Z,R08,581a99e039,mxn_h100_interbancaria,0,dentro_muestra,1997-01-31,2007-05-31,124,12,MXN,5.330465016639272,0.19565132289926312,0.1628617469592852,0.410393514293125,0.5785158801069453,-0.3425112060418575,0.5712260488065697,0.11847040297540612,-0.7933234285256132,4.198679285949153,0.8943135416276629,1.0,1.0,0.09683191940615059,0.00032922852598091197,1,0.19604570116221898,0.13559037276149977,0.0029,0.0005,2007-05-31,35fc064c2ac0266f,French; DEXMXUS; cobertura con OCDE IR3TIB01MXM156N vs IR3TIB01USM156N (mes t-1 /1200); efectivo CETES,"{""comision_por_lado"": 0.0029, ""cortes"": [""2007-05-31""], ""efectivo_en_mxn"": false, ""exposicion_inicial"": 0.0, ""exposicion_max"": 1.0, ""exposicion_min"": 0.0, ""extras"": [], ""fx"": false, ""max_dias_fx"": 10, ""min_historia"": 1, ""periodos_por_anio"": 12, ""permitir_capturas"": false, ""rebalanceo_con_deriva"": true, ""segmentos"": [""dentro_muestra"", ""fuera_muestra""], ""senal"": ""senal_comprar_y_mantener"", ""spread_por_lado"": 0.0005, ""usuario"": {""h"": 1.0, ""tasas"": ""interbancarias""}, ""variante"": ""mxn_h100_interbancaria""}",S4
2026-09-25T06:52:31.835564Z,R08,581a99e039,mxn_h100_interbancaria,0,fuera_muestra,2007-05-31,2026-07-31,230,12,MXN,13.461171632143598,0.14955330176585568,0.16378070896373836,0.557833823675195,0.8040934653223888,-0.49428524651595296,0.30256476967501167,0.16103275413097604,-0.723293392645853,4.708475309431245,0.9887500111248635,1.0,1.0,0.0,0.0,0,0.14955330176585568,0.0639492100778396,0.0029,0.0005,2007-05-31,35fc064c2ac0266f,French; DEXMXUS; cobertura con OCDE IR3TIB01MXM156N vs IR3TIB01USM156N (mes t-1 /1200); efectivo CETES,"{""comision_por_lado"": 0.0029, ""cortes"": [""2007-05-31""], ""efectivo_en_mxn"": false, ""exposicion_inicial"": 0.0, ""exposicion_max"": 1.0, ""exposicion_min"": 0.0, ""extras"": [], ""fx"": false, ""max_dias_fx"": 10, ""min_historia"": 1, ""periodos_por_anio"": 12, ""permitir_capturas"": false, ""rebalanceo_con_deriva"": true, ""segmentos"": [""dentro_muestra"", ""fuera_muestra""], ""senal"": ""senal_comprar_y_mantener"", ""spread_por_lado"": 0.0005, ""usuario"": {""h"": 1.0, ""tasas"": ""interbancarias""}, ""variante"": ""mxn_h100_interbancaria""}",S4
2026-09-25T06:52:31.847714Z,R08,1d4561a758,mxn_h000_cetes_fmi,0,completo,1993-12-31,2026-07-31,391,12,MXN,161.6463798458471,0.1691502789374486,0.16712737481559903,0.38934706151651627,0.6712037585772619,-0.3986273085655936,0.42433188921780846,0.11239481538737524,2.1240502765238336,23.484089531718947,0.9925131767281481,1.0,1.0,0.030693277310924375,0.00010435714285714287,1,0.16927250239528435,0.11034641398222389,0.0029,0.0005,2007-05-31,0f7b2d780afb6ab9,French; DEXMXUS; CETES = FRED INTGSTMXM193N (mes t-1 /1200),"{""comision_por_lado"": 0.0029, ""cortes"": [""2007-05-31""], ""efectivo_en_mxn"": true, ""exposicion_inicial"": 0.0, ""exposicion_max"": 1.0, ""exposicion_min"": 0.0, ""extras"": [""fx""], ""fx"": true, ""max_dias_fx"": 10, ""min_historia"": 1, ""periodos_por_anio"": 12, ""permitir_capturas"": false, ""rebalanceo_con_deriva"": true, ""segmentos"": [""dentro_muestra"", ""fuera_muestra""], ""senal"": ""senal_comprar_y_mantener"", ""spread_por_lado"": 0.0005, ""usuario"": {""efectivo"": ""INTGSTMXM193N"", ""h"": 0.0}, ""variante"": ""mxn_h000_cetes_fmi""}",S5
2026-09-25T06:52:31.847714Z,R08,1d4561a758,mxn_h000_cetes_fmi,0,dentro_muestra,1993-12-31,2007-05-31,161,12,MXN,13.209301031691227,0.2187966393495755,0.2017367039530032,0.24457393510392966,0.4424008493236452,-0.3986273085655936,0.5488751890503578,0.07060241363450993,2.9542930004670316,26.27627841537526,0.8375570117939264,1.0,1.0,0.07455603184323331,0.00025349050826699326,1,0.2191061584387033,0.1816404345387137,0.0029,0.0005,2007-05-31,0f7b2d780afb6ab9,French; DEXMXUS; CETES = FRED INTGSTMXM193N (mes t-1 /1200),"{""comision_por_lado"": 0.0029, ""cortes"": [""2007-05-31""], ""efectivo_en_mxn"": true, ""exposicion_inicial"": 0.0, ""exposicion_max"": 1.0, ""exposicion_min"": 0.0, ""extras"": [""fx""], ""fx"": true, ""max_dias_fx"": 10, ""min_historia"": 1, ""periodos_por_anio"": 12, ""permitir_capturas"": false, ""rebalanceo_con_deriva"": true, ""segmentos"": [""dentro_muestra"", ""fuera_muestra""], ""senal"": ""senal_comprar_y_mantener"", ""spread_por_lado"": 0.0005, ""usuario"": {""efectivo"": ""INTGSTMXM193N"", ""h"": 0.0}, ""variante"": ""mxn_h000_cetes_fmi""}",S5
2026-09-25T06:52:31.847714Z,R08,1d4561a758,mxn_h000_cetes_fmi,0,fuera_muestra,2007-05-31,2026-07-31,230,12,MXN,10.446472946353536,0.1356175247443545,0.1375156572543321,0.5488924445842419,0.8905247549979025,-0.29971589617506866,0.4524869267032077,0.15845160031843192,0.11529041446685453,4.116774805000019,0.9917182527383208,1.0,1.0,0.0,0.0,0,0.1356175247443545,0.06303181481978615,0.0029,0.0005,2007-05-31,0f7b2d780afb6ab9,French; DEXMXUS; CETES = FRED INTGSTMXM193N (mes t-1 /1200),"{""comision_por_lado"": 0.0029, ""cortes"": [""2007-05-31""], ""efectivo_en_mxn"": true, ""exposicion_inicial"": 0.0, ""exposicion_max"": 1.0, ""exposicion_min"": 0.0, ""extras"": [""fx""], ""fx"": true, ""max_dias_fx"": 10, ""min_historia"": 1, ""periodos_por_anio"": 12, ""permitir_capturas"": false, ""rebalanceo_con_deriva"": true, ""segmentos"": [""dentro_muestra"", ""fuera_muestra""], ""senal"": ""senal_comprar_y_mantener"", ""spread_por_lado"": 0.0005, ""usuario"": {""efectivo"": ""INTGSTMXM193N"", ""h"": 0.0}, ""variante"": ""mxn_h000_cetes_fmi""}",S5
2026-09-25T06:52:31.853132Z,R08,be2bf65de6,mxn_h100_cetes_fmi,0,completo,1993-12-31,2026-07-31,391,12,MXN,300.0727396545213,0.19145748432588938,0.16138885857886953,0.5351062419796144,0.7647660300328267,-0.48757727927171024,0.3926710543441805,0.1544718664259897,-0.7711729511982804,4.7027832283485145,0.9978522628541924,1.0,1.0,0.030693277310924375,0.00010435714285714287,1,0.19158203978828126,0.11034641398222389,0.0029,0.0005,2007-05-31,a4cb74e1cfdeb1f2,French; DEXMXUS; CETES = FRED INTGSTMXM193N (mes t-1 /1200),"{""comision_por_lado"": 0.0029, ""cortes"": [""2007-05-31""], ""efectivo_en_mxn"": false, ""exposicion_inicial"": 0.0, ""exposicion_max"": 1.0, ""exposicion_min"": 0.0, ""extras"": [], ""fx"": false, ""max_dias_fx"": 10, ""min_historia"": 1, ""periodos_por_anio"": 12, ""permitir_capturas"": false, ""rebalanceo_con_deriva"": true, ""segmentos"": [""dentro_muestra"", ""fuera_muestra""], ""senal"": ""senal_comprar_y_mantener"", ""spread_por_lado"": 0.0005, ""usuario"": {""efectivo"": ""INTGSTMXM193N"", ""h"": 1.0}, ""variante"": ""mxn_h100_cetes_fmi""}",S5
2026-09-25T06:52:31.853132Z,R08,be2bf65de6,mxn_h100_cetes_fmi,0,dentro_muestra,1993-12-31,2007-05-31,161,12,MXN,20.40002163118678,0.256580755953818,0.15752050045389118,0.5040244944153182,0.7111766381168628,-0.3629408629626836,0.706949208913406,0.1454993387644245,-0.8967161878902039,4.619870260448176,0.9569640624600988,1.0,1.0,0.07455603184323331,0.00025349050826699326,1,0.25689987049552365,0.1816404345387137,0.0029,0.0005,2007-05-31,a4cb74e1cfdeb1f2,French; DEXMXUS; CETES = FRED INTGSTMXM193N (mes t-1 /1200),"{""comision_por_lado"": 0.0029, ""cortes"": [""2007-05-31""], ""efectivo_en_mxn"": false, ""exposicion_inicial"": 0.0, ""exposicion_max"": 1.0, ""exposicion_min"": 0.0, ""extras"": [], ""fx"": false, ""max_dias_fx"": 10, ""min_historia"": 1, ""periodos_por_anio"": 12, ""permitir_capturas"": false, ""rebalanceo_con_deriva"": true, ""segmentos"": [""dentro_muestra"", ""fuera_muestra""], ""senal"": ""senal_comprar_y_mantener"", ""spread_por_lado"": 0.0005, ""usuario"": {""efectivo"": ""INTGSTMXM193N"", ""h"": 1.0}, ""variante"": ""mxn_h100_cetes_fmi""}",S5
2026-09-25T06:52:31.853132Z,R08,be2bf65de6,mxn_h100_cetes_fmi,0,fuera_muestra,2007-05-31,2026-07-31,230,12,MXN,13.068805389231951,0.14790477780007438,0.1635198795443186,0.5548595670001278,0.8003048148210875,-0.48757727927171035,0.30334632905987413,0.1601741601849815,-0.7103218282962201,4.671900298524091,0.9884818900202772,1.0,1.0,0.0,0.0,0,0.14790477780007438,0.06303181481978615,0.0029,0.0005,2007-05-31,a4cb74e1cfdeb1f2,French; DEXMXUS; CETES = FRED INTGSTMXM193N (mes t-1 /1200),"{""comision_por_lado"": 0.0029, ""cortes"": [""2007-05-31""], ""efectivo_en_mxn"": false, ""exposicion_inicial"": 0.0, ""exposicion_max"": 1.0, ""exposicion_min"": 0.0, ""extras"": [], ""fx"": false, ""max_dias_fx"": 10, ""min_historia"": 1, ""periodos_por_anio"": 12, ""permitir_capturas"": false, ""rebalanceo_con_deriva"": true, ""segmentos"": [""dentro_muestra"", ""fuera_muestra""], ""senal"": ""senal_comprar_y_mantener"", ""spread_por_lado"": 0.0005, ""usuario"": {""efectivo"": ""INTGSTMXM193N"", ""h"": 1.0}, ""variante"": ""mxn_h100_cetes_fmi""}",S5
2026-09-25T06:52:31.858375Z,R08,d1532336b0,mxn_h025_costo050,0,completo,1993-12-31,2026-07-31,391,12,MXN,193.11343057174994,0.17551432147788804,0.1541022723418504,0.4439940718570325,0.7200387534664201,-0.38366141418154853,0.4574719140112294,0.1281700484526279,1.0034098213251326,12.381278171486716,0.9958741259110229,1.0,1.0,0.030693277310924375,0.00010435714285714287,1,0.1756372102353856,0.11172233927432984,0.0029,0.0005,2007-05-31,a89be0dc8e1d0222,French F-F_Research_Data_Factors CRSP 202607 sha256 b840dba55d319f48; FRED DEXMXUS huella 28098d0c456254a0; Banxico SF43936 huella 379eb41bf5f8814a,"{""comision_por_lado"": 0.0029, ""cortes"": [""2007-05-31""], ""efectivo_en_mxn"": false, ""exposicion_inicial"": 0.0, ""exposicion_max"": 1.0, ""exposicion_min"": 0.0, ""extras"": [], ""fx"": false, ""max_dias_fx"": 10, ""min_historia"": 1, ""periodos_por_anio"": 12, ""permitir_capturas"": false, ""rebalanceo_con_deriva"": true, ""segmentos"": [""dentro_muestra"", ""fuera_muestra""], ""senal"": ""senal_comprar_y_mantener"", ""spread_por_lado"": 0.0005, ""usuario"": {""c"": 0.005, ""h"": 0.25}, ""variante"": ""mxn_h025_costo050""}",S6
2026-09-25T06:52:31.858375Z,R08,d1532336b0,mxn_h025_costo050,0,dentro_muestra,1993-12-31,2007-05-31,161,12,MXN,15.001087178258672,0.22963610850906435,0.17756723182685855,0.3046826056900079,0.5045005645002693,-0.38366141418154853,0.5985384508862822,0.08795429220626133,1.7187738908548074,16.09891950929612,0.8824466801994932,1.0,1.0,0.07455603184323331,0.00025349050826699326,1,0.22994838033192355,0.18374024165064107,0.0029,0.0005,2007-05-31,a89be0dc8e1d0222,French F-F_Research_Data_Factors CRSP 202607 sha256 b840dba55d319f48; FRED DEXMXUS huella 28098d0c456254a0; Banxico SF43936 huella 379eb41bf5f8814a,"{""comision_por_lado"": 0.0029, ""cortes"": [""2007-05-31""], ""efectivo_en_mxn"": false, ""exposicion_inicial"": 0.0, ""exposicion_max"": 1.0, ""exposicion_min"": 0.0, ""extras"": [], ""fx"": false, ""max_dias_fx"": 10, ""min_historia"": 1, ""periodos_por_anio"": 12, ""permitir_capturas"": false, ""rebalanceo_con_deriva"": true, ""segmentos"": [""dentro_muestra"", ""fuera_muestra""], ""senal"": ""senal_comprar_y_mantener"", ""spread_por_lado"": 0.0005, ""usuario"": {""c"": 0.005, ""h"": 0.25}, ""variante"": ""mxn_h025_costo050""}",S6
2026-09-25T06:52:31.858375Z,R08,d1532336b0,mxn_h025_costo050,0,fuera_muestra,2007-05-31,2026-07-31,230,12,MXN,11.131265107754663,0.1390652246119568,0.1348129103801453,0.5738467959595935,0.9117987231947596,-0.3503765364593645,0.39690221844545553,0.1656553010604378,-0.04684758529355028,3.8235523167383536,0.9933099659011321,1.0,1.0,0.0,0.0,0,0.1390652246119568,0.0639492100778396,0.0029,0.0005,2007-05-31,a89be0dc8e1d0222,French F-F_Research_Data_Factors CRSP 202607 sha256 b840dba55d319f48; FRED DEXMXUS huella 28098d0c456254a0; Banxico SF43936 huella 379eb41bf5f8814a,"{""comision_por_lado"": 0.0029, ""cortes"": [""2007-05-31""], ""efectivo_en_mxn"": false, ""exposicion_inicial"": 0.0, ""exposicion_max"": 1.0, ""exposicion_min"": 0.0, ""extras"": [], ""fx"": false, ""max_dias_fx"": 10, ""min_historia"": 1, ""periodos_por_anio"": 12, ""permitir_capturas"": false, ""rebalanceo_con_deriva"": true, ""segmentos"": [""dentro_muestra"", ""fuera_muestra""], ""senal"": ""senal_comprar_y_mantener"", ""spread_por_lado"": 0.0005, ""usuario"": {""c"": 0.005, ""h"": 0.25}, ""variante"": ""mxn_h025_costo050""}",S6
2026-09-25T06:52:31.863392Z,R08,3fcfb6e89a,mxn_h050_costo050,0,completo,1993-12-31,2026-07-31,391,12,MXN,222.86966147939467,0.18067143378284878,0.14847142650332867,0.4906421451857014,0.7499618668880074,-0.3992542857131004,0.45252221515958185,0.14163618729937008,0.03282728336937914,5.4937985992834335,0.9972178070340474,1.0,1.0,0.030693277310924375,0.00010435714285714287,1,0.18079486166701764,0.11172233927432984,0.0029,0.0005,2007-05-31,1248a01fed05cb1d,French F-F_Research_Data_Factors CRSP 202607 sha256 b840dba55d319f48; FRED DEXMXUS huella 28098d0c456254a0; Banxico SF43936 huella 379eb41bf5f8814a,"{""comision_por_lado"": 0.0029, ""cortes"": [""2007-05-31""], ""efectivo_en_mxn"": false, ""exposicion_inicial"": 0.0, ""exposicion_max"": 1.0, ""exposicion_min"": 0.0, ""extras"": [], ""fx"": false, ""max_dias_fx"": 10, ""min_historia"": 1, ""periodos_por_anio"": 12, ""permitir_capturas"": false, ""rebalanceo_con_deriva"": true, ""segmentos"": [""dentro_muestra"", ""fuera_muestra""], ""senal"": ""senal_comprar_y_mantener"", ""spread_por_lado"": 0.0005, ""usuario"": {""c"": 0.005, ""h"": 0.5}, ""variante"": ""mxn_h050_costo050""}",S6
2026-09-25T06:52:31.863392Z,R08,3fcfb6e89a,mxn_h050_costo050,0,dentro_muestra,1993-12-31,2007-05-31,161,12,MXN,16.71300071053317,0.23898973577497995,0.1607384355970994,0.3781031682566001,0.5763328443271162,-0.3782763460837466,0.6317860956658126,0.10914898298719923,0.3481107785985317,7.175109878113784,0.9183974949773761,1.0,1.0,0.07455603184323331,0.00025349050826699326,1,0.23930438299509404,0.18374024165064107,0.0029,0.0005,2007-05-31,1248a01fed05cb1d,French F-F_Research_Data_Factors CRSP 202607 sha256 b840dba55d319f48; FRED DEXMXUS huella 28098d0c456254a0; Banxico SF43936 huella 379eb41bf5f8814a,"{""comision_por_lado"": 0.0029, ""cortes"": [""2007-05-31""], ""efectivo_en_mxn"": false, ""exposicion_inicial"": 0.0, ""exposicion_max"": 1.0, ""exposicion_min"": 0.0, ""extras"": [], ""fx"": false, ""max_dias_fx"": 10, ""min_historia"": 1, ""periodos_por_anio"": 12, ""permitir_capturas"": false, ""rebalanceo_con_deriva"": true, ""segmentos"": [""dentro_muestra"", ""fuera_muestra""], ""senal"": ""senal_comprar_y_mantener"", ""spread_por_lado"": 0.0005, ""usuario"": {""c"": 0.005, ""h"": 0.5}, ""variante"": ""mxn_h050_costo050""}",S6
2026-09-25T06:52:31.863392Z,R08,3fcfb6e89a,mxn_h050_costo050,0,fuera_muestra,2007-05-31,2026-07-31,230,12,MXN,11.638720290135204,0.14150306784424171,0.13868884250876254,0.5778717892699871,0.8872242726818808,-0.3992542857131002,0.3544184067843026,0.16681721654605888,-0.2522508247858821,3.691322274915878,0.9928767644067971,1.0,1.0,0.0,0.0,0,0.14150306784424171,0.0639492100778396,0.0029,0.0005,2007-05-31,1248a01fed05cb1d,French F-F_Research_Data_Factors CRSP 202607 sha256 b840dba55d319f48; FRED DEXMXUS huella 28098d0c456254a0; Banxico SF43936 huella 379eb41bf5f8814a,"{""comision_por_lado"": 0.0029, ""cortes"": [""2007-05-31""], ""efectivo_en_mxn"": false, ""exposicion_inicial"": 0.0, ""exposicion_max"": 1.0, ""exposicion_min"": 0.0, ""extras"": [], ""fx"": false, ""max_dias_fx"": 10, ""min_historia"": 1, ""periodos_por_anio"": 12, ""permitir_capturas"": false, ""rebalanceo_con_deriva"": true, ""segmentos"": [""dentro_muestra"", ""fuera_muestra""], ""senal"": ""senal_comprar_y_mantener"", ""spread_por_lado"": 0.0005, ""usuario"": {""c"": 0.005, ""h"": 0.5}, ""variante"": ""mxn_h050_costo050""}",S6
2026-09-25T06:52:31.868627Z,R08,c847c68a84,mxn_h075_costo050,0,completo,1993-12-31,2026-07-31,391,12,MXN,248.08177683175737,0.1845450661626855,0.15106396609975603,0.5108450703130069,0.7441952636782284,-0.44597074144204163,0.41380532177057405,0.14746826942970392,-0.5402878084986191,4.03266950233336,0.9972953433019573,1.0,1.0,0.030693277310924375,0.00010435714285714287,1,0.1846688989979992,0.11172233927432984,0.0029,0.0005,2007-05-31,a72b531fe5f821e0,French F-F_Research_Data_Factors CRSP 202607 sha256 b840dba55d319f48; FRED DEXMXUS huella 28098d0c456254a0; Banxico SF43936 huella 379eb41bf5f8814a,"{""comision_por_lado"": 0.0029, ""cortes"": [""2007-05-31""], ""efectivo_en_mxn"": false, ""exposicion_inicial"": 0.0, ""exposicion_max"": 1.0, ""exposicion_min"": 0.0, ""extras"": [], ""fx"": false, ""max_dias_fx"": 10, ""min_historia"": 1, ""periodos_por_anio"": 12, ""permitir_capturas"": false, ""rebalanceo_con_deriva"": true, ""segmentos"": [""dentro_muestra"", ""fuera_muestra""], ""senal"": ""senal_comprar_y_mantener"", ""spread_por_lado"": 0.0005, ""usuario"": {""c"": 0.005, ""h"": 0.75}, ""variante"": ""mxn_h075_costo050""}",S6
2026-09-25T06:52:31.868627Z,R08,c847c68a84,mxn_h075_costo050,0,dentro_muestra,1993-12-31,2007-05-31,161,12,MXN,18.251844513934273,0.2467091906902399,0.1536810538110353,0.44012582241875386,0.6289550733251928,-0.3732974134238265,0.6608917764188643,0.1270533810253865,-0.6294849930114936,4.067725322775218,0.9379355525954656,1.0,1.0,0.07455603184323331,0.00025349050826699326,1,0.24702579830192128,0.18374024165064107,0.0029,0.0005,2007-05-31,a72b531fe5f821e0,French F-F_Research_Data_Factors CRSP 202607 sha256 b840dba55d319f48; FRED DEXMXUS huella 28098d0c456254a0; Banxico SF43936 huella 379eb41bf5f8814a,"{""comision_por_lado"": 0.0029, ""cortes"": [""2007-05-31""], ""efectivo_en_mxn"": false, ""exposicion_inicial"": 0.0, ""exposicion_max"": 1.0, ""exposicion_min"": 0.0, ""extras"": [], ""fx"": false, ""max_dias_fx"": 10, ""min_historia"": 1, ""periodos_por_anio"": 12, ""permitir_capturas"": false, ""rebalanceo_con_deriva"": true, ""segmentos"": [""dentro_muestra"", ""fuera_muestra""], ""senal"": ""senal_comprar_y_mantener"", ""spread_por_lado"": 0.0005, ""usuario"": {""c"": 0.005, ""h"": 0.75}, ""variante"": ""mxn_h075_costo050""}",S6
2026-09-25T06:52:31.868627Z,R08,c847c68a84,mxn_h075_costo050,0,fuera_muestra,2007-05-31,2026-07-31,230,12,MXN,11.938073370137303,0.14289802193432277,0.1486296695947908,0.5580694193374824,0.8252633675194986,-0.44597074144204196,0.32042017257065664,0.16110076474049684,-0.4861848565441031,4.000904302117242,0.9900114051659493,1.0,1.0,0.0,0.0,0,0.14289802193432277,0.0639492100778396,0.0029,0.0005,2007-05-31,a72b531fe5f821e0,French F-F_Research_Data_Factors CRSP 202607 sha256 b840dba55d319f48; FRED DEXMXUS huella 28098d0c456254a0; Banxico SF43936 huella 379eb41bf5f8814a,"{""comision_por_lado"": 0.0029, ""cortes"": [""2007-05-31""], ""efectivo_en_mxn"": false, ""exposicion_inicial"": 0.0, ""exposicion_max"": 1.0, ""exposicion_min"": 0.0, ""extras"": [], ""fx"": false, ""max_dias_fx"": 10, ""min_historia"": 1, ""periodos_por_anio"": 12, ""permitir_capturas"": false, ""rebalanceo_con_deriva"": true, ""segmentos"": [""dentro_muestra"", ""fuera_muestra""], ""senal"": ""senal_comprar_y_mantener"", ""spread_por_lado"": 0.0005, ""usuario"": {""c"": 0.005, ""h"": 0.75}, ""variante"": ""mxn_h075_costo050""}",S6
2026-09-25T06:52:31.873612Z,R08,39aa4c905e,mxn_h100_costo050,0,completo,1993-12-31,2026-07-31,391,12,MXN,265.78130516389456,0.18704357111119263,0.16148431019293036,0.5032481609723963,0.7149565736553926,-0.4905448277823189,0.3812976113860769,0.14527523060329858,-0.7711756629431749,4.702831169152587,0.9965017851212539,1.0,1.0,0.030693277310924375,0.00010435714285714287,1,0.1871676651412557,0.11172233927432984,0.0029,0.0005,2007-05-31,a43f7d00b549c3e7,French F-F_Research_Data_Factors CRSP 202607 sha256 b840dba55d319f48; FRED DEXMXUS huella 28098d0c456254a0; Banxico SF43936 huella 379eb41bf5f8814a,"{""comision_por_lado"": 0.0029, ""cortes"": [""2007-05-31""], ""efectivo_en_mxn"": false, ""exposicion_inicial"": 0.0, ""exposicion_max"": 1.0, ""exposicion_min"": 0.0, ""extras"": [], ""fx"": false, ""max_dias_fx"": 10, ""min_historia"": 1, ""periodos_por_anio"": 12, ""permitir_capturas"": false, ""rebalanceo_con_deriva"": true, ""segmentos"": [""dentro_muestra"", ""fuera_muestra""], ""senal"": ""senal_comprar_y_mantener"", ""spread_por_lado"": 0.0005, ""usuario"": {""c"": 0.005, ""h"": 1.0}, ""variante"": ""mxn_h100_costo050""}",S6
2026-09-25T06:52:31.873612Z,R08,39aa4c905e,mxn_h100_costo050,0,dentro_muestra,1993-12-31,2007-05-31,161,12,MXN,19.510430040848437,0.25260930189049846,0.15771235425753957,0.4700233836018304,0.6589284311314563,-0.3687356088879531,0.6850689106276642,0.13568406352396775,-0.8967303349617566,4.620004786163671,0.9461505385288846,1.0,1.0,0.07455603184323331,0.00025349050826699326,1,0.2529274078629278,0.18374024165064107,0.0029,0.0005,2007-05-31,a43f7d00b549c3e7,French F-F_Research_Data_Factors CRSP 202607 sha256 b840dba55d319f48; FRED DEXMXUS huella 28098d0c456254a0; Banxico SF43936 huella 379eb41bf5f8814a,"{""comision_por_lado"": 0.0029, ""cortes"": [""2007-05-31""], ""efectivo_en_mxn"": false, ""exposicion_inicial"": 0.0, ""exposicion_max"": 1.0, ""exposicion_min"": 0.0, ""extras"": [], ""fx"": false, ""max_dias_fx"": 10, ""min_historia"": 1, ""periodos_por_anio"": 12, ""permitir_capturas"": false, ""rebalanceo_con_deriva"": true, ""segmentos"": [""dentro_muestra"", ""fuera_muestra""], ""senal"": ""senal_comprar_y_mantener"", ""spread_por_lado"": 0.0005, ""usuario"": {""c"": 0.005, ""h"": 1.0}, ""variante"": ""mxn_h100_costo050""}",S6
2026-09-25T06:52:31.873612Z,R08,39aa4c905e,mxn_h100_costo050,0,fuera_muestra,2007-05-31,2026-07-31,230,12,MXN,12.007104416268929,0.1432153560307472,0.16353309068036995,0.5243377904852228,0.7520037271905061,-0.490544827782319,0.291951617710868,0.1513632822414685,-0.7103223335479225,4.67190387883461,0.9844638730712183,1.0,1.0,0.0,0.0,0,0.1432153560307472,0.0639492100778396,0.0029,0.0005,2007-05-31,a43f7d00b549c3e7,French F-F_Research_Data_Factors CRSP 202607 sha256 b840dba55d319f48; FRED DEXMXUS huella 28098d0c456254a0; Banxico SF43936 huella 379eb41bf5f8814a,"{""comision_por_lado"": 0.0029, ""cortes"": [""2007-05-31""], ""efectivo_en_mxn"": false, ""exposicion_inicial"": 0.0, ""exposicion_max"": 1.0, ""exposicion_min"": 0.0, ""extras"": [], ""fx"": false, ""max_dias_fx"": 10, ""min_historia"": 1, ""periodos_por_anio"": 12, ""permitir_capturas"": false, ""rebalanceo_con_deriva"": true, ""segmentos"": [""dentro_muestra"", ""fuera_muestra""], ""senal"": ""senal_comprar_y_mantener"", ""spread_por_lado"": 0.0005, ""usuario"": {""c"": 0.005, ""h"": 1.0}, ""variante"": ""mxn_h100_costo050""}",S6
2026-09-25T06:52:31.879178Z,R08,5cd7a61b75,mxn_hminvar_exp36_costo050,0,completo,1993-12-31,2026-07-31,391,12,MXN,270.0225058400419,0.18761837407294268,0.17360031645672222,0.47049823953818354,0.7731593113228823,-0.4430407015318213,0.42347886644330585,0.13582114262530764,1.6017947294057466,21.010482048019707,0.997933937017498,1.0,1.0,0.030693277310924375,0.00010435714285714287,1,0.1877425281931473,0.11172233927432984,0.0029,0.0005,2007-05-31,3816610ebb2393e6,French F-F_Research_Data_Factors CRSP 202607 sha256 b840dba55d319f48; FRED DEXMXUS huella 28098d0c456254a0; Banxico SF43936 huella 379eb41bf5f8814a,"{""comision_por_lado"": 0.0029, ""cortes"": [""2007-05-31""], ""efectivo_en_mxn"": false, ""exposicion_inicial"": 0.0, ""exposicion_max"": 1.0, ""exposicion_min"": 0.0, ""extras"": [], ""fx"": false, ""max_dias_fx"": 10, ""min_historia"": 1, ""periodos_por_anio"": 12, ""permitir_capturas"": false, ""rebalanceo_con_deriva"": true, ""segmentos"": [""dentro_muestra"", ""fuera_muestra""], ""senal"": ""senal_comprar_y_mantener"", ""spread_por_lado"": 0.0005, ""usuario"": {""c"": 0.005, ""h"": ""minvar_expansiva""}, ""variante"": ""mxn_hminvar_exp36_costo050""}",S6
2026-09-25T06:52:31.879178Z,R08,5cd7a61b75,mxn_hminvar_exp36_costo050,0,dentro_muestra,1993-12-31,2007-05-31,161,12,MXN,21.149581831156343,0.25981018587016913,0.2073469605900238,0.40284880457651356,0.7234504668064263,-0.3711867053031862,0.6999447506018718,0.11629243288248453,2.557441771092248,24.16644816613943,0.9520036648059436,1.0,1.0,0.07455603184323331,0.00025349050826699326,1,0.26013012054065876,0.18374024165064107,0.0029,0.0005,2007-05-31,3816610ebb2393e6,French F-F_Research_Data_Factors CRSP 202607 sha256 b840dba55d319f48; FRED DEXMXUS huella 28098d0c456254a0; Banxico SF43936 huella 379eb41bf5f8814a,"{""comision_por_lado"": 0.0029, ""cortes"": [""2007-05-31""], ""efectivo_en_mxn"": false, ""exposicion_inicial"": 0.0, ""exposicion_max"": 1.0, ""exposicion_min"": 0.0, ""extras"": [], ""fx"": false, ""max_dias_fx"": 10, ""min_historia"": 1, ""periodos_por_anio"": 12, ""permitir_capturas"": false, ""rebalanceo_con_deriva"": true, ""segmentos"": [""dentro_muestra"", ""fuera_muestra""], ""senal"": ""senal_comprar_y_mantener"", ""spread_por_lado"": 0.0005, ""usuario"": {""c"": 0.005, ""h"": ""minvar_expansiva""}, ""variante"": ""mxn_hminvar_exp36_costo050""}",S6
2026-09-25T06:52:31.879178Z,R08,5cd7a61b75,mxn_hminvar_exp36_costo050,0,fuera_muestra,2007-05-31,2026-07-31,230,12,MXN,11.23601004777494,0.13957624107990685,0.14444266593561317,0.5492432325730293,0.8177721463630594,-0.44304070153182107,0.31504157653533754,0.15855286408830935,-0.4510095005969552,4.192450725259904,0.9891762046572825,1.0,1.0,0.0,0.0,0,0.13957624107990685,0.0639492100778396,0.0029,0.0005,2007-05-31,3816610ebb2393e6,French F-F_Research_Data_Factors CRSP 202607 sha256 b840dba55d319f48; FRED DEXMXUS huella 28098d0c456254a0; Banxico SF43936 huella 379eb41bf5f8814a,"{""comision_por_lado"": 0.0029, ""cortes"": [""2007-05-31""], ""efectivo_en_mxn"": false, ""exposicion_inicial"": 0.0, ""exposicion_max"": 1.0, ""exposicion_min"": 0.0, ""extras"": [], ""fx"": false, ""max_dias_fx"": 10, ""min_historia"": 1, ""periodos_por_anio"": 12, ""permitir_capturas"": false, ""rebalanceo_con_deriva"": true, ""segmentos"": [""dentro_muestra"", ""fuera_muestra""], ""senal"": ""senal_comprar_y_mantener"", ""spread_por_lado"": 0.0005, ""usuario"": {""c"": 0.005, ""h"": ""minvar_expansiva""}, ""variante"": ""mxn_hminvar_exp36_costo050""}",S6
2026-09-25T06:52:31.884527Z,R08,3e413509ee,bench50_h100_costo050,0,completo,1993-12-31,2026-07-31,391,12,MXN,99.45204437870483,0.1519846069474,0.08535472486700689,0.49864453217484145,0.707680675927923,-0.23931635131318107,0.6350782389645643,0.14394627744053987,-0.7727771465209017,4.704685907945814,0.9962489127312188,0.5,1.0,0.12158153349925753,0.00041337721389747583,1,0.1871676651412557,0.11172233927432984,0.0029,0.0005,2007-05-31,a43f7d00b549c3e7,French F-F_Research_Data_Factors CRSP 202607 sha256 b840dba55d319f48; FRED DEXMXUS huella 28098d0c456254a0; Banxico SF43936 huella 379eb41bf5f8814a,"{""comision_por_lado"": 0.0029, ""cortes"": [""2007-05-31""], ""efectivo_en_mxn"": false, ""exposicion_inicial"": 0.0, ""exposicion_max"": 1.0, ""exposicion_min"": 0.0, ""extras"": [], ""fx"": false, ""max_dias_fx"": 10, ""min_historia"": 1, ""periodos_por_anio"": 12, ""permitir_capturas"": false, ""rebalanceo_con_deriva"": true, ""segmentos"": [""dentro_muestra"", ""fuera_muestra""], ""senal"": ""senal_mitad"", ""spread_por_lado"": 0.0005, ""usuario"": {""c"": 0.005, ""h"": 1.0, ""peso_acciones"": 0.5}, ""variante"": ""bench50_h100_costo050""}",S6
2026-09-25T06:52:31.884527Z,R08,3e413509ee,bench50_h100_costo050,0,dentro_muestra,1993-12-31,2007-05-31,161,12,MXN,13.496365696018815,0.2206154791889936,0.08775664507071851,0.465344528008601,0.6517161254255064,-0.12315801000066784,1.7913205904171177,0.13433339425584256,-0.8974529170495655,4.619964683290886,0.9444894957477346,0.5,1.0,0.1381635110380577,0.00046975593752939584,1,0.2529274078629278,0.18374024165064107,0.0029,0.0005,2007-05-31,a43f7d00b549c3e7,French F-F_Research_Data_Factors CRSP 202607 sha256 b840dba55d319f48; FRED DEXMXUS huella 28098d0c456254a0; Banxico SF43936 huella 379eb41bf5f8814a,"{""comision_por_lado"": 0.0029, ""cortes"": [""2007-05-31""], ""efectivo_en_mxn"": false, ""exposicion_inicial"": 0.0, ""exposicion_max"": 1.0, ""exposicion_min"": 0.0, ""extras"": [], ""fx"": false, ""max_dias_fx"": 10, ""min_historia"": 1, ""periodos_por_anio"": 12, ""permitir_capturas"": false, ""rebalanceo_con_deriva"": true, ""segmentos"": [""dentro_muestra"", ""fuera_muestra""], ""senal"": ""senal_mitad"", ""spread_por_lado"": 0.0005, ""usuario"": {""c"": 0.005, ""h"": 1.0, ""peso_acciones"": 0.5}, ""variante"": ""bench50_h100_costo050""}",S6
2026-09-25T06:52:31.884527Z,R08,3e413509ee,bench50_h100_costo050,0,fuera_muestra,2007-05-31,2026-07-31,230,12,MXN,5.929464010851512,0.10626772111621774,0.08174459310905127,0.5197791109575591,0.7446762648520882,-0.23931635131318096,0.4440470554272769,0.15004730481524556,-0.7123299690643893,4.674664849809784,0.9837550517747213,0.5,1.0,0.10997817569857461,0.0003739257973751538,0,0.1432153560307472,0.0639492100778396,0.0029,0.0005,2007-05-31,a43f7d00b549c3e7,French F-F_Research_Data_Factors CRSP 202607 sha256 b840dba55d319f48; FRED DEXMXUS huella 28098d0c456254a0; Banxico SF43936 huella 379eb41bf5f8814a,"{""comision_por_lado"": 0.0029, ""cortes"": [""2007-05-31""], ""efectivo_en_mxn"": false, ""exposicion_inicial"": 0.0, ""exposicion_max"": 1.0, ""exposicion_min"": 0.0, ""extras"": [], ""fx"": false, ""max_dias_fx"": 10, ""min_historia"": 1, ""periodos_por_anio"": 12, ""permitir_capturas"": false, ""rebalanceo_con_deriva"": true, ""segmentos"": [""dentro_muestra"", ""fuera_muestra""], ""senal"": ""senal_mitad"", ""spread_por_lado"": 0.0005, ""usuario"": {""c"": 0.005, ""h"": 1.0, ""peso_acciones"": 0.5}, ""variante"": ""bench50_h100_costo050""}",S6
2026-09-25T06:52:31.889660Z,R08,c3cb555528,mxn_h025_costo100,0,completo,1993-12-31,2026-07-31,391,12,MXN,185.46058474964963,0.17406396250397482,0.1541022733485554,0.4357613047136016,0.7053613238002308,-0.3852978736388025,0.4517646590158737,0.12579345328941022,1.0034097457031277,12.381277764619997,0.9952244073692843,1.0,1.0,0.030693277310924375,0.00010435714285714287,1,0.17418669964034028,0.11172233927432984,0.0029,0.0005,2007-05-31,c50b7c3c1d395f5a,French F-F_Research_Data_Factors CRSP 202607 sha256 b840dba55d319f48; FRED DEXMXUS huella 28098d0c456254a0; Banxico SF43936 huella 379eb41bf5f8814a,"{""comision_por_lado"": 0.0029, ""cortes"": [""2007-05-31""], ""efectivo_en_mxn"": false, ""exposicion_inicial"": 0.0, ""exposicion_max"": 1.0, ""exposicion_min"": 0.0, ""extras"": [], ""fx"": false, ""max_dias_fx"": 10, ""min_historia"": 1, ""periodos_por_anio"": 12, ""permitir_capturas"": false, ""rebalanceo_con_deriva"": true, ""segmentos"": [""dentro_muestra"", ""fuera_muestra""], ""senal"": ""senal_comprar_y_mantener"", ""spread_por_lado"": 0.0005, ""usuario"": {""c"": 0.01, ""h"": 0.25}, ""variante"": ""mxn_h025_costo100""}",S6
2026-09-25T06:52:31.889660Z,R08,c3cb555528,mxn_h025_costo100,0,dentro_muestra,1993-12-31,2007-05-31,161,12,MXN,14.73916897589855,0.22812398477308515,0.17756723334570662,0.29745494681511486,0.491691183000677,-0.3852978736388025,0.5920717459939578,0.0858678468077462,1.7187737010990751,16.09891834272259,0.8765028429336051,1.0,1.0,0.07455603184323331,0.00025349050826699326,1,0.22843587258507125,0.18374024165064107,0.0029,0.0005,2007-05-31,c50b7c3c1d395f5a,French F-F_Research_Data_Factors CRSP 202607 sha256 b840dba55d319f48; FRED DEXMXUS huella 28098d0c456254a0; Banxico SF43936 huella 379eb41bf5f8814a,"{""comision_por_lado"": 0.0029, ""cortes"": [""2007-05-31""], ""efectivo_en_mxn"": false, ""exposicion_inicial"": 0.0, ""exposicion_max"": 1.0, ""exposicion_min"": 0.0, ""extras"": [], ""fx"": false, ""max_dias_fx"": 10, ""min_historia"": 1, ""periodos_por_anio"": 12, ""permitir_capturas"": false, ""rebalanceo_con_deriva"": true, ""segmentos"": [""dentro_muestra"", ""fuera_muestra""], ""senal"": ""senal_comprar_y_mantener"", ""spread_por_lado"": 0.0005, ""usuario"": {""c"": 0.01, ""h"": 0.25}, ""variante"": ""mxn_h025_costo100""}",S6
2026-09-25T06:52:31.889660Z,R08,c3cb555528,mxn_h025_costo100,0,fuera_muestra,2007-05-31,2026-07-31,230,12,MXN,10.846914219878911,0.13765658854382457,0.1348129103801453,0.5646168784807689,0.8952915863804325,-0.3514888725079831,0.39163853911391766,0.1629908533899391,-0.04684758529355029,3.8235523167383523,0.9925455811046278,1.0,1.0,0.0,0.0,0,0.13765658854382457,0.0639492100778396,0.0029,0.0005,2007-05-31,c50b7c3c1d395f5a,French F-F_Research_Data_Factors CRSP 202607 sha256 b840dba55d319f48; FRED DEXMXUS huella 28098d0c456254a0; Banxico SF43936 huella 379eb41bf5f8814a,"{""comision_por_lado"": 0.0029, ""cortes"": [""2007-05-31""], ""efectivo_en_mxn"": false, ""exposicion_inicial"": 0.0, ""exposicion_max"": 1.0, ""exposicion_min"": 0.0, ""extras"": [], ""fx"": false, ""max_dias_fx"": 10, ""min_historia"": 1, ""periodos_por_anio"": 12, ""permitir_capturas"": false, ""rebalanceo_con_deriva"": true, ""segmentos"": [""dentro_muestra"", ""fuera_muestra""], ""senal"": ""senal_comprar_y_mantener"", ""spread_por_lado"": 0.0005, ""usuario"": {""c"": 0.01, ""h"": 0.25}, ""variante"": ""mxn_h025_costo100""}",S6
2026-09-25T06:52:31.894625Z,R08,e01193eef4,mxn_h050_costo100,0,completo,1993-12-31,2026-07-31,391,12,MXN,205.57133274455805,0.17776077749086205,0.14847142879799094,0.47343623496117876,0.7210212034233996,-0.40132052804838203,0.4429396581214299,0.13666926884947975,0.0328271694720607,5.493798254055284,0.9962858752454663,1.0,1.0,0.030693277310924375,0.00010435714285714287,1,0.17788390109380825,0.11172233927432984,0.0029,0.0005,2007-05-31,8768af00563e41bb,French F-F_Research_Data_Factors CRSP 202607 sha256 b840dba55d319f48; FRED DEXMXUS huella 28098d0c456254a0; Banxico SF43936 huella 379eb41bf5f8814a,"{""comision_por_lado"": 0.0029, ""cortes"": [""2007-05-31""], ""efectivo_en_mxn"": false, ""exposicion_inicial"": 0.0, ""exposicion_max"": 1.0, ""exposicion_min"": 0.0, ""extras"": [], ""fx"": false, ""max_dias_fx"": 10, ""min_historia"": 1, ""periodos_por_anio"": 12, ""permitir_capturas"": false, ""rebalanceo_con_deriva"": true, ""segmentos"": [""dentro_muestra"", ""fuera_muestra""], ""senal"": ""senal_comprar_y_mantener"", ""spread_por_lado"": 0.0005, ""usuario"": {""c"": 0.01, ""h"": 0.5}, ""variante"": ""mxn_h050_costo100""}",S6
2026-09-25T06:52:31.894625Z,R08,e01193eef4,mxn_h050_costo100,0,dentro_muestra,1993-12-31,2007-05-31,161,12,MXN,16.13827497099495,0.23594655374143558,0.16073843936921353,0.3618622904306813,0.5496633403176123,-0.3815725838456474,0.6183530047244693,0.1044606453948642,0.3481104831651438,7.175108702696912,0.9089670591565191,1.0,1.0,0.07455603184323331,0.00025349050826699326,1,0.23626042813128345,0.18374024165064107,0.0029,0.0005,2007-05-31,8768af00563e41bb,French F-F_Research_Data_Factors CRSP 202607 sha256 b840dba55d319f48; FRED DEXMXUS huella 28098d0c456254a0; Banxico SF43936 huella 379eb41bf5f8814a,"{""comision_por_lado"": 0.0029, ""cortes"": [""2007-05-31""], ""efectivo_en_mxn"": false, ""exposicion_inicial"": 0.0, ""exposicion_max"": 1.0, ""exposicion_min"": 0.0, ""extras"": [], ""fx"": false, ""max_dias_fx"": 10, ""min_historia"": 1, ""periodos_por_anio"": 12, ""permitir_capturas"": false, ""rebalanceo_con_deriva"": true, ""segmentos"": [""dentro_muestra"", ""fuera_muestra""], ""senal"": ""senal_comprar_y_mantener"", ""spread_por_lado"": 0.0005, ""usuario"": {""c"": 0.01, ""h"": 0.5}, ""variante"": ""mxn_h050_costo100""}",S6
2026-09-25T06:52:31.894625Z,R08,e01193eef4,mxn_h050_costo100,0,fuera_muestra,2007-05-31,2026-07-31,230,12,MXN,11.053216154727492,0.1386817227922723,0.13868884250876254,0.559914476179762,0.8563828791075205,-0.40132052804838203,0.34556349127387087,0.16163338677277694,-0.2522508247858822,3.691322274915878,0.9912865394332195,1.0,1.0,0.0,0.0,0,0.1386817227922723,0.0639492100778396,0.0029,0.0005,2007-05-31,8768af00563e41bb,French F-F_Research_Data_Factors CRSP 202607 sha256 b840dba55d319f48; FRED DEXMXUS huella 28098d0c456254a0; Banxico SF43936 huella 379eb41bf5f8814a,"{""comision_por_lado"": 0.0029, ""cortes"": [""2007-05-31""], ""efectivo_en_mxn"": false, ""exposicion_inicial"": 0.0, ""exposicion_max"": 1.0, ""exposicion_min"": 0.0, ""extras"": [], ""fx"": false, ""max_dias_fx"": 10, ""min_historia"": 1, ""periodos_por_anio"": 12, ""permitir_capturas"": false, ""rebalanceo_con_deriva"": true, ""segmentos"": [""dentro_muestra"", ""fuera_muestra""], ""senal"": ""senal_comprar_y_mantener"", ""spread_por_lado"": 0.0005, ""usuario"": {""c"": 0.01, ""h"": 0.5}, ""variante"": ""mxn_h050_costo100""}",S6
2026-09-25T06:52:31.899683Z,R08,026d7824a4,mxn_h075_costo100,0,completo,1993-12-31,2026-07-31,391,12,MXN,219.78148366666662,0.18016816545017456,0.15106396978474299,0.4853595297586251,0.7035108993834904,-0.44884247042036174,0.4014062334195753,0.1401112275799462,-0.5402879297897549,4.032669248830324,0.9959703053245854,1.0,1.0,0.030693277310924375,0.00010435714285714287,1,0.18029154072246212,0.11172233927432984,0.0029,0.0005,2007-05-31,135edede02dc8fb6,French F-F_Research_Data_Factors CRSP 202607 sha256 b840dba55d319f48; FRED DEXMXUS huella 28098d0c456254a0; Banxico SF43936 huella 379eb41bf5f8814a,"{""comision_por_lado"": 0.0029, ""cortes"": [""2007-05-31""], ""efectivo_en_mxn"": false, ""exposicion_inicial"": 0.0, ""exposicion_max"": 1.0, ""exposicion_min"": 0.0, ""extras"": [], ""fx"": false, ""max_dias_fx"": 10, ""min_historia"": 1, ""periodos_por_anio"": 12, ""permitir_capturas"": false, ""rebalanceo_con_deriva"": true, ""segmentos"": [""dentro_muestra"", ""fuera_muestra""], ""senal"": ""senal_comprar_y_mantener"", ""spread_por_lado"": 0.0005, ""usuario"": {""c"": 0.01, ""h"": 0.75}, ""variante"": ""mxn_h075_costo100""}",S6
2026-09-25T06:52:31.899683Z,R08,026d7824a4,mxn_h075_costo100,0,dentro_muestra,1993-12-31,2007-05-31,161,12,MXN,17.32296770245673,0.24212114874988622,0.15368106038229565,0.41422018668541194,0.5889258204949187,-0.3782736966585163,0.6400686880654545,0.11957506814329982,-0.6294852554898581,4.0677246754531176,0.9266431055189361,1.0,1.0,0.07455603184323331,0.00025349050826699326,1,0.2424365912069253,0.18374024165064107,0.0029,0.0005,2007-05-31,135edede02dc8fb6,French F-F_Research_Data_Factors CRSP 202607 sha256 b840dba55d319f48; FRED DEXMXUS huella 28098d0c456254a0; Banxico SF43936 huella 379eb41bf5f8814a,"{""comision_por_lado"": 0.0029, ""cortes"": [""2007-05-31""], ""efectivo_en_mxn"": false, ""exposicion_inicial"": 0.0, ""exposicion_max"": 1.0, ""exposicion_min"": 0.0, ""extras"": [], ""fx"": false, ""max_dias_fx"": 10, ""min_historia"": 1, ""periodos_por_anio"": 12, ""permitir_capturas"": false, ""rebalanceo_con_deriva"": true, ""segmentos"": [""dentro_muestra"", ""fuera_muestra""], ""senal"": ""senal_comprar_y_mantener"", ""spread_por_lado"": 0.0005, ""usuario"": {""c"": 0.01, ""h"": 0.75}, ""variante"": ""mxn_h075_costo100""}",S6
2026-09-25T06:52:31.899683Z,R08,026d7824a4,mxn_h075_costo100,0,fuera_muestra,2007-05-31,2026-07-31,230,12,MXN,11.049439111168885,0.13866310423395234,0.1486296695947908,0.5329117948281475,0.7841253979201211,-0.44884247042036196,0.30893490115605116,0.1538383840991788,-0.48618485654410337,4.000904302117242,0.9870335219511719,1.0,1.0,0.0,0.0,0,0.13866310423395234,0.0639492100778396,0.0029,0.0005,2007-05-31,135edede02dc8fb6,French F-F_Research_Data_Factors CRSP 202607 sha256 b840dba55d319f48; FRED DEXMXUS huella 28098d0c456254a0; Banxico SF43936 huella 379eb41bf5f8814a,"{""comision_por_lado"": 0.0029, ""cortes"": [""2007-05-31""], ""efectivo_en_mxn"": false, ""exposicion_inicial"": 0.0, ""exposicion_max"": 1.0, ""exposicion_min"": 0.0, ""extras"": [], ""fx"": false, ""max_dias_fx"": 10, ""min_historia"": 1, ""periodos_por_anio"": 12, ""permitir_capturas"": false, ""rebalanceo_con_deriva"": true, ""segmentos"": [""dentro_muestra"", ""fuera_muestra""], ""senal"": ""senal_comprar_y_mantener"", ""spread_por_lado"": 0.0005, ""usuario"": {""c"": 0.01, ""h"": 0.75}, ""variante"": ""mxn_h075_costo100""}",S6
2026-09-25T06:52:31.905228Z,R08,ce86949545,mxn_h100_costo100,0,completo,1993-12-31,2026-07-31,391,12,MXN,226.1506904096038,0.18119881040269337,0.16148431516596107,0.47141475357221857,0.6657564374347388,-0.49408350577430815,0.3667372180715196,0.13608571743744075,-0.77117579036426,4.702830833806047,0.9944106444087926,1.0,1.0,0.030693277310924375,0.00010435714285714287,1,0.18132229341903416,0.11172233927432984,0.0029,0.0005,2007-05-31,1e8350a0e7504a09,French F-F_Research_Data_Factors CRSP 202607 sha256 b840dba55d319f48; FRED DEXMXUS huella 28098d0c456254a0; Banxico SF43936 huella 379eb41bf5f8814a,"{""comision_por_lado"": 0.0029, ""cortes"": [""2007-05-31""], ""efectivo_en_mxn"": false, ""exposicion_inicial"": 0.0, ""exposicion_max"": 1.0, ""exposicion_min"": 0.0, ""extras"": [], ""fx"": false, ""max_dias_fx"": 10, ""min_historia"": 1, ""periodos_por_anio"": 12, ""permitir_capturas"": false, ""rebalanceo_con_deriva"": true, ""segmentos"": [""dentro_muestra"", ""fuera_muestra""], ""senal"": ""senal_comprar_y_mantener"", ""spread_por_lado"": 0.0005, ""usuario"": {""c"": 0.01, ""h"": 1.0}, ""variante"": ""mxn_h100_costo100""}",S6
2026-09-25T06:52:31.905228Z,R08,ce86949545,mxn_h100_costo100,0,dentro_muestra,1993-12-31,2007-05-31,161,12,MXN,18.202037658602045,0.24646843022281328,0.15771236364400232,0.4360717001325157,0.6074070542470127,-0.3754090643987703,0.65653297588203,0.12588305672874286,-0.8967305834967347,4.620003889318682,0.9331618561225591,1.0,1.0,0.07455603184323331,0.00025349050826699326,1,0.2467849766922514,0.18374024165064107,0.0029,0.0005,2007-05-31,1e8350a0e7504a09,French F-F_Research_Data_Factors CRSP 202607 sha256 b840dba55d319f48; FRED DEXMXUS huella 28098d0c456254a0; Banxico SF43936 huella 379eb41bf5f8814a,"{""comision_por_lado"": 0.0029, ""cortes"": [""2007-05-31""], ""efectivo_en_mxn"": false, ""exposicion_inicial"": 0.0, ""exposicion_max"": 1.0, ""exposicion_min"": 0.0, ""extras"": [], ""fx"": false, ""max_dias_fx"": 10, ""min_historia"": 1, ""periodos_por_anio"": 12, ""permitir_capturas"": false, ""rebalanceo_con_deriva"": true, ""segmentos"": [""dentro_muestra"", ""fuera_muestra""], ""senal"": ""senal_comprar_y_mantener"", ""spread_por_lado"": 0.0005, ""usuario"": {""c"": 0.01, ""h"": 1.0}, ""variante"": ""mxn_h100_costo100""}",S6
2026-09-25T06:52:31.905228Z,R08,ce86949545,mxn_h100_costo100,0,fuera_muestra,2007-05-31,2026-07-31,230,12,MXN,10.829509682679209,0.13756933137367677,0.16353309068036995,0.49382503985359777,0.7042420857368964,-0.49408350577430815,0.2784333614984446,0.14255500984602618,-0.7103223335479224,4.671903878834607,0.9792493119539336,1.0,1.0,0.0,0.0,0,0.13756933137367677,0.0639492100778396,0.0029,0.0005,2007-05-31,1e8350a0e7504a09,French F-F_Research_Data_Factors CRSP 202607 sha256 b840dba55d319f48; FRED DEXMXUS huella 28098d0c456254a0; Banxico SF43936 huella 379eb41bf5f8814a,"{""comision_por_lado"": 0.0029, ""cortes"": [""2007-05-31""], ""efectivo_en_mxn"": false, ""exposicion_inicial"": 0.0, ""exposicion_max"": 1.0, ""exposicion_min"": 0.0, ""extras"": [], ""fx"": false, ""max_dias_fx"": 10, ""min_historia"": 1, ""periodos_por_anio"": 12, ""permitir_capturas"": false, ""rebalanceo_con_deriva"": true, ""segmentos"": [""dentro_muestra"", ""fuera_muestra""], ""senal"": ""senal_comprar_y_mantener"", ""spread_por_lado"": 0.0005, ""usuario"": {""c"": 0.01, ""h"": 1.0}, ""variante"": ""mxn_h100_costo100""}",S6
2026-09-25T06:52:31.910525Z,R08,7c6ef3f0f7,mxn_hminvar_exp36_costo100,0,completo,1993-12-31,2026-07-31,391,12,MXN,244.28883101302128,0.18398729623378451,0.17365577637697274,0.45235741108868394,0.7403801207008641,-0.4459639029716459,0.41256096066923675,0.13058433653098694,1.6043829524130666,21.038705682583664,0.9970693624248731,1.0,1.0,0.030693277310924375,0.00010435714285714287,1,0.1841110707595972,0.11172233927432984,0.0029,0.0005,2007-05-31,7849cfc63bcb50da,French F-F_Research_Data_Factors CRSP 202607 sha256 b840dba55d319f48; FRED DEXMXUS huella 28098d0c456254a0; Banxico SF43936 huella 379eb41bf5f8814a,"{""comision_por_lado"": 0.0029, ""cortes"": [""2007-05-31""], ""efectivo_en_mxn"": false, ""exposicion_inicial"": 0.0, ""exposicion_max"": 1.0, ""exposicion_min"": 0.0, ""extras"": [], ""fx"": false, ""max_dias_fx"": 10, ""min_historia"": 1, ""periodos_por_anio"": 12, ""permitir_capturas"": false, ""rebalanceo_con_deriva"": true, ""segmentos"": [""dentro_muestra"", ""fuera_muestra""], ""senal"": ""senal_comprar_y_mantener"", ""spread_por_lado"": 0.0005, ""usuario"": {""c"": 0.01, ""h"": ""minvar_expansiva""}, ""variante"": ""mxn_hminvar_exp36_costo100""}",S6
2026-09-25T06:52:31.910525Z,R08,7c6ef3f0f7,mxn_hminvar_exp36_costo100,0,dentro_muestra,1993-12-31,2007-05-31,161,12,MXN,20.23113358392186,0.255838678901652,0.20744659016745282,0.3870694581770036,0.692507370913596,-0.37669519617853686,0.6791662901387142,0.11173732793678783,2.5611693425719015,24.19744929946525,0.9445301984107524,1.0,1.0,0.07455603184323331,0.00025349050826699326,1,0.2561576049894305,0.18374024165064107,0.0029,0.0005,2007-05-31,7849cfc63bcb50da,French F-F_Research_Data_Factors CRSP 202607 sha256 b840dba55d319f48; FRED DEXMXUS huella 28098d0c456254a0; Banxico SF43936 huella 379eb41bf5f8814a,"{""comision_por_lado"": 0.0029, ""cortes"": [""2007-05-31""], ""efectivo_en_mxn"": false, ""exposicion_inicial"": 0.0, ""exposicion_max"": 1.0, ""exposicion_min"": 0.0, ""extras"": [], ""fx"": false, ""max_dias_fx"": 10, ""min_historia"": 1, ""periodos_por_anio"": 12, ""permitir_capturas"": false, ""rebalanceo_con_deriva"": true, ""segmentos"": [""dentro_muestra"", ""fuera_muestra""], ""senal"": ""senal_comprar_y_mantener"", ""spread_por_lado"": 0.0005, ""usuario"": {""c"": 0.01, ""h"": ""minvar_expansiva""}, ""variante"": ""mxn_hminvar_exp36_costo100""}",S6
2026-09-25T06:52:31.910525Z,R08,7c6ef3f0f7,mxn_hminvar_exp36_costo100,0,fuera_muestra,2007-05-31,2026-07-31,230,12,MXN,10.553261159770386,0.13616782670434335,0.1444608158531588,0.5283269665841932,0.7832881617363205,-0.445963902971646,0.30533374068394226,0.15251485818876118,-0.4514053751093131,4.193799231929562,0.9865599763468518,1.0,1.0,0.0,0.0,0,0.13616782670434335,0.0639492100778396,0.0029,0.0005,2007-05-31,7849cfc63bcb50da,French F-F_Research_Data_Factors CRSP 202607 sha256 b840dba55d319f48; FRED DEXMXUS huella 28098d0c456254a0; Banxico SF43936 huella 379eb41bf5f8814a,"{""comision_por_lado"": 0.0029, ""cortes"": [""2007-05-31""], ""efectivo_en_mxn"": false, ""exposicion_inicial"": 0.0, ""exposicion_max"": 1.0, ""exposicion_min"": 0.0, ""extras"": [], ""fx"": false, ""max_dias_fx"": 10, ""min_historia"": 1, ""periodos_por_anio"": 12, ""permitir_capturas"": false, ""rebalanceo_con_deriva"": true, ""segmentos"": [""dentro_muestra"", ""fuera_muestra""], ""senal"": ""senal_comprar_y_mantener"", ""spread_por_lado"": 0.0005, ""usuario"": {""c"": 0.01, ""h"": ""minvar_expansiva""}, ""variante"": ""mxn_hminvar_exp36_costo100""}",S6
2026-09-25T06:52:31.915811Z,R08,1ea2d30683,bench50_h100_costo100,0,completo,1993-12-31,2026-07-31,391,12,MXN,91.68246330500031,0.14914174558873472,0.08535479435749108,0.46682162678663214,0.6585868194082681,-0.2418945793580991,0.6165567909148815,0.13475979594440055,-0.7727962834628017,4.704711869210884,0.9940248173670317,0.5,1.0,0.12129083871267747,0.0004123888516231039,1,0.18132229341903416,0.11172233927432984,0.0029,0.0005,2007-05-31,1e8350a0e7504a09,French F-F_Research_Data_Factors CRSP 202607 sha256 b840dba55d319f48; FRED DEXMXUS huella 28098d0c456254a0; Banxico SF43936 huella 379eb41bf5f8814a,"{""comision_por_lado"": 0.0029, ""cortes"": [""2007-05-31""], ""efectivo_en_mxn"": false, ""exposicion_inicial"": 0.0, ""exposicion_max"": 1.0, ""exposicion_min"": 0.0, ""extras"": [], ""fx"": false, ""max_dias_fx"": 10, ""min_historia"": 1, ""periodos_por_anio"": 12, ""permitir_capturas"": false, ""rebalanceo_con_deriva"": true, ""segmentos"": [""dentro_muestra"", ""fuera_muestra""], ""senal"": ""senal_mitad"", ""spread_por_lado"": 0.0005, ""usuario"": {""c"": 0.01, ""h"": 1.0, ""peso_acciones"": 0.5}, ""variante"": ""bench50_h100_costo100""}",S6
2026-09-25T06:52:31.915811Z,R08,1ea2d30683,bench50_h100_costo100,0,dentro_muestra,1993-12-31,2007-05-31,161,12,MXN,13.025944400997346,0.21761701172847525,0.08775682841590164,0.43140309137725374,0.6003051232218716,-0.1242786105370689,1.7510415572562752,0.12453534546794709,-0.8974619265752838,4.61999703526367,0.9311806511569929,0.5,1.0,0.13789127716068703,0.00046883034234633617,1,0.2467849766922514,0.18374024165064107,0.0029,0.0005,2007-05-31,1e8350a0e7504a09,French F-F_Research_Data_Factors CRSP 202607 sha256 b840dba55d319f48; FRED DEXMXUS huella 28098d0c456254a0; Banxico SF43936 huella 379eb41bf5f8814a,"{""comision_por_lado"": 0.0029, ""cortes"": [""2007-05-31""], ""efectivo_en_mxn"": false, ""exposicion_inicial"": 0.0, ""exposicion_max"": 1.0, ""exposicion_min"": 0.0, ""extras"": [], ""fx"": false, ""max_dias_fx"": 10, ""min_historia"": 1, ""periodos_por_anio"": 12, ""permitir_capturas"": false, ""rebalanceo_con_deriva"": true, ""segmentos"": [""dentro_muestra"", ""fuera_muestra""], ""senal"": ""senal_mitad"", ""spread_por_lado"": 0.0005, ""usuario"": {""c"": 0.01, ""h"": 1.0, ""peso_acciones"": 0.5}, ""variante"": ""bench50_h100_costo100""}",S6
2026-09-25T06:52:31.915811Z,R08,1ea2d30683,bench50_h100_costo100,0,fuera_muestra,2007-05-31,2026-07-31,230,12,MXN,5.607930322211313,0.10352895257963346,0.08174458189041772,0.4892771146504129,0.6970183954277355,-0.24189457935809877,0.42799203212557335,0.14124213692586965,-0.7123539376985869,4.67469033702898,0.9783389281210813,0.5,1.0,0.1096745627582712,0.0003728935133781216,0,0.13756933137367677,0.0639492100778396,0.0029,0.0005,2007-05-31,1e8350a0e7504a09,French F-F_Research_Data_Factors CRSP 202607 sha256 b840dba55d319f48; FRED DEXMXUS huella 28098d0c456254a0; Banxico SF43936 huella 379eb41bf5f8814a,"{""comision_por_lado"": 0.0029, ""cortes"": [""2007-05-31""], ""efectivo_en_mxn"": false, ""exposicion_inicial"": 0.0, ""exposicion_max"": 1.0, ""exposicion_min"": 0.0, ""extras"": [], ""fx"": false, ""max_dias_fx"": 10, ""min_historia"": 1, ""periodos_por_anio"": 12, ""permitir_capturas"": false, ""rebalanceo_con_deriva"": true, ""segmentos"": [""dentro_muestra"", ""fuera_muestra""], ""senal"": ""senal_mitad"", ""spread_por_lado"": 0.0005, ""usuario"": {""c"": 0.01, ""h"": 1.0, ""peso_acciones"": 0.5}, ""variante"": ""bench50_h100_costo100""}",S6
2026-09-25T06:52:31.926571Z,R08,a4feb8591b,mxn_h000_spread_medio,0,completo,1993-12-31,2026-07-31,391,12,MXN,161.48317858170313,0.16911425393606527,0.16712503616088067,0.38312466376905424,0.6553306350625421,-0.3986273085655937,0.4242415165799854,0.11059856388012416,2.0967616809670906,23.673603227231503,0.9915008135292855,1.0,1.0,0.030693277310924375,0.00013505042016806723,1,0.16927250239528435,0.11172233927432984,0.0029,0.0015,2007-05-31,d93425e0e4741dff,French F-F_Research_Data_Factors CRSP 202607 sha256 b840dba55d319f48; FRED DEXMXUS huella 28098d0c456254a0; Banxico SF43936 huella 379eb41bf5f8814a,"{""comision_por_lado"": 0.0029, ""cortes"": [""2007-05-31""], ""efectivo_en_mxn"": true, ""exposicion_inicial"": 0.0, ""exposicion_max"": 1.0, ""exposicion_min"": 0.0, ""extras"": [""fx""], ""fx"": true, ""max_dias_fx"": 10, ""min_historia"": 1, ""periodos_por_anio"": 12, ""permitir_capturas"": false, ""rebalanceo_con_deriva"": true, ""segmentos"": [""dentro_muestra"", ""fuera_muestra""], ""senal"": ""senal_comprar_y_mantener"", ""spread_por_lado"": 0.0015, ""usuario"": {""base"": ""mxn_h000"", ""spread"": 0.0015}, ""variante"": ""mxn_h000_spread_medio""}",S7
2026-09-25T06:52:31.926571Z,R08,a4feb8591b,mxn_h000_spread_medio,0,dentro_muestra,1993-12-31,2007-05-31,161,12,MXN,13.195043254216118,0.21870541833953183,0.2017334927995307,0.23673432131867747,0.42288168606535326,-0.3986273085655937,0.5486463512159104,0.0683393120698809,2.9410811011438223,26.777433671342465,0.8287783356693947,1.0,1.0,0.07455603184323331,0.00032804654011022653,1,0.2191061584387033,0.18374024165064107,0.0029,0.0015,2007-05-31,d93425e0e4741dff,French F-F_Research_Data_Factors CRSP 202607 sha256 b840dba55d319f48; FRED DEXMXUS huella 28098d0c456254a0; Banxico SF43936 huella 379eb41bf5f8814a,"{""comision_por_lado"": 0.0029, ""cortes"": [""2007-05-31""], ""efectivo_en_mxn"": true, ""exposicion_inicial"": 0.0, ""exposicion_max"": 1.0, ""exposicion_min"": 0.0, ""extras"": [""fx""], ""fx"": true, ""max_dias_fx"": 10, ""min_historia"": 1, ""periodos_por_anio"": 12, ""permitir_capturas"": false, ""rebalanceo_con_deriva"": true, ""segmentos"": [""dentro_muestra"", ""fuera_muestra""], ""senal"": ""senal_comprar_y_mantener"", ""spread_por_lado"": 0.0015, ""usuario"": {""base"": ""mxn_h000"", ""spread"": 0.0015}, ""variante"": ""mxn_h000_spread_medio""}",S7
2026-09-25T06:52:31.926571Z,R08,a4feb8591b,mxn_h000_spread_medio,0,fuera_muestra,2007-05-31,2026-07-31,230,12,MXN,10.446472946353536,0.1356175247443545,0.1375156572543321,0.542592100504438,0.8789758748531012,-0.29971589617506866,0.4524869267032077,0.15663284764320087,0.11485829466018538,4.126570883952664,0.9910789941931004,1.0,1.0,0.0,0.0,0,0.1356175247443545,0.0639492100778396,0.0029,0.0015,2007-05-31,d93425e0e4741dff,French F-F_Research_Data_Factors CRSP 202607 sha256 b840dba55d319f48; FRED DEXMXUS huella 28098d0c456254a0; Banxico SF43936 huella 379eb41bf5f8814a,"{""comision_por_lado"": 0.0029, ""cortes"": [""2007-05-31""], ""efectivo_en_mxn"": true, ""exposicion_inicial"": 0.0, ""exposicion_max"": 1.0, ""exposicion_min"": 0.0, ""extras"": [""fx""], ""fx"": true, ""max_dias_fx"": 10, ""min_historia"": 1, ""periodos_por_anio"": 12, ""permitir_capturas"": false, ""rebalanceo_con_deriva"": true, ""segmentos"": [""dentro_muestra"", ""fuera_muestra""], ""senal"": ""senal_comprar_y_mantener"", ""spread_por_lado"": 0.0015, ""usuario"": {""base"": ""mxn_h000"", ""spread"": 0.0015}, ""variante"": ""mxn_h000_spread_medio""}",S7
2026-09-25T06:52:31.932081Z,R08,12fa1cac59,mxn_h025_spread_medio,0,completo,1993-12-31,2026-07-31,391,12,MXN,200.87676330178937,0.1769300565558498,0.15409944308908724,0.4520265261658956,0.7344303181649671,-0.382020773308021,0.46314250145028685,0.13048881828136563,1.0036295231233665,12.38243029921809,0.9964308785127194,1.0,1.0,0.030693277310924375,0.00013505042016806723,1,0.17708936294308408,0.11172233927432984,0.0029,0.0015,2007-05-31,1cca5ec61fd6d53c,French F-F_Research_Data_Factors CRSP 202607 sha256 b840dba55d319f48; FRED DEXMXUS huella 28098d0c456254a0; Banxico SF43936 huella 379eb41bf5f8814a,"{""comision_por_lado"": 0.0029, ""cortes"": [""2007-05-31""], ""efectivo_en_mxn"": false, ""exposicion_inicial"": 0.0, ""exposicion_max"": 1.0, ""exposicion_min"": 0.0, ""extras"": [], ""fx"": false, ""max_dias_fx"": 10, ""min_historia"": 1, ""periodos_por_anio"": 12, ""permitir_capturas"": false, ""rebalanceo_con_deriva"": true, ""segmentos"": [""dentro_muestra"", ""fuera_muestra""], ""senal"": ""senal_comprar_y_mantener"", ""spread_por_lado"": 0.0015, ""usuario"": {""base"": ""mxn_h025"", ""spread"": 0.0015}, ""variante"": ""mxn_h025_spread_medio""}",S7
2026-09-25T06:52:31.932081Z,R08,12fa1cac59,mxn_h025_spread_medio,0,dentro_muestra,1993-12-31,2007-05-31,161,12,MXN,15.251013590325385,0.23105779281568828,0.17756302685905642,0.31147716145033194,0.5166146486720701,-0.382020773308021,0.604830441064491,0.08991571150488484,1.7193227683223042,16.102237452450073,0.8878620009975573,1.0,1.0,0.07455603184323331,0.00032804654011022653,1,0.2314625946772002,0.18374024165064107,0.0029,0.0015,2007-05-31,1cca5ec61fd6d53c,French F-F_Research_Data_Factors CRSP 202607 sha256 b840dba55d319f48; FRED DEXMXUS huella 28098d0c456254a0; Banxico SF43936 huella 379eb41bf5f8814a,"{""comision_por_lado"": 0.0029, ""cortes"": [""2007-05-31""], ""efectivo_en_mxn"": false, ""exposicion_inicial"": 0.0, ""exposicion_max"": 1.0, ""exposicion_min"": 0.0, ""extras"": [], ""fx"": false, ""max_dias_fx"": 10, ""min_historia"": 1, ""periodos_por_anio"": 12, ""permitir_capturas"": false, ""rebalanceo_con_deriva"": true, ""segmentos"": [""dentro_muestra"", ""fuera_muestra""], ""senal"": ""senal_comprar_y_mantener"", ""spread_por_lado"": 0.0015, ""usuario"": {""base"": ""mxn_h025"", ""spread"": 0.0015}, ""variante"": ""mxn_h025_spread_medio""}",S7
2026-09-25T06:52:31.932081Z,R08,12fa1cac59,mxn_h025_spread_medio,0,fuera_muestra,2007-05-31,2026-07-31,230,12,MXN,11.422410588713763,0.14047545910383707,0.1348129103801453,0.583076713438418,0.9283708762457135,-0.34926241214949216,0.4022060611655812,0.1683197487309365,-0.0468475852935503,3.8235523167383536,0.9940035515591212,1.0,1.0,0.0,0.0,0,0.14047545910383707,0.0639492100778396,0.0029,0.0015,2007-05-31,1cca5ec61fd6d53c,French F-F_Research_Data_Factors CRSP 202607 sha256 b840dba55d319f48; FRED DEXMXUS huella 28098d0c456254a0; Banxico SF43936 huella 379eb41bf5f8814a,"{""comision_por_lado"": 0.0029, ""cortes"": [""2007-05-31""], ""efectivo_en_mxn"": false, ""exposicion_inicial"": 0.0, ""exposicion_max"": 1.0, ""exposicion_min"": 0.0, ""extras"": [], ""fx"": false, ""max_dias_fx"": 10, ""min_historia"": 1, ""periodos_por_anio"": 12, ""permitir_capturas"": false, ""rebalanceo_con_deriva"": true, ""segmentos"": [""dentro_muestra"", ""fuera_muestra""], ""senal"": ""senal_comprar_y_mantener"", ""spread_por_lado"": 0.0015, ""usuario"": {""base"": ""mxn_h025"", ""spread"": 0.0015}, ""variante"": ""mxn_h025_spread_medio""}",S7
2026-09-25T06:52:31.937692Z,R08,fb18d5750c,mxn_h050_spread_medio,0,completo,1993-12-31,2026-07-31,391,12,MXN,241.36909662204974,0.1835522116058781,0.1484681846496029,0.507640951669437,0.778772313196898,-0.3971813602250951,0.4621370235044598,0.14654332004901363,0.032995295388471284,5.494287123750911,0.9979246697550133,1.0,1.0,0.030693277310924375,0.00013505042016806723,1,0.18371241435189822,0.11172233927432984,0.0029,0.0015,2007-05-31,5fda33abc7dac027,French F-F_Research_Data_Factors CRSP 202607 sha256 b840dba55d319f48; FRED DEXMXUS huella 28098d0c456254a0; Banxico SF43936 huella 379eb41bf5f8814a,"{""comision_por_lado"": 0.0029, ""cortes"": [""2007-05-31""], ""efectivo_en_mxn"": false, ""exposicion_inicial"": 0.0, ""exposicion_max"": 1.0, ""exposicion_min"": 0.0, ""extras"": [], ""fx"": false, ""max_dias_fx"": 10, ""min_historia"": 1, ""periodos_por_anio"": 12, ""permitir_capturas"": false, ""rebalanceo_con_deriva"": true, ""segmentos"": [""dentro_muestra"", ""fuera_muestra""], ""senal"": ""senal_comprar_y_mantener"", ""spread_por_lado"": 0.0015, ""usuario"": {""base"": ""mxn_h050"", ""spread"": 0.0015}, ""variante"": ""mxn_h050_spread_medio""}",S7
2026-09-25T06:52:31.937692Z,R08,fb18d5750c,mxn_h050_spread_medio,0,dentro_muestra,1993-12-31,2007-05-31,161,12,MXN,17.28850639407705,0.24194682324374228,0.16073317279306704,0.39386380352729733,0.6024166402520752,-0.3749632474941791,0.6452547679289509,0.1136986864952675,0.3485443747441918,7.176781877003347,0.9268244478609327,1.0,1.0,0.07455603184323331,0.00032804654011022653,1,0.242355205684341,0.18374024165064107,0.0029,0.0015,2007-05-31,5fda33abc7dac027,French F-F_Research_Data_Factors CRSP 202607 sha256 b840dba55d319f48; FRED DEXMXUS huella 28098d0c456254a0; Banxico SF43936 huella 379eb41bf5f8814a,"{""comision_por_lado"": 0.0029, ""cortes"": [""2007-05-31""], ""efectivo_en_mxn"": false, ""exposicion_inicial"": 0.0, ""exposicion_max"": 1.0, ""exposicion_min"": 0.0, ""extras"": [], ""fx"": false, ""max_dias_fx"": 10, ""min_historia"": 1, ""periodos_por_anio"": 12, ""permitir_capturas"": false, ""rebalanceo_con_deriva"": true, ""segmentos"": [""dentro_muestra"", ""fuera_muestra""], ""senal"": ""senal_comprar_y_mantener"", ""spread_por_lado"": 0.0015, ""usuario"": {""base"": ""mxn_h050"", ""spread"": 0.0015}, ""variante"": ""mxn_h050_spread_medio""}",S7
2026-09-25T06:52:31.937692Z,R08,fb18d5750c,mxn_h050_spread_medio,0,fuera_muestra,2007-05-31,2026-07-31,230,12,MXN,12.252536396331614,0.14433081859023678,0.13868884250876254,0.5958291023602125,0.9182929777287722,-0.3971813602250952,0.36338769399560933,0.17200104631934088,-0.2522508247858821,3.691322274915879,0.9942017746438089,1.0,1.0,0.0,0.0,0,0.14433081859023678,0.0639492100778396,0.0029,0.0015,2007-05-31,5fda33abc7dac027,French F-F_Research_Data_Factors CRSP 202607 sha256 b840dba55d319f48; FRED DEXMXUS huella 28098d0c456254a0; Banxico SF43936 huella 379eb41bf5f8814a,"{""comision_por_lado"": 0.0029, ""cortes"": [""2007-05-31""], ""efectivo_en_mxn"": false, ""exposicion_inicial"": 0.0, ""exposicion_max"": 1.0, ""exposicion_min"": 0.0, ""extras"": [], ""fx"": false, ""max_dias_fx"": 10, ""min_historia"": 1, ""periodos_por_anio"": 12, ""permitir_capturas"": false, ""rebalanceo_con_deriva"": true, ""segmentos"": [""dentro_muestra"", ""fuera_muestra""], ""senal"": ""senal_comprar_y_mantener"", ""spread_por_lado"": 0.0015, ""usuario"": {""base"": ""mxn_h050"", ""spread"": 0.0015}, ""variante"": ""mxn_h050_spread_medio""}",S7
2026-09-25T06:52:31.943195Z,R08,af70509b45,mxn_h075_spread_medio,0,completo,1993-12-31,2026-07-31,391,12,MXN,279.7172394894804,0.18890020500823512,0.15106047858431035,0.5361273226804113,0.7849617662972533,-0.44308499240551547,0.4263295039235992,0.1547666270347244,-0.540166407888177,4.0329060333091435,0.9982034033925518,1.0,1.0,0.030693277310924375,0.00013505042016806723,1,0.18906113164562255,0.11172233927432984,0.0029,0.0015,2007-05-31,7e8e0f0bf7b8c50f,French F-F_Research_Data_Factors CRSP 202607 sha256 b840dba55d319f48; FRED DEXMXUS huella 28098d0c456254a0; Banxico SF43936 huella 379eb41bf5f8814a,"{""comision_por_lado"": 0.0029, ""cortes"": [""2007-05-31""], ""efectivo_en_mxn"": false, ""exposicion_inicial"": 0.0, ""exposicion_max"": 1.0, ""exposicion_min"": 0.0, ""extras"": [], ""fx"": false, ""max_dias_fx"": 10, ""min_historia"": 1, ""periodos_por_anio"": 12, ""permitir_capturas"": false, ""rebalanceo_con_deriva"": true, ""segmentos"": [""dentro_muestra"", ""fuera_muestra""], ""senal"": ""senal_comprar_y_mantener"", ""spread_por_lado"": 0.0015, ""usuario"": {""base"": ""mxn_h075"", ""spread"": 0.0015}, ""variante"": ""mxn_h075_spread_medio""}",S7
2026-09-25T06:52:31.943195Z,R08,af70509b45,mxn_h075_spread_medio,0,dentro_muestra,1993-12-31,2007-05-31,161,12,MXN,19.207206159159202,0.2512191054354722,0.15367490069437545,0.46552765989152106,0.6686171914584383,-0.36828290996423163,0.6821362019211565,0.13438625987679312,-0.6292203675199497,4.068330197150943,0.9475908919862173,1.0,1.0,0.07455603184323331,0.00032804654011022653,1,0.25163053682886094,0.18374024165064107,0.0029,0.0015,2007-05-31,7e8e0f0bf7b8c50f,French F-F_Research_Data_Factors CRSP 202607 sha256 b840dba55d319f48; FRED DEXMXUS huella 28098d0c456254a0; Banxico SF43936 huella 379eb41bf5f8814a,"{""comision_por_lado"": 0.0029, ""cortes"": [""2007-05-31""], ""efectivo_en_mxn"": false, ""exposicion_inicial"": 0.0, ""exposicion_max"": 1.0, ""exposicion_min"": 0.0, ""extras"": [], ""fx"": false, ""max_dias_fx"": 10, ""min_historia"": 1, ""periodos_por_anio"": 12, ""permitir_capturas"": false, ""rebalanceo_con_deriva"": true, ""segmentos"": [""dentro_muestra"", ""fuera_muestra""], ""senal"": ""senal_comprar_y_mantener"", ""spread_por_lado"": 0.0015, ""usuario"": {""base"": ""mxn_h075"", ""spread"": 0.0015}, ""variante"": ""mxn_h075_spread_medio""}",S7
2026-09-25T06:52:31.943195Z,R08,af70509b45,mxn_h075_spread_medio,0,fuera_muestra,2007-05-31,2026-07-31,230,12,MXN,12.891937226673056,0.14714737057411686,0.1486296695947908,0.5832270438468172,0.8667991646308607,-0.44308499240551535,0.33209739236540486,0.16836314538181482,-0.48618485654410354,4.000904302117243,0.992362431585725,1.0,1.0,0.0,0.0,0,0.14714737057411686,0.0639492100778396,0.0029,0.0015,2007-05-31,7e8e0f0bf7b8c50f,French F-F_Research_Data_Factors CRSP 202607 sha256 b840dba55d319f48; FRED DEXMXUS huella 28098d0c456254a0; Banxico SF43936 huella 379eb41bf5f8814a,"{""comision_por_lado"": 0.0029, ""cortes"": [""2007-05-31""], ""efectivo_en_mxn"": false, ""exposicion_inicial"": 0.0, ""exposicion_max"": 1.0, ""exposicion_min"": 0.0, ""extras"": [], ""fx"": false, ""max_dias_fx"": 10, ""min_historia"": 1, ""periodos_por_anio"": 12, ""permitir_capturas"": false, ""rebalanceo_con_deriva"": true, ""segmentos"": [""dentro_muestra"", ""fuera_muestra""], ""senal"": ""senal_comprar_y_mantener"", ""spread_por_lado"": 0.0015, ""usuario"": {""base"": ""mxn_h075"", ""spread"": 0.0015}, ""variante"": ""mxn_h075_spread_medio""}",S7
2026-09-25T06:52:31.948371Z,R08,52fa52e73a,mxn_h100_spread_medio,0,completo,1993-12-31,2026-07-31,391,12,MXN,311.99107273713815,0.19287806905997162,0.16148076470986805,0.534890971267875,0.7644374911195961,-0.48698296229699267,0.39606738632129496,0.154409723124304,-0.7710790415783804,4.703065799326687,0.9978451461689313,1.0,1.0,0.030693277310924375,0.00013505042016806723,1,0.19303953413135289,0.11172233927432984,0.0029,0.0015,2007-05-31,0fba6fc05d1b0c8b,French F-F_Research_Data_Factors CRSP 202607 sha256 b840dba55d319f48; FRED DEXMXUS huella 28098d0c456254a0; Banxico SF43936 huella 379eb41bf5f8814a,"{""comision_por_lado"": 0.0029, ""cortes"": [""2007-05-31""], ""efectivo_en_mxn"": false, ""exposicion_inicial"": 0.0, ""exposicion_max"": 1.0, ""exposicion_min"": 0.0, ""extras"": [], ""fx"": false, ""max_dias_fx"": 10, ""min_historia"": 1, ""periodos_por_anio"": 12, ""permitir_capturas"": false, ""rebalanceo_con_deriva"": true, ""segmentos"": [""dentro_muestra"", ""fuera_muestra""], ""senal"": ""senal_comprar_y_mantener"", ""spread_por_lado"": 0.0015, ""usuario"": {""base"": ""mxn_h100"", ""spread"": 0.0015}, ""variante"": ""mxn_h100_spread_medio""}",S7
2026-09-25T06:52:31.948371Z,R08,52fa52e73a,mxn_h100_spread_medio,0,dentro_muestra,1993-12-31,2007-05-31,161,12,MXN,20.885399541129278,0.25868367665931147,0.1577057237681963,0.5034831069529205,0.7103589023386686,-0.36199374037334475,0.714608148727976,0.1453430536658489,-0.8965380999680923,4.620632864706485,0.9568091063187631,1.0,1.0,0.07455603184323331,0.00032804654011022653,1,0.25909756258598393,0.18374024165064107,0.0029,0.0015,2007-05-31,0fba6fc05d1b0c8b,French F-F_Research_Data_Factors CRSP 202607 sha256 b840dba55d319f48; FRED DEXMXUS huella 28098d0c456254a0; Banxico SF43936 huella 379eb41bf5f8814a,"{""comision_por_lado"": 0.0029, ""cortes"": [""2007-05-31""], ""efectivo_en_mxn"": false, ""exposicion_inicial"": 0.0, ""exposicion_max"": 1.0, ""exposicion_min"": 0.0, ""extras"": [], ""fx"": false, ""max_dias_fx"": 10, ""min_historia"": 1, ""periodos_por_anio"": 12, ""permitir_capturas"": false, ""rebalanceo_con_deriva"": true, ""segmentos"": [""dentro_muestra"", ""fuera_muestra""], ""senal"": ""senal_comprar_y_mantener"", ""spread_por_lado"": 0.0015, ""usuario"": {""base"": ""mxn_h100"", ""spread"": 0.0015}, ""variante"": ""mxn_h100_spread_medio""}",S7
2026-09-25T06:52:31.948371Z,R08,52fa52e73a,mxn_h100_spread_medio,0,fuera_muestra,2007-05-31,2026-07-31,230,12,MXN,13.301364347903855,0.14888705174149997,0.16353309068036995,0.554850541116848,0.8002904339759445,-0.48698296229699267,0.3057335949480289,0.16017155463691085,-0.7103223335479225,4.67190387883461,0.9884808512426366,1.0,1.0,0.0,0.0,0,0.14888705174149997,0.0639492100778396,0.0029,0.0015,2007-05-31,0fba6fc05d1b0c8b,French F-F_Research_Data_Factors CRSP 202607 sha256 b840dba55d319f48; FRED DEXMXUS huella 28098d0c456254a0; Banxico SF43936 huella 379eb41bf5f8814a,"{""comision_por_lado"": 0.0029, ""cortes"": [""2007-05-31""], ""efectivo_en_mxn"": false, ""exposicion_inicial"": 0.0, ""exposicion_max"": 1.0, ""exposicion_min"": 0.0, ""extras"": [], ""fx"": false, ""max_dias_fx"": 10, ""min_historia"": 1, ""periodos_por_anio"": 12, ""permitir_capturas"": false, ""rebalanceo_con_deriva"": true, ""segmentos"": [""dentro_muestra"", ""fuera_muestra""], ""senal"": ""senal_comprar_y_mantener"", ""spread_por_lado"": 0.0015, ""usuario"": {""base"": ""mxn_h100"", ""spread"": 0.0015}, ""variante"": ""mxn_h100_spread_medio""}",S7
2026-09-25T06:52:31.953672Z,R08,5cbdae5b44,mxn_hminvar_exp36_spread_medio,0,completo,1993-12-31,2026-07-31,391,12,MXN,298.1468090935039,0.19122282327219442,0.17354351359361167,0.4884652180925565,0.8058979028928533,-0.4401030500186939,0.4344955647639161,0.14100776257775338,1.5993951455216835,20.983297084584574,0.9985539607589802,1.0,1.0,0.030693277310924375,0.00013505042016806723,1,0.1913840642935356,0.11172233927432984,0.0029,0.0015,2007-05-31,fedcc03226b55817,French F-F_Research_Data_Factors CRSP 202607 sha256 b840dba55d319f48; FRED DEXMXUS huella 28098d0c456254a0; Banxico SF43936 huella 379eb41bf5f8814a,"{""comision_por_lado"": 0.0029, ""cortes"": [""2007-05-31""], ""efectivo_en_mxn"": false, ""exposicion_inicial"": 0.0, ""exposicion_max"": 1.0, ""exposicion_min"": 0.0, ""extras"": [], ""fx"": false, ""max_dias_fx"": 10, ""min_historia"": 1, ""periodos_por_anio"": 12, ""permitir_capturas"": false, ""rebalanceo_con_deriva"": true, ""segmentos"": [""dentro_muestra"", ""fuera_muestra""], ""senal"": ""senal_comprar_y_mantener"", ""spread_por_lado"": 0.0015, ""usuario"": {""base"": ""mxn_hminvar_exp36"", ""spread"": 0.0015}, ""variante"": ""mxn_hminvar_exp36_spread_medio""}",S7
2026-09-25T06:52:31.953672Z,R08,5cbdae5b44,mxn_hminvar_exp36_spread_medio,0,dentro_muestra,1993-12-31,2007-05-31,161,12,MXN,22.084242464381575,0.2636983060095788,0.20724654520942903,0.41826431635070926,0.7539487512389798,-0.36563150169592973,0.721213311179293,0.1207425078187484,2.5541304717460274,24.137894416364055,0.9585259018039849,1.0,1.0,0.07455603184323331,0.00032804654011022653,1,0.2641138408688257,0.18374024165064107,0.0029,0.0015,2007-05-31,fedcc03226b55817,French F-F_Research_Data_Factors CRSP 202607 sha256 b840dba55d319f48; FRED DEXMXUS huella 28098d0c456254a0; Banxico SF43936 huella 379eb41bf5f8814a,"{""comision_por_lado"": 0.0029, ""cortes"": [""2007-05-31""], ""efectivo_en_mxn"": false, ""exposicion_inicial"": 0.0, ""exposicion_max"": 1.0, ""exposicion_min"": 0.0, ""extras"": [], ""fx"": false, ""max_dias_fx"": 10, ""min_historia"": 1, ""periodos_por_anio"": 12, ""permitir_capturas"": false, ""rebalanceo_con_deriva"": true, ""segmentos"": [""dentro_muestra"", ""fuera_muestra""], ""senal"": ""senal_comprar_y_mantener"", ""spread_por_lado"": 0.0015, ""usuario"": {""base"": ""mxn_hminvar_exp36"", ""spread"": 0.0015}, ""variante"": ""mxn_hminvar_exp36_spread_medio""}",S7
2026-09-25T06:52:31.953672Z,R08,5cbdae5b44,mxn_hminvar_exp36_spread_medio,0,fuera_muestra,2007-05-31,2026-07-31,230,12,MXN,11.95891816918317,0.14299401378235266,0.14442456717646623,0.5701644372072612,0.8525490246342045,-0.440103050018694,0.3249102994770856,0.16459229565198186,-0.450613893578293,4.191101749795549,0.9913293365261708,1.0,1.0,0.0,0.0,0,0.14299401378235266,0.0639492100778396,0.0029,0.0015,2007-05-31,fedcc03226b55817,French F-F_Research_Data_Factors CRSP 202607 sha256 b840dba55d319f48; FRED DEXMXUS huella 28098d0c456254a0; Banxico SF43936 huella 379eb41bf5f8814a,"{""comision_por_lado"": 0.0029, ""cortes"": [""2007-05-31""], ""efectivo_en_mxn"": false, ""exposicion_inicial"": 0.0, ""exposicion_max"": 1.0, ""exposicion_min"": 0.0, ""extras"": [], ""fx"": false, ""max_dias_fx"": 10, ""min_historia"": 1, ""periodos_por_anio"": 12, ""permitir_capturas"": false, ""rebalanceo_con_deriva"": true, ""segmentos"": [""dentro_muestra"", ""fuera_muestra""], ""senal"": ""senal_comprar_y_mantener"", ""spread_por_lado"": 0.0015, ""usuario"": {""base"": ""mxn_hminvar_exp36"", ""spread"": 0.0015}, ""variante"": ""mxn_hminvar_exp36_spread_medio""}",S7
2026-09-25T06:52:31.963974Z,R08,19ac853e95,bench50_h000_spread_medio,0,completo,1993-12-31,2026-07-31,391,12,MXN,77.12978726108794,0.1431329576902136,0.0866495497499085,0.37797583501534476,0.6455447554130354,-0.11881838948649304,1.2046364061051726,0.10911222504664145,2.09520450999462,23.674541141772465,0.9906798698671245,0.5,1.0,0.11229630914669349,0.000494103760245451,1,0.16927250239528435,0.11172233927432984,0.0029,0.0015,2007-05-31,d93425e0e4741dff,French F-F_Research_Data_Factors CRSP 202607 sha256 b840dba55d319f48; FRED DEXMXUS huella 28098d0c456254a0; Banxico SF43936 huella 379eb41bf5f8814a,"{""comision_por_lado"": 0.0029, ""cortes"": [""2007-05-31""], ""efectivo_en_mxn"": true, ""exposicion_inicial"": 0.0, ""exposicion_max"": 1.0, ""exposicion_min"": 0.0, ""extras"": [""fx""], ""fx"": true, ""max_dias_fx"": 10, ""min_historia"": 1, ""periodos_por_anio"": 12, ""permitir_capturas"": false, ""rebalanceo_con_deriva"": true, ""segmentos"": [""dentro_muestra"", ""fuera_muestra""], ""senal"": ""senal_mitad"", ""spread_por_lado"": 0.0015, ""usuario"": {""base"": ""bench50_h000"", ""spread"": 0.0015}, ""variante"": ""bench50_h000_spread_medio""}",S7
2026-09-25T06:52:31.963974Z,R08,19ac853e95,bench50_h000_spread_medio,0,dentro_muestra,1993-12-31,2007-05-31,161,12,MXN,11.277485651629737,0.2055901131318829,0.1054827259074213,0.2320554795196522,0.4138670708648448,-0.11620151289855529,1.769255046716685,0.06698864678379944,2.940350583172934,26.79454829728252,0.8235511150863707,0.5,1.0,0.14258369144073527,0.0006273682423392347,1,0.2191061584387033,0.18374024165064107,0.0029,0.0015,2007-05-31,d93425e0e4741dff,French F-F_Research_Data_Factors CRSP 202607 sha256 b840dba55d319f48; FRED DEXMXUS huella 28098d0c456254a0; Banxico SF43936 huella 379eb41bf5f8814a,"{""comision_por_lado"": 0.0029, ""cortes"": [""2007-05-31""], ""efectivo_en_mxn"": true, ""exposicion_inicial"": 0.0, ""exposicion_max"": 1.0, ""exposicion_min"": 0.0, ""extras"": [""fx""], ""fx"": true, ""max_dias_fx"": 10, ""min_historia"": 1, ""periodos_por_anio"": 12, ""permitir_capturas"": false, ""rebalanceo_con_deriva"": true, ""segmentos"": [""dentro_muestra"", ""fuera_muestra""], ""senal"": ""senal_mitad"", ""spread_por_lado"": 0.0015, ""usuario"": {""base"": ""bench50_h000"", ""spread"": 0.0015}, ""variante"": ""bench50_h000_spread_medio""}",S7
2026-09-25T06:52:31.963974Z,R08,19ac853e95,bench50_h000_spread_medio,0,fuera_muestra,2007-05-31,2026-07-31,230,12,MXN,5.363663495767707,0.10136254722089921,0.0686021925594636,0.5367351376536157,0.8682699065685767,-0.11881838948649248,0.8530880418339816,0.15494208810392293,0.11470105857385654,4.125049829578646,0.9904493162840804,0.5,1.0,0.09110249599735608,0.0004008509823883664,0,0.1356175247443545,0.0639492100778396,0.0029,0.0015,2007-05-31,d93425e0e4741dff,French F-F_Research_Data_Factors CRSP 202607 sha256 b840dba55d319f48; FRED DEXMXUS huella 28098d0c456254a0; Banxico SF43936 huella 379eb41bf5f8814a,"{""comision_por_lado"": 0.0029, ""cortes"": [""2007-05-31""], ""efectivo_en_mxn"": true, ""exposicion_inicial"": 0.0, ""exposicion_max"": 1.0, ""exposicion_min"": 0.0, ""extras"": [""fx""], ""fx"": true, ""max_dias_fx"": 10, ""min_historia"": 1, ""periodos_por_anio"": 12, ""permitir_capturas"": false, ""rebalanceo_con_deriva"": true, ""segmentos"": [""dentro_muestra"", ""fuera_muestra""], ""senal"": ""senal_mitad"", ""spread_por_lado"": 0.0015, ""usuario"": {""base"": ""bench50_h000"", ""spread"": 0.0015}, ""variante"": ""bench50_h000_spread_medio""}",S7
2026-09-25T06:52:31.969839Z,R08,056147b82f,bench50_h100_spread_medio,0,completo,1993-12-31,2026-07-31,391,12,MXN,107.43948128055179,0.1546931041686188,0.08535091142214127,0.5289189906096932,0.7548845893219179,-0.23689502877591728,0.6530027454267326,0.15268576080400575,-0.7731274369019453,4.705436189547411,0.9976325223966682,0.5,1.0,0.1218788343261617,0.0005362668710351112,1,0.19303953413135289,0.11172233927432984,0.0029,0.0015,2007-05-31,0fba6fc05d1b0c8b,French F-F_Research_Data_Factors CRSP 202607 sha256 b840dba55d319f48; FRED DEXMXUS huella 28098d0c456254a0; Banxico SF43936 huella 379eb41bf5f8814a,"{""comision_por_lado"": 0.0029, ""cortes"": [""2007-05-31""], ""efectivo_en_mxn"": false, ""exposicion_inicial"": 0.0, ""exposicion_max"": 1.0, ""exposicion_min"": 0.0, ""extras"": [], ""fx"": false, ""max_dias_fx"": 10, ""min_historia"": 1, ""periodos_por_anio"": 12, ""permitir_capturas"": false, ""rebalanceo_con_deriva"": true, ""segmentos"": [""dentro_muestra"", ""fuera_muestra""], ""senal"": ""senal_mitad"", ""spread_por_lado"": 0.0015, ""usuario"": {""base"": ""bench50_h100"", ""spread"": 0.0015}, ""variante"": ""bench50_h100_spread_medio""}",S7
2026-09-25T06:52:31.969839Z,R08,056147b82f,bench50_h100_spread_medio,0,dentro_muestra,1993-12-31,2007-05-31,161,12,MXN,13.954649276735003,0.22345120822610265,0.08775260842396623,0.49741419484768845,0.7008834388739353,-0.12209667448425232,1.830117070509752,0.14359110964702695,-0.8974634148099299,4.620545012062946,0.9550125364436561,0.5,1.0,0.13844098576275865,0.0006091403373561378,1,0.25909756258598393,0.18374024165064107,0.0029,0.0015,2007-05-31,0fba6fc05d1b0c8b,French F-F_Research_Data_Factors CRSP 202607 sha256 b840dba55d319f48; FRED DEXMXUS huella 28098d0c456254a0; Banxico SF43936 huella 379eb41bf5f8814a,"{""comision_por_lado"": 0.0029, ""cortes"": [""2007-05-31""], ""efectivo_en_mxn"": false, ""exposicion_inicial"": 0.0, ""exposicion_max"": 1.0, ""exposicion_min"": 0.0, ""extras"": [], ""fx"": false, ""max_dias_fx"": 10, ""min_historia"": 1, ""periodos_por_anio"": 12, ""permitir_capturas"": false, ""rebalanceo_con_deriva"": true, ""segmentos"": [""dentro_muestra"", ""fuera_muestra""], ""senal"": ""senal_mitad"", ""spread_por_lado"": 0.0015, ""usuario"": {""base"": ""bench50_h100"", ""spread"": 0.0015}, ""variante"": ""bench50_h100_spread_medio""}",S7
2026-09-25T06:52:31.969839Z,R08,056147b82f,bench50_h100_spread_medio,0,fuera_muestra,2007-05-31,2026-07-31,230,12,MXN,6.251221962741137,0.10889037673228086,0.0817420896129256,0.5489363295948553,0.7906737169057152,-0.2368950287759175,0.45965665592451865,0.15846426882977743,-0.7128893561535877,4.675445585810596,0.9877705246215077,0.5,1.0,0.11028934998279814,0.0004852731399243117,0,0.14888705174149997,0.0639492100778396,0.0029,0.0015,2007-05-31,0fba6fc05d1b0c8b,French F-F_Research_Data_Factors CRSP 202607 sha256 b840dba55d319f48; FRED DEXMXUS huella 28098d0c456254a0; Banxico SF43936 huella 379eb41bf5f8814a,"{""comision_por_lado"": 0.0029, ""cortes"": [""2007-05-31""], ""efectivo_en_mxn"": false, ""exposicion_inicial"": 0.0, ""exposicion_max"": 1.0, ""exposicion_min"": 0.0, ""extras"": [], ""fx"": false, ""max_dias_fx"": 10, ""min_historia"": 1, ""periodos_por_anio"": 12, ""permitir_capturas"": false, ""rebalanceo_con_deriva"": true, ""segmentos"": [""dentro_muestra"", ""fuera_muestra""], ""senal"": ""senal_mitad"", ""spread_por_lado"": 0.0015, ""usuario"": {""base"": ""bench50_h100"", ""spread"": 0.0015}, ""variante"": ""bench50_h100_spread_medio""}",S7
2026-09-25T06:52:31.983194Z,R08,17d7d891ae,ivvpeso_real,0,completo,2014-11-30,2026-07-31,140,12,MXN,4.3653878103523205,0.15489076318000405,0.15466402978145774,0.5618555416954529,0.8379915447643476,-0.22709251579332723,0.682060184321386,0.16219372412177638,-0.42193465346140924,3.8433840474100385,0.9666731056322395,1.0,1.0,0.08571931471485567,0.00029144567003050925,1,0.15522797381266473,0.0722356862099196,0.0029,0.0005,,a312a0dc084482de,Yahoo IVVPESO.MX huella 2ec5656f2ebe5e3d; ^SP500TR huella da53bc6647fa70db; DEXMXUS; CETES SF43936; RF French,"{""comision_por_lado"": 0.0029, ""cortes"": [], ""efectivo_en_mxn"": false, ""exposicion_inicial"": 0.0, ""exposicion_max"": 1.0, ""exposicion_min"": 0.0, ""extras"": [], ""fx"": false, ""max_dias_fx"": 10, ""min_historia"": 1, ""periodos_por_anio"": 12, ""permitir_capturas"": false, ""rebalanceo_con_deriva"": true, ""segmentos"": [], ""senal"": ""senal_comprar_y_mantener"", ""spread_por_lado"": 0.0005, ""usuario"": {""instrumento"": ""IVVPESO.MX""}, ""variante"": ""ivvpeso_real""}",S9
2026-09-25T06:52:31.985087Z,R08,e56d8aeb7d,sp500tr_mxn_h100_sintetico,0,completo,2014-11-30,2026-07-31,140,12,MXN,6.214488361614573,0.1845810763794038,0.15181606539022288,0.7395649949433908,1.1400651234032817,-0.2119792847363723,0.8707505387092789,0.21349402445689547,-0.4634429805147761,3.9307767168509655,0.9909947544369215,1.0,1.0,0.08571931471485567,0.00029144567003050925,1,0.18492695613438936,0.0722356862099196,0.0029,0.0005,,8341ecf46e810289,Yahoo IVVPESO.MX huella 2ec5656f2ebe5e3d; ^SP500TR huella da53bc6647fa70db; DEXMXUS; CETES SF43936; RF French,"{""comision_por_lado"": 0.0029, ""cortes"": [], ""efectivo_en_mxn"": false, ""exposicion_inicial"": 0.0, ""exposicion_max"": 1.0, ""exposicion_min"": 0.0, ""extras"": [], ""fx"": false, ""max_dias_fx"": 10, ""min_historia"": 1, ""periodos_por_anio"": 12, ""permitir_capturas"": false, ""rebalanceo_con_deriva"": true, ""segmentos"": [], ""senal"": ""senal_comprar_y_mantener"", ""spread_por_lado"": 0.0005, ""usuario"": {""activo"": ""^SP500TR"", ""h"": 1.0}, ""variante"": ""sp500tr_mxn_h100_sintetico""}",S9
2026-09-25T06:52:31.991982Z,R08,ecd9dfd439,sp500tr_mxn_h000,0,completo,2014-11-30,2026-07-31,140,12,MXN,4.501440540462499,0.15737242692769082,0.14620516709119183,0.5974161604657132,0.9854279734612704,-0.2541646296242176,0.619175166742776,0.1724591905315561,0.11697135045094242,3.9599695253359983,0.978892767598219,1.0,1.0,0.08571931471485567,0.00029144567003050925,1,0.15771036216862533,0.0722356862099196,0.0029,0.0005,,033ef15c3ebf9731,Yahoo IVVPESO.MX huella 2ec5656f2ebe5e3d; ^SP500TR huella da53bc6647fa70db; DEXMXUS; CETES SF43936; RF French,"{""comision_por_lado"": 0.0029, ""cortes"": [], ""efectivo_en_mxn"": true, ""exposicion_inicial"": 0.0, ""exposicion_max"": 1.0, ""exposicion_min"": 0.0, ""extras"": [""fx""], ""fx"": true, ""max_dias_fx"": 10, ""min_historia"": 1, ""periodos_por_anio"": 12, ""permitir_capturas"": false, ""rebalanceo_con_deriva"": true, ""segmentos"": [], ""senal"": ""senal_comprar_y_mantener"", ""spread_por_lado"": 0.0005, ""usuario"": {""activo"": ""^SP500TR"", ""h"": 0.0}, ""variante"": ""sp500tr_mxn_h000""}",S9
2026-09-25T06:56:23.996764Z,R08,1cf02b8baa,mxn_h000,1,completo,1993-12-31,2026-07-31,391,12,MXN,161.6463798458471,0.1691502789374486,0.16712737481559903,0.3833101535136045,0.6556570211609707,-0.3986273085655936,0.42433188921780846,0.11065211015709817,2.096519347590452,23.671828828770643,0.9915282688819589,1.0,1.0,0.030693277310924375,0.00010435714285714287,1,0.16927250239528435,0.11172233927432984,0.0029,0.0005,2007-05-31,d93425e0e4741dff,French F-F_Research_Data_Factors CRSP 202607 sha256 b840dba55d319f48; FRED DEXMXUS huella 28098d0c456254a0; Banxico SF43936 huella 379eb41bf5f8814a,"{""comision_por_lado"": 0.0029, ""cortes"": [""2007-05-31""], ""efectivo_en_mxn"": true, ""exposicion_inicial"": 0.0, ""exposicion_max"": 1.0, ""exposicion_min"": 0.0, ""extras"": [""fx""], ""fx"": true, ""max_dias_fx"": 10, ""min_historia"": 1, ""periodos_por_anio"": 12, ""permitir_capturas"": false, ""rebalanceo_con_deriva"": true, ""segmentos"": [""dentro_muestra"", ""fuera_muestra""], ""senal"": ""senal_comprar_y_mantener"", ""spread_por_lado"": 0.0005, ""usuario"": {""efectivo"": ""CETES28 SF43936"", ""fx"": ""DEXMXUS"", ""h"": 0.0}, ""variante"": ""mxn_h000""}",P1 sin cubrir (conversion del motor)
2026-09-25T06:56:23.996764Z,R08,1cf02b8baa,mxn_h000,1,dentro_muestra,1993-12-31,2007-05-31,161,12,MXN,13.209301031691227,0.2187966393495755,0.2017367039530032,0.2371141212342199,0.4235712065929111,-0.3986273085655936,0.5488751890503578,0.06844895086161921,2.940533385396536,26.77332320394511,0.8291933612499737,1.0,1.0,0.07455603184323331,0.00025349050826699326,1,0.2191061584387033,0.18374024165064107,0.0029,0.0005,2007-05-31,d93425e0e4741dff,French F-F_Research_Data_Factors CRSP 202607 sha256 b840dba55d319f48; FRED DEXMXUS huella 28098d0c456254a0; Banxico SF43936 huella 379eb41bf5f8814a,"{""comision_por_lado"": 0.0029, ""cortes"": [""2007-05-31""], ""efectivo_en_mxn"": true, ""exposicion_inicial"": 0.0, ""exposicion_max"": 1.0, ""exposicion_min"": 0.0, ""extras"": [""fx""], ""fx"": true, ""max_dias_fx"": 10, ""min_historia"": 1, ""periodos_por_anio"": 12, ""permitir_capturas"": false, ""rebalanceo_con_deriva"": true, ""segmentos"": [""dentro_muestra"", ""fuera_muestra""], ""senal"": ""senal_comprar_y_mantener"", ""spread_por_lado"": 0.0005, ""usuario"": {""efectivo"": ""CETES28 SF43936"", ""fx"": ""DEXMXUS"", ""h"": 0.0}, ""variante"": ""mxn_h000""}",P1 sin cubrir (conversion del motor)
2026-09-25T06:56:23.996764Z,R08,1cf02b8baa,mxn_h000,1,fuera_muestra,2007-05-31,2026-07-31,230,12,MXN,10.446472946353536,0.1356175247443545,0.1375156572543321,0.542592100504438,0.8789758748531012,-0.29971589617506866,0.4524869267032077,0.15663284764320087,0.11485829466018538,4.126570883952664,0.9910789941931004,1.0,1.0,0.0,0.0,0,0.1356175247443545,0.0639492100778396,0.0029,0.0005,2007-05-31,d93425e0e4741dff,French F-F_Research_Data_Factors CRSP 202607 sha256 b840dba55d319f48; FRED DEXMXUS huella 28098d0c456254a0; Banxico SF43936 huella 379eb41bf5f8814a,"{""comision_por_lado"": 0.0029, ""cortes"": [""2007-05-31""], ""efectivo_en_mxn"": true, ""exposicion_inicial"": 0.0, ""exposicion_max"": 1.0, ""exposicion_min"": 0.0, ""extras"": [""fx""], ""fx"": true, ""max_dias_fx"": 10, ""min_historia"": 1, ""periodos_por_anio"": 12, ""permitir_capturas"": false, ""rebalanceo_con_deriva"": true, ""segmentos"": [""dentro_muestra"", ""fuera_muestra""], ""senal"": ""senal_comprar_y_mantener"", ""spread_por_lado"": 0.0005, ""usuario"": {""efectivo"": ""CETES28 SF43936"", ""fx"": ""DEXMXUS"", ""h"": 0.0}, ""variante"": ""mxn_h000""}",P1 sin cubrir (conversion del motor)
2026-09-25T06:56:24.002624Z,R08,2a0e14454d,mxn_h025,1,completo,1993-12-31,2026-07-31,391,12,MXN,201.0795322484564,0.1769663223928053,0.15410227133517035,0.45222683910893574,0.7347693745912621,-0.3820207733080212,0.4632374330338271,0.13054664364715882,1.0034098969469556,12.38127857834539,0.9964434743775805,1.0,1.0,0.030693277310924375,0.00010435714285714287,1,0.17708936294308408,0.11172233927432984,0.0029,0.0005,2007-05-31,1cca5ec61fd6d53c,French F-F_Research_Data_Factors CRSP 202607 sha256 b840dba55d319f48; FRED DEXMXUS huella 28098d0c456254a0; Banxico SF43936 huella 379eb41bf5f8814a,"{""comision_por_lado"": 0.0029, ""cortes"": [""2007-05-31""], ""efectivo_en_mxn"": false, ""exposicion_inicial"": 0.0, ""exposicion_max"": 1.0, ""exposicion_min"": 0.0, ""extras"": [], ""fx"": false, ""max_dias_fx"": 10, ""min_historia"": 1, ""periodos_por_anio"": 12, ""permitir_capturas"": false, ""rebalanceo_con_deriva"": true, ""segmentos"": [""dentro_muestra"", ""fuera_muestra""], ""senal"": ""senal_comprar_y_mantener"", ""spread_por_lado"": 0.0005, ""usuario"": {""c"": 0.0, ""cobertura"": ""CETES28 vs RF French"", ""fx"": ""DEXMXUS"", ""h"": 0.25}, ""variante"": ""mxn_h025""}",cobertura fija h=0.25
2026-09-25T06:56:24.002624Z,R08,2a0e14454d,mxn_h025,1,dentro_muestra,1993-12-31,2007-05-31,161,12,MXN,15.267336424385586,0.23114993841017983,0.17756723030806312,0.31191026475958267,0.5173526247121527,-0.3820207733080212,0.6050716467813779,0.09004073766097626,1.7187740806095124,16.098920675850007,0.8881953587871727,1.0,1.0,0.07455603184323331,0.00025349050826699326,1,0.2314625946772002,0.18374024165064107,0.0029,0.0005,2007-05-31,1cca5ec61fd6d53c,French F-F_Research_Data_Factors CRSP 202607 sha256 b840dba55d319f48; FRED DEXMXUS huella 28098d0c456254a0; Banxico SF43936 huella 379eb41bf5f8814a,"{""comision_por_lado"": 0.0029, ""cortes"": [""2007-05-31""], ""efectivo_en_mxn"": false, ""exposicion_inicial"": 0.0, ""exposicion_max"": 1.0, ""exposicion_min"": 0.0, ""extras"": [], ""fx"": false, ""max_dias_fx"": 10, ""min_historia"": 1, ""periodos_por_anio"": 12, ""permitir_capturas"": false, ""rebalanceo_con_deriva"": true, ""segmentos"": [""dentro_muestra"", ""fuera_muestra""], ""senal"": ""senal_comprar_y_mantener"", ""spread_por_lado"": 0.0005, ""usuario"": {""c"": 0.0, ""cobertura"": ""CETES28 vs RF French"", ""fx"": ""DEXMXUS"", ""h"": 0.25}, ""variante"": ""mxn_h025""}",cobertura fija h=0.25
2026-09-25T06:56:24.002624Z,R08,2a0e14454d,mxn_h025,1,fuera_muestra,2007-05-31,2026-07-31,230,12,MXN,11.422410588713763,0.14047545910383707,0.1348129103801453,0.583076713438418,0.9283708762457135,-0.34926241214949216,0.4022060611655812,0.1683197487309365,-0.0468475852935503,3.8235523167383536,0.9940035515591212,1.0,1.0,0.0,0.0,0,0.14047545910383707,0.0639492100778396,0.0029,0.0005,2007-05-31,1cca5ec61fd6d53c,French F-F_Research_Data_Factors CRSP 202607 sha256 b840dba55d319f48; FRED DEXMXUS huella 28098d0c456254a0; Banxico SF43936 huella 379eb41bf5f8814a,"{""comision_por_lado"": 0.0029, ""cortes"": [""2007-05-31""], ""efectivo_en_mxn"": false, ""exposicion_inicial"": 0.0, ""exposicion_max"": 1.0, ""exposicion_min"": 0.0, ""extras"": [], ""fx"": false, ""max_dias_fx"": 10, ""min_historia"": 1, ""periodos_por_anio"": 12, ""permitir_capturas"": false, ""rebalanceo_con_deriva"": true, ""segmentos"": [""dentro_muestra"", ""fuera_muestra""], ""senal"": ""senal_comprar_y_mantener"", ""spread_por_lado"": 0.0005, ""usuario"": {""c"": 0.0, ""cobertura"": ""CETES28 vs RF French"", ""fx"": ""DEXMXUS"", ""h"": 0.25}, ""variante"": ""mxn_h025""}",cobertura fija h=0.25
2026-09-25T06:56:24.008059Z,R08,9c1567c28e,mxn_h050,1,completo,1993-12-31,2026-07-31,391,12,MXN,241.6125368556996,0.18358868149743635,0.1484714242087701,0.5078480559548739,0.7791074416024588,-0.3971813602250953,0.46222884526451796,0.1466031059064873,0.032827397268235525,5.493798944496783,0.9979319594377998,1.0,1.0,0.030693277310924375,0.00010435714285714287,1,0.18371241435189822,0.11172233927432984,0.0029,0.0005,2007-05-31,5fda33abc7dac027,French F-F_Research_Data_Factors CRSP 202607 sha256 b840dba55d319f48; FRED DEXMXUS huella 28098d0c456254a0; Banxico SF43936 huella 379eb41bf5f8814a,"{""comision_por_lado"": 0.0029, ""cortes"": [""2007-05-31""], ""efectivo_en_mxn"": false, ""exposicion_inicial"": 0.0, ""exposicion_max"": 1.0, ""exposicion_min"": 0.0, ""extras"": [], ""fx"": false, ""max_dias_fx"": 10, ""min_historia"": 1, ""periodos_por_anio"": 12, ""permitir_capturas"": false, ""rebalanceo_con_deriva"": true, ""segmentos"": [""dentro_muestra"", ""fuera_muestra""], ""senal"": ""senal_comprar_y_mantener"", ""spread_por_lado"": 0.0005, ""usuario"": {""c"": 0.0, ""cobertura"": ""CETES28 vs RF French"", ""fx"": ""DEXMXUS"", ""h"": 0.5}, ""variante"": ""mxn_h050""}",cobertura fija h=0.5
2026-09-25T06:56:24.008059Z,R08,9c1567c28e,mxn_h050,1,dentro_muestra,1993-12-31,2007-05-31,161,12,MXN,17.30687572552951,0.24203978389028746,0.1607384318252179,0.39434404727861033,0.6031826056777341,-0.3749632474941791,0.6455026872841582,0.1138373209248161,0.3481110740338265,7.175111053488337,0.9270656152256567,1.0,1.0,0.07455603184323331,0.00025349050826699326,1,0.242355205684341,0.18374024165064107,0.0029,0.0005,2007-05-31,5fda33abc7dac027,French F-F_Research_Data_Factors CRSP 202607 sha256 b840dba55d319f48; FRED DEXMXUS huella 28098d0c456254a0; Banxico SF43936 huella 379eb41bf5f8814a,"{""comision_por_lado"": 0.0029, ""cortes"": [""2007-05-31""], ""efectivo_en_mxn"": false, ""exposicion_inicial"": 0.0, ""exposicion_max"": 1.0, ""exposicion_min"": 0.0, ""extras"": [], ""fx"": false, ""max_dias_fx"": 10, ""min_historia"": 1, ""periodos_por_anio"": 12, ""permitir_capturas"": false, ""rebalanceo_con_deriva"": true, ""segmentos"": [""dentro_muestra"", ""fuera_muestra""], ""senal"": ""senal_comprar_y_mantener"", ""spread_por_lado"": 0.0005, ""usuario"": {""c"": 0.0, ""cobertura"": ""CETES28 vs RF French"", ""fx"": ""DEXMXUS"", ""h"": 0.5}, ""variante"": ""mxn_h050""}",cobertura fija h=0.5
2026-09-25T06:56:24.008059Z,R08,9c1567c28e,mxn_h050,1,fuera_muestra,2007-05-31,2026-07-31,230,12,MXN,12.252536396331614,0.14433081859023678,0.13868884250876254,0.5958291023602125,0.9182929777287722,-0.3971813602250952,0.36338769399560933,0.17200104631934088,-0.2522508247858821,3.691322274915879,0.9942017746438089,1.0,1.0,0.0,0.0,0,0.14433081859023678,0.0639492100778396,0.0029,0.0005,2007-05-31,5fda33abc7dac027,French F-F_Research_Data_Factors CRSP 202607 sha256 b840dba55d319f48; FRED DEXMXUS huella 28098d0c456254a0; Banxico SF43936 huella 379eb41bf5f8814a,"{""comision_por_lado"": 0.0029, ""cortes"": [""2007-05-31""], ""efectivo_en_mxn"": false, ""exposicion_inicial"": 0.0, ""exposicion_max"": 1.0, ""exposicion_min"": 0.0, ""extras"": [], ""fx"": false, ""max_dias_fx"": 10, ""min_historia"": 1, ""periodos_por_anio"": 12, ""permitir_capturas"": false, ""rebalanceo_con_deriva"": true, ""segmentos"": [""dentro_muestra"", ""fuera_muestra""], ""senal"": ""senal_comprar_y_mantener"", ""spread_por_lado"": 0.0005, ""usuario"": {""c"": 0.0, ""cobertura"": ""CETES28 vs RF French"", ""fx"": ""DEXMXUS"", ""h"": 0.5}, ""variante"": ""mxn_h050""}",cobertura fija h=0.5
2026-09-25T06:56:24.013160Z,R08,3cc696787a,mxn_h075,1,completo,1993-12-31,2026-07-31,391,12,MXN,279.99919734352835,0.1889368396924722,0.15106396241499837,0.5363306121547406,0.785278162166139,-0.44308499240551535,0.4264121848648747,0.15482531165108815,-0.5402876872010921,4.032669755813646,0.9982092671268172,1.0,1.0,0.030693277310924375,0.00010435714285714287,1,0.18906113164562255,0.11172233927432984,0.0029,0.0005,2007-05-31,7e8e0f0bf7b8c50f,French F-F_Research_Data_Factors CRSP 202607 sha256 b840dba55d319f48; FRED DEXMXUS huella 28098d0c456254a0; Banxico SF43936 huella 379eb41bf5f8814a,"{""comision_por_lado"": 0.0029, ""cortes"": [""2007-05-31""], ""efectivo_en_mxn"": false, ""exposicion_inicial"": 0.0, ""exposicion_max"": 1.0, ""exposicion_min"": 0.0, ""extras"": [], ""fx"": false, ""max_dias_fx"": 10, ""min_historia"": 1, ""periodos_por_anio"": 12, ""permitir_capturas"": false, ""rebalanceo_con_deriva"": true, ""segmentos"": [""dentro_muestra"", ""fuera_muestra""], ""senal"": ""senal_comprar_y_mantener"", ""spread_por_lado"": 0.0005, ""usuario"": {""c"": 0.0, ""cobertura"": ""CETES28 vs RF French"", ""fx"": ""DEXMXUS"", ""h"": 0.75}, ""variante"": ""mxn_h075""}",cobertura fija h=0.75
2026-09-25T06:56:24.013160Z,R08,3cc696787a,mxn_h075,1,dentro_muestra,1993-12-31,2007-05-31,161,12,MXN,19.227502669965947,0.2513127601192593,0.15368104724032217,0.4660314616362859,0.6693834159384588,-0.3682829099642314,0.6823905028437715,0.13453169491327222,-0.6294847305152633,4.067725970041125,0.9477663840850592,1.0,1.0,0.07455603184323331,0.00025349050826699326,1,0.25163053682886094,0.18374024165064107,0.0029,0.0005,2007-05-31,7e8e0f0bf7b8c50f,French F-F_Research_Data_Factors CRSP 202607 sha256 b840dba55d319f48; FRED DEXMXUS huella 28098d0c456254a0; Banxico SF43936 huella 379eb41bf5f8814a,"{""comision_por_lado"": 0.0029, ""cortes"": [""2007-05-31""], ""efectivo_en_mxn"": false, ""exposicion_inicial"": 0.0, ""exposicion_max"": 1.0, ""exposicion_min"": 0.0, ""extras"": [], ""fx"": false, ""max_dias_fx"": 10, ""min_historia"": 1, ""periodos_por_anio"": 12, ""permitir_capturas"": false, ""rebalanceo_con_deriva"": true, ""segmentos"": [""dentro_muestra"", ""fuera_muestra""], ""senal"": ""senal_comprar_y_mantener"", ""spread_por_lado"": 0.0005, ""usuario"": {""c"": 0.0, ""cobertura"": ""CETES28 vs RF French"", ""fx"": ""DEXMXUS"", ""h"": 0.75}, ""variante"": ""mxn_h075""}",cobertura fija h=0.75
2026-09-25T06:56:24.013160Z,R08,3cc696787a,mxn_h075,1,fuera_muestra,2007-05-31,2026-07-31,230,12,MXN,12.891937226673056,0.14714737057411686,0.1486296695947908,0.5832270438468172,0.8667991646308607,-0.44308499240551535,0.33209739236540486,0.16836314538181482,-0.48618485654410354,4.000904302117243,0.992362431585725,1.0,1.0,0.0,0.0,0,0.14714737057411686,0.0639492100778396,0.0029,0.0005,2007-05-31,7e8e0f0bf7b8c50f,French F-F_Research_Data_Factors CRSP 202607 sha256 b840dba55d319f48; FRED DEXMXUS huella 28098d0c456254a0; Banxico SF43936 huella 379eb41bf5f8814a,"{""comision_por_lado"": 0.0029, ""cortes"": [""2007-05-31""], ""efectivo_en_mxn"": false, ""exposicion_inicial"": 0.0, ""exposicion_max"": 1.0, ""exposicion_min"": 0.0, ""extras"": [], ""fx"": false, ""max_dias_fx"": 10, ""min_historia"": 1, ""periodos_por_anio"": 12, ""permitir_capturas"": false, ""rebalanceo_con_deriva"": true, ""segmentos"": [""dentro_muestra"", ""fuera_muestra""], ""senal"": ""senal_comprar_y_mantener"", ""spread_por_lado"": 0.0005, ""usuario"": {""c"": 0.0, ""cobertura"": ""CETES28 vs RF French"", ""fx"": ""DEXMXUS"", ""h"": 0.75}, ""variante"": ""mxn_h075""}",cobertura fija h=0.75
2026-09-25T06:56:24.018704Z,R08,d4ef530e27,mxn_h100,1,completo,1993-12-31,2026-07-31,391,12,MXN,312.30544705688146,0.1929148263178213,0.16148430522028093,0.535081570411106,0.7647273208566272,-0.48698296229699256,0.396142865877451,0.15446474435762989,-0.7711755355103039,4.702831504457076,0.9978514300902088,1.0,1.0,0.030693277310924375,0.00010435714285714287,1,0.19303953413135289,0.11172233927432984,0.0029,0.0005,2007-05-31,0fba6fc05d1b0c8b,French F-F_Research_Data_Factors CRSP 202607 sha256 b840dba55d319f48; FRED DEXMXUS huella 28098d0c456254a0; Banxico SF43936 huella 379eb41bf5f8814a,"{""comision_por_lado"": 0.0029, ""cortes"": [""2007-05-31""], ""efectivo_en_mxn"": false, ""exposicion_inicial"": 0.0, ""exposicion_max"": 1.0, ""exposicion_min"": 0.0, ""extras"": [], ""fx"": false, ""max_dias_fx"": 10, ""min_historia"": 1, ""periodos_por_anio"": 12, ""permitir_capturas"": false, ""rebalanceo_con_deriva"": true, ""segmentos"": [""dentro_muestra"", ""fuera_muestra""], ""senal"": ""senal_comprar_y_mantener"", ""spread_por_lado"": 0.0005, ""usuario"": {""c"": 0.0, ""cobertura"": ""CETES28 vs RF French"", ""fx"": ""DEXMXUS"", ""h"": 1.0}, ""variante"": ""mxn_h100""}",cobertura fija h=1.0
2026-09-25T06:56:24.018704Z,R08,d4ef530e27,mxn_h100,1,dentro_muestra,1993-12-31,2007-05-31,161,12,MXN,20.907381662002226,0.25877789007182495,0.15771234487202473,0.5039750733724738,0.7111000626698541,-0.36199374037334486,0.7148684112739975,0.1454850721382296,-0.8967300863896713,4.620005682898508,0.9569496138169362,1.0,1.0,0.07455603184323331,0.00025349050826699326,1,0.25909756258598393,0.18374024165064107,0.0029,0.0005,2007-05-31,0fba6fc05d1b0c8b,French F-F_Research_Data_Factors CRSP 202607 sha256 b840dba55d319f48; FRED DEXMXUS huella 28098d0c456254a0; Banxico SF43936 huella 379eb41bf5f8814a,"{""comision_por_lado"": 0.0029, ""cortes"": [""2007-05-31""], ""efectivo_en_mxn"": false, ""exposicion_inicial"": 0.0, ""exposicion_max"": 1.0, ""exposicion_min"": 0.0, ""extras"": [], ""fx"": false, ""max_dias_fx"": 10, ""min_historia"": 1, ""periodos_por_anio"": 12, ""permitir_capturas"": false, ""rebalanceo_con_deriva"": true, ""segmentos"": [""dentro_muestra"", ""fuera_muestra""], ""senal"": ""senal_comprar_y_mantener"", ""spread_por_lado"": 0.0005, ""usuario"": {""c"": 0.0, ""cobertura"": ""CETES28 vs RF French"", ""fx"": ""DEXMXUS"", ""h"": 1.0}, ""variante"": ""mxn_h100""}",cobertura fija h=1.0
2026-09-25T06:56:24.018704Z,R08,d4ef530e27,mxn_h100,1,fuera_muestra,2007-05-31,2026-07-31,230,12,MXN,13.301364347903855,0.14888705174149997,0.16353309068036995,0.554850541116848,0.8002904339759445,-0.48698296229699267,0.3057335949480289,0.16017155463691085,-0.7103223335479225,4.67190387883461,0.9884808512426366,1.0,1.0,0.0,0.0,0,0.14888705174149997,0.0639492100778396,0.0029,0.0005,2007-05-31,0fba6fc05d1b0c8b,French F-F_Research_Data_Factors CRSP 202607 sha256 b840dba55d319f48; FRED DEXMXUS huella 28098d0c456254a0; Banxico SF43936 huella 379eb41bf5f8814a,"{""comision_por_lado"": 0.0029, ""cortes"": [""2007-05-31""], ""efectivo_en_mxn"": false, ""exposicion_inicial"": 0.0, ""exposicion_max"": 1.0, ""exposicion_min"": 0.0, ""extras"": [], ""fx"": false, ""max_dias_fx"": 10, ""min_historia"": 1, ""periodos_por_anio"": 12, ""permitir_capturas"": false, ""rebalanceo_con_deriva"": true, ""segmentos"": [""dentro_muestra"", ""fuera_muestra""], ""senal"": ""senal_comprar_y_mantener"", ""spread_por_lado"": 0.0005, ""usuario"": {""c"": 0.0, ""cobertura"": ""CETES28 vs RF French"", ""fx"": ""DEXMXUS"", ""h"": 1.0}, ""variante"": ""mxn_h100""}",cobertura fija h=1.0
2026-09-25T06:56:24.029589Z,R08,91c1de5b71,mxn_hminvar_exp36,1,completo,1993-12-31,2026-07-31,391,12,MXN,298.4472779656344,0.19125952952542113,0.1735454583551446,0.4886443463910212,0.8062024547655302,-0.44010305001869376,0.4345789685331588,0.14105947246342243,1.5991884622140393,20.98201913197815,0.9985590039257433,1.0,1.0,0.030693277310924375,0.00010435714285714287,1,0.1913840642935356,0.11172233927432984,0.0029,0.0005,2007-05-31,fedcc03226b55817,French F-F_Research_Data_Factors CRSP 202607 sha256 b840dba55d319f48; FRED DEXMXUS huella 28098d0c456254a0; Banxico SF43936 huella 379eb41bf5f8814a,"{""comision_por_lado"": 0.0029, ""cortes"": [""2007-05-31""], ""efectivo_en_mxn"": false, ""exposicion_inicial"": 0.0, ""exposicion_max"": 1.0, ""exposicion_min"": 0.0, ""extras"": [], ""fx"": false, ""max_dias_fx"": 10, ""min_historia"": 1, ""periodos_por_anio"": 12, ""permitir_capturas"": false, ""rebalanceo_con_deriva"": true, ""segmentos"": [""dentro_muestra"", ""fuera_muestra""], ""senal"": ""senal_comprar_y_mantener"", ""spread_por_lado"": 0.0005, ""usuario"": {""auditoria_causal"": true, ""c"": 0.0, ""h"": ""minvar_expansiva"", ""min_meses"": 36, ""recorte"": [0, 1]}, ""variante"": ""mxn_hminvar_exp36""}",P6 minima varianza expansiva; h_t con meses <= t-1
2026-09-25T06:56:24.029589Z,R08,91c1de5b71,mxn_hminvar_exp36,1,dentro_muestra,1993-12-31,2007-05-31,161,12,MXN,22.107428726398823,0.26379289477084145,0.20724848726268277,0.4186334393629275,0.754628495759828,-0.36563150169592984,0.7214720108832952,0.12084906445398254,2.5536668966510985,24.134941946260017,0.9586692284437974,1.0,1.0,0.07455603184323331,0.00025349050826699326,1,0.2641138408688257,0.18374024165064107,0.0029,0.0005,2007-05-31,fedcc03226b55817,French F-F_Research_Data_Factors CRSP 202607 sha256 b840dba55d319f48; FRED DEXMXUS huella 28098d0c456254a0; Banxico SF43936 huella 379eb41bf5f8814a,"{""comision_por_lado"": 0.0029, ""cortes"": [""2007-05-31""], ""efectivo_en_mxn"": false, ""exposicion_inicial"": 0.0, ""exposicion_max"": 1.0, ""exposicion_min"": 0.0, ""extras"": [], ""fx"": false, ""max_dias_fx"": 10, ""min_historia"": 1, ""periodos_por_anio"": 12, ""permitir_capturas"": false, ""rebalanceo_con_deriva"": true, ""segmentos"": [""dentro_muestra"", ""fuera_muestra""], ""senal"": ""senal_comprar_y_mantener"", ""spread_por_lado"": 0.0005, ""usuario"": {""auditoria_causal"": true, ""c"": 0.0, ""h"": ""minvar_expansiva"", ""min_meses"": 36, ""recorte"": [0, 1]}, ""variante"": ""mxn_hminvar_exp36""}",P6 minima varianza expansiva; h_t con meses <= t-1
2026-09-25T06:56:24.029589Z,R08,91c1de5b71,mxn_hminvar_exp36,1,fuera_muestra,2007-05-31,2026-07-31,230,12,MXN,11.95891816918317,0.14299401378235266,0.14442456717646623,0.5701644372072612,0.8525490246342045,-0.440103050018694,0.3249102994770856,0.16459229565198186,-0.450613893578293,4.191101749795549,0.9913293365261708,1.0,1.0,0.0,0.0,0,0.14299401378235266,0.0639492100778396,0.0029,0.0005,2007-05-31,fedcc03226b55817,French F-F_Research_Data_Factors CRSP 202607 sha256 b840dba55d319f48; FRED DEXMXUS huella 28098d0c456254a0; Banxico SF43936 huella 379eb41bf5f8814a,"{""comision_por_lado"": 0.0029, ""cortes"": [""2007-05-31""], ""efectivo_en_mxn"": false, ""exposicion_inicial"": 0.0, ""exposicion_max"": 1.0, ""exposicion_min"": 0.0, ""extras"": [], ""fx"": false, ""max_dias_fx"": 10, ""min_historia"": 1, ""periodos_por_anio"": 12, ""permitir_capturas"": false, ""rebalanceo_con_deriva"": true, ""segmentos"": [""dentro_muestra"", ""fuera_muestra""], ""senal"": ""senal_comprar_y_mantener"", ""spread_por_lado"": 0.0005, ""usuario"": {""auditoria_causal"": true, ""c"": 0.0, ""h"": ""minvar_expansiva"", ""min_meses"": 36, ""recorte"": [0, 1]}, ""variante"": ""mxn_hminvar_exp36""}",P6 minima varianza expansiva; h_t con meses <= t-1
2026-09-25T06:56:24.040764Z,R08,7f1a0e4531,bench50_h000,1,completo,1993-12-31,2026-07-31,391,12,MXN,77.41625334466663,0.14326137572083475,0.0866564233706025,0.3793317992054641,0.6480927396005899,-0.11870995195468237,1.2068185805982374,0.1095036581917299,2.095315728226423,23.67255305189362,0.9909015091059841,0.5,1.0,0.11229630914669349,0.0003818074510987577,1,0.16927250239528435,0.11172233927432984,0.0029,0.0005,2007-05-31,d93425e0e4741dff,French F-F_Research_Data_Factors CRSP 202607 sha256 b840dba55d319f48; FRED DEXMXUS huella 28098d0c456254a0; Banxico SF43936 huella 379eb41bf5f8814a,"{""comision_por_lado"": 0.0029, ""cortes"": [""2007-05-31""], ""efectivo_en_mxn"": true, ""exposicion_inicial"": 0.0, ""exposicion_max"": 1.0, ""exposicion_min"": 0.0, ""extras"": [""fx""], ""fx"": true, ""max_dias_fx"": 10, ""min_historia"": 1, ""periodos_por_anio"": 12, ""permitir_capturas"": false, ""rebalanceo_con_deriva"": true, ""segmentos"": [""dentro_muestra"", ""fuera_muestra""], ""senal"": ""senal_mitad"", ""spread_por_lado"": 0.0005, ""usuario"": {""h"": 0.0, ""peso_acciones"": 0.5}, ""variante"": ""bench50_h000""}","P7 50% sin cubrir + 50% CETES, rebalanceo mensual"
2026-09-25T06:56:24.040764Z,R08,7f1a0e4531,bench50_h000,1,dentro_muestra,1993-12-31,2007-05-31,161,12,MXN,11.30100139127344,0.20576212050683096,0.10549408420840299,0.23349911906800427,0.4166027892926597,-0.11595899965956802,1.774438561137183,0.06740538962472638,2.939967735283499,26.786536069387363,0.8251674293021967,0.5,1.0,0.14258369144073527,0.0004847845508984997,1,0.2191061584387033,0.18374024165064107,0.0029,0.0005,2007-05-31,d93425e0e4741dff,French F-F_Research_Data_Factors CRSP 202607 sha256 b840dba55d319f48; FRED DEXMXUS huella 28098d0c456254a0; Banxico SF43936 huella 379eb41bf5f8814a,"{""comision_por_lado"": 0.0029, ""cortes"": [""2007-05-31""], ""efectivo_en_mxn"": true, ""exposicion_inicial"": 0.0, ""exposicion_max"": 1.0, ""exposicion_min"": 0.0, ""extras"": [""fx""], ""fx"": true, ""max_dias_fx"": 10, ""min_historia"": 1, ""periodos_por_anio"": 12, ""permitir_capturas"": false, ""rebalanceo_con_deriva"": true, ""segmentos"": [""dentro_muestra"", ""fuera_muestra""], ""senal"": ""senal_mitad"", ""spread_por_lado"": 0.0005, ""usuario"": {""h"": 0.0, ""peso_acciones"": 0.5}, ""variante"": ""bench50_h000""}","P7 50% sin cubrir + 50% CETES, rebalanceo mensual"
2026-09-25T06:56:24.040764Z,R08,7f1a0e4531,bench50_h000,1,fuera_muestra,2007-05-31,2026-07-31,230,12,MXN,5.374786153613197,0.101462893747297,0.06860221240821952,0.5380663441579354,0.8707006721636135,-0.11870995195468248,0.8547126174057459,0.15532637432073093,0.11473680902201268,4.125396372742533,0.9905957709007442,0.5,1.0,0.09110249599735608,0.00030974848639101063,0,0.1356175247443545,0.0639492100778396,0.0029,0.0005,2007-05-31,d93425e0e4741dff,French F-F_Research_Data_Factors CRSP 202607 sha256 b840dba55d319f48; FRED DEXMXUS huella 28098d0c456254a0; Banxico SF43936 huella 379eb41bf5f8814a,"{""comision_por_lado"": 0.0029, ""cortes"": [""2007-05-31""], ""efectivo_en_mxn"": true, ""exposicion_inicial"": 0.0, ""exposicion_max"": 1.0, ""exposicion_min"": 0.0, ""extras"": [""fx""], ""fx"": true, ""max_dias_fx"": 10, ""min_historia"": 1, ""periodos_por_anio"": 12, ""permitir_capturas"": false, ""rebalanceo_con_deriva"": true, ""segmentos"": [""dentro_muestra"", ""fuera_muestra""], ""senal"": ""senal_mitad"", ""spread_por_lado"": 0.0005, ""usuario"": {""h"": 0.0, ""peso_acciones"": 0.5}, ""variante"": ""bench50_h000""}","P7 50% sin cubrir + 50% CETES, rebalanceo mensual"
2026-09-25T06:56:24.047043Z,R08,33290b4755,bench50_h100,1,completo,1993-12-31,2026-07-31,391,12,MXN,107.87106399769202,0.15483388713740331,0.08535466344101263,0.5304671261516809,0.7573433397051615,-0.23672990536465155,0.6540529254168455,0.15313266903996006,-0.7727581689539429,4.70465945446192,0.9976892028399031,0.5,1.0,0.1218788343261617,0.0004143880367089497,1,0.19303953413135289,0.11172233927432984,0.0029,0.0005,2007-05-31,0fba6fc05d1b0c8b,French F-F_Research_Data_Factors CRSP 202607 sha256 b840dba55d319f48; FRED DEXMXUS huella 28098d0c456254a0; Banxico SF43936 huella 379eb41bf5f8814a,"{""comision_por_lado"": 0.0029, ""cortes"": [""2007-05-31""], ""efectivo_en_mxn"": false, ""exposicion_inicial"": 0.0, ""exposicion_max"": 1.0, ""exposicion_min"": 0.0, ""extras"": [], ""fx"": false, ""max_dias_fx"": 10, ""min_historia"": 1, ""periodos_por_anio"": 12, ""permitir_capturas"": false, ""rebalanceo_con_deriva"": true, ""segmentos"": [""dentro_muestra"", ""fuera_muestra""], ""senal"": ""senal_mitad"", ""spread_por_lado"": 0.0005, ""usuario"": {""h"": 1.0, ""peso_acciones"": 0.5}, ""variante"": ""bench50_h100""}","P8 50% cubierto + 50% CETES, rebalanceo mensual"
2026-09-25T06:56:24.047043Z,R08,33290b4755,bench50_h100,1,dentro_muestra,1993-12-31,2007-05-31,161,12,MXN,13.982459648149659,0.2236206913931409,0.08775646240978531,0.4992858188978848,0.7037755412620583,-0.12203621485690175,1.8324125478273472,0.14413140097162827,-0.8974437465463814,4.619932376797523,0.9555707873584366,0.5,1.0,0.13844098576275865,0.0004706993515933794,1,0.25909756258598393,0.18374024165064107,0.0029,0.0005,2007-05-31,0fba6fc05d1b0c8b,French F-F_Research_Data_Factors CRSP 202607 sha256 b840dba55d319f48; FRED DEXMXUS huella 28098d0c456254a0; Banxico SF43936 huella 379eb41bf5f8814a,"{""comision_por_lado"": 0.0029, ""cortes"": [""2007-05-31""], ""efectivo_en_mxn"": false, ""exposicion_inicial"": 0.0, ""exposicion_max"": 1.0, ""exposicion_min"": 0.0, ""extras"": [], ""fx"": false, ""max_dias_fx"": 10, ""min_historia"": 1, ""periodos_por_anio"": 12, ""permitir_capturas"": false, ""rebalanceo_con_deriva"": true, ""segmentos"": [""dentro_muestra"", ""fuera_muestra""], ""senal"": ""senal_mitad"", ""spread_por_lado"": 0.0005, ""usuario"": {""h"": 1.0, ""peso_acciones"": 0.5}, ""variante"": ""bench50_h100""}","P8 50% cubierto + 50% CETES, rebalanceo mensual"
2026-09-25T06:56:24.047043Z,R08,33290b4755,bench50_h100,1,fuera_muestra,2007-05-31,2026-07-31,230,12,MXN,6.266568143978806,0.10901268974944989,0.08174461786901581,0.5502806996299208,0.7928573973729864,-0.23672990536465133,0.46049395230201334,0.1588523550305952,-0.7123063448862834,4.674638412500473,0.987935296090477,0.5,1.0,0.11028934998279814,0.0003749837899415137,0,0.14888705174149997,0.0639492100778396,0.0029,0.0005,2007-05-31,0fba6fc05d1b0c8b,French F-F_Research_Data_Factors CRSP 202607 sha256 b840dba55d319f48; FRED DEXMXUS huella 28098d0c456254a0; Banxico SF43936 huella 379eb41bf5f8814a,"{""comision_por_lado"": 0.0029, ""cortes"": [""2007-05-31""], ""efectivo_en_mxn"": false, ""exposicion_inicial"": 0.0, ""exposicion_max"": 1.0, ""exposicion_min"": 0.0, ""extras"": [], ""fx"": false, ""max_dias_fx"": 10, ""min_historia"": 1, ""periodos_por_anio"": 12, ""permitir_capturas"": false, ""rebalanceo_con_deriva"": true, ""segmentos"": [""dentro_muestra"", ""fuera_muestra""], ""senal"": ""senal_mitad"", ""spread_por_lado"": 0.0005, ""usuario"": {""h"": 1.0, ""peso_acciones"": 0.5}, ""variante"": ""bench50_h100""}","P8 50% cubierto + 50% CETES, rebalanceo mensual"
2026-09-25T06:56:24.052263Z,R08,ef9414555f,usd_referencia,0,completo,1993-12-31,2026-07-31,391,12,USD,28.180301241717526,0.1090941296889687,0.15425709884579425,0.5941103386752095,0.8759261320131719,-0.5031170717166412,0.2168364697241107,0.17150488198123595,-0.5816596701505056,4.015880837812581,0.99930713354319,1.0,1.0,0.030693277310924375,0.00010435714285714287,1,0.10921007485191137,0.024578274868084726,0.0029,0.0005,2007-05-31,5a85946898d7745e,French F-F_Research_Data_Factors CRSP 202607 sha256 b840dba55d319f48; FRED DEXMXUS huella 28098d0c456254a0; Banxico SF43936 huella 379eb41bf5f8814a,"{""comision_por_lado"": 0.0029, ""cortes"": [""2007-05-31""], ""efectivo_en_mxn"": false, ""exposicion_inicial"": 0.0, ""exposicion_max"": 1.0, ""exposicion_min"": 0.0, ""extras"": [], ""fx"": false, ""max_dias_fx"": 10, ""min_historia"": 1, ""periodos_por_anio"": 12, ""permitir_capturas"": false, ""rebalanceo_con_deriva"": true, ""segmentos"": [""dentro_muestra"", ""fuera_muestra""], ""senal"": ""senal_comprar_y_mantener"", ""spread_por_lado"": 0.0005, ""usuario"": {""moneda"": ""USD""}, ""variante"": ""usd_referencia""}",S0 referencia en USD contra RF
2026-09-25T06:56:24.052263Z,R08,ef9414555f,usd_referencia,0,dentro_muestra,1993-12-31,2007-05-31,161,12,USD,3.1127311982209296,0.111186918768992,0.1455045569308218,0.5357423034648994,0.7691161947852401,-0.44994684480196634,0.2471112311453775,0.15465548156086492,-0.7712337427678568,4.033059796909785,0.9666940252943612,1.0,1.0,0.07455603184323331,0.00025349050826699326,1,0.11146910986785463,0.03938416008294898,0.0029,0.0005,2007-05-31,5a85946898d7745e,French F-F_Research_Data_Factors CRSP 202607 sha256 b840dba55d319f48; FRED DEXMXUS huella 28098d0c456254a0; Banxico SF43936 huella 379eb41bf5f8814a,"{""comision_por_lado"": 0.0029, ""cortes"": [""2007-05-31""], ""efectivo_en_mxn"": false, ""exposicion_inicial"": 0.0, ""exposicion_max"": 1.0, ""exposicion_min"": 0.0, ""extras"": [], ""fx"": false, ""max_dias_fx"": 10, ""min_historia"": 1, ""periodos_por_anio"": 12, ""permitir_capturas"": false, ""rebalanceo_con_deriva"": true, ""segmentos"": [""dentro_muestra"", ""fuera_muestra""], ""senal"": ""senal_comprar_y_mantener"", ""spread_por_lado"": 0.0005, ""usuario"": {""moneda"": ""USD""}, ""variante"": ""usd_referencia""}",S0 referencia en USD contra RF
2026-09-25T06:56:24.052263Z,R08,ef9414555f,usd_referencia,0,fuera_muestra,2007-05-31,2026-07-31,230,12,USD,6.095115103642121,0.10763203000760235,0.1604128051716383,0.6312613712562105,0.947196910939548,-0.5031170717166412,0.2139303872960634,0.18222946131189272,-0.4905443924269237,3.9488993171371014,0.9955107809027375,1.0,1.0,0.0,0.0,0,0.10763203000760235,0.014343358766019998,0.0029,0.0005,2007-05-31,5a85946898d7745e,French F-F_Research_Data_Factors CRSP 202607 sha256 b840dba55d319f48; FRED DEXMXUS huella 28098d0c456254a0; Banxico SF43936 huella 379eb41bf5f8814a,"{""comision_por_lado"": 0.0029, ""cortes"": [""2007-05-31""], ""efectivo_en_mxn"": false, ""exposicion_inicial"": 0.0, ""exposicion_max"": 1.0, ""exposicion_min"": 0.0, ""extras"": [], ""fx"": false, ""max_dias_fx"": 10, ""min_historia"": 1, ""periodos_por_anio"": 12, ""permitir_capturas"": false, ""rebalanceo_con_deriva"": true, ""segmentos"": [""dentro_muestra"", ""fuera_muestra""], ""senal"": ""senal_comprar_y_mantener"", ""spread_por_lado"": 0.0005, ""usuario"": {""moneda"": ""USD""}, ""variante"": ""usd_referencia""}",S0 referencia en USD contra RF
2026-09-25T06:56:24.061604Z,R08,12eb56df02,cetes_100,0,completo,1993-12-31,2026-07-31,391,12,MXN,30.519551928519093,0.11172233927432984,0.028826512769568262,0.0,0.0,0.0,inf,,0.0,3.0,,0.0,0.0,0.0,0.0,0,0.16927250239528435,0.11172233927432984,0.0029,0.0005,2007-05-31,d93425e0e4741dff,French F-F_Research_Data_Factors CRSP 202607 sha256 b840dba55d319f48; FRED DEXMXUS huella 28098d0c456254a0; Banxico SF43936 huella 379eb41bf5f8814a,"{""comision_por_lado"": 0.0029, ""cortes"": [""2007-05-31""], ""efectivo_en_mxn"": true, ""exposicion_inicial"": 0.0, ""exposicion_max"": 1.0, ""exposicion_min"": 0.0, ""extras"": [""fx""], ""fx"": true, ""max_dias_fx"": 10, ""min_historia"": 1, ""periodos_por_anio"": 12, ""permitir_capturas"": false, ""rebalanceo_con_deriva"": true, ""segmentos"": [""dentro_muestra"", ""fuera_muestra""], ""senal"": ""senal_efectivo"", ""spread_por_lado"": 0.0005, ""usuario"": {""exposicion"": 0.0}, ""variante"": ""cetes_100""}",S0 100% CETES
2026-09-25T06:56:24.061604Z,R08,12eb56df02,cetes_100,0,dentro_muestra,1993-12-31,2007-05-31,161,12,MXN,8.606574312671366,0.18374024165064107,0.037082074835708544,0.0,0.0,0.0,inf,,0.0,3.0,,0.0,0.0,0.0,0.0,0,0.2191061584387033,0.18374024165064107,0.0029,0.0005,2007-05-31,d93425e0e4741dff,French F-F_Research_Data_Factors CRSP 202607 sha256 b840dba55d319f48; FRED DEXMXUS huella 28098d0c456254a0; Banxico SF43936 huella 379eb41bf5f8814a,"{""comision_por_lado"": 0.0029, ""cortes"": [""2007-05-31""], ""efectivo_en_mxn"": true, ""exposicion_inicial"": 0.0, ""exposicion_max"": 1.0, ""exposicion_min"": 0.0, ""extras"": [""fx""], ""fx"": true, ""max_dias_fx"": 10, ""min_historia"": 1, ""periodos_por_anio"": 12, ""permitir_capturas"": false, ""rebalanceo_con_deriva"": true, ""segmentos"": [""dentro_muestra"", ""fuera_muestra""], ""senal"": ""senal_efectivo"", ""spread_por_lado"": 0.0005, ""usuario"": {""exposicion"": 0.0}, ""variante"": ""cetes_100""}",S0 100% CETES
2026-09-25T06:56:24.061604Z,R08,12eb56df02,cetes_100,0,fuera_muestra,2007-05-31,2026-07-31,230,12,MXN,2.2810397236967006,0.0639492100778396,0.00708139489709497,0.0,0.0,0.0,inf,,0.0,3.0,,0.0,0.0,0.0,0.0,0,0.1356175247443545,0.0639492100778396,0.0029,0.0005,2007-05-31,d93425e0e4741dff,French F-F_Research_Data_Factors CRSP 202607 sha256 b840dba55d319f48; FRED DEXMXUS huella 28098d0c456254a0; Banxico SF43936 huella 379eb41bf5f8814a,"{""comision_por_lado"": 0.0029, ""cortes"": [""2007-05-31""], ""efectivo_en_mxn"": true, ""exposicion_inicial"": 0.0, ""exposicion_max"": 1.0, ""exposicion_min"": 0.0, ""extras"": [""fx""], ""fx"": true, ""max_dias_fx"": 10, ""min_historia"": 1, ""periodos_por_anio"": 12, ""permitir_capturas"": false, ""rebalanceo_con_deriva"": true, ""segmentos"": [""dentro_muestra"", ""fuera_muestra""], ""senal"": ""senal_efectivo"", ""spread_por_lado"": 0.0005, ""usuario"": {""exposicion"": 0.0}, ""variante"": ""cetes_100""}",S0 100% CETES
2026-09-25T06:56:32.468768Z,R08,c74b550f13,usd_referencia_diaria,0,completo,1993-12-31,2026-07-31,8199,252,USD,28.3988119552584,0.10934812362395885,0.18696899100963582,0.5183487590686142,0.7289452135282548,-0.5456553593385389,0.20039778177293846,0.03265290259272594,-0.20858390813304561,12.599556006315535,0.9983692613888911,1.0,1.0,0.030693277310924375,0.00010435714285714287,1,0.10946409533953338,0.02479654956125721,0.0029,0.0005,2007-05-31,13911108d699e114,French diario CRSP 202607 sha256 1916d331c2c51d2a; DEXMXUS; CETES28 devengado por dia natural,"{""comision_por_lado"": 0.0029, ""cortes"": [""2007-05-31""], ""efectivo_en_mxn"": false, ""exposicion_inicial"": 0.0, ""exposicion_max"": 1.0, ""exposicion_min"": 0.0, ""extras"": [], ""fx"": false, ""max_dias_fx"": 10, ""min_historia"": 1, ""periodos_por_anio"": 252, ""permitir_capturas"": false, ""rebalanceo_con_deriva"": true, ""segmentos"": [""dentro_muestra"", ""fuera_muestra""], ""senal"": ""senal_comprar_y_mantener"", ""spread_por_lado"": 0.0005, ""usuario"": {""frecuencia"": ""diaria""}, ""variante"": ""usd_referencia_diaria""}",S8
2026-09-25T06:56:32.468768Z,R08,c74b550f13,usd_referencia_diaria,0,dentro_muestra,1993-12-31,2007-05-31,3377,252,USD,3.094666898219419,0.11082229499997776,0.16489962767947075,0.488159807396371,0.6960439140450108,-0.49225604938802037,0.22513140293096162,0.030751177391142536,-0.09356502088039506,6.801339575601535,0.9627038343755372,1.0,1.0,0.07455603184323331,0.00025349050826699326,1,0.11110439350093437,0.03902309506340207,0.0029,0.0005,2007-05-31,13911108d699e114,French diario CRSP 202607 sha256 1916d331c2c51d2a; DEXMXUS; CETES28 devengado por dia natural,"{""comision_por_lado"": 0.0029, ""cortes"": [""2007-05-31""], ""efectivo_en_mxn"": false, ""exposicion_inicial"": 0.0, ""exposicion_max"": 1.0, ""exposicion_min"": 0.0, ""extras"": [], ""fx"": false, ""max_dias_fx"": 10, ""min_historia"": 1, ""periodos_por_anio"": 252, ""permitir_capturas"": false, ""rebalanceo_con_deriva"": true, ""segmentos"": [""dentro_muestra"", ""fuera_muestra""], ""senal"": ""senal_comprar_y_mantener"", ""spread_por_lado"": 0.0005, ""usuario"": {""frecuencia"": ""diaria""}, ""variante"": ""usd_referencia_diaria""}",S8
2026-09-25T06:56:32.468768Z,R08,c74b550f13,usd_referencia_diaria,0,fuera_muestra,2007-05-31,2026-07-31,4822,252,USD,6.1797810874537,0.10831772524838068,0.20100392374282183,0.5393673555638557,0.7537278580795609,-0.5456553593385387,0.19850941330382418,0.033976949717345536,-0.25283544769120814,13.886297790115384,0.9904800402025653,1.0,1.0,0.0,0.0,0,0.10831772524838068,0.014957426870352064,0.0029,0.0005,2007-05-31,13911108d699e114,French diario CRSP 202607 sha256 1916d331c2c51d2a; DEXMXUS; CETES28 devengado por dia natural,"{""comision_por_lado"": 0.0029, ""cortes"": [""2007-05-31""], ""efectivo_en_mxn"": false, ""exposicion_inicial"": 0.0, ""exposicion_max"": 1.0, ""exposicion_min"": 0.0, ""extras"": [], ""fx"": false, ""max_dias_fx"": 10, ""min_historia"": 1, ""periodos_por_anio"": 252, ""permitir_capturas"": false, ""rebalanceo_con_deriva"": true, ""segmentos"": [""dentro_muestra"", ""fuera_muestra""], ""senal"": ""senal_comprar_y_mantener"", ""spread_por_lado"": 0.0005, ""usuario"": {""frecuencia"": ""diaria""}, ""variante"": ""usd_referencia_diaria""}",S8
2026-09-25T06:56:32.572452Z,R08,fb354a2a9a,mxn_h000_diaria,0,completo,1993-12-31,2026-07-31,8199,252,MXN,162.86432397262345,0.1694180263467917,0.20831477594063508,0.3418483970350112,0.5178017634989411,-0.45668104275883314,0.3709767003318747,0.021534424872397845,1.5464489832810755,36.12024236291659,0.976087721339661,1.0,1.0,0.030693277310924375,0.00010435714285714287,1,0.16954027779505343,0.112691205202476,0.0029,0.0005,2007-05-31,74b7b6565df806e8,French diario CRSP 202607 sha256 1916d331c2c51d2a; DEXMXUS; CETES28 devengado por dia natural,"{""comision_por_lado"": 0.0029, ""cortes"": [""2007-05-31""], ""efectivo_en_mxn"": true, ""exposicion_inicial"": 0.0, ""exposicion_max"": 1.0, ""exposicion_min"": 0.0, ""extras"": [""fx""], ""fx"": true, ""max_dias_fx"": 10, ""min_historia"": 1, ""periodos_por_anio"": 252, ""permitir_capturas"": false, ""rebalanceo_con_deriva"": true, ""segmentos"": [""dentro_muestra"", ""fuera_muestra""], ""senal"": ""senal_comprar_y_mantener"", ""spread_por_lado"": 0.0005, ""usuario"": {""frecuencia"": ""diaria"", ""h"": 0.0}, ""variante"": ""mxn_h000_diaria""}",S8
2026-09-25T06:56:32.572452Z,R08,fb354a2a9a,mxn_h000_diaria,0,dentro_muestra,1993-12-31,2007-05-31,3377,252,MXN,13.146889688893221,0.21839670463400673,0.22355415342838328,0.22985897379559453,0.36471922460517064,-0.45668104275883314,0.4782259042649576,0.014479754316182276,2.6889509246862078,52.67690393842415,0.8042743602167499,1.0,1.0,0.07455603184323331,0.00025349050826699326,1,0.21870612215784901,0.18594909814512928,0.0029,0.0005,2007-05-31,74b7b6565df806e8,French diario CRSP 202607 sha256 1916d331c2c51d2a; DEXMXUS; CETES28 devengado por dia natural,"{""comision_por_lado"": 0.0029, ""cortes"": [""2007-05-31""], ""efectivo_en_mxn"": true, ""exposicion_inicial"": 0.0, ""exposicion_max"": 1.0, ""exposicion_min"": 0.0, ""extras"": [""fx""], ""fx"": true, ""max_dias_fx"": 10, ""min_historia"": 1, ""periodos_por_anio"": 252, ""permitir_capturas"": false, ""rebalanceo_con_deriva"": true, ""segmentos"": [""dentro_muestra"", ""fuera_muestra""], ""senal"": ""senal_comprar_y_mantener"", ""spread_por_lado"": 0.0005, ""usuario"": {""frecuencia"": ""diaria"", ""h"": 0.0}, ""variante"": ""mxn_h000_diaria""}",S8
2026-09-25T06:56:32.572452Z,R08,fb354a2a9a,mxn_h000_diaria,0,fuera_muestra,2007-05-31,2026-07-31,4822,252,MXN,10.583063668141406,0.13632054480062283,0.19694194370267953,0.43206830001778623,0.6297972485965064,-0.38345469274524346,0.3555062628772948,0.027217744553369207,0.36136210405794633,15.695677915740454,0.9710582450354952,1.0,1.0,0.0,0.0,0,0.13632054480062283,0.0641366568056232,0.0029,0.0005,2007-05-31,74b7b6565df806e8,French diario CRSP 202607 sha256 1916d331c2c51d2a; DEXMXUS; CETES28 devengado por dia natural,"{""comision_por_lado"": 0.0029, ""cortes"": [""2007-05-31""], ""efectivo_en_mxn"": true, ""exposicion_inicial"": 0.0, ""exposicion_max"": 1.0, ""exposicion_min"": 0.0, ""extras"": [""fx""], ""fx"": true, ""max_dias_fx"": 10, ""min_historia"": 1, ""periodos_por_anio"": 252, ""permitir_capturas"": false, ""rebalanceo_con_deriva"": true, ""segmentos"": [""dentro_muestra"", ""fuera_muestra""], ""senal"": ""senal_comprar_y_mantener"", ""spread_por_lado"": 0.0005, ""usuario"": {""frecuencia"": ""diaria"", ""h"": 0.0}, ""variante"": ""mxn_h000_diaria""}",S8
2026-09-25T06:56:32.659695Z,R08,9cb108a093,mxn_h100_diaria,0,completo,1993-12-31,2026-07-31,8199,252,MXN,349.80368977144434,0.19706121500185314,0.18769587900867177,0.4845708379926019,0.6781132833661555,-0.5165625253111052,0.38148569697960755,0.030525093569585566,-0.2659879541672004,12.983017485817205,0.9970099660526421,1.0,1.0,0.030693277310924375,0.00010435714285714287,1,0.19718635628058712,0.112691205202476,0.0029,0.0005,2007-05-31,fb9a7db175952f5b,French diario CRSP 202607 sha256 1916d331c2c51d2a; DEXMXUS; CETES28 devengado por dia natural,"{""comision_por_lado"": 0.0029, ""cortes"": [""2007-05-31""], ""efectivo_en_mxn"": false, ""exposicion_inicial"": 0.0, ""exposicion_max"": 1.0, ""exposicion_min"": 0.0, ""extras"": [], ""fx"": false, ""max_dias_fx"": 10, ""min_historia"": 1, ""periodos_por_anio"": 252, ""permitir_capturas"": false, ""rebalanceo_con_deriva"": true, ""segmentos"": [""dentro_muestra"", ""fuera_muestra""], ""senal"": ""senal_comprar_y_mantener"", ""spread_por_lado"": 0.0005, ""usuario"": {""frecuencia"": ""diaria"", ""h"": 1.0}, ""variante"": ""mxn_h100_diaria""}",S8 cobertura renovada a diario
2026-09-25T06:56:32.659695Z,R08,9cb108a093,mxn_h100_diaria,0,dentro_muestra,1993-12-31,2007-05-31,3377,252,MXN,22.240633361182606,0.26433460957441746,0.16568409481181856,0.4711964576436814,0.6704587220583218,-0.3982783102659865,0.6636932083946124,0.029682586799518115,-0.109100581686536,6.896018327601314,0.9573526930238161,1.0,1.0,0.07455603184323331,0.00025349050826699326,1,0.26465569324340166,0.18594909814512928,0.0029,0.0005,2007-05-31,fb9a7db175952f5b,French diario CRSP 202607 sha256 1916d331c2c51d2a; DEXMXUS; CETES28 devengado por dia natural,"{""comision_por_lado"": 0.0029, ""cortes"": [""2007-05-31""], ""efectivo_en_mxn"": false, ""exposicion_inicial"": 0.0, ""exposicion_max"": 1.0, ""exposicion_min"": 0.0, ""extras"": [], ""fx"": false, ""max_dias_fx"": 10, ""min_historia"": 1, ""periodos_por_anio"": 252, ""permitir_capturas"": false, ""rebalanceo_con_deriva"": true, ""segmentos"": [""dentro_muestra"", ""fuera_muestra""], ""senal"": ""senal_comprar_y_mantener"", ""spread_por_lado"": 0.0005, ""usuario"": {""frecuencia"": ""diaria"", ""h"": 1.0}, ""variante"": ""mxn_h100_diaria""}",S8 cobertura renovada a diario
2026-09-25T06:56:32.659695Z,R08,9cb108a093,mxn_h100_diaria,0,fuera_muestra,2007-05-31,2026-07-31,4822,252,MXN,14.094411770953139,0.15212648217047953,0.20167285239148758,0.4957540568146416,0.6885518543968173,-0.5165625253111045,0.29449771269965813,0.031229570137688747,-0.3240998851236874,14.311576821303396,0.9843809763523255,1.0,1.0,0.0,0.0,0,0.15212648217047953,0.0641366568056232,0.0029,0.0005,2007-05-31,fb9a7db175952f5b,French diario CRSP 202607 sha256 1916d331c2c51d2a; DEXMXUS; CETES28 devengado por dia natural,"{""comision_por_lado"": 0.0029, ""cortes"": [""2007-05-31""], ""efectivo_en_mxn"": false, ""exposicion_inicial"": 0.0, ""exposicion_max"": 1.0, ""exposicion_min"": 0.0, ""extras"": [], ""fx"": false, ""max_dias_fx"": 10, ""min_historia"": 1, ""periodos_por_anio"": 252, ""permitir_capturas"": false, ""rebalanceo_con_deriva"": true, ""segmentos"": [""dentro_muestra"", ""fuera_muestra""], ""senal"": ""senal_comprar_y_mantener"", ""spread_por_lado"": 0.0005, ""usuario"": {""frecuencia"": ""diaria"", ""h"": 1.0}, ""variante"": ""mxn_h100_diaria""}",S8 cobertura renovada a diario
2026-09-25T06:56:32.707509Z,R08,d6c35e442b,gspc_precio_usd,0,completo,1993-12-31,2026-07-31,391,12,USD,15.00226170173261,0.0888304874245931,0.1496334177463592,0.48385439175122796,0.7006661196593059,-0.5255585947031326,0.16902109169153623,0.13967673166307706,-0.5626395191490727,3.953673859311448,0.9958355988794614,1.0,1.0,0.030693277310924375,0.00010435714285714287,1,0.08894431421792115,0.024578274868084726,0.0029,0.0005,2007-05-31,021378e8b9ff2e03,Yahoo ^GSPC (precio) huella de1e2a5f437e88d1; DEXMXUS,"{""comision_por_lado"": 0.0029, ""cortes"": [""2007-05-31""], ""efectivo_en_mxn"": false, ""exposicion_inicial"": 0.0, ""exposicion_max"": 1.0, ""exposicion_min"": 0.0, ""extras"": [], ""fx"": false, ""max_dias_fx"": 10, ""min_historia"": 1, ""periodos_por_anio"": 12, ""permitir_capturas"": false, ""rebalanceo_con_deriva"": true, ""segmentos"": [""dentro_muestra"", ""fuera_muestra""], ""senal"": ""senal_comprar_y_mantener"", ""spread_por_lado"": 0.0005, ""usuario"": {""indice"": ""^GSPC precio""}, ""variante"": ""gspc_precio_usd""}",S3b capitulo
2026-09-25T06:56:32.707509Z,R08,d6c35e442b,gspc_precio_usd,0,dentro_muestra,1993-12-31,2007-05-31,161,12,USD,2.2702665820849885,0.09235871576309451,0.1408231409859931,0.4264872556398794,0.6100207558000105,-0.4628116596094133,0.1995600453131194,0.12311626592481456,-0.6297934027087583,3.880245104893814,0.9322413268463954,1.0,1.0,0.07455603184323331,0.00025349050826699326,1,0.09263612535201826,0.03938416008294898,0.0029,0.0005,2007-05-31,021378e8b9ff2e03,Yahoo ^GSPC (precio) huella de1e2a5f437e88d1; DEXMXUS,"{""comision_por_lado"": 0.0029, ""cortes"": [""2007-05-31""], ""efectivo_en_mxn"": false, ""exposicion_inicial"": 0.0, ""exposicion_max"": 1.0, ""exposicion_min"": 0.0, ""extras"": [], ""fx"": false, ""max_dias_fx"": 10, ""min_historia"": 1, ""periodos_por_anio"": 12, ""permitir_capturas"": false, ""rebalanceo_con_deriva"": true, ""segmentos"": [""dentro_muestra"", ""fuera_muestra""], ""senal"": ""senal_comprar_y_mantener"", ""spread_por_lado"": 0.0005, ""usuario"": {""indice"": ""^GSPC precio""}, ""variante"": ""gspc_precio_usd""}",S3b capitulo
2026-09-25T06:56:32.707509Z,R08,d6c35e442b,gspc_precio_usd,0,fuera_muestra,2007-05-31,2026-07-31,230,12,USD,3.8932590967951732,0.08636836374556212,0.15580603221020228,0.5202403658592386,0.7600148314832649,-0.5255585947031325,0.16433631685606478,0.1501804576360704,-0.534766644157728,3.9352186001822886,0.984995718549798,1.0,1.0,0.0,0.0,0,0.08636836374556212,0.014343358766019998,0.0029,0.0005,2007-05-31,021378e8b9ff2e03,Yahoo ^GSPC (precio) huella de1e2a5f437e88d1; DEXMXUS,"{""comision_por_lado"": 0.0029, ""cortes"": [""2007-05-31""], ""efectivo_en_mxn"": false, ""exposicion_inicial"": 0.0, ""exposicion_max"": 1.0, ""exposicion_min"": 0.0, ""extras"": [], ""fx"": false, ""max_dias_fx"": 10, ""min_historia"": 1, ""periodos_por_anio"": 12, ""permitir_capturas"": false, ""rebalanceo_con_deriva"": true, ""segmentos"": [""dentro_muestra"", ""fuera_muestra""], ""senal"": ""senal_comprar_y_mantener"", ""spread_por_lado"": 0.0005, ""usuario"": {""indice"": ""^GSPC precio""}, ""variante"": ""gspc_precio_usd""}",S3b capitulo
2026-09-25T06:56:32.719554Z,R08,31e6cfa884,gspc_precio_mxn_h000,0,completo,1993-12-31,2026-07-31,391,12,MXN,88.19407354889483,0.1477893841571949,0.1644405793446426,0.2728396660731857,0.45797508682317806,-0.41850424419347276,0.35313712156494276,0.07876202732648069,2.2483528599752503,25.21737995335515,0.953208933338804,1.0,1.0,0.030693277310924375,0.00010435714285714287,1,0.1479093745381801,0.11172233927432984,0.0029,0.0005,2007-05-31,1bafce93b1c2be99,Yahoo ^GSPC (precio) huella de1e2a5f437e88d1; DEXMXUS,"{""comision_por_lado"": 0.0029, ""cortes"": [""2007-05-31""], ""efectivo_en_mxn"": true, ""exposicion_inicial"": 0.0, ""exposicion_max"": 1.0, ""exposicion_min"": 0.0, ""extras"": [""fx""], ""fx"": true, ""max_dias_fx"": 10, ""min_historia"": 1, ""periodos_por_anio"": 12, ""permitir_capturas"": false, ""rebalanceo_con_deriva"": true, ""segmentos"": [""dentro_muestra"", ""fuera_muestra""], ""senal"": ""senal_comprar_y_mantener"", ""spread_por_lado"": 0.0005, ""usuario"": {""h"": 0.0, ""indice"": ""^GSPC precio""}, ""variante"": ""gspc_precio_mxn_h000""}",S3b capitulo
2026-09-25T06:56:32.719554Z,R08,31e6cfa884,gspc_precio_mxn_h000,0,dentro_muestra,1993-12-31,2007-05-31,161,12,MXN,10.298623731798143,0.19814507284805316,0.19978704946179948,0.14943766756318103,0.26772854127667867,-0.41850424419347276,0.47346012757866207,0.043138938797336185,3.139367410115805,27.983905384717655,0.7199314368988501,1.0,1.0,0.07455603184323331,0.00025349050826699326,1,0.1984493473755813,0.18374024165064107,0.0029,0.0005,2007-05-31,1bafce93b1c2be99,Yahoo ^GSPC (precio) huella de1e2a5f437e88d1; DEXMXUS,"{""comision_por_lado"": 0.0029, ""cortes"": [""2007-05-31""], ""efectivo_en_mxn"": true, ""exposicion_inicial"": 0.0, ""exposicion_max"": 1.0, ""exposicion_min"": 0.0, ""extras"": [""fx""], ""fx"": true, ""max_dias_fx"": 10, ""min_historia"": 1, ""periodos_por_anio"": 12, ""permitir_capturas"": false, ""rebalanceo_con_deriva"": true, ""segmentos"": [""dentro_muestra"", ""fuera_muestra""], ""senal"": ""senal_comprar_y_mantener"", ""spread_por_lado"": 0.0005, ""usuario"": {""h"": 0.0, ""indice"": ""^GSPC precio""}, ""variante"": ""gspc_precio_mxn_h000""}",S3b capitulo
2026-09-25T06:56:32.719554Z,R08,31e6cfa884,gspc_precio_mxn_h000,0,fuera_muestra,2007-05-31,2026-07-31,230,12,MXN,6.8942423135901665,0.11381660946446459,0.13389448978219168,0.4084593874924952,0.6320101468599965,-0.3354548110603661,0.33929043707762757,0.11791206866091089,0.02227730422921562,4.006769458706386,0.9622482467422296,1.0,1.0,0.0,0.0,0,0.11381660946446459,0.0639492100778396,0.0029,0.0005,2007-05-31,1bafce93b1c2be99,Yahoo ^GSPC (precio) huella de1e2a5f437e88d1; DEXMXUS,"{""comision_por_lado"": 0.0029, ""cortes"": [""2007-05-31""], ""efectivo_en_mxn"": true, ""exposicion_inicial"": 0.0, ""exposicion_max"": 1.0, ""exposicion_min"": 0.0, ""extras"": [""fx""], ""fx"": true, ""max_dias_fx"": 10, ""min_historia"": 1, ""periodos_por_anio"": 12, ""permitir_capturas"": false, ""rebalanceo_con_deriva"": true, ""segmentos"": [""dentro_muestra"", ""fuera_muestra""], ""senal"": ""senal_comprar_y_mantener"", ""spread_por_lado"": 0.0005, ""usuario"": {""h"": 0.0, ""indice"": ""^GSPC precio""}, ""variante"": ""gspc_precio_mxn_h000""}",S3b capitulo
2026-09-25T06:56:32.738276Z,R08,a00ab9d62f,mxn_h000_fix,0,completo,1993-12-31,2026-07-31,391,12,MXN,161.74326676240716,0.16917164915694083,0.16740696872051977,0.382989978436771,0.6551628294568352,-0.39642651319883104,0.42674151078308775,0.11055968357369936,2.088361441697331,23.48325818477849,0.991468861203112,1.0,1.0,0.030693277310924375,0.00010435714285714287,1,0.16929387484882819,0.11172233927432984,0.0029,0.0005,2007-05-31,27d52a154213736d,French CRSP 202607; Banxico FIX SF43718 huella 5458d96e1cdefe5a; CETES SF43936,"{""comision_por_lado"": 0.0029, ""cortes"": [""2007-05-31""], ""efectivo_en_mxn"": true, ""exposicion_inicial"": 0.0, ""exposicion_max"": 1.0, ""exposicion_min"": 0.0, ""extras"": [""fx""], ""fx"": true, ""max_dias_fx"": 10, ""min_historia"": 1, ""periodos_por_anio"": 12, ""permitir_capturas"": false, ""rebalanceo_con_deriva"": true, ""segmentos"": [""dentro_muestra"", ""fuera_muestra""], ""senal"": ""senal_comprar_y_mantener"", ""spread_por_lado"": 0.0005, ""usuario"": {""fx"": ""FIX"", ""h"": 0.0}, ""variante"": ""mxn_h000_fix""}",S1
2026-09-25T06:56:32.738276Z,R08,a00ab9d62f,mxn_h000_fix,0,dentro_muestra,1993-12-31,2007-05-31,161,12,MXN,13.222020649250076,0.21887794777451108,0.20259505578734716,0.23712100068650566,0.4247925920580359,-0.39642651319883104,0.5521274195521101,0.06845093678843374,2.924054496666495,26.310124566353867,0.8291157540416281,1.0,1.0,0.07455603184323331,0.00025349050826699326,1,0.21918748751229233,0.18374024165064107,0.0029,0.0005,2007-05-31,27d52a154213736d,French CRSP 202607; Banxico FIX SF43718 huella 5458d96e1cdefe5a; CETES SF43936,"{""comision_por_lado"": 0.0029, ""cortes"": [""2007-05-31""], ""efectivo_en_mxn"": true, ""exposicion_inicial"": 0.0, ""exposicion_max"": 1.0, ""exposicion_min"": 0.0, ""extras"": [""fx""], ""fx"": true, ""max_dias_fx"": 10, ""min_historia"": 1, ""periodos_por_anio"": 12, ""permitir_capturas"": false, ""rebalanceo_con_deriva"": true, ""segmentos"": [""dentro_muestra"", ""fuera_muestra""], ""senal"": ""senal_comprar_y_mantener"", ""spread_por_lado"": 0.0005, ""usuario"": {""fx"": ""FIX"", ""h"": 0.0}, ""variante"": ""mxn_h000_fix""}",S1
2026-09-25T06:56:32.738276Z,R08,a00ab9d62f,mxn_h000_fix,0,fuera_muestra,2007-05-31,2026-07-31,230,12,MXN,10.443048127692647,0.1355997955207704,0.1372075262277403,0.5434240845446086,0.8768725126468238,-0.30056061851663873,0.4511562299478823,0.15687302074797785,0.0766883020632865,4.047028099587771,0.9910089872959187,1.0,1.0,0.0,0.0,0,0.1355997955207704,0.0639492100778396,0.0029,0.0005,2007-05-31,27d52a154213736d,French CRSP 202607; Banxico FIX SF43718 huella 5458d96e1cdefe5a; CETES SF43936,"{""comision_por_lado"": 0.0029, ""cortes"": [""2007-05-31""], ""efectivo_en_mxn"": true, ""exposicion_inicial"": 0.0, ""exposicion_max"": 1.0, ""exposicion_min"": 0.0, ""extras"": [""fx""], ""fx"": true, ""max_dias_fx"": 10, ""min_historia"": 1, ""periodos_por_anio"": 12, ""permitir_capturas"": false, ""rebalanceo_con_deriva"": true, ""segmentos"": [""dentro_muestra"", ""fuera_muestra""], ""senal"": ""senal_comprar_y_mantener"", ""spread_por_lado"": 0.0005, ""usuario"": {""fx"": ""FIX"", ""h"": 0.0}, ""variante"": ""mxn_h000_fix""}",S1
2026-09-25T06:56:32.744281Z,R08,fb28d84aa9,mxn_h100_fix,0,completo,1993-12-31,2026-07-31,391,12,MXN,312.67916171340164,0.19295847528205745,0.16145869019927644,0.5353884221743924,0.7652008832004553,-0.48678664088510926,0.3963922981353945,0.15455332483169726,-0.7712903025006626,4.698451977958899,0.9978617652620383,1.0,1.0,0.030693277310924375,0.00010435714285714287,1,0.19308318765866983,0.11172233927432984,0.0029,0.0005,2007-05-31,2b0c2933e15bfc8f,French CRSP 202607; Banxico FIX SF43718 huella 5458d96e1cdefe5a; CETES SF43936,"{""comision_por_lado"": 0.0029, ""cortes"": [""2007-05-31""], ""efectivo_en_mxn"": false, ""exposicion_inicial"": 0.0, ""exposicion_max"": 1.0, ""exposicion_min"": 0.0, ""extras"": [], ""fx"": false, ""max_dias_fx"": 10, ""min_historia"": 1, ""periodos_por_anio"": 12, ""permitir_capturas"": false, ""rebalanceo_con_deriva"": true, ""segmentos"": [""dentro_muestra"", ""fuera_muestra""], ""senal"": ""senal_comprar_y_mantener"", ""spread_por_lado"": 0.0005, ""usuario"": {""fx"": ""FIX"", ""h"": 1.0}, ""variante"": ""mxn_h100_fix""}",S1
2026-09-25T06:56:32.744281Z,R08,fb28d84aa9,mxn_h100_fix,0,dentro_muestra,1993-12-31,2007-05-31,161,12,MXN,20.932919242394256,0.25888723207298425,0.15770537933144163,0.5045990297210634,0.7120895829912252,-0.36195150788607655,0.7152539122850359,0.14566519282113996,-0.8959459496906544,4.612207224863573,0.9571399729053947,1.0,1.0,0.07455603184323331,0.00025349050826699326,1,0.2592069323550541,0.18374024165064107,0.0029,0.0005,2007-05-31,2b0c2933e15bfc8f,French CRSP 202607; Banxico FIX SF43718 huella 5458d96e1cdefe5a; CETES SF43936,"{""comision_por_lado"": 0.0029, ""cortes"": [""2007-05-31""], ""efectivo_en_mxn"": false, ""exposicion_inicial"": 0.0, ""exposicion_max"": 1.0, ""exposicion_min"": 0.0, ""extras"": [], ""fx"": false, ""max_dias_fx"": 10, ""min_historia"": 1, ""periodos_por_anio"": 12, ""permitir_capturas"": false, ""rebalanceo_con_deriva"": true, ""segmentos"": [""dentro_muestra"", ""fuera_muestra""], ""senal"": ""senal_comprar_y_mantener"", ""spread_por_lado"": 0.0005, ""usuario"": {""fx"": ""FIX"", ""h"": 1.0}, ""variante"": ""mxn_h100_fix""}",S1
2026-09-25T06:56:32.744281Z,R08,fb28d84aa9,mxn_h100_fix,0,fuera_muestra,2007-05-31,2026-07-31,230,12,MXN,13.301751547376767,0.1488886745198157,0.16349292504865082,0.5549564648427637,0.8004330163927844,-0.48678664088510903,0.30586023118690364,0.16020213218274637,-0.7108199796518873,4.669399313815829,0.9884910840221977,1.0,1.0,0.0,0.0,0,0.1488886745198157,0.0639492100778396,0.0029,0.0005,2007-05-31,2b0c2933e15bfc8f,French CRSP 202607; Banxico FIX SF43718 huella 5458d96e1cdefe5a; CETES SF43936,"{""comision_por_lado"": 0.0029, ""cortes"": [""2007-05-31""], ""efectivo_en_mxn"": false, ""exposicion_inicial"": 0.0, ""exposicion_max"": 1.0, ""exposicion_min"": 0.0, ""extras"": [], ""fx"": false, ""max_dias_fx"": 10, ""min_historia"": 1, ""periodos_por_anio"": 12, ""permitir_capturas"": false, ""rebalanceo_con_deriva"": true, ""segmentos"": [""dentro_muestra"", ""fuera_muestra""], ""senal"": ""senal_comprar_y_mantener"", ""spread_por_lado"": 0.0005, ""usuario"": {""fx"": ""FIX"", ""h"": 1.0}, ""variante"": ""mxn_h100_fix""}",S1
2026-09-25T06:56:32.757582Z,R08,91801ffb04,mxn_h000_fix_desde1991,0,completo,1991-11-30,2026-07-31,416,12,MXN,222.772807101167,0.16891492316879164,0.16411214602285293,0.367560963065685,0.6282204316295732,-0.3964265131988308,0.426093910333568,0.10610571048478566,2.1111644388934043,23.968889303591087,0.9908015288701384,1.0,1.0,0.028846153846153848,9.807692307692307e-05,1,0.16902976772607237,0.11508687090263425,0.0029,0.0005,2007-05-31,5527db320e82eff4,French CRSP 202607; Banxico FIX SF43718 huella 5458d96e1cdefe5a; CETES SF43936,"{""comision_por_lado"": 0.0029, ""cortes"": [""2007-05-31""], ""efectivo_en_mxn"": true, ""exposicion_inicial"": 0.0, ""exposicion_max"": 1.0, ""exposicion_min"": 0.0, ""extras"": [""fx""], ""fx"": true, ""max_dias_fx"": 10, ""min_historia"": 1, ""periodos_por_anio"": 12, ""permitir_capturas"": false, ""rebalanceo_con_deriva"": true, ""segmentos"": [""dentro_muestra"", ""fuera_muestra""], ""senal"": ""senal_comprar_y_mantener"", ""spread_por_lado"": 0.0005, ""usuario"": {""base"": ""1991-11-30"", ""fx"": ""FIX"", ""h"": 0.0}, ""variante"": ""mxn_h000_fix_desde1991""}",S2
2026-09-25T06:56:32.757582Z,R08,91801ffb04,mxn_h000_fix_desde1991,0,dentro_muestra,1991-11-30,2007-05-31,186,12,MXN,18.55534964146724,0.2114708691893561,0.19201000560297318,0.21745999423866377,0.38806520498371505,-0.3964265131988308,0.5334427999857094,0.0627752931058335,3.0156360879026773,28.364158581651616,0.8245685726100915,1.0,1.0,0.06452040275569687,0.00021936936936936937,1,0.21173711085925895,0.18174140100368685,0.0029,0.0005,2007-05-31,5527db320e82eff4,French CRSP 202607; Banxico FIX SF43718 huella 5458d96e1cdefe5a; CETES SF43936,"{""comision_por_lado"": 0.0029, ""cortes"": [""2007-05-31""], ""efectivo_en_mxn"": true, ""exposicion_inicial"": 0.0, ""exposicion_max"": 1.0, ""exposicion_min"": 0.0, ""extras"": [""fx""], ""fx"": true, ""max_dias_fx"": 10, ""min_historia"": 1, ""periodos_por_anio"": 12, ""permitir_capturas"": false, ""rebalanceo_con_deriva"": true, ""segmentos"": [""dentro_muestra"", ""fuera_muestra""], ""senal"": ""senal_comprar_y_mantener"", ""spread_por_lado"": 0.0005, ""usuario"": {""base"": ""1991-11-30"", ""fx"": ""FIX"", ""h"": 0.0}, ""variante"": ""mxn_h000_fix_desde1991""}",S2
2026-09-25T06:56:32.757582Z,R08,91801ffb04,mxn_h000_fix_desde1991,0,fuera_muestra,2007-05-31,2026-07-31,230,12,MXN,10.443048127692647,0.1355997955207704,0.1372075262277403,0.5434240845446086,0.8768725126468238,-0.30056061851663873,0.4511562299478823,0.15687302074797785,0.0766883020632865,4.047028099587771,0.9910089872959187,1.0,1.0,0.0,0.0,0,0.1355997955207704,0.0639492100778396,0.0029,0.0005,2007-05-31,5527db320e82eff4,French CRSP 202607; Banxico FIX SF43718 huella 5458d96e1cdefe5a; CETES SF43936,"{""comision_por_lado"": 0.0029, ""cortes"": [""2007-05-31""], ""efectivo_en_mxn"": true, ""exposicion_inicial"": 0.0, ""exposicion_max"": 1.0, ""exposicion_min"": 0.0, ""extras"": [""fx""], ""fx"": true, ""max_dias_fx"": 10, ""min_historia"": 1, ""periodos_por_anio"": 12, ""permitir_capturas"": false, ""rebalanceo_con_deriva"": true, ""segmentos"": [""dentro_muestra"", ""fuera_muestra""], ""senal"": ""senal_comprar_y_mantener"", ""spread_por_lado"": 0.0005, ""usuario"": {""base"": ""1991-11-30"", ""fx"": ""FIX"", ""h"": 0.0}, ""variante"": ""mxn_h000_fix_desde1991""}",S2
2026-09-25T06:56:32.763138Z,R08,f28aa511e2,mxn_h100_fix_desde1991,0,completo,1991-11-30,2026-07-31,416,12,MXN,549.0813456523716,0.1996395533625066,0.15844215112053633,0.5597058698197316,0.8062257446792984,-0.48678664088510915,0.4101171572816957,0.16157316730371785,-0.7554146700779153,4.841827180884476,0.9989410286378205,1.0,1.0,0.028846153846153848,9.807692307692307e-05,1,0.19975741657964208,0.11508687090263425,0.0029,0.0005,2007-05-31,eef43aa8a87ae2a8,French CRSP 202607; Banxico FIX SF43718 huella 5458d96e1cdefe5a; CETES SF43936,"{""comision_por_lado"": 0.0029, ""cortes"": [""2007-05-31""], ""efectivo_en_mxn"": false, ""exposicion_inicial"": 0.0, ""exposicion_max"": 1.0, ""exposicion_min"": 0.0, ""extras"": [], ""fx"": false, ""max_dias_fx"": 10, ""min_historia"": 1, ""periodos_por_anio"": 12, ""permitir_capturas"": false, ""rebalanceo_con_deriva"": true, ""segmentos"": [""dentro_muestra"", ""fuera_muestra""], ""senal"": ""senal_comprar_y_mantener"", ""spread_por_lado"": 0.0005, ""usuario"": {""base"": ""1991-11-30"", ""fx"": ""FIX"", ""h"": 1.0}, ""variante"": ""mxn_h100_fix_desde1991""}",S2
2026-09-25T06:56:32.763138Z,R08,f28aa511e2,mxn_h100_fix_desde1991,0,dentro_muestra,1991-11-30,2007-05-31,186,12,MXN,37.46251585549797,0.26551492093015994,0.15099498839798725,0.5685321819789949,0.819601621499163,-0.36195150788607655,0.7335648979081756,0.16412110415426903,-0.8367589214251242,4.9257625582734885,0.980739704169171,1.0,1.0,0.06452040275569687,0.00021936936936936937,1,0.26579303971485757,0.18174140100368685,0.0029,0.0005,2007-05-31,eef43aa8a87ae2a8,French CRSP 202607; Banxico FIX SF43718 huella 5458d96e1cdefe5a; CETES SF43936,"{""comision_por_lado"": 0.0029, ""cortes"": [""2007-05-31""], ""efectivo_en_mxn"": false, ""exposicion_inicial"": 0.0, ""exposicion_max"": 1.0, ""exposicion_min"": 0.0, ""extras"": [], ""fx"": false, ""max_dias_fx"": 10, ""min_historia"": 1, ""periodos_por_anio"": 12, ""permitir_capturas"": false, ""rebalanceo_con_deriva"": true, ""segmentos"": [""dentro_muestra"", ""fuera_muestra""], ""senal"": ""senal_comprar_y_mantener"", ""spread_por_lado"": 0.0005, ""usuario"": {""base"": ""1991-11-30"", ""fx"": ""FIX"", ""h"": 1.0}, ""variante"": ""mxn_h100_fix_desde1991""}",S2
2026-09-25T06:56:32.763138Z,R08,f28aa511e2,mxn_h100_fix_desde1991,0,fuera_muestra,2007-05-31,2026-07-31,230,12,MXN,13.301751547376767,0.1488886745198157,0.16349292504865082,0.5549564648427637,0.8004330163927844,-0.48678664088510903,0.30586023118690364,0.16020213218274637,-0.7108199796518873,4.669399313815829,0.9884910840221977,1.0,1.0,0.0,0.0,0,0.1488886745198157,0.0639492100778396,0.0029,0.0005,2007-05-31,eef43aa8a87ae2a8,French CRSP 202607; Banxico FIX SF43718 huella 5458d96e1cdefe5a; CETES SF43936,"{""comision_por_lado"": 0.0029, ""cortes"": [""2007-05-31""], ""efectivo_en_mxn"": false, ""exposicion_inicial"": 0.0, ""exposicion_max"": 1.0, ""exposicion_min"": 0.0, ""extras"": [], ""fx"": false, ""max_dias_fx"": 10, ""min_historia"": 1, ""periodos_por_anio"": 12, ""permitir_capturas"": false, ""rebalanceo_con_deriva"": true, ""segmentos"": [""dentro_muestra"", ""fuera_muestra""], ""senal"": ""senal_comprar_y_mantener"", ""spread_por_lado"": 0.0005, ""usuario"": {""base"": ""1991-11-30"", ""fx"": ""FIX"", ""h"": 1.0}, ""variante"": ""mxn_h100_fix_desde1991""}",S2
2026-09-25T06:56:32.768608Z,R08,d27cb72c6c,usd_referencia_desde1991,0,completo,1991-11-30,2026-07-31,416,12,USD,38.60781784893917,0.1119617135523967,0.15139588561186043,0.616615305190754,0.9161824970603056,-0.5031170717166412,0.22253610510647562,0.17800150621916255,-0.5636356041277303,4.141083104710446,0.9996851229477894,1.0,1.0,0.028846153846153848,9.807692307692307e-05,1,0.11207096252182525,0.025055764094776167,0.0029,0.0005,2007-05-31,b669493dd74ff4fd,French CRSP 202607; Banxico FIX SF43718 huella 5458d96e1cdefe5a; CETES SF43936,"{""comision_por_lado"": 0.0029, ""cortes"": [""2007-05-31""], ""efectivo_en_mxn"": false, ""exposicion_inicial"": 0.0, ""exposicion_max"": 1.0, ""exposicion_min"": 0.0, ""extras"": [], ""fx"": false, ""max_dias_fx"": 10, ""min_historia"": 1, ""periodos_por_anio"": 12, ""permitir_capturas"": false, ""rebalanceo_con_deriva"": true, ""segmentos"": [""dentro_muestra"", ""fuera_muestra""], ""senal"": ""senal_comprar_y_mantener"", ""spread_por_lado"": 0.0005, ""usuario"": {""base"": ""1991-11-30""}, ""variante"": ""usd_referencia_desde1991""}",S2
2026-09-25T06:56:32.768608Z,R08,d27cb72c6c,usd_referencia_desde1991,0,dentro_muestra,1991-11-30,2007-05-31,186,12,USD,4.582406665764641,0.11733967991710803,0.13986728128407677,0.5977684397136143,0.876705475022136,-0.4499468448019661,0.26078564895538364,0.1725608847908589,-0.7102572420128495,4.323927656218318,0.9857825038907566,1.0,1.0,0.06452040275569687,0.00021936936936936937,1,0.11758523463063475,0.038460475482738676,0.0029,0.0005,2007-05-31,b669493dd74ff4fd,French CRSP 202607; Banxico FIX SF43718 huella 5458d96e1cdefe5a; CETES SF43936,"{""comision_por_lado"": 0.0029, ""cortes"": [""2007-05-31""], ""efectivo_en_mxn"": false, ""exposicion_inicial"": 0.0, ""exposicion_max"": 1.0, ""exposicion_min"": 0.0, ""extras"": [], ""fx"": false, ""max_dias_fx"": 10, ""min_historia"": 1, ""periodos_por_anio"": 12, ""permitir_capturas"": false, ""rebalanceo_con_deriva"": true, ""segmentos"": [""dentro_muestra"", ""fuera_muestra""], ""senal"": ""senal_comprar_y_mantener"", ""spread_por_lado"": 0.0005, ""usuario"": {""base"": ""1991-11-30""}, ""variante"": ""usd_referencia_desde1991""}",S2
2026-09-25T06:56:32.768608Z,R08,d27cb72c6c,usd_referencia_desde1991,0,fuera_muestra,2007-05-31,2026-07-31,230,12,USD,6.095115103642121,0.10763203000760235,0.1604128051716383,0.6312613712562105,0.947196910939548,-0.5031170717166412,0.2139303872960634,0.18222946131189272,-0.4905443924269237,3.9488993171371014,0.9955107809027375,1.0,1.0,0.0,0.0,0,0.10763203000760235,0.014343358766019998,0.0029,0.0005,2007-05-31,b669493dd74ff4fd,French CRSP 202607; Banxico FIX SF43718 huella 5458d96e1cdefe5a; CETES SF43936,"{""comision_por_lado"": 0.0029, ""cortes"": [""2007-05-31""], ""efectivo_en_mxn"": false, ""exposicion_inicial"": 0.0, ""exposicion_max"": 1.0, ""exposicion_min"": 0.0, ""extras"": [], ""fx"": false, ""max_dias_fx"": 10, ""min_historia"": 1, ""periodos_por_anio"": 12, ""permitir_capturas"": false, ""rebalanceo_con_deriva"": true, ""segmentos"": [""dentro_muestra"", ""fuera_muestra""], ""senal"": ""senal_comprar_y_mantener"", ""spread_por_lado"": 0.0005, ""usuario"": {""base"": ""1991-11-30""}, ""variante"": ""usd_referencia_desde1991""}",S2
2026-09-25T06:56:33.454738Z,R08,fbca9af6df,mxn_h000_sp500tr,0,completo,1993-12-31,2026-07-31,391,12,MXN,162.8841294767407,0.16942236434231117,0.16494735386512602,0.38807878510542987,0.6702321472628022,-0.40052524357621055,0.4230004651631254,0.11202869552370144,2.258928432897107,25.36423340556904,0.9926187740389144,1.0,1.0,0.030693277310924375,0.00010435714285714287,1,0.1695446162440688,0.11172233927432984,0.0029,0.0005,2007-05-31,376117accd4a930d,Yahoo ^SP500TR huella da53bc6647fa70db; DEXMXUS; CETES SF43936; RF French,"{""comision_por_lado"": 0.0029, ""cortes"": [""2007-05-31""], ""efectivo_en_mxn"": true, ""exposicion_inicial"": 0.0, ""exposicion_max"": 1.0, ""exposicion_min"": 0.0, ""extras"": [""fx""], ""fx"": true, ""max_dias_fx"": 10, ""min_historia"": 1, ""periodos_por_anio"": 12, ""permitir_capturas"": false, ""rebalanceo_con_deriva"": true, ""segmentos"": [""dentro_muestra"", ""fuera_muestra""], ""senal"": ""senal_comprar_y_mantener"", ""spread_por_lado"": 0.0005, ""usuario"": {""activo"": ""^SP500TR"", ""h"": 0.0}, ""variante"": ""mxn_h000_sp500tr""}",S3a
2026-09-25T06:56:33.454738Z,R08,fbca9af6df,mxn_h000_sp500tr,0,dentro_muestra,1993-12-31,2007-05-31,161,12,MXN,13.40881362753469,0.22006430908413344,0.20057875217169005,0.24271102199812072,0.44573077905561875,-0.40052524357621055,0.5494392990544686,0.07006463694295209,3.148507127982598,28.09784790327126,0.8372250547823278,1.0,1.0,0.07455603184323331,0.00025349050826699326,1,0.22037415010390093,0.18374024165064107,0.0029,0.0005,2007-05-31,376117accd4a930d,Yahoo ^SP500TR huella da53bc6647fa70db; DEXMXUS; CETES SF43936; RF French,"{""comision_por_lado"": 0.0029, ""cortes"": [""2007-05-31""], ""efectivo_en_mxn"": true, ""exposicion_inicial"": 0.0, ""exposicion_max"": 1.0, ""exposicion_min"": 0.0, ""extras"": [""fx""], ""fx"": true, ""max_dias_fx"": 10, ""min_historia"": 1, ""periodos_por_anio"": 12, ""permitir_capturas"": false, ""rebalanceo_con_deriva"": true, ""segmentos"": [""dentro_muestra"", ""fuera_muestra""], ""senal"": ""senal_comprar_y_mantener"", ""spread_por_lado"": 0.0005, ""usuario"": {""activo"": ""^SP500TR"", ""h"": 0.0}, ""variante"": ""mxn_h000_sp500tr""}",S3a
2026-09-25T06:56:33.454738Z,R08,fbca9af6df,mxn_h000_sp500tr,0,fuera_muestra,2007-05-31,2026-07-31,230,12,MXN,10.373880856059136,0.13524065736347657,0.13414448581894636,0.5504819922117334,0.8798439066922106,-0.3122100164364566,0.4331720644555354,0.15891046319374288,0.024118782275307404,4.004484755708356,0.9915011555886668,1.0,1.0,0.0,0.0,0,0.13524065736347657,0.0639492100778396,0.0029,0.0005,2007-05-31,376117accd4a930d,Yahoo ^SP500TR huella da53bc6647fa70db; DEXMXUS; CETES SF43936; RF French,"{""comision_por_lado"": 0.0029, ""cortes"": [""2007-05-31""], ""efectivo_en_mxn"": true, ""exposicion_inicial"": 0.0, ""exposicion_max"": 1.0, ""exposicion_min"": 0.0, ""extras"": [""fx""], ""fx"": true, ""max_dias_fx"": 10, ""min_historia"": 1, ""periodos_por_anio"": 12, ""permitir_capturas"": false, ""rebalanceo_con_deriva"": true, ""segmentos"": [""dentro_muestra"", ""fuera_muestra""], ""senal"": ""senal_comprar_y_mantener"", ""spread_por_lado"": 0.0005, ""usuario"": {""activo"": ""^SP500TR"", ""h"": 0.0}, ""variante"": ""mxn_h000_sp500tr""}",S3a
2026-09-25T06:56:33.460749Z,R08,918b39ef22,mxn_h100_sp500tr,0,completo,1993-12-31,2026-07-31,391,12,MXN,318.2076412875846,0.19359836591335622,0.15708015694082086,0.5508575164979828,0.7920745740282651,-0.4931224788818931,0.3925969190297744,0.15901886771761956,-0.7512601638843475,4.615003677236024,0.9983496017737059,1.0,1.0,0.030693277310924375,0.00010435714285714287,1,0.19372314518440215,0.11172233927432984,0.0029,0.0005,2007-05-31,04128e3891d1c555,Yahoo ^SP500TR huella da53bc6647fa70db; DEXMXUS; CETES SF43936; RF French,"{""comision_por_lado"": 0.0029, ""cortes"": [""2007-05-31""], ""efectivo_en_mxn"": false, ""exposicion_inicial"": 0.0, ""exposicion_max"": 1.0, ""exposicion_min"": 0.0, ""extras"": [], ""fx"": false, ""max_dias_fx"": 10, ""min_historia"": 1, ""periodos_por_anio"": 12, ""permitir_capturas"": false, ""rebalanceo_con_deriva"": true, ""segmentos"": [""dentro_muestra"", ""fuera_muestra""], ""senal"": ""senal_comprar_y_mantener"", ""spread_por_lado"": 0.0005, ""usuario"": {""activo"": ""^SP500TR"", ""h"": 1.0}, ""variante"": ""mxn_h100_sp500tr""}",S3a
2026-09-25T06:56:33.460749Z,R08,918b39ef22,mxn_h100_sp500tr,0,dentro_muestra,1993-12-31,2007-05-31,161,12,MXN,21.31286781990981,0.2605002577012734,0.15384724378097428,0.5256648085043133,0.7565334410630106,-0.35921650449270714,0.7251901136033745,0.1517463593467392,-0.7634979084467817,4.38367990579384,0.9641819400851352,1.0,1.0,0.07455603184323331,0.00025349050826699326,1,0.26082036761872196,0.18374024165064107,0.0029,0.0005,2007-05-31,04128e3891d1c555,Yahoo ^SP500TR huella da53bc6647fa70db; DEXMXUS; CETES SF43936; RF French,"{""comision_por_lado"": 0.0029, ""cortes"": [""2007-05-31""], ""efectivo_en_mxn"": false, ""exposicion_inicial"": 0.0, ""exposicion_max"": 1.0, ""exposicion_min"": 0.0, ""extras"": [], ""fx"": false, ""max_dias_fx"": 10, ""min_historia"": 1, ""periodos_por_anio"": 12, ""permitir_capturas"": false, ""rebalanceo_con_deriva"": true, ""segmentos"": [""dentro_muestra"", ""fuera_muestra""], ""senal"": ""senal_comprar_y_mantener"", ""spread_por_lado"": 0.0005, ""usuario"": {""activo"": ""^SP500TR"", ""h"": 1.0}, ""variante"": ""mxn_h100_sp500tr""}",S3a
2026-09-25T06:56:33.460749Z,R08,918b39ef22,mxn_h100_sp500tr,0,fuera_muestra,2007-05-31,2026-07-31,230,12,MXN,13.305988986442857,0.1489064311830517,0.1586993468884657,0.5669162544799683,0.8161967657588378,-0.4931224788818931,0.30196642327212997,0.16365462606599204,-0.7474323992064256,4.655150395675875,0.9896280730030296,1.0,1.0,0.0,0.0,0,0.1489064311830517,0.0639492100778396,0.0029,0.0005,2007-05-31,04128e3891d1c555,Yahoo ^SP500TR huella da53bc6647fa70db; DEXMXUS; CETES SF43936; RF French,"{""comision_por_lado"": 0.0029, ""cortes"": [""2007-05-31""], ""efectivo_en_mxn"": false, ""exposicion_inicial"": 0.0, ""exposicion_max"": 1.0, ""exposicion_min"": 0.0, ""extras"": [], ""fx"": false, ""max_dias_fx"": 10, ""min_historia"": 1, ""periodos_por_anio"": 12, ""permitir_capturas"": false, ""rebalanceo_con_deriva"": true, ""segmentos"": [""dentro_muestra"", ""fuera_muestra""], ""senal"": ""senal_comprar_y_mantener"", ""spread_por_lado"": 0.0005, ""usuario"": {""activo"": ""^SP500TR"", ""h"": 1.0}, ""variante"": ""mxn_h100_sp500tr""}",S3a
2026-09-25T06:56:33.466194Z,R08,84adee06b2,usd_referencia_sp500tr,0,completo,1993-12-31,2026-07-31,391,12,USD,28.402365250308023,0.10935223878815248,0.14973295608738477,0.6091842478142391,0.9038307293509928,-0.5094876760691069,0.21463176426924982,0.17585634473081532,-0.5645542651264429,3.9439884122319953,0.999478347475681,1.0,1.0,0.030693277310924375,0.00010435714285714287,1,0.10946821093392822,0.024578274868084726,0.0029,0.0005,2007-05-31,3dc1f68ab748e595,Yahoo ^SP500TR huella da53bc6647fa70db; DEXMXUS; CETES SF43936; RF French,"{""comision_por_lado"": 0.0029, ""cortes"": [""2007-05-31""], ""efectivo_en_mxn"": false, ""exposicion_inicial"": 0.0, ""exposicion_max"": 1.0, ""exposicion_min"": 0.0, ""extras"": [], ""fx"": false, ""max_dias_fx"": 10, ""min_historia"": 1, ""periodos_por_anio"": 12, ""permitir_capturas"": false, ""rebalanceo_con_deriva"": true, ""segmentos"": [""dentro_muestra"", ""fuera_muestra""], ""senal"": ""senal_comprar_y_mantener"", ""spread_por_lado"": 0.0005, ""usuario"": {""activo"": ""^SP500TR""}, ""variante"": ""usd_referencia_sp500tr""}",S3a
2026-09-25T06:56:33.466194Z,R08,84adee06b2,usd_referencia_sp500tr,0,dentro_muestra,1993-12-31,2007-05-31,161,12,USD,3.170477999103917,0.11234266369056645,0.14111535052822916,0.5556094545223491,0.8143308448289825,-0.4473372472155498,0.25113639516906594,0.1603906340663897,-0.6378958524426412,3.8783275639029817,0.9723384505416253,1.0,1.0,0.07455603184323331,0.00025349050826699326,1,0.11262514829624037,0.03938416008294898,0.0029,0.0005,2007-05-31,3dc1f68ab748e595,Yahoo ^SP500TR huella da53bc6647fa70db; DEXMXUS; CETES SF43936; RF French,"{""comision_por_lado"": 0.0029, ""cortes"": [""2007-05-31""], ""efectivo_en_mxn"": false, ""exposicion_inicial"": 0.0, ""exposicion_max"": 1.0, ""exposicion_min"": 0.0, ""extras"": [], ""fx"": false, ""max_dias_fx"": 10, ""min_historia"": 1, ""periodos_por_anio"": 12, ""permitir_capturas"": false, ""rebalanceo_con_deriva"": true, ""segmentos"": [""dentro_muestra"", ""fuera_muestra""], ""senal"": ""senal_comprar_y_mantener"", ""spread_por_lado"": 0.0005, ""usuario"": {""activo"": ""^SP500TR""}, ""variante"": ""usd_referencia_sp500tr""}",S3a
2026-09-25T06:56:33.466194Z,R08,84adee06b2,usd_referencia_sp500tr,0,fuera_muestra,2007-05-31,2026-07-31,230,12,USD,6.05011877694248,0.10726444992625472,0.15578471087751683,0.6432646505343356,0.9627698574833925,-0.5094876760691069,0.21053394412567766,0.18569450957308462,-0.5336513873287764,3.924011954993629,0.9959775380963467,1.0,1.0,0.0,0.0,0,0.10726444992625472,0.014343358766019998,0.0029,0.0005,2007-05-31,3dc1f68ab748e595,Yahoo ^SP500TR huella da53bc6647fa70db; DEXMXUS; CETES SF43936; RF French,"{""comision_por_lado"": 0.0029, ""cortes"": [""2007-05-31""], ""efectivo_en_mxn"": false, ""exposicion_inicial"": 0.0, ""exposicion_max"": 1.0, ""exposicion_min"": 0.0, ""extras"": [], ""fx"": false, ""max_dias_fx"": 10, ""min_historia"": 1, ""periodos_por_anio"": 12, ""permitir_capturas"": false, ""rebalanceo_con_deriva"": true, ""segmentos"": [""dentro_muestra"", ""fuera_muestra""], ""senal"": ""senal_comprar_y_mantener"", ""spread_por_lado"": 0.0005, ""usuario"": {""activo"": ""^SP500TR""}, ""variante"": ""usd_referencia_sp500tr""}",S3a
2026-09-25T06:56:33.478926Z,R08,7de789053f,mxn_h000_desde1997,0,completo,1997-01-31,2026-07-31,354,12,MXN,36.02572844086599,0.13026132668271262,0.14051485445840076,0.3378033631253618,0.5017225028190746,-0.3986273085655939,0.3267747188506484,0.09751543131679427,-0.15680242855360033,3.8947038498865347,0.9650199409585041,1.0,1.0,0.033904204956836534,0.00011527429685324421,1,0.13039184629432765,0.08850389541120918,0.0029,0.0005,2007-05-31,2b53724c4e4f9df4,French; DEXMXUS; cobertura con OCDE IR3TIB01MXM156N vs IR3TIB01USM156N (mes t-1 /1200); efectivo CETES,"{""comision_por_lado"": 0.0029, ""cortes"": [""2007-05-31""], ""efectivo_en_mxn"": true, ""exposicion_inicial"": 0.0, ""exposicion_max"": 1.0, ""exposicion_min"": 0.0, ""extras"": [""fx""], ""fx"": true, ""max_dias_fx"": 10, ""min_historia"": 1, ""periodos_por_anio"": 12, ""permitir_capturas"": false, ""rebalanceo_con_deriva"": true, ""segmentos"": [""dentro_muestra"", ""fuera_muestra""], ""senal"": ""senal_comprar_y_mantener"", ""spread_por_lado"": 0.0005, ""usuario"": {""base"": ""1997-01-31"", ""h"": 0.0}, ""variante"": ""mxn_h000_desde1997""}",S4
2026-09-25T06:56:33.478926Z,R08,7de789053f,mxn_h000_desde1997,0,dentro_muestra,1997-01-31,2007-05-31,124,12,MXN,2.234684484416759,0.12038685270964766,0.14645522921077198,-0.021589895818094042,-0.028398926771067663,-0.3986273085655939,0.30200352590705176,-0.006232466081176286,-0.5661513559233915,3.2738556213087344,0.47239813901375216,1.0,1.0,0.09683191940615059,0.00032922852598091197,1,0.12075640544826638,0.13559037276149977,0.0029,0.0005,2007-05-31,2b53724c4e4f9df4,French; DEXMXUS; cobertura con OCDE IR3TIB01MXM156N vs IR3TIB01USM156N (mes t-1 /1200); efectivo CETES,"{""comision_por_lado"": 0.0029, ""cortes"": [""2007-05-31""], ""efectivo_en_mxn"": true, ""exposicion_inicial"": 0.0, ""exposicion_max"": 1.0, ""exposicion_min"": 0.0, ""extras"": [""fx""], ""fx"": true, ""max_dias_fx"": 10, ""min_historia"": 1, ""periodos_por_anio"": 12, ""permitir_capturas"": false, ""rebalanceo_con_deriva"": true, ""segmentos"": [""dentro_muestra"", ""fuera_muestra""], ""senal"": ""senal_comprar_y_mantener"", ""spread_por_lado"": 0.0005, ""usuario"": {""base"": ""1997-01-31"", ""h"": 0.0}, ""variante"": ""mxn_h000_desde1997""}",S4
2026-09-25T06:56:33.478926Z,R08,7de789053f,mxn_h000_desde1997,0,fuera_muestra,2007-05-31,2026-07-31,230,12,MXN,10.446472946353536,0.1356175247443545,0.1375156572543321,0.542592100504438,0.8789758748531012,-0.29971589617506866,0.4524869267032077,0.15663284764320087,0.11485829466018538,4.126570883952664,0.9910789941931004,1.0,1.0,0.0,0.0,0,0.1356175247443545,0.0639492100778396,0.0029,0.0005,2007-05-31,2b53724c4e4f9df4,French; DEXMXUS; cobertura con OCDE IR3TIB01MXM156N vs IR3TIB01USM156N (mes t-1 /1200); efectivo CETES,"{""comision_por_lado"": 0.0029, ""cortes"": [""2007-05-31""], ""efectivo_en_mxn"": true, ""exposicion_inicial"": 0.0, ""exposicion_max"": 1.0, ""exposicion_min"": 0.0, ""extras"": [""fx""], ""fx"": true, ""max_dias_fx"": 10, ""min_historia"": 1, ""periodos_por_anio"": 12, ""permitir_capturas"": false, ""rebalanceo_con_deriva"": true, ""segmentos"": [""dentro_muestra"", ""fuera_muestra""], ""senal"": ""senal_comprar_y_mantener"", ""spread_por_lado"": 0.0005, ""usuario"": {""base"": ""1997-01-31"", ""h"": 0.0}, ""variante"": ""mxn_h000_desde1997""}",S4
2026-09-25T06:56:33.484529Z,R08,37d6311ab5,mxn_h050_interbancaria,0,completo,1997-01-31,2026-07-31,354,12,MXN,59.92693941436021,0.1495094407965707,0.14217042496564353,0.4584944258803513,0.6719701412239371,-0.4014069975017398,0.37246346408279213,0.13235594010198187,-0.41517299304025884,3.60386586839417,0.9919827768824181,1.0,1.0,0.033904204956836534,0.00011527429685324421,1,0.14964218312988664,0.08850389541120918,0.0029,0.0005,2007-05-31,bff32799a02b184d,French; DEXMXUS; cobertura con OCDE IR3TIB01MXM156N vs IR3TIB01USM156N (mes t-1 /1200); efectivo CETES,"{""comision_por_lado"": 0.0029, ""cortes"": [""2007-05-31""], ""efectivo_en_mxn"": false, ""exposicion_inicial"": 0.0, ""exposicion_max"": 1.0, ""exposicion_min"": 0.0, ""extras"": [], ""fx"": false, ""max_dias_fx"": 10, ""min_historia"": 1, ""periodos_por_anio"": 12, ""permitir_capturas"": false, ""rebalanceo_con_deriva"": true, ""segmentos"": [""dentro_muestra"", ""fuera_muestra""], ""senal"": ""senal_comprar_y_mantener"", ""spread_por_lado"": 0.0005, ""usuario"": {""h"": 0.5, ""tasas"": ""interbancarias""}, ""variante"": ""mxn_h050_interbancaria""}",S4
2026-09-25T06:56:33.484529Z,R08,37d6311ab5,mxn_h050_interbancaria,0,dentro_muestra,1997-01-31,2007-05-31,124,12,MXN,3.571431362091685,0.15854823992419376,0.1487493045506633,0.21246107561716174,0.2892320793159029,-0.3654802611992609,0.4338079419226222,0.06133222959994289,-0.6525089861693291,3.340786096386318,0.7473861788512188,1.0,1.0,0.09683191940615059,0.00032922852598091197,1,0.15893037996256565,0.13559037276149977,0.0029,0.0005,2007-05-31,bff32799a02b184d,French; DEXMXUS; cobertura con OCDE IR3TIB01MXM156N vs IR3TIB01USM156N (mes t-1 /1200); efectivo CETES,"{""comision_por_lado"": 0.0029, ""cortes"": [""2007-05-31""], ""efectivo_en_mxn"": false, ""exposicion_inicial"": 0.0, ""exposicion_max"": 1.0, ""exposicion_min"": 0.0, ""extras"": [], ""fx"": false, ""max_dias_fx"": 10, ""min_historia"": 1, ""periodos_por_anio"": 12, ""permitir_capturas"": false, ""rebalanceo_con_deriva"": true, ""segmentos"": [""dentro_muestra"", ""fuera_muestra""], ""senal"": ""senal_comprar_y_mantener"", ""spread_por_lado"": 0.0005, ""usuario"": {""h"": 0.5, ""tasas"": ""interbancarias""}, ""variante"": ""mxn_h050_interbancaria""}",S4
2026-09-25T06:56:33.484529Z,R08,37d6311ab5,mxn_h050_interbancaria,0,fuera_muestra,2007-05-31,2026-07-31,230,12,MXN,12.32775986085959,0.14466878266270444,0.1388067355540596,0.5975695175910134,0.9204644539673361,-0.4014069975017398,0.3604042370040582,0.17250346092034322,-0.25998099430396365,3.6929562589336835,0.9942916063295686,1.0,1.0,0.0,0.0,0,0.14466878266270444,0.0639492100778396,0.0029,0.0005,2007-05-31,bff32799a02b184d,French; DEXMXUS; cobertura con OCDE IR3TIB01MXM156N vs IR3TIB01USM156N (mes t-1 /1200); efectivo CETES,"{""comision_por_lado"": 0.0029, ""cortes"": [""2007-05-31""], ""efectivo_en_mxn"": false, ""exposicion_inicial"": 0.0, ""exposicion_max"": 1.0, ""exposicion_min"": 0.0, ""extras"": [], ""fx"": false, ""max_dias_fx"": 10, ""min_historia"": 1, ""periodos_por_anio"": 12, ""permitir_capturas"": false, ""rebalanceo_con_deriva"": true, ""segmentos"": [""dentro_muestra"", ""fuera_muestra""], ""senal"": ""senal_comprar_y_mantener"", ""spread_por_lado"": 0.0005, ""usuario"": {""h"": 0.5, ""tasas"": ""interbancarias""}, ""variante"": ""mxn_h050_interbancaria""}",S4
2026-09-25T06:56:33.489618Z,R08,2ad17ecbdf,mxn_h100_interbancaria,0,completo,1997-01-31,2026-07-31,354,12,MXN,90.54594111690132,0.16548802026414688,0.16331901391575934,0.5077959435027173,0.7255997241111791,-0.49428524651595296,0.3348026699777409,0.14658806233734692,-0.743749299012611,4.548432845659441,0.9952438641730936,1.0,1.0,0.033904204956836534,0.00011527429685324421,1,0.16562260776188364,0.08850389541120918,0.0029,0.0005,2007-05-31,35fc064c2ac0266f,French; DEXMXUS; cobertura con OCDE IR3TIB01MXM156N vs IR3TIB01USM156N (mes t-1 /1200); efectivo CETES,"{""comision_por_lado"": 0.0029, ""cortes"": [""2007-05-31""], ""efectivo_en_mxn"": false, ""exposicion_inicial"": 0.0, ""exposicion_max"": 1.0, ""exposicion_min"": 0.0, ""extras"": [], ""fx"": false, ""max_dias_fx"": 10, ""min_historia"": 1, ""periodos_por_anio"": 12, ""permitir_capturas"": false, ""rebalanceo_con_deriva"": true, ""segmentos"": [""dentro_muestra"", ""fuera_muestra""], ""senal"": ""senal_comprar_y_mantener"", ""spread_por_lado"": 0.0005, ""usuario"": {""h"": 1.0, ""tasas"": ""interbancarias""}, ""variante"": ""mxn_h100_interbancaria""}",S4
2026-09-25T06:56:33.489618Z,R08,2ad17ecbdf,mxn_h100_interbancaria,0,dentro_muestra,1997-01-31,2007-05-31,124,12,MXN,5.330465016639272,0.19565132289926312,0.1628617469592852,0.410393514293125,0.5785158801069453,-0.3425112060418575,0.5712260488065697,0.11847040297540612,-0.7933234285256132,4.198679285949153,0.8943135416276629,1.0,1.0,0.09683191940615059,0.00032922852598091197,1,0.19604570116221898,0.13559037276149977,0.0029,0.0005,2007-05-31,35fc064c2ac0266f,French; DEXMXUS; cobertura con OCDE IR3TIB01MXM156N vs IR3TIB01USM156N (mes t-1 /1200); efectivo CETES,"{""comision_por_lado"": 0.0029, ""cortes"": [""2007-05-31""], ""efectivo_en_mxn"": false, ""exposicion_inicial"": 0.0, ""exposicion_max"": 1.0, ""exposicion_min"": 0.0, ""extras"": [], ""fx"": false, ""max_dias_fx"": 10, ""min_historia"": 1, ""periodos_por_anio"": 12, ""permitir_capturas"": false, ""rebalanceo_con_deriva"": true, ""segmentos"": [""dentro_muestra"", ""fuera_muestra""], ""senal"": ""senal_comprar_y_mantener"", ""spread_por_lado"": 0.0005, ""usuario"": {""h"": 1.0, ""tasas"": ""interbancarias""}, ""variante"": ""mxn_h100_interbancaria""}",S4
2026-09-25T06:56:33.489618Z,R08,2ad17ecbdf,mxn_h100_interbancaria,0,fuera_muestra,2007-05-31,2026-07-31,230,12,MXN,13.461171632143598,0.14955330176585568,0.16378070896373836,0.557833823675195,0.8040934653223888,-0.49428524651595296,0.30256476967501167,0.16103275413097604,-0.723293392645853,4.708475309431245,0.9887500111248635,1.0,1.0,0.0,0.0,0,0.14955330176585568,0.0639492100778396,0.0029,0.0005,2007-05-31,35fc064c2ac0266f,French; DEXMXUS; cobertura con OCDE IR3TIB01MXM156N vs IR3TIB01USM156N (mes t-1 /1200); efectivo CETES,"{""comision_por_lado"": 0.0029, ""cortes"": [""2007-05-31""], ""efectivo_en_mxn"": false, ""exposicion_inicial"": 0.0, ""exposicion_max"": 1.0, ""exposicion_min"": 0.0, ""extras"": [], ""fx"": false, ""max_dias_fx"": 10, ""min_historia"": 1, ""periodos_por_anio"": 12, ""permitir_capturas"": false, ""rebalanceo_con_deriva"": true, ""segmentos"": [""dentro_muestra"", ""fuera_muestra""], ""senal"": ""senal_comprar_y_mantener"", ""spread_por_lado"": 0.0005, ""usuario"": {""h"": 1.0, ""tasas"": ""interbancarias""}, ""variante"": ""mxn_h100_interbancaria""}",S4
2026-09-25T06:56:33.502706Z,R08,69fa644a27,mxn_h000_cetes_fmi,0,completo,1993-12-31,2026-07-31,391,12,MXN,161.6463798458471,0.1691502789374486,0.16712737481559903,0.38934706151651627,0.6712037585772619,-0.3986273085655936,0.42433188921780846,0.11239481538737524,2.1240502765238336,23.484089531718947,0.9925131767281481,1.0,1.0,0.030693277310924375,0.00010435714285714287,1,0.16927250239528435,0.11034641398222389,0.0029,0.0005,2007-05-31,0f7b2d780afb6ab9,French; DEXMXUS; CETES = FRED INTGSTMXM193N (mes t-1 /1200),"{""comision_por_lado"": 0.0029, ""cortes"": [""2007-05-31""], ""efectivo_en_mxn"": true, ""exposicion_inicial"": 0.0, ""exposicion_max"": 1.0, ""exposicion_min"": 0.0, ""extras"": [""fx""], ""fx"": true, ""max_dias_fx"": 10, ""min_historia"": 1, ""periodos_por_anio"": 12, ""permitir_capturas"": false, ""rebalanceo_con_deriva"": true, ""segmentos"": [""dentro_muestra"", ""fuera_muestra""], ""senal"": ""senal_comprar_y_mantener"", ""spread_por_lado"": 0.0005, ""usuario"": {""efectivo"": ""INTGSTMXM193N"", ""h"": 0.0}, ""variante"": ""mxn_h000_cetes_fmi""}",S5
2026-09-25T06:56:33.502706Z,R08,69fa644a27,mxn_h000_cetes_fmi,0,dentro_muestra,1993-12-31,2007-05-31,161,12,MXN,13.209301031691227,0.2187966393495755,0.2017367039530032,0.24457393510392966,0.4424008493236452,-0.3986273085655936,0.5488751890503578,0.07060241363450993,2.9542930004670316,26.27627841537526,0.8375570117939264,1.0,1.0,0.07455603184323331,0.00025349050826699326,1,0.2191061584387033,0.1816404345387137,0.0029,0.0005,2007-05-31,0f7b2d780afb6ab9,French; DEXMXUS; CETES = FRED INTGSTMXM193N (mes t-1 /1200),"{""comision_por_lado"": 0.0029, ""cortes"": [""2007-05-31""], ""efectivo_en_mxn"": true, ""exposicion_inicial"": 0.0, ""exposicion_max"": 1.0, ""exposicion_min"": 0.0, ""extras"": [""fx""], ""fx"": true, ""max_dias_fx"": 10, ""min_historia"": 1, ""periodos_por_anio"": 12, ""permitir_capturas"": false, ""rebalanceo_con_deriva"": true, ""segmentos"": [""dentro_muestra"", ""fuera_muestra""], ""senal"": ""senal_comprar_y_mantener"", ""spread_por_lado"": 0.0005, ""usuario"": {""efectivo"": ""INTGSTMXM193N"", ""h"": 0.0}, ""variante"": ""mxn_h000_cetes_fmi""}",S5
2026-09-25T06:56:33.502706Z,R08,69fa644a27,mxn_h000_cetes_fmi,0,fuera_muestra,2007-05-31,2026-07-31,230,12,MXN,10.446472946353536,0.1356175247443545,0.1375156572543321,0.5488924445842419,0.8905247549979025,-0.29971589617506866,0.4524869267032077,0.15845160031843192,0.11529041446685453,4.116774805000019,0.9917182527383208,1.0,1.0,0.0,0.0,0,0.1356175247443545,0.06303181481978615,0.0029,0.0005,2007-05-31,0f7b2d780afb6ab9,French; DEXMXUS; CETES = FRED INTGSTMXM193N (mes t-1 /1200),"{""comision_por_lado"": 0.0029, ""cortes"": [""2007-05-31""], ""efectivo_en_mxn"": true, ""exposicion_inicial"": 0.0, ""exposicion_max"": 1.0, ""exposicion_min"": 0.0, ""extras"": [""fx""], ""fx"": true, ""max_dias_fx"": 10, ""min_historia"": 1, ""periodos_por_anio"": 12, ""permitir_capturas"": false, ""rebalanceo_con_deriva"": true, ""segmentos"": [""dentro_muestra"", ""fuera_muestra""], ""senal"": ""senal_comprar_y_mantener"", ""spread_por_lado"": 0.0005, ""usuario"": {""efectivo"": ""INTGSTMXM193N"", ""h"": 0.0}, ""variante"": ""mxn_h000_cetes_fmi""}",S5
2026-09-25T06:56:33.508632Z,R08,7ff35bbdb4,mxn_h100_cetes_fmi,0,completo,1993-12-31,2026-07-31,391,12,MXN,300.0727396545213,0.19145748432588938,0.16138885857886953,0.5351062419796144,0.7647660300328267,-0.48757727927171024,0.3926710543441805,0.1544718664259897,-0.7711729511982804,4.7027832283485145,0.9978522628541924,1.0,1.0,0.030693277310924375,0.00010435714285714287,1,0.19158203978828126,0.11034641398222389,0.0029,0.0005,2007-05-31,a4cb74e1cfdeb1f2,French; DEXMXUS; CETES = FRED INTGSTMXM193N (mes t-1 /1200),"{""comision_por_lado"": 0.0029, ""cortes"": [""2007-05-31""], ""efectivo_en_mxn"": false, ""exposicion_inicial"": 0.0, ""exposicion_max"": 1.0, ""exposicion_min"": 0.0, ""extras"": [], ""fx"": false, ""max_dias_fx"": 10, ""min_historia"": 1, ""periodos_por_anio"": 12, ""permitir_capturas"": false, ""rebalanceo_con_deriva"": true, ""segmentos"": [""dentro_muestra"", ""fuera_muestra""], ""senal"": ""senal_comprar_y_mantener"", ""spread_por_lado"": 0.0005, ""usuario"": {""efectivo"": ""INTGSTMXM193N"", ""h"": 1.0}, ""variante"": ""mxn_h100_cetes_fmi""}",S5
2026-09-25T06:56:33.508632Z,R08,7ff35bbdb4,mxn_h100_cetes_fmi,0,dentro_muestra,1993-12-31,2007-05-31,161,12,MXN,20.40002163118678,0.256580755953818,0.15752050045389118,0.5040244944153182,0.7111766381168628,-0.3629408629626836,0.706949208913406,0.1454993387644245,-0.8967161878902039,4.619870260448176,0.9569640624600988,1.0,1.0,0.07455603184323331,0.00025349050826699326,1,0.25689987049552365,0.1816404345387137,0.0029,0.0005,2007-05-31,a4cb74e1cfdeb1f2,French; DEXMXUS; CETES = FRED INTGSTMXM193N (mes t-1 /1200),"{""comision_por_lado"": 0.0029, ""cortes"": [""2007-05-31""], ""efectivo_en_mxn"": false, ""exposicion_inicial"": 0.0, ""exposicion_max"": 1.0, ""exposicion_min"": 0.0, ""extras"": [], ""fx"": false, ""max_dias_fx"": 10, ""min_historia"": 1, ""periodos_por_anio"": 12, ""permitir_capturas"": false, ""rebalanceo_con_deriva"": true, ""segmentos"": [""dentro_muestra"", ""fuera_muestra""], ""senal"": ""senal_comprar_y_mantener"", ""spread_por_lado"": 0.0005, ""usuario"": {""efectivo"": ""INTGSTMXM193N"", ""h"": 1.0}, ""variante"": ""mxn_h100_cetes_fmi""}",S5
2026-09-25T06:56:33.508632Z,R08,7ff35bbdb4,mxn_h100_cetes_fmi,0,fuera_muestra,2007-05-31,2026-07-31,230,12,MXN,13.068805389231951,0.14790477780007438,0.1635198795443186,0.5548595670001278,0.8003048148210875,-0.48757727927171035,0.30334632905987413,0.1601741601849815,-0.7103218282962201,4.671900298524091,0.9884818900202772,1.0,1.0,0.0,0.0,0,0.14790477780007438,0.06303181481978615,0.0029,0.0005,2007-05-31,a4cb74e1cfdeb1f2,French; DEXMXUS; CETES = FRED INTGSTMXM193N (mes t-1 /1200),"{""comision_por_lado"": 0.0029, ""cortes"": [""2007-05-31""], ""efectivo_en_mxn"": false, ""exposicion_inicial"": 0.0, ""exposicion_max"": 1.0, ""exposicion_min"": 0.0, ""extras"": [], ""fx"": false, ""max_dias_fx"": 10, ""min_historia"": 1, ""periodos_por_anio"": 12, ""permitir_capturas"": false, ""rebalanceo_con_deriva"": true, ""segmentos"": [""dentro_muestra"", ""fuera_muestra""], ""senal"": ""senal_comprar_y_mantener"", ""spread_por_lado"": 0.0005, ""usuario"": {""efectivo"": ""INTGSTMXM193N"", ""h"": 1.0}, ""variante"": ""mxn_h100_cetes_fmi""}",S5
2026-09-25T06:56:33.514413Z,R08,42a10d01bc,mxn_h025_costo050,0,completo,1993-12-31,2026-07-31,391,12,MXN,193.11343057174994,0.17551432147788804,0.1541022723418504,0.4439940718570325,0.7200387534664201,-0.38366141418154853,0.4574719140112294,0.1281700484526279,1.0034098213251326,12.381278171486716,0.9958741259110229,1.0,1.0,0.030693277310924375,0.00010435714285714287,1,0.1756372102353856,0.11172233927432984,0.0029,0.0005,2007-05-31,a89be0dc8e1d0222,French F-F_Research_Data_Factors CRSP 202607 sha256 b840dba55d319f48; FRED DEXMXUS huella 28098d0c456254a0; Banxico SF43936 huella 379eb41bf5f8814a,"{""comision_por_lado"": 0.0029, ""cortes"": [""2007-05-31""], ""efectivo_en_mxn"": false, ""exposicion_inicial"": 0.0, ""exposicion_max"": 1.0, ""exposicion_min"": 0.0, ""extras"": [], ""fx"": false, ""max_dias_fx"": 10, ""min_historia"": 1, ""periodos_por_anio"": 12, ""permitir_capturas"": false, ""rebalanceo_con_deriva"": true, ""segmentos"": [""dentro_muestra"", ""fuera_muestra""], ""senal"": ""senal_comprar_y_mantener"", ""spread_por_lado"": 0.0005, ""usuario"": {""c"": 0.005, ""h"": 0.25}, ""variante"": ""mxn_h025_costo050""}",S6
2026-09-25T06:56:33.514413Z,R08,42a10d01bc,mxn_h025_costo050,0,dentro_muestra,1993-12-31,2007-05-31,161,12,MXN,15.001087178258672,0.22963610850906435,0.17756723182685855,0.3046826056900079,0.5045005645002693,-0.38366141418154853,0.5985384508862822,0.08795429220626133,1.7187738908548074,16.09891950929612,0.8824466801994932,1.0,1.0,0.07455603184323331,0.00025349050826699326,1,0.22994838033192355,0.18374024165064107,0.0029,0.0005,2007-05-31,a89be0dc8e1d0222,French F-F_Research_Data_Factors CRSP 202607 sha256 b840dba55d319f48; FRED DEXMXUS huella 28098d0c456254a0; Banxico SF43936 huella 379eb41bf5f8814a,"{""comision_por_lado"": 0.0029, ""cortes"": [""2007-05-31""], ""efectivo_en_mxn"": false, ""exposicion_inicial"": 0.0, ""exposicion_max"": 1.0, ""exposicion_min"": 0.0, ""extras"": [], ""fx"": false, ""max_dias_fx"": 10, ""min_historia"": 1, ""periodos_por_anio"": 12, ""permitir_capturas"": false, ""rebalanceo_con_deriva"": true, ""segmentos"": [""dentro_muestra"", ""fuera_muestra""], ""senal"": ""senal_comprar_y_mantener"", ""spread_por_lado"": 0.0005, ""usuario"": {""c"": 0.005, ""h"": 0.25}, ""variante"": ""mxn_h025_costo050""}",S6
2026-09-25T06:56:33.514413Z,R08,42a10d01bc,mxn_h025_costo050,0,fuera_muestra,2007-05-31,2026-07-31,230,12,MXN,11.131265107754663,0.1390652246119568,0.1348129103801453,0.5738467959595935,0.9117987231947596,-0.3503765364593645,0.39690221844545553,0.1656553010604378,-0.04684758529355028,3.8235523167383536,0.9933099659011321,1.0,1.0,0.0,0.0,0,0.1390652246119568,0.0639492100778396,0.0029,0.0005,2007-05-31,a89be0dc8e1d0222,French F-F_Research_Data_Factors CRSP 202607 sha256 b840dba55d319f48; FRED DEXMXUS huella 28098d0c456254a0; Banxico SF43936 huella 379eb41bf5f8814a,"{""comision_por_lado"": 0.0029, ""cortes"": [""2007-05-31""], ""efectivo_en_mxn"": false, ""exposicion_inicial"": 0.0, ""exposicion_max"": 1.0, ""exposicion_min"": 0.0, ""extras"": [], ""fx"": false, ""max_dias_fx"": 10, ""min_historia"": 1, ""periodos_por_anio"": 12, ""permitir_capturas"": false, ""rebalanceo_con_deriva"": true, ""segmentos"": [""dentro_muestra"", ""fuera_muestra""], ""senal"": ""senal_comprar_y_mantener"", ""spread_por_lado"": 0.0005, ""usuario"": {""c"": 0.005, ""h"": 0.25}, ""variante"": ""mxn_h025_costo050""}",S6
2026-09-25T06:56:33.519804Z,R08,a0a93fcbde,mxn_h050_costo050,0,completo,1993-12-31,2026-07-31,391,12,MXN,222.86966147939467,0.18067143378284878,0.14847142650332867,0.4906421451857014,0.7499618668880074,-0.3992542857131004,0.45252221515958185,0.14163618729937008,0.03282728336937914,5.4937985992834335,0.9972178070340474,1.0,1.0,0.030693277310924375,0.00010435714285714287,1,0.18079486166701764,0.11172233927432984,0.0029,0.0005,2007-05-31,1248a01fed05cb1d,French F-F_Research_Data_Factors CRSP 202607 sha256 b840dba55d319f48; FRED DEXMXUS huella 28098d0c456254a0; Banxico SF43936 huella 379eb41bf5f8814a,"{""comision_por_lado"": 0.0029, ""cortes"": [""2007-05-31""], ""efectivo_en_mxn"": false, ""exposicion_inicial"": 0.0, ""exposicion_max"": 1.0, ""exposicion_min"": 0.0, ""extras"": [], ""fx"": false, ""max_dias_fx"": 10, ""min_historia"": 1, ""periodos_por_anio"": 12, ""permitir_capturas"": false, ""rebalanceo_con_deriva"": true, ""segmentos"": [""dentro_muestra"", ""fuera_muestra""], ""senal"": ""senal_comprar_y_mantener"", ""spread_por_lado"": 0.0005, ""usuario"": {""c"": 0.005, ""h"": 0.5}, ""variante"": ""mxn_h050_costo050""}",S6
2026-09-25T06:56:33.519804Z,R08,a0a93fcbde,mxn_h050_costo050,0,dentro_muestra,1993-12-31,2007-05-31,161,12,MXN,16.71300071053317,0.23898973577497995,0.1607384355970994,0.3781031682566001,0.5763328443271162,-0.3782763460837466,0.6317860956658126,0.10914898298719923,0.3481107785985317,7.175109878113784,0.9183974949773761,1.0,1.0,0.07455603184323331,0.00025349050826699326,1,0.23930438299509404,0.18374024165064107,0.0029,0.0005,2007-05-31,1248a01fed05cb1d,French F-F_Research_Data_Factors CRSP 202607 sha256 b840dba55d319f48; FRED DEXMXUS huella 28098d0c456254a0; Banxico SF43936 huella 379eb41bf5f8814a,"{""comision_por_lado"": 0.0029, ""cortes"": [""2007-05-31""], ""efectivo_en_mxn"": false, ""exposicion_inicial"": 0.0, ""exposicion_max"": 1.0, ""exposicion_min"": 0.0, ""extras"": [], ""fx"": false, ""max_dias_fx"": 10, ""min_historia"": 1, ""periodos_por_anio"": 12, ""permitir_capturas"": false, ""rebalanceo_con_deriva"": true, ""segmentos"": [""dentro_muestra"", ""fuera_muestra""], ""senal"": ""senal_comprar_y_mantener"", ""spread_por_lado"": 0.0005, ""usuario"": {""c"": 0.005, ""h"": 0.5}, ""variante"": ""mxn_h050_costo050""}",S6
2026-09-25T06:56:33.519804Z,R08,a0a93fcbde,mxn_h050_costo050,0,fuera_muestra,2007-05-31,2026-07-31,230,12,MXN,11.638720290135204,0.14150306784424171,0.13868884250876254,0.5778717892699871,0.8872242726818808,-0.3992542857131002,0.3544184067843026,0.16681721654605888,-0.2522508247858821,3.691322274915878,0.9928767644067971,1.0,1.0,0.0,0.0,0,0.14150306784424171,0.0639492100778396,0.0029,0.0005,2007-05-31,1248a01fed05cb1d,French F-F_Research_Data_Factors CRSP 202607 sha256 b840dba55d319f48; FRED DEXMXUS huella 28098d0c456254a0; Banxico SF43936 huella 379eb41bf5f8814a,"{""comision_por_lado"": 0.0029, ""cortes"": [""2007-05-31""], ""efectivo_en_mxn"": false, ""exposicion_inicial"": 0.0, ""exposicion_max"": 1.0, ""exposicion_min"": 0.0, ""extras"": [], ""fx"": false, ""max_dias_fx"": 10, ""min_historia"": 1, ""periodos_por_anio"": 12, ""permitir_capturas"": false, ""rebalanceo_con_deriva"": true, ""segmentos"": [""dentro_muestra"", ""fuera_muestra""], ""senal"": ""senal_comprar_y_mantener"", ""spread_por_lado"": 0.0005, ""usuario"": {""c"": 0.005, ""h"": 0.5}, ""variante"": ""mxn_h050_costo050""}",S6
2026-09-25T06:56:33.525440Z,R08,5710946cf2,mxn_h075_costo050,0,completo,1993-12-31,2026-07-31,391,12,MXN,248.08177683175737,0.1845450661626855,0.15106396609975603,0.5108450703130069,0.7441952636782284,-0.44597074144204163,0.41380532177057405,0.14746826942970392,-0.5402878084986191,4.03266950233336,0.9972953433019573,1.0,1.0,0.030693277310924375,0.00010435714285714287,1,0.1846688989979992,0.11172233927432984,0.0029,0.0005,2007-05-31,a72b531fe5f821e0,French F-F_Research_Data_Factors CRSP 202607 sha256 b840dba55d319f48; FRED DEXMXUS huella 28098d0c456254a0; Banxico SF43936 huella 379eb41bf5f8814a,"{""comision_por_lado"": 0.0029, ""cortes"": [""2007-05-31""], ""efectivo_en_mxn"": false, ""exposicion_inicial"": 0.0, ""exposicion_max"": 1.0, ""exposicion_min"": 0.0, ""extras"": [], ""fx"": false, ""max_dias_fx"": 10, ""min_historia"": 1, ""periodos_por_anio"": 12, ""permitir_capturas"": false, ""rebalanceo_con_deriva"": true, ""segmentos"": [""dentro_muestra"", ""fuera_muestra""], ""senal"": ""senal_comprar_y_mantener"", ""spread_por_lado"": 0.0005, ""usuario"": {""c"": 0.005, ""h"": 0.75}, ""variante"": ""mxn_h075_costo050""}",S6
2026-09-25T06:56:33.525440Z,R08,5710946cf2,mxn_h075_costo050,0,dentro_muestra,1993-12-31,2007-05-31,161,12,MXN,18.251844513934273,0.2467091906902399,0.1536810538110353,0.44012582241875386,0.6289550733251928,-0.3732974134238265,0.6608917764188643,0.1270533810253865,-0.6294849930114936,4.067725322775218,0.9379355525954656,1.0,1.0,0.07455603184323331,0.00025349050826699326,1,0.24702579830192128,0.18374024165064107,0.0029,0.0005,2007-05-31,a72b531fe5f821e0,French F-F_Research_Data_Factors CRSP 202607 sha256 b840dba55d319f48; FRED DEXMXUS huella 28098d0c456254a0; Banxico SF43936 huella 379eb41bf5f8814a,"{""comision_por_lado"": 0.0029, ""cortes"": [""2007-05-31""], ""efectivo_en_mxn"": false, ""exposicion_inicial"": 0.0, ""exposicion_max"": 1.0, ""exposicion_min"": 0.0, ""extras"": [], ""fx"": false, ""max_dias_fx"": 10, ""min_historia"": 1, ""periodos_por_anio"": 12, ""permitir_capturas"": false, ""rebalanceo_con_deriva"": true, ""segmentos"": [""dentro_muestra"", ""fuera_muestra""], ""senal"": ""senal_comprar_y_mantener"", ""spread_por_lado"": 0.0005, ""usuario"": {""c"": 0.005, ""h"": 0.75}, ""variante"": ""mxn_h075_costo050""}",S6
2026-09-25T06:56:33.525440Z,R08,5710946cf2,mxn_h075_costo050,0,fuera_muestra,2007-05-31,2026-07-31,230,12,MXN,11.938073370137303,0.14289802193432277,0.1486296695947908,0.5580694193374824,0.8252633675194986,-0.44597074144204196,0.32042017257065664,0.16110076474049684,-0.4861848565441031,4.000904302117242,0.9900114051659493,1.0,1.0,0.0,0.0,0,0.14289802193432277,0.0639492100778396,0.0029,0.0005,2007-05-31,a72b531fe5f821e0,French F-F_Research_Data_Factors CRSP 202607 sha256 b840dba55d319f48; FRED DEXMXUS huella 28098d0c456254a0; Banxico SF43936 huella 379eb41bf5f8814a,"{""comision_por_lado"": 0.0029, ""cortes"": [""2007-05-31""], ""efectivo_en_mxn"": false, ""exposicion_inicial"": 0.0, ""exposicion_max"": 1.0, ""exposicion_min"": 0.0, ""extras"": [], ""fx"": false, ""max_dias_fx"": 10, ""min_historia"": 1, ""periodos_por_anio"": 12, ""permitir_capturas"": false, ""rebalanceo_con_deriva"": true, ""segmentos"": [""dentro_muestra"", ""fuera_muestra""], ""senal"": ""senal_comprar_y_mantener"", ""spread_por_lado"": 0.0005, ""usuario"": {""c"": 0.005, ""h"": 0.75}, ""variante"": ""mxn_h075_costo050""}",S6
2026-09-25T06:56:33.531351Z,R08,5a81183de0,mxn_h100_costo050,0,completo,1993-12-31,2026-07-31,391,12,MXN,265.78130516389456,0.18704357111119263,0.16148431019293036,0.5032481609723963,0.7149565736553926,-0.4905448277823189,0.3812976113860769,0.14527523060329858,-0.7711756629431749,4.702831169152587,0.9965017851212539,1.0,1.0,0.030693277310924375,0.00010435714285714287,1,0.1871676651412557,0.11172233927432984,0.0029,0.0005,2007-05-31,a43f7d00b549c3e7,French F-F_Research_Data_Factors CRSP 202607 sha256 b840dba55d319f48; FRED DEXMXUS huella 28098d0c456254a0; Banxico SF43936 huella 379eb41bf5f8814a,"{""comision_por_lado"": 0.0029, ""cortes"": [""2007-05-31""], ""efectivo_en_mxn"": false, ""exposicion_inicial"": 0.0, ""exposicion_max"": 1.0, ""exposicion_min"": 0.0, ""extras"": [], ""fx"": false, ""max_dias_fx"": 10, ""min_historia"": 1, ""periodos_por_anio"": 12, ""permitir_capturas"": false, ""rebalanceo_con_deriva"": true, ""segmentos"": [""dentro_muestra"", ""fuera_muestra""], ""senal"": ""senal_comprar_y_mantener"", ""spread_por_lado"": 0.0005, ""usuario"": {""c"": 0.005, ""h"": 1.0}, ""variante"": ""mxn_h100_costo050""}",S6
2026-09-25T06:56:33.531351Z,R08,5a81183de0,mxn_h100_costo050,0,dentro_muestra,1993-12-31,2007-05-31,161,12,MXN,19.510430040848437,0.25260930189049846,0.15771235425753957,0.4700233836018304,0.6589284311314563,-0.3687356088879531,0.6850689106276642,0.13568406352396775,-0.8967303349617566,4.620004786163671,0.9461505385288846,1.0,1.0,0.07455603184323331,0.00025349050826699326,1,0.2529274078629278,0.18374024165064107,0.0029,0.0005,2007-05-31,a43f7d00b549c3e7,French F-F_Research_Data_Factors CRSP 202607 sha256 b840dba55d319f48; FRED DEXMXUS huella 28098d0c456254a0; Banxico SF43936 huella 379eb41bf5f8814a,"{""comision_por_lado"": 0.0029, ""cortes"": [""2007-05-31""], ""efectivo_en_mxn"": false, ""exposicion_inicial"": 0.0, ""exposicion_max"": 1.0, ""exposicion_min"": 0.0, ""extras"": [], ""fx"": false, ""max_dias_fx"": 10, ""min_historia"": 1, ""periodos_por_anio"": 12, ""permitir_capturas"": false, ""rebalanceo_con_deriva"": true, ""segmentos"": [""dentro_muestra"", ""fuera_muestra""], ""senal"": ""senal_comprar_y_mantener"", ""spread_por_lado"": 0.0005, ""usuario"": {""c"": 0.005, ""h"": 1.0}, ""variante"": ""mxn_h100_costo050""}",S6
2026-09-25T06:56:33.531351Z,R08,5a81183de0,mxn_h100_costo050,0,fuera_muestra,2007-05-31,2026-07-31,230,12,MXN,12.007104416268929,0.1432153560307472,0.16353309068036995,0.5243377904852228,0.7520037271905061,-0.490544827782319,0.291951617710868,0.1513632822414685,-0.7103223335479225,4.67190387883461,0.9844638730712183,1.0,1.0,0.0,0.0,0,0.1432153560307472,0.0639492100778396,0.0029,0.0005,2007-05-31,a43f7d00b549c3e7,French F-F_Research_Data_Factors CRSP 202607 sha256 b840dba55d319f48; FRED DEXMXUS huella 28098d0c456254a0; Banxico SF43936 huella 379eb41bf5f8814a,"{""comision_por_lado"": 0.0029, ""cortes"": [""2007-05-31""], ""efectivo_en_mxn"": false, ""exposicion_inicial"": 0.0, ""exposicion_max"": 1.0, ""exposicion_min"": 0.0, ""extras"": [], ""fx"": false, ""max_dias_fx"": 10, ""min_historia"": 1, ""periodos_por_anio"": 12, ""permitir_capturas"": false, ""rebalanceo_con_deriva"": true, ""segmentos"": [""dentro_muestra"", ""fuera_muestra""], ""senal"": ""senal_comprar_y_mantener"", ""spread_por_lado"": 0.0005, ""usuario"": {""c"": 0.005, ""h"": 1.0}, ""variante"": ""mxn_h100_costo050""}",S6
2026-09-25T06:56:33.537334Z,R08,c7e4055b8f,mxn_hminvar_exp36_costo050,0,completo,1993-12-31,2026-07-31,391,12,MXN,270.0225058400419,0.18761837407294268,0.17360031645672222,0.47049823953818354,0.7731593113228823,-0.4430407015318213,0.42347886644330585,0.13582114262530764,1.6017947294057466,21.010482048019707,0.997933937017498,1.0,1.0,0.030693277310924375,0.00010435714285714287,1,0.1877425281931473,0.11172233927432984,0.0029,0.0005,2007-05-31,3816610ebb2393e6,French F-F_Research_Data_Factors CRSP 202607 sha256 b840dba55d319f48; FRED DEXMXUS huella 28098d0c456254a0; Banxico SF43936 huella 379eb41bf5f8814a,"{""comision_por_lado"": 0.0029, ""cortes"": [""2007-05-31""], ""efectivo_en_mxn"": false, ""exposicion_inicial"": 0.0, ""exposicion_max"": 1.0, ""exposicion_min"": 0.0, ""extras"": [], ""fx"": false, ""max_dias_fx"": 10, ""min_historia"": 1, ""periodos_por_anio"": 12, ""permitir_capturas"": false, ""rebalanceo_con_deriva"": true, ""segmentos"": [""dentro_muestra"", ""fuera_muestra""], ""senal"": ""senal_comprar_y_mantener"", ""spread_por_lado"": 0.0005, ""usuario"": {""c"": 0.005, ""h"": ""minvar_expansiva""}, ""variante"": ""mxn_hminvar_exp36_costo050""}",S6
2026-09-25T06:56:33.537334Z,R08,c7e4055b8f,mxn_hminvar_exp36_costo050,0,dentro_muestra,1993-12-31,2007-05-31,161,12,MXN,21.149581831156343,0.25981018587016913,0.2073469605900238,0.40284880457651356,0.7234504668064263,-0.3711867053031862,0.6999447506018718,0.11629243288248453,2.557441771092248,24.16644816613943,0.9520036648059436,1.0,1.0,0.07455603184323331,0.00025349050826699326,1,0.26013012054065876,0.18374024165064107,0.0029,0.0005,2007-05-31,3816610ebb2393e6,French F-F_Research_Data_Factors CRSP 202607 sha256 b840dba55d319f48; FRED DEXMXUS huella 28098d0c456254a0; Banxico SF43936 huella 379eb41bf5f8814a,"{""comision_por_lado"": 0.0029, ""cortes"": [""2007-05-31""], ""efectivo_en_mxn"": false, ""exposicion_inicial"": 0.0, ""exposicion_max"": 1.0, ""exposicion_min"": 0.0, ""extras"": [], ""fx"": false, ""max_dias_fx"": 10, ""min_historia"": 1, ""periodos_por_anio"": 12, ""permitir_capturas"": false, ""rebalanceo_con_deriva"": true, ""segmentos"": [""dentro_muestra"", ""fuera_muestra""], ""senal"": ""senal_comprar_y_mantener"", ""spread_por_lado"": 0.0005, ""usuario"": {""c"": 0.005, ""h"": ""minvar_expansiva""}, ""variante"": ""mxn_hminvar_exp36_costo050""}",S6
2026-09-25T06:56:33.537334Z,R08,c7e4055b8f,mxn_hminvar_exp36_costo050,0,fuera_muestra,2007-05-31,2026-07-31,230,12,MXN,11.23601004777494,0.13957624107990685,0.14444266593561317,0.5492432325730293,0.8177721463630594,-0.44304070153182107,0.31504157653533754,0.15855286408830935,-0.4510095005969552,4.192450725259904,0.9891762046572825,1.0,1.0,0.0,0.0,0,0.13957624107990685,0.0639492100778396,0.0029,0.0005,2007-05-31,3816610ebb2393e6,French F-F_Research_Data_Factors CRSP 202607 sha256 b840dba55d319f48; FRED DEXMXUS huella 28098d0c456254a0; Banxico SF43936 huella 379eb41bf5f8814a,"{""comision_por_lado"": 0.0029, ""cortes"": [""2007-05-31""], ""efectivo_en_mxn"": false, ""exposicion_inicial"": 0.0, ""exposicion_max"": 1.0, ""exposicion_min"": 0.0, ""extras"": [], ""fx"": false, ""max_dias_fx"": 10, ""min_historia"": 1, ""periodos_por_anio"": 12, ""permitir_capturas"": false, ""rebalanceo_con_deriva"": true, ""segmentos"": [""dentro_muestra"", ""fuera_muestra""], ""senal"": ""senal_comprar_y_mantener"", ""spread_por_lado"": 0.0005, ""usuario"": {""c"": 0.005, ""h"": ""minvar_expansiva""}, ""variante"": ""mxn_hminvar_exp36_costo050""}",S6
2026-09-25T06:56:33.543327Z,R08,b0fa0b154e,bench50_h100_costo050,0,completo,1993-12-31,2026-07-31,391,12,MXN,99.45204437870483,0.1519846069474,0.08535472486700689,0.49864453217484145,0.707680675927923,-0.23931635131318107,0.6350782389645643,0.14394627744053987,-0.7727771465209017,4.704685907945814,0.9962489127312188,0.5,1.0,0.12158153349925753,0.00041337721389747583,1,0.1871676651412557,0.11172233927432984,0.0029,0.0005,2007-05-31,a43f7d00b549c3e7,French F-F_Research_Data_Factors CRSP 202607 sha256 b840dba55d319f48; FRED DEXMXUS huella 28098d0c456254a0; Banxico SF43936 huella 379eb41bf5f8814a,"{""comision_por_lado"": 0.0029, ""cortes"": [""2007-05-31""], ""efectivo_en_mxn"": false, ""exposicion_inicial"": 0.0, ""exposicion_max"": 1.0, ""exposicion_min"": 0.0, ""extras"": [], ""fx"": false, ""max_dias_fx"": 10, ""min_historia"": 1, ""periodos_por_anio"": 12, ""permitir_capturas"": false, ""rebalanceo_con_deriva"": true, ""segmentos"": [""dentro_muestra"", ""fuera_muestra""], ""senal"": ""senal_mitad"", ""spread_por_lado"": 0.0005, ""usuario"": {""c"": 0.005, ""h"": 1.0, ""peso_acciones"": 0.5}, ""variante"": ""bench50_h100_costo050""}",S6
2026-09-25T06:56:33.543327Z,R08,b0fa0b154e,bench50_h100_costo050,0,dentro_muestra,1993-12-31,2007-05-31,161,12,MXN,13.496365696018815,0.2206154791889936,0.08775664507071851,0.465344528008601,0.6517161254255064,-0.12315801000066784,1.7913205904171177,0.13433339425584256,-0.8974529170495655,4.619964683290886,0.9444894957477346,0.5,1.0,0.1381635110380577,0.00046975593752939584,1,0.2529274078629278,0.18374024165064107,0.0029,0.0005,2007-05-31,a43f7d00b549c3e7,French F-F_Research_Data_Factors CRSP 202607 sha256 b840dba55d319f48; FRED DEXMXUS huella 28098d0c456254a0; Banxico SF43936 huella 379eb41bf5f8814a,"{""comision_por_lado"": 0.0029, ""cortes"": [""2007-05-31""], ""efectivo_en_mxn"": false, ""exposicion_inicial"": 0.0, ""exposicion_max"": 1.0, ""exposicion_min"": 0.0, ""extras"": [], ""fx"": false, ""max_dias_fx"": 10, ""min_historia"": 1, ""periodos_por_anio"": 12, ""permitir_capturas"": false, ""rebalanceo_con_deriva"": true, ""segmentos"": [""dentro_muestra"", ""fuera_muestra""], ""senal"": ""senal_mitad"", ""spread_por_lado"": 0.0005, ""usuario"": {""c"": 0.005, ""h"": 1.0, ""peso_acciones"": 0.5}, ""variante"": ""bench50_h100_costo050""}",S6
2026-09-25T06:56:33.543327Z,R08,b0fa0b154e,bench50_h100_costo050,0,fuera_muestra,2007-05-31,2026-07-31,230,12,MXN,5.929464010851512,0.10626772111621774,0.08174459310905127,0.5197791109575591,0.7446762648520882,-0.23931635131318096,0.4440470554272769,0.15004730481524556,-0.7123299690643893,4.674664849809784,0.9837550517747213,0.5,1.0,0.10997817569857461,0.0003739257973751538,0,0.1432153560307472,0.0639492100778396,0.0029,0.0005,2007-05-31,a43f7d00b549c3e7,French F-F_Research_Data_Factors CRSP 202607 sha256 b840dba55d319f48; FRED DEXMXUS huella 28098d0c456254a0; Banxico SF43936 huella 379eb41bf5f8814a,"{""comision_por_lado"": 0.0029, ""cortes"": [""2007-05-31""], ""efectivo_en_mxn"": false, ""exposicion_inicial"": 0.0, ""exposicion_max"": 1.0, ""exposicion_min"": 0.0, ""extras"": [], ""fx"": false, ""max_dias_fx"": 10, ""min_historia"": 1, ""periodos_por_anio"": 12, ""permitir_capturas"": false, ""rebalanceo_con_deriva"": true, ""segmentos"": [""dentro_muestra"", ""fuera_muestra""], ""senal"": ""senal_mitad"", ""spread_por_lado"": 0.0005, ""usuario"": {""c"": 0.005, ""h"": 1.0, ""peso_acciones"": 0.5}, ""variante"": ""bench50_h100_costo050""}",S6
2026-09-25T06:56:33.548444Z,R08,2861d7bcc4,mxn_h025_costo100,0,completo,1993-12-31,2026-07-31,391,12,MXN,185.46058474964963,0.17406396250397482,0.1541022733485554,0.4357613047136016,0.7053613238002308,-0.3852978736388025,0.4517646590158737,0.12579345328941022,1.0034097457031277,12.381277764619997,0.9952244073692843,1.0,1.0,0.030693277310924375,0.00010435714285714287,1,0.17418669964034028,0.11172233927432984,0.0029,0.0005,2007-05-31,c50b7c3c1d395f5a,French F-F_Research_Data_Factors CRSP 202607 sha256 b840dba55d319f48; FRED DEXMXUS huella 28098d0c456254a0; Banxico SF43936 huella 379eb41bf5f8814a,"{""comision_por_lado"": 0.0029, ""cortes"": [""2007-05-31""], ""efectivo_en_mxn"": false, ""exposicion_inicial"": 0.0, ""exposicion_max"": 1.0, ""exposicion_min"": 0.0, ""extras"": [], ""fx"": false, ""max_dias_fx"": 10, ""min_historia"": 1, ""periodos_por_anio"": 12, ""permitir_capturas"": false, ""rebalanceo_con_deriva"": true, ""segmentos"": [""dentro_muestra"", ""fuera_muestra""], ""senal"": ""senal_comprar_y_mantener"", ""spread_por_lado"": 0.0005, ""usuario"": {""c"": 0.01, ""h"": 0.25}, ""variante"": ""mxn_h025_costo100""}",S6
2026-09-25T06:56:33.548444Z,R08,2861d7bcc4,mxn_h025_costo100,0,dentro_muestra,1993-12-31,2007-05-31,161,12,MXN,14.73916897589855,0.22812398477308515,0.17756723334570662,0.29745494681511486,0.491691183000677,-0.3852978736388025,0.5920717459939578,0.0858678468077462,1.7187737010990751,16.09891834272259,0.8765028429336051,1.0,1.0,0.07455603184323331,0.00025349050826699326,1,0.22843587258507125,0.18374024165064107,0.0029,0.0005,2007-05-31,c50b7c3c1d395f5a,French F-F_Research_Data_Factors CRSP 202607 sha256 b840dba55d319f48; FRED DEXMXUS huella 28098d0c456254a0; Banxico SF43936 huella 379eb41bf5f8814a,"{""comision_por_lado"": 0.0029, ""cortes"": [""2007-05-31""], ""efectivo_en_mxn"": false, ""exposicion_inicial"": 0.0, ""exposicion_max"": 1.0, ""exposicion_min"": 0.0, ""extras"": [], ""fx"": false, ""max_dias_fx"": 10, ""min_historia"": 1, ""periodos_por_anio"": 12, ""permitir_capturas"": false, ""rebalanceo_con_deriva"": true, ""segmentos"": [""dentro_muestra"", ""fuera_muestra""], ""senal"": ""senal_comprar_y_mantener"", ""spread_por_lado"": 0.0005, ""usuario"": {""c"": 0.01, ""h"": 0.25}, ""variante"": ""mxn_h025_costo100""}",S6
2026-09-25T06:56:33.548444Z,R08,2861d7bcc4,mxn_h025_costo100,0,fuera_muestra,2007-05-31,2026-07-31,230,12,MXN,10.846914219878911,0.13765658854382457,0.1348129103801453,0.5646168784807689,0.8952915863804325,-0.3514888725079831,0.39163853911391766,0.1629908533899391,-0.04684758529355029,3.8235523167383523,0.9925455811046278,1.0,1.0,0.0,0.0,0,0.13765658854382457,0.0639492100778396,0.0029,0.0005,2007-05-31,c50b7c3c1d395f5a,French F-F_Research_Data_Factors CRSP 202607 sha256 b840dba55d319f48; FRED DEXMXUS huella 28098d0c456254a0; Banxico SF43936 huella 379eb41bf5f8814a,"{""comision_por_lado"": 0.0029, ""cortes"": [""2007-05-31""], ""efectivo_en_mxn"": false, ""exposicion_inicial"": 0.0, ""exposicion_max"": 1.0, ""exposicion_min"": 0.0, ""extras"": [], ""fx"": false, ""max_dias_fx"": 10, ""min_historia"": 1, ""periodos_por_anio"": 12, ""permitir_capturas"": false, ""rebalanceo_con_deriva"": true, ""segmentos"": [""dentro_muestra"", ""fuera_muestra""], ""senal"": ""senal_comprar_y_mantener"", ""spread_por_lado"": 0.0005, ""usuario"": {""c"": 0.01, ""h"": 0.25}, ""variante"": ""mxn_h025_costo100""}",S6
2026-09-25T06:56:33.553639Z,R08,73cd34b241,mxn_h050_costo100,0,completo,1993-12-31,2026-07-31,391,12,MXN,205.57133274455805,0.17776077749086205,0.14847142879799094,0.47343623496117876,0.7210212034233996,-0.40132052804838203,0.4429396581214299,0.13666926884947975,0.0328271694720607,5.493798254055284,0.9962858752454663,1.0,1.0,0.030693277310924375,0.00010435714285714287,1,0.17788390109380825,0.11172233927432984,0.0029,0.0005,2007-05-31,8768af00563e41bb,French F-F_Research_Data_Factors CRSP 202607 sha256 b840dba55d319f48; FRED DEXMXUS huella 28098d0c456254a0; Banxico SF43936 huella 379eb41bf5f8814a,"{""comision_por_lado"": 0.0029, ""cortes"": [""2007-05-31""], ""efectivo_en_mxn"": false, ""exposicion_inicial"": 0.0, ""exposicion_max"": 1.0, ""exposicion_min"": 0.0, ""extras"": [], ""fx"": false, ""max_dias_fx"": 10, ""min_historia"": 1, ""periodos_por_anio"": 12, ""permitir_capturas"": false, ""rebalanceo_con_deriva"": true, ""segmentos"": [""dentro_muestra"", ""fuera_muestra""], ""senal"": ""senal_comprar_y_mantener"", ""spread_por_lado"": 0.0005, ""usuario"": {""c"": 0.01, ""h"": 0.5}, ""variante"": ""mxn_h050_costo100""}",S6
2026-09-25T06:56:33.553639Z,R08,73cd34b241,mxn_h050_costo100,0,dentro_muestra,1993-12-31,2007-05-31,161,12,MXN,16.13827497099495,0.23594655374143558,0.16073843936921353,0.3618622904306813,0.5496633403176123,-0.3815725838456474,0.6183530047244693,0.1044606453948642,0.3481104831651438,7.175108702696912,0.9089670591565191,1.0,1.0,0.07455603184323331,0.00025349050826699326,1,0.23626042813128345,0.18374024165064107,0.0029,0.0005,2007-05-31,8768af00563e41bb,French F-F_Research_Data_Factors CRSP 202607 sha256 b840dba55d319f48; FRED DEXMXUS huella 28098d0c456254a0; Banxico SF43936 huella 379eb41bf5f8814a,"{""comision_por_lado"": 0.0029, ""cortes"": [""2007-05-31""], ""efectivo_en_mxn"": false, ""exposicion_inicial"": 0.0, ""exposicion_max"": 1.0, ""exposicion_min"": 0.0, ""extras"": [], ""fx"": false, ""max_dias_fx"": 10, ""min_historia"": 1, ""periodos_por_anio"": 12, ""permitir_capturas"": false, ""rebalanceo_con_deriva"": true, ""segmentos"": [""dentro_muestra"", ""fuera_muestra""], ""senal"": ""senal_comprar_y_mantener"", ""spread_por_lado"": 0.0005, ""usuario"": {""c"": 0.01, ""h"": 0.5}, ""variante"": ""mxn_h050_costo100""}",S6
2026-09-25T06:56:33.553639Z,R08,73cd34b241,mxn_h050_costo100,0,fuera_muestra,2007-05-31,2026-07-31,230,12,MXN,11.053216154727492,0.1386817227922723,0.13868884250876254,0.559914476179762,0.8563828791075205,-0.40132052804838203,0.34556349127387087,0.16163338677277694,-0.2522508247858822,3.691322274915878,0.9912865394332195,1.0,1.0,0.0,0.0,0,0.1386817227922723,0.0639492100778396,0.0029,0.0005,2007-05-31,8768af00563e41bb,French F-F_Research_Data_Factors CRSP 202607 sha256 b840dba55d319f48; FRED DEXMXUS huella 28098d0c456254a0; Banxico SF43936 huella 379eb41bf5f8814a,"{""comision_por_lado"": 0.0029, ""cortes"": [""2007-05-31""], ""efectivo_en_mxn"": false, ""exposicion_inicial"": 0.0, ""exposicion_max"": 1.0, ""exposicion_min"": 0.0, ""extras"": [], ""fx"": false, ""max_dias_fx"": 10, ""min_historia"": 1, ""periodos_por_anio"": 12, ""permitir_capturas"": false, ""rebalanceo_con_deriva"": true, ""segmentos"": [""dentro_muestra"", ""fuera_muestra""], ""senal"": ""senal_comprar_y_mantener"", ""spread_por_lado"": 0.0005, ""usuario"": {""c"": 0.01, ""h"": 0.5}, ""variante"": ""mxn_h050_costo100""}",S6
2026-09-25T06:56:33.558812Z,R08,b5024ac870,mxn_h075_costo100,0,completo,1993-12-31,2026-07-31,391,12,MXN,219.78148366666662,0.18016816545017456,0.15106396978474299,0.4853595297586251,0.7035108993834904,-0.44884247042036174,0.4014062334195753,0.1401112275799462,-0.5402879297897549,4.032669248830324,0.9959703053245854,1.0,1.0,0.030693277310924375,0.00010435714285714287,1,0.18029154072246212,0.11172233927432984,0.0029,0.0005,2007-05-31,135edede02dc8fb6,French F-F_Research_Data_Factors CRSP 202607 sha256 b840dba55d319f48; FRED DEXMXUS huella 28098d0c456254a0; Banxico SF43936 huella 379eb41bf5f8814a,"{""comision_por_lado"": 0.0029, ""cortes"": [""2007-05-31""], ""efectivo_en_mxn"": false, ""exposicion_inicial"": 0.0, ""exposicion_max"": 1.0, ""exposicion_min"": 0.0, ""extras"": [], ""fx"": false, ""max_dias_fx"": 10, ""min_historia"": 1, ""periodos_por_anio"": 12, ""permitir_capturas"": false, ""rebalanceo_con_deriva"": true, ""segmentos"": [""dentro_muestra"", ""fuera_muestra""], ""senal"": ""senal_comprar_y_mantener"", ""spread_por_lado"": 0.0005, ""usuario"": {""c"": 0.01, ""h"": 0.75}, ""variante"": ""mxn_h075_costo100""}",S6
2026-09-25T06:56:33.558812Z,R08,b5024ac870,mxn_h075_costo100,0,dentro_muestra,1993-12-31,2007-05-31,161,12,MXN,17.32296770245673,0.24212114874988622,0.15368106038229565,0.41422018668541194,0.5889258204949187,-0.3782736966585163,0.6400686880654545,0.11957506814329982,-0.6294852554898581,4.0677246754531176,0.9266431055189361,1.0,1.0,0.07455603184323331,0.00025349050826699326,1,0.2424365912069253,0.18374024165064107,0.0029,0.0005,2007-05-31,135edede02dc8fb6,French F-F_Research_Data_Factors CRSP 202607 sha256 b840dba55d319f48; FRED DEXMXUS huella 28098d0c456254a0; Banxico SF43936 huella 379eb41bf5f8814a,"{""comision_por_lado"": 0.0029, ""cortes"": [""2007-05-31""], ""efectivo_en_mxn"": false, ""exposicion_inicial"": 0.0, ""exposicion_max"": 1.0, ""exposicion_min"": 0.0, ""extras"": [], ""fx"": false, ""max_dias_fx"": 10, ""min_historia"": 1, ""periodos_por_anio"": 12, ""permitir_capturas"": false, ""rebalanceo_con_deriva"": true, ""segmentos"": [""dentro_muestra"", ""fuera_muestra""], ""senal"": ""senal_comprar_y_mantener"", ""spread_por_lado"": 0.0005, ""usuario"": {""c"": 0.01, ""h"": 0.75}, ""variante"": ""mxn_h075_costo100""}",S6
2026-09-25T06:56:33.558812Z,R08,b5024ac870,mxn_h075_costo100,0,fuera_muestra,2007-05-31,2026-07-31,230,12,MXN,11.049439111168885,0.13866310423395234,0.1486296695947908,0.5329117948281475,0.7841253979201211,-0.44884247042036196,0.30893490115605116,0.1538383840991788,-0.48618485654410337,4.000904302117242,0.9870335219511719,1.0,1.0,0.0,0.0,0,0.13866310423395234,0.0639492100778396,0.0029,0.0005,2007-05-31,135edede02dc8fb6,French F-F_Research_Data_Factors CRSP 202607 sha256 b840dba55d319f48; FRED DEXMXUS huella 28098d0c456254a0; Banxico SF43936 huella 379eb41bf5f8814a,"{""comision_por_lado"": 0.0029, ""cortes"": [""2007-05-31""], ""efectivo_en_mxn"": false, ""exposicion_inicial"": 0.0, ""exposicion_max"": 1.0, ""exposicion_min"": 0.0, ""extras"": [], ""fx"": false, ""max_dias_fx"": 10, ""min_historia"": 1, ""periodos_por_anio"": 12, ""permitir_capturas"": false, ""rebalanceo_con_deriva"": true, ""segmentos"": [""dentro_muestra"", ""fuera_muestra""], ""senal"": ""senal_comprar_y_mantener"", ""spread_por_lado"": 0.0005, ""usuario"": {""c"": 0.01, ""h"": 0.75}, ""variante"": ""mxn_h075_costo100""}",S6
2026-09-25T06:56:33.564132Z,R08,a5db0c501b,mxn_h100_costo100,0,completo,1993-12-31,2026-07-31,391,12,MXN,226.1506904096038,0.18119881040269337,0.16148431516596107,0.47141475357221857,0.6657564374347388,-0.49408350577430815,0.3667372180715196,0.13608571743744075,-0.77117579036426,4.702830833806047,0.9944106444087926,1.0,1.0,0.030693277310924375,0.00010435714285714287,1,0.18132229341903416,0.11172233927432984,0.0029,0.0005,2007-05-31,1e8350a0e7504a09,French F-F_Research_Data_Factors CRSP 202607 sha256 b840dba55d319f48; FRED DEXMXUS huella 28098d0c456254a0; Banxico SF43936 huella 379eb41bf5f8814a,"{""comision_por_lado"": 0.0029, ""cortes"": [""2007-05-31""], ""efectivo_en_mxn"": false, ""exposicion_inicial"": 0.0, ""exposicion_max"": 1.0, ""exposicion_min"": 0.0, ""extras"": [], ""fx"": false, ""max_dias_fx"": 10, ""min_historia"": 1, ""periodos_por_anio"": 12, ""permitir_capturas"": false, ""rebalanceo_con_deriva"": true, ""segmentos"": [""dentro_muestra"", ""fuera_muestra""], ""senal"": ""senal_comprar_y_mantener"", ""spread_por_lado"": 0.0005, ""usuario"": {""c"": 0.01, ""h"": 1.0}, ""variante"": ""mxn_h100_costo100""}",S6
2026-09-25T06:56:33.564132Z,R08,a5db0c501b,mxn_h100_costo100,0,dentro_muestra,1993-12-31,2007-05-31,161,12,MXN,18.202037658602045,0.24646843022281328,0.15771236364400232,0.4360717001325157,0.6074070542470127,-0.3754090643987703,0.65653297588203,0.12588305672874286,-0.8967305834967347,4.620003889318682,0.9331618561225591,1.0,1.0,0.07455603184323331,0.00025349050826699326,1,0.2467849766922514,0.18374024165064107,0.0029,0.0005,2007-05-31,1e8350a0e7504a09,French F-F_Research_Data_Factors CRSP 202607 sha256 b840dba55d319f48; FRED DEXMXUS huella 28098d0c456254a0; Banxico SF43936 huella 379eb41bf5f8814a,"{""comision_por_lado"": 0.0029, ""cortes"": [""2007-05-31""], ""efectivo_en_mxn"": false, ""exposicion_inicial"": 0.0, ""exposicion_max"": 1.0, ""exposicion_min"": 0.0, ""extras"": [], ""fx"": false, ""max_dias_fx"": 10, ""min_historia"": 1, ""periodos_por_anio"": 12, ""permitir_capturas"": false, ""rebalanceo_con_deriva"": true, ""segmentos"": [""dentro_muestra"", ""fuera_muestra""], ""senal"": ""senal_comprar_y_mantener"", ""spread_por_lado"": 0.0005, ""usuario"": {""c"": 0.01, ""h"": 1.0}, ""variante"": ""mxn_h100_costo100""}",S6
2026-09-25T06:56:33.564132Z,R08,a5db0c501b,mxn_h100_costo100,0,fuera_muestra,2007-05-31,2026-07-31,230,12,MXN,10.829509682679209,0.13756933137367677,0.16353309068036995,0.49382503985359777,0.7042420857368964,-0.49408350577430815,0.2784333614984446,0.14255500984602618,-0.7103223335479224,4.671903878834607,0.9792493119539336,1.0,1.0,0.0,0.0,0,0.13756933137367677,0.0639492100778396,0.0029,0.0005,2007-05-31,1e8350a0e7504a09,French F-F_Research_Data_Factors CRSP 202607 sha256 b840dba55d319f48; FRED DEXMXUS huella 28098d0c456254a0; Banxico SF43936 huella 379eb41bf5f8814a,"{""comision_por_lado"": 0.0029, ""cortes"": [""2007-05-31""], ""efectivo_en_mxn"": false, ""exposicion_inicial"": 0.0, ""exposicion_max"": 1.0, ""exposicion_min"": 0.0, ""extras"": [], ""fx"": false, ""max_dias_fx"": 10, ""min_historia"": 1, ""periodos_por_anio"": 12, ""permitir_capturas"": false, ""rebalanceo_con_deriva"": true, ""segmentos"": [""dentro_muestra"", ""fuera_muestra""], ""senal"": ""senal_comprar_y_mantener"", ""spread_por_lado"": 0.0005, ""usuario"": {""c"": 0.01, ""h"": 1.0}, ""variante"": ""mxn_h100_costo100""}",S6
2026-09-25T06:56:33.569807Z,R08,d891fdb2dd,mxn_hminvar_exp36_costo100,0,completo,1993-12-31,2026-07-31,391,12,MXN,244.28883101302128,0.18398729623378451,0.17365577637697274,0.45235741108868394,0.7403801207008641,-0.4459639029716459,0.41256096066923675,0.13058433653098694,1.6043829524130666,21.038705682583664,0.9970693624248731,1.0,1.0,0.030693277310924375,0.00010435714285714287,1,0.1841110707595972,0.11172233927432984,0.0029,0.0005,2007-05-31,7849cfc63bcb50da,French F-F_Research_Data_Factors CRSP 202607 sha256 b840dba55d319f48; FRED DEXMXUS huella 28098d0c456254a0; Banxico SF43936 huella 379eb41bf5f8814a,"{""comision_por_lado"": 0.0029, ""cortes"": [""2007-05-31""], ""efectivo_en_mxn"": false, ""exposicion_inicial"": 0.0, ""exposicion_max"": 1.0, ""exposicion_min"": 0.0, ""extras"": [], ""fx"": false, ""max_dias_fx"": 10, ""min_historia"": 1, ""periodos_por_anio"": 12, ""permitir_capturas"": false, ""rebalanceo_con_deriva"": true, ""segmentos"": [""dentro_muestra"", ""fuera_muestra""], ""senal"": ""senal_comprar_y_mantener"", ""spread_por_lado"": 0.0005, ""usuario"": {""c"": 0.01, ""h"": ""minvar_expansiva""}, ""variante"": ""mxn_hminvar_exp36_costo100""}",S6
2026-09-25T06:56:33.569807Z,R08,d891fdb2dd,mxn_hminvar_exp36_costo100,0,dentro_muestra,1993-12-31,2007-05-31,161,12,MXN,20.23113358392186,0.255838678901652,0.20744659016745282,0.3870694581770036,0.692507370913596,-0.37669519617853686,0.6791662901387142,0.11173732793678783,2.5611693425719015,24.19744929946525,0.9445301984107524,1.0,1.0,0.07455603184323331,0.00025349050826699326,1,0.2561576049894305,0.18374024165064107,0.0029,0.0005,2007-05-31,7849cfc63bcb50da,French F-F_Research_Data_Factors CRSP 202607 sha256 b840dba55d319f48; FRED DEXMXUS huella 28098d0c456254a0; Banxico SF43936 huella 379eb41bf5f8814a,"{""comision_por_lado"": 0.0029, ""cortes"": [""2007-05-31""], ""efectivo_en_mxn"": false, ""exposicion_inicial"": 0.0, ""exposicion_max"": 1.0, ""exposicion_min"": 0.0, ""extras"": [], ""fx"": false, ""max_dias_fx"": 10, ""min_historia"": 1, ""periodos_por_anio"": 12, ""permitir_capturas"": false, ""rebalanceo_con_deriva"": true, ""segmentos"": [""dentro_muestra"", ""fuera_muestra""], ""senal"": ""senal_comprar_y_mantener"", ""spread_por_lado"": 0.0005, ""usuario"": {""c"": 0.01, ""h"": ""minvar_expansiva""}, ""variante"": ""mxn_hminvar_exp36_costo100""}",S6
2026-09-25T06:56:33.569807Z,R08,d891fdb2dd,mxn_hminvar_exp36_costo100,0,fuera_muestra,2007-05-31,2026-07-31,230,12,MXN,10.553261159770386,0.13616782670434335,0.1444608158531588,0.5283269665841932,0.7832881617363205,-0.445963902971646,0.30533374068394226,0.15251485818876118,-0.4514053751093131,4.193799231929562,0.9865599763468518,1.0,1.0,0.0,0.0,0,0.13616782670434335,0.0639492100778396,0.0029,0.0005,2007-05-31,7849cfc63bcb50da,French F-F_Research_Data_Factors CRSP 202607 sha256 b840dba55d319f48; FRED DEXMXUS huella 28098d0c456254a0; Banxico SF43936 huella 379eb41bf5f8814a,"{""comision_por_lado"": 0.0029, ""cortes"": [""2007-05-31""], ""efectivo_en_mxn"": false, ""exposicion_inicial"": 0.0, ""exposicion_max"": 1.0, ""exposicion_min"": 0.0, ""extras"": [], ""fx"": false, ""max_dias_fx"": 10, ""min_historia"": 1, ""periodos_por_anio"": 12, ""permitir_capturas"": false, ""rebalanceo_con_deriva"": true, ""segmentos"": [""dentro_muestra"", ""fuera_muestra""], ""senal"": ""senal_comprar_y_mantener"", ""spread_por_lado"": 0.0005, ""usuario"": {""c"": 0.01, ""h"": ""minvar_expansiva""}, ""variante"": ""mxn_hminvar_exp36_costo100""}",S6
2026-09-25T06:56:33.575268Z,R08,a0e9d577a7,bench50_h100_costo100,0,completo,1993-12-31,2026-07-31,391,12,MXN,91.68246330500031,0.14914174558873472,0.08535479435749108,0.46682162678663214,0.6585868194082681,-0.2418945793580991,0.6165567909148815,0.13475979594440055,-0.7727962834628017,4.704711869210884,0.9940248173670317,0.5,1.0,0.12129083871267747,0.0004123888516231039,1,0.18132229341903416,0.11172233927432984,0.0029,0.0005,2007-05-31,1e8350a0e7504a09,French F-F_Research_Data_Factors CRSP 202607 sha256 b840dba55d319f48; FRED DEXMXUS huella 28098d0c456254a0; Banxico SF43936 huella 379eb41bf5f8814a,"{""comision_por_lado"": 0.0029, ""cortes"": [""2007-05-31""], ""efectivo_en_mxn"": false, ""exposicion_inicial"": 0.0, ""exposicion_max"": 1.0, ""exposicion_min"": 0.0, ""extras"": [], ""fx"": false, ""max_dias_fx"": 10, ""min_historia"": 1, ""periodos_por_anio"": 12, ""permitir_capturas"": false, ""rebalanceo_con_deriva"": true, ""segmentos"": [""dentro_muestra"", ""fuera_muestra""], ""senal"": ""senal_mitad"", ""spread_por_lado"": 0.0005, ""usuario"": {""c"": 0.01, ""h"": 1.0, ""peso_acciones"": 0.5}, ""variante"": ""bench50_h100_costo100""}",S6
2026-09-25T06:56:33.575268Z,R08,a0e9d577a7,bench50_h100_costo100,0,dentro_muestra,1993-12-31,2007-05-31,161,12,MXN,13.025944400997346,0.21761701172847525,0.08775682841590164,0.43140309137725374,0.6003051232218716,-0.1242786105370689,1.7510415572562752,0.12453534546794709,-0.8974619265752838,4.61999703526367,0.9311806511569929,0.5,1.0,0.13789127716068703,0.00046883034234633617,1,0.2467849766922514,0.18374024165064107,0.0029,0.0005,2007-05-31,1e8350a0e7504a09,French F-F_Research_Data_Factors CRSP 202607 sha256 b840dba55d319f48; FRED DEXMXUS huella 28098d0c456254a0; Banxico SF43936 huella 379eb41bf5f8814a,"{""comision_por_lado"": 0.0029, ""cortes"": [""2007-05-31""], ""efectivo_en_mxn"": false, ""exposicion_inicial"": 0.0, ""exposicion_max"": 1.0, ""exposicion_min"": 0.0, ""extras"": [], ""fx"": false, ""max_dias_fx"": 10, ""min_historia"": 1, ""periodos_por_anio"": 12, ""permitir_capturas"": false, ""rebalanceo_con_deriva"": true, ""segmentos"": [""dentro_muestra"", ""fuera_muestra""], ""senal"": ""senal_mitad"", ""spread_por_lado"": 0.0005, ""usuario"": {""c"": 0.01, ""h"": 1.0, ""peso_acciones"": 0.5}, ""variante"": ""bench50_h100_costo100""}",S6
2026-09-25T06:56:33.575268Z,R08,a0e9d577a7,bench50_h100_costo100,0,fuera_muestra,2007-05-31,2026-07-31,230,12,MXN,5.607930322211313,0.10352895257963346,0.08174458189041772,0.4892771146504129,0.6970183954277355,-0.24189457935809877,0.42799203212557335,0.14124213692586965,-0.7123539376985869,4.67469033702898,0.9783389281210813,0.5,1.0,0.1096745627582712,0.0003728935133781216,0,0.13756933137367677,0.0639492100778396,0.0029,0.0005,2007-05-31,1e8350a0e7504a09,French F-F_Research_Data_Factors CRSP 202607 sha256 b840dba55d319f48; FRED DEXMXUS huella 28098d0c456254a0; Banxico SF43936 huella 379eb41bf5f8814a,"{""comision_por_lado"": 0.0029, ""cortes"": [""2007-05-31""], ""efectivo_en_mxn"": false, ""exposicion_inicial"": 0.0, ""exposicion_max"": 1.0, ""exposicion_min"": 0.0, ""extras"": [], ""fx"": false, ""max_dias_fx"": 10, ""min_historia"": 1, ""periodos_por_anio"": 12, ""permitir_capturas"": false, ""rebalanceo_con_deriva"": true, ""segmentos"": [""dentro_muestra"", ""fuera_muestra""], ""senal"": ""senal_mitad"", ""spread_por_lado"": 0.0005, ""usuario"": {""c"": 0.01, ""h"": 1.0, ""peso_acciones"": 0.5}, ""variante"": ""bench50_h100_costo100""}",S6
2026-09-25T06:56:33.585659Z,R08,2724c50ed4,mxn_h000_spread_medio,0,completo,1993-12-31,2026-07-31,391,12,MXN,161.48317858170313,0.16911425393606527,0.16712503616088067,0.38312466376905424,0.6553306350625421,-0.3986273085655937,0.4242415165799854,0.11059856388012416,2.0967616809670906,23.673603227231503,0.9915008135292855,1.0,1.0,0.030693277310924375,0.00013505042016806723,1,0.16927250239528435,0.11172233927432984,0.0029,0.0015,2007-05-31,d93425e0e4741dff,French F-F_Research_Data_Factors CRSP 202607 sha256 b840dba55d319f48; FRED DEXMXUS huella 28098d0c456254a0; Banxico SF43936 huella 379eb41bf5f8814a,"{""comision_por_lado"": 0.0029, ""cortes"": [""2007-05-31""], ""efectivo_en_mxn"": true, ""exposicion_inicial"": 0.0, ""exposicion_max"": 1.0, ""exposicion_min"": 0.0, ""extras"": [""fx""], ""fx"": true, ""max_dias_fx"": 10, ""min_historia"": 1, ""periodos_por_anio"": 12, ""permitir_capturas"": false, ""rebalanceo_con_deriva"": true, ""segmentos"": [""dentro_muestra"", ""fuera_muestra""], ""senal"": ""senal_comprar_y_mantener"", ""spread_por_lado"": 0.0015, ""usuario"": {""base"": ""mxn_h000"", ""spread"": 0.0015}, ""variante"": ""mxn_h000_spread_medio""}",S7
2026-09-25T06:56:33.585659Z,R08,2724c50ed4,mxn_h000_spread_medio,0,dentro_muestra,1993-12-31,2007-05-31,161,12,MXN,13.195043254216118,0.21870541833953183,0.2017334927995307,0.23673432131867747,0.42288168606535326,-0.3986273085655937,0.5486463512159104,0.0683393120698809,2.9410811011438223,26.777433671342465,0.8287783356693947,1.0,1.0,0.07455603184323331,0.00032804654011022653,1,0.2191061584387033,0.18374024165064107,0.0029,0.0015,2007-05-31,d93425e0e4741dff,French F-F_Research_Data_Factors CRSP 202607 sha256 b840dba55d319f48; FRED DEXMXUS huella 28098d0c456254a0; Banxico SF43936 huella 379eb41bf5f8814a,"{""comision_por_lado"": 0.0029, ""cortes"": [""2007-05-31""], ""efectivo_en_mxn"": true, ""exposicion_inicial"": 0.0, ""exposicion_max"": 1.0, ""exposicion_min"": 0.0, ""extras"": [""fx""], ""fx"": true, ""max_dias_fx"": 10, ""min_historia"": 1, ""periodos_por_anio"": 12, ""permitir_capturas"": false, ""rebalanceo_con_deriva"": true, ""segmentos"": [""dentro_muestra"", ""fuera_muestra""], ""senal"": ""senal_comprar_y_mantener"", ""spread_por_lado"": 0.0015, ""usuario"": {""base"": ""mxn_h000"", ""spread"": 0.0015}, ""variante"": ""mxn_h000_spread_medio""}",S7
2026-09-25T06:56:33.585659Z,R08,2724c50ed4,mxn_h000_spread_medio,0,fuera_muestra,2007-05-31,2026-07-31,230,12,MXN,10.446472946353536,0.1356175247443545,0.1375156572543321,0.542592100504438,0.8789758748531012,-0.29971589617506866,0.4524869267032077,0.15663284764320087,0.11485829466018538,4.126570883952664,0.9910789941931004,1.0,1.0,0.0,0.0,0,0.1356175247443545,0.0639492100778396,0.0029,0.0015,2007-05-31,d93425e0e4741dff,French F-F_Research_Data_Factors CRSP 202607 sha256 b840dba55d319f48; FRED DEXMXUS huella 28098d0c456254a0; Banxico SF43936 huella 379eb41bf5f8814a,"{""comision_por_lado"": 0.0029, ""cortes"": [""2007-05-31""], ""efectivo_en_mxn"": true, ""exposicion_inicial"": 0.0, ""exposicion_max"": 1.0, ""exposicion_min"": 0.0, ""extras"": [""fx""], ""fx"": true, ""max_dias_fx"": 10, ""min_historia"": 1, ""periodos_por_anio"": 12, ""permitir_capturas"": false, ""rebalanceo_con_deriva"": true, ""segmentos"": [""dentro_muestra"", ""fuera_muestra""], ""senal"": ""senal_comprar_y_mantener"", ""spread_por_lado"": 0.0015, ""usuario"": {""base"": ""mxn_h000"", ""spread"": 0.0015}, ""variante"": ""mxn_h000_spread_medio""}",S7
2026-09-25T06:56:33.591642Z,R08,d812de98c2,mxn_h025_spread_medio,0,completo,1993-12-31,2026-07-31,391,12,MXN,200.87676330178937,0.1769300565558498,0.15409944308908724,0.4520265261658956,0.7344303181649671,-0.382020773308021,0.46314250145028685,0.13048881828136563,1.0036295231233665,12.38243029921809,0.9964308785127194,1.0,1.0,0.030693277310924375,0.00013505042016806723,1,0.17708936294308408,0.11172233927432984,0.0029,0.0015,2007-05-31,1cca5ec61fd6d53c,French F-F_Research_Data_Factors CRSP 202607 sha256 b840dba55d319f48; FRED DEXMXUS huella 28098d0c456254a0; Banxico SF43936 huella 379eb41bf5f8814a,"{""comision_por_lado"": 0.0029, ""cortes"": [""2007-05-31""], ""efectivo_en_mxn"": false, ""exposicion_inicial"": 0.0, ""exposicion_max"": 1.0, ""exposicion_min"": 0.0, ""extras"": [], ""fx"": false, ""max_dias_fx"": 10, ""min_historia"": 1, ""periodos_por_anio"": 12, ""permitir_capturas"": false, ""rebalanceo_con_deriva"": true, ""segmentos"": [""dentro_muestra"", ""fuera_muestra""], ""senal"": ""senal_comprar_y_mantener"", ""spread_por_lado"": 0.0015, ""usuario"": {""base"": ""mxn_h025"", ""spread"": 0.0015}, ""variante"": ""mxn_h025_spread_medio""}",S7
2026-09-25T06:56:33.591642Z,R08,d812de98c2,mxn_h025_spread_medio,0,dentro_muestra,1993-12-31,2007-05-31,161,12,MXN,15.251013590325385,0.23105779281568828,0.17756302685905642,0.31147716145033194,0.5166146486720701,-0.382020773308021,0.604830441064491,0.08991571150488484,1.7193227683223042,16.102237452450073,0.8878620009975573,1.0,1.0,0.07455603184323331,0.00032804654011022653,1,0.2314625946772002,0.18374024165064107,0.0029,0.0015,2007-05-31,1cca5ec61fd6d53c,French F-F_Research_Data_Factors CRSP 202607 sha256 b840dba55d319f48; FRED DEXMXUS huella 28098d0c456254a0; Banxico SF43936 huella 379eb41bf5f8814a,"{""comision_por_lado"": 0.0029, ""cortes"": [""2007-05-31""], ""efectivo_en_mxn"": false, ""exposicion_inicial"": 0.0, ""exposicion_max"": 1.0, ""exposicion_min"": 0.0, ""extras"": [], ""fx"": false, ""max_dias_fx"": 10, ""min_historia"": 1, ""periodos_por_anio"": 12, ""permitir_capturas"": false, ""rebalanceo_con_deriva"": true, ""segmentos"": [""dentro_muestra"", ""fuera_muestra""], ""senal"": ""senal_comprar_y_mantener"", ""spread_por_lado"": 0.0015, ""usuario"": {""base"": ""mxn_h025"", ""spread"": 0.0015}, ""variante"": ""mxn_h025_spread_medio""}",S7
2026-09-25T06:56:33.591642Z,R08,d812de98c2,mxn_h025_spread_medio,0,fuera_muestra,2007-05-31,2026-07-31,230,12,MXN,11.422410588713763,0.14047545910383707,0.1348129103801453,0.583076713438418,0.9283708762457135,-0.34926241214949216,0.4022060611655812,0.1683197487309365,-0.0468475852935503,3.8235523167383536,0.9940035515591212,1.0,1.0,0.0,0.0,0,0.14047545910383707,0.0639492100778396,0.0029,0.0015,2007-05-31,1cca5ec61fd6d53c,French F-F_Research_Data_Factors CRSP 202607 sha256 b840dba55d319f48; FRED DEXMXUS huella 28098d0c456254a0; Banxico SF43936 huella 379eb41bf5f8814a,"{""comision_por_lado"": 0.0029, ""cortes"": [""2007-05-31""], ""efectivo_en_mxn"": false, ""exposicion_inicial"": 0.0, ""exposicion_max"": 1.0, ""exposicion_min"": 0.0, ""extras"": [], ""fx"": false, ""max_dias_fx"": 10, ""min_historia"": 1, ""periodos_por_anio"": 12, ""permitir_capturas"": false, ""rebalanceo_con_deriva"": true, ""segmentos"": [""dentro_muestra"", ""fuera_muestra""], ""senal"": ""senal_comprar_y_mantener"", ""spread_por_lado"": 0.0015, ""usuario"": {""base"": ""mxn_h025"", ""spread"": 0.0015}, ""variante"": ""mxn_h025_spread_medio""}",S7
2026-09-25T06:56:33.597476Z,R08,08c0295804,mxn_h050_spread_medio,0,completo,1993-12-31,2026-07-31,391,12,MXN,241.36909662204974,0.1835522116058781,0.1484681846496029,0.507640951669437,0.778772313196898,-0.3971813602250951,0.4621370235044598,0.14654332004901363,0.032995295388471284,5.494287123750911,0.9979246697550133,1.0,1.0,0.030693277310924375,0.00013505042016806723,1,0.18371241435189822,0.11172233927432984,0.0029,0.0015,2007-05-31,5fda33abc7dac027,French F-F_Research_Data_Factors CRSP 202607 sha256 b840dba55d319f48; FRED DEXMXUS huella 28098d0c456254a0; Banxico SF43936 huella 379eb41bf5f8814a,"{""comision_por_lado"": 0.0029, ""cortes"": [""2007-05-31""], ""efectivo_en_mxn"": false, ""exposicion_inicial"": 0.0, ""exposicion_max"": 1.0, ""exposicion_min"": 0.0, ""extras"": [], ""fx"": false, ""max_dias_fx"": 10, ""min_historia"": 1, ""periodos_por_anio"": 12, ""permitir_capturas"": false, ""rebalanceo_con_deriva"": true, ""segmentos"": [""dentro_muestra"", ""fuera_muestra""], ""senal"": ""senal_comprar_y_mantener"", ""spread_por_lado"": 0.0015, ""usuario"": {""base"": ""mxn_h050"", ""spread"": 0.0015}, ""variante"": ""mxn_h050_spread_medio""}",S7
2026-09-25T06:56:33.597476Z,R08,08c0295804,mxn_h050_spread_medio,0,dentro_muestra,1993-12-31,2007-05-31,161,12,MXN,17.28850639407705,0.24194682324374228,0.16073317279306704,0.39386380352729733,0.6024166402520752,-0.3749632474941791,0.6452547679289509,0.1136986864952675,0.3485443747441918,7.176781877003347,0.9268244478609327,1.0,1.0,0.07455603184323331,0.00032804654011022653,1,0.242355205684341,0.18374024165064107,0.0029,0.0015,2007-05-31,5fda33abc7dac027,French F-F_Research_Data_Factors CRSP 202607 sha256 b840dba55d319f48; FRED DEXMXUS huella 28098d0c456254a0; Banxico SF43936 huella 379eb41bf5f8814a,"{""comision_por_lado"": 0.0029, ""cortes"": [""2007-05-31""], ""efectivo_en_mxn"": false, ""exposicion_inicial"": 0.0, ""exposicion_max"": 1.0, ""exposicion_min"": 0.0, ""extras"": [], ""fx"": false, ""max_dias_fx"": 10, ""min_historia"": 1, ""periodos_por_anio"": 12, ""permitir_capturas"": false, ""rebalanceo_con_deriva"": true, ""segmentos"": [""dentro_muestra"", ""fuera_muestra""], ""senal"": ""senal_comprar_y_mantener"", ""spread_por_lado"": 0.0015, ""usuario"": {""base"": ""mxn_h050"", ""spread"": 0.0015}, ""variante"": ""mxn_h050_spread_medio""}",S7
2026-09-25T06:56:33.597476Z,R08,08c0295804,mxn_h050_spread_medio,0,fuera_muestra,2007-05-31,2026-07-31,230,12,MXN,12.252536396331614,0.14433081859023678,0.13868884250876254,0.5958291023602125,0.9182929777287722,-0.3971813602250952,0.36338769399560933,0.17200104631934088,-0.2522508247858821,3.691322274915879,0.9942017746438089,1.0,1.0,0.0,0.0,0,0.14433081859023678,0.0639492100778396,0.0029,0.0015,2007-05-31,5fda33abc7dac027,French F-F_Research_Data_Factors CRSP 202607 sha256 b840dba55d319f48; FRED DEXMXUS huella 28098d0c456254a0; Banxico SF43936 huella 379eb41bf5f8814a,"{""comision_por_lado"": 0.0029, ""cortes"": [""2007-05-31""], ""efectivo_en_mxn"": false, ""exposicion_inicial"": 0.0, ""exposicion_max"": 1.0, ""exposicion_min"": 0.0, ""extras"": [], ""fx"": false, ""max_dias_fx"": 10, ""min_historia"": 1, ""periodos_por_anio"": 12, ""permitir_capturas"": false, ""rebalanceo_con_deriva"": true, ""segmentos"": [""dentro_muestra"", ""fuera_muestra""], ""senal"": ""senal_comprar_y_mantener"", ""spread_por_lado"": 0.0015, ""usuario"": {""base"": ""mxn_h050"", ""spread"": 0.0015}, ""variante"": ""mxn_h050_spread_medio""}",S7
2026-09-25T06:56:33.603265Z,R08,04e1d525a8,mxn_h075_spread_medio,0,completo,1993-12-31,2026-07-31,391,12,MXN,279.7172394894804,0.18890020500823512,0.15106047858431035,0.5361273226804113,0.7849617662972533,-0.44308499240551547,0.4263295039235992,0.1547666270347244,-0.540166407888177,4.0329060333091435,0.9982034033925518,1.0,1.0,0.030693277310924375,0.00013505042016806723,1,0.18906113164562255,0.11172233927432984,0.0029,0.0015,2007-05-31,7e8e0f0bf7b8c50f,French F-F_Research_Data_Factors CRSP 202607 sha256 b840dba55d319f48; FRED DEXMXUS huella 28098d0c456254a0; Banxico SF43936 huella 379eb41bf5f8814a,"{""comision_por_lado"": 0.0029, ""cortes"": [""2007-05-31""], ""efectivo_en_mxn"": false, ""exposicion_inicial"": 0.0, ""exposicion_max"": 1.0, ""exposicion_min"": 0.0, ""extras"": [], ""fx"": false, ""max_dias_fx"": 10, ""min_historia"": 1, ""periodos_por_anio"": 12, ""permitir_capturas"": false, ""rebalanceo_con_deriva"": true, ""segmentos"": [""dentro_muestra"", ""fuera_muestra""], ""senal"": ""senal_comprar_y_mantener"", ""spread_por_lado"": 0.0015, ""usuario"": {""base"": ""mxn_h075"", ""spread"": 0.0015}, ""variante"": ""mxn_h075_spread_medio""}",S7
2026-09-25T06:56:33.603265Z,R08,04e1d525a8,mxn_h075_spread_medio,0,dentro_muestra,1993-12-31,2007-05-31,161,12,MXN,19.207206159159202,0.2512191054354722,0.15367490069437545,0.46552765989152106,0.6686171914584383,-0.36828290996423163,0.6821362019211565,0.13438625987679312,-0.6292203675199497,4.068330197150943,0.9475908919862173,1.0,1.0,0.07455603184323331,0.00032804654011022653,1,0.25163053682886094,0.18374024165064107,0.0029,0.0015,2007-05-31,7e8e0f0bf7b8c50f,French F-F_Research_Data_Factors CRSP 202607 sha256 b840dba55d319f48; FRED DEXMXUS huella 28098d0c456254a0; Banxico SF43936 huella 379eb41bf5f8814a,"{""comision_por_lado"": 0.0029, ""cortes"": [""2007-05-31""], ""efectivo_en_mxn"": false, ""exposicion_inicial"": 0.0, ""exposicion_max"": 1.0, ""exposicion_min"": 0.0, ""extras"": [], ""fx"": false, ""max_dias_fx"": 10, ""min_historia"": 1, ""periodos_por_anio"": 12, ""permitir_capturas"": false, ""rebalanceo_con_deriva"": true, ""segmentos"": [""dentro_muestra"", ""fuera_muestra""], ""senal"": ""senal_comprar_y_mantener"", ""spread_por_lado"": 0.0015, ""usuario"": {""base"": ""mxn_h075"", ""spread"": 0.0015}, ""variante"": ""mxn_h075_spread_medio""}",S7
2026-09-25T06:56:33.603265Z,R08,04e1d525a8,mxn_h075_spread_medio,0,fuera_muestra,2007-05-31,2026-07-31,230,12,MXN,12.891937226673056,0.14714737057411686,0.1486296695947908,0.5832270438468172,0.8667991646308607,-0.44308499240551535,0.33209739236540486,0.16836314538181482,-0.48618485654410354,4.000904302117243,0.992362431585725,1.0,1.0,0.0,0.0,0,0.14714737057411686,0.0639492100778396,0.0029,0.0015,2007-05-31,7e8e0f0bf7b8c50f,French F-F_Research_Data_Factors CRSP 202607 sha256 b840dba55d319f48; FRED DEXMXUS huella 28098d0c456254a0; Banxico SF43936 huella 379eb41bf5f8814a,"{""comision_por_lado"": 0.0029, ""cortes"": [""2007-05-31""], ""efectivo_en_mxn"": false, ""exposicion_inicial"": 0.0, ""exposicion_max"": 1.0, ""exposicion_min"": 0.0, ""extras"": [], ""fx"": false, ""max_dias_fx"": 10, ""min_historia"": 1, ""periodos_por_anio"": 12, ""permitir_capturas"": false, ""rebalanceo_con_deriva"": true, ""segmentos"": [""dentro_muestra"", ""fuera_muestra""], ""senal"": ""senal_comprar_y_mantener"", ""spread_por_lado"": 0.0015, ""usuario"": {""base"": ""mxn_h075"", ""spread"": 0.0015}, ""variante"": ""mxn_h075_spread_medio""}",S7
2026-09-25T06:56:33.608796Z,R08,f9adf5ee3b,mxn_h100_spread_medio,0,completo,1993-12-31,2026-07-31,391,12,MXN,311.99107273713815,0.19287806905997162,0.16148076470986805,0.534890971267875,0.7644374911195961,-0.48698296229699267,0.39606738632129496,0.154409723124304,-0.7710790415783804,4.703065799326687,0.9978451461689313,1.0,1.0,0.030693277310924375,0.00013505042016806723,1,0.19303953413135289,0.11172233927432984,0.0029,0.0015,2007-05-31,0fba6fc05d1b0c8b,French F-F_Research_Data_Factors CRSP 202607 sha256 b840dba55d319f48; FRED DEXMXUS huella 28098d0c456254a0; Banxico SF43936 huella 379eb41bf5f8814a,"{""comision_por_lado"": 0.0029, ""cortes"": [""2007-05-31""], ""efectivo_en_mxn"": false, ""exposicion_inicial"": 0.0, ""exposicion_max"": 1.0, ""exposicion_min"": 0.0, ""extras"": [], ""fx"": false, ""max_dias_fx"": 10, ""min_historia"": 1, ""periodos_por_anio"": 12, ""permitir_capturas"": false, ""rebalanceo_con_deriva"": true, ""segmentos"": [""dentro_muestra"", ""fuera_muestra""], ""senal"": ""senal_comprar_y_mantener"", ""spread_por_lado"": 0.0015, ""usuario"": {""base"": ""mxn_h100"", ""spread"": 0.0015}, ""variante"": ""mxn_h100_spread_medio""}",S7
2026-09-25T06:56:33.608796Z,R08,f9adf5ee3b,mxn_h100_spread_medio,0,dentro_muestra,1993-12-31,2007-05-31,161,12,MXN,20.885399541129278,0.25868367665931147,0.1577057237681963,0.5034831069529205,0.7103589023386686,-0.36199374037334475,0.714608148727976,0.1453430536658489,-0.8965380999680923,4.620632864706485,0.9568091063187631,1.0,1.0,0.07455603184323331,0.00032804654011022653,1,0.25909756258598393,0.18374024165064107,0.0029,0.0015,2007-05-31,0fba6fc05d1b0c8b,French F-F_Research_Data_Factors CRSP 202607 sha256 b840dba55d319f48; FRED DEXMXUS huella 28098d0c456254a0; Banxico SF43936 huella 379eb41bf5f8814a,"{""comision_por_lado"": 0.0029, ""cortes"": [""2007-05-31""], ""efectivo_en_mxn"": false, ""exposicion_inicial"": 0.0, ""exposicion_max"": 1.0, ""exposicion_min"": 0.0, ""extras"": [], ""fx"": false, ""max_dias_fx"": 10, ""min_historia"": 1, ""periodos_por_anio"": 12, ""permitir_capturas"": false, ""rebalanceo_con_deriva"": true, ""segmentos"": [""dentro_muestra"", ""fuera_muestra""], ""senal"": ""senal_comprar_y_mantener"", ""spread_por_lado"": 0.0015, ""usuario"": {""base"": ""mxn_h100"", ""spread"": 0.0015}, ""variante"": ""mxn_h100_spread_medio""}",S7
2026-09-25T06:56:33.608796Z,R08,f9adf5ee3b,mxn_h100_spread_medio,0,fuera_muestra,2007-05-31,2026-07-31,230,12,MXN,13.301364347903855,0.14888705174149997,0.16353309068036995,0.554850541116848,0.8002904339759445,-0.48698296229699267,0.3057335949480289,0.16017155463691085,-0.7103223335479225,4.67190387883461,0.9884808512426366,1.0,1.0,0.0,0.0,0,0.14888705174149997,0.0639492100778396,0.0029,0.0015,2007-05-31,0fba6fc05d1b0c8b,French F-F_Research_Data_Factors CRSP 202607 sha256 b840dba55d319f48; FRED DEXMXUS huella 28098d0c456254a0; Banxico SF43936 huella 379eb41bf5f8814a,"{""comision_por_lado"": 0.0029, ""cortes"": [""2007-05-31""], ""efectivo_en_mxn"": false, ""exposicion_inicial"": 0.0, ""exposicion_max"": 1.0, ""exposicion_min"": 0.0, ""extras"": [], ""fx"": false, ""max_dias_fx"": 10, ""min_historia"": 1, ""periodos_por_anio"": 12, ""permitir_capturas"": false, ""rebalanceo_con_deriva"": true, ""segmentos"": [""dentro_muestra"", ""fuera_muestra""], ""senal"": ""senal_comprar_y_mantener"", ""spread_por_lado"": 0.0015, ""usuario"": {""base"": ""mxn_h100"", ""spread"": 0.0015}, ""variante"": ""mxn_h100_spread_medio""}",S7
2026-09-25T06:56:33.614704Z,R08,067c8a8633,mxn_hminvar_exp36_spread_medio,0,completo,1993-12-31,2026-07-31,391,12,MXN,298.1468090935039,0.19122282327219442,0.17354351359361167,0.4884652180925565,0.8058979028928533,-0.4401030500186939,0.4344955647639161,0.14100776257775338,1.5993951455216835,20.983297084584574,0.9985539607589802,1.0,1.0,0.030693277310924375,0.00013505042016806723,1,0.1913840642935356,0.11172233927432984,0.0029,0.0015,2007-05-31,fedcc03226b55817,French F-F_Research_Data_Factors CRSP 202607 sha256 b840dba55d319f48; FRED DEXMXUS huella 28098d0c456254a0; Banxico SF43936 huella 379eb41bf5f8814a,"{""comision_por_lado"": 0.0029, ""cortes"": [""2007-05-31""], ""efectivo_en_mxn"": false, ""exposicion_inicial"": 0.0, ""exposicion_max"": 1.0, ""exposicion_min"": 0.0, ""extras"": [], ""fx"": false, ""max_dias_fx"": 10, ""min_historia"": 1, ""periodos_por_anio"": 12, ""permitir_capturas"": false, ""rebalanceo_con_deriva"": true, ""segmentos"": [""dentro_muestra"", ""fuera_muestra""], ""senal"": ""senal_comprar_y_mantener"", ""spread_por_lado"": 0.0015, ""usuario"": {""base"": ""mxn_hminvar_exp36"", ""spread"": 0.0015}, ""variante"": ""mxn_hminvar_exp36_spread_medio""}",S7
2026-09-25T06:56:33.614704Z,R08,067c8a8633,mxn_hminvar_exp36_spread_medio,0,dentro_muestra,1993-12-31,2007-05-31,161,12,MXN,22.084242464381575,0.2636983060095788,0.20724654520942903,0.41826431635070926,0.7539487512389798,-0.36563150169592973,0.721213311179293,0.1207425078187484,2.5541304717460274,24.137894416364055,0.9585259018039849,1.0,1.0,0.07455603184323331,0.00032804654011022653,1,0.2641138408688257,0.18374024165064107,0.0029,0.0015,2007-05-31,fedcc03226b55817,French F-F_Research_Data_Factors CRSP 202607 sha256 b840dba55d319f48; FRED DEXMXUS huella 28098d0c456254a0; Banxico SF43936 huella 379eb41bf5f8814a,"{""comision_por_lado"": 0.0029, ""cortes"": [""2007-05-31""], ""efectivo_en_mxn"": false, ""exposicion_inicial"": 0.0, ""exposicion_max"": 1.0, ""exposicion_min"": 0.0, ""extras"": [], ""fx"": false, ""max_dias_fx"": 10, ""min_historia"": 1, ""periodos_por_anio"": 12, ""permitir_capturas"": false, ""rebalanceo_con_deriva"": true, ""segmentos"": [""dentro_muestra"", ""fuera_muestra""], ""senal"": ""senal_comprar_y_mantener"", ""spread_por_lado"": 0.0015, ""usuario"": {""base"": ""mxn_hminvar_exp36"", ""spread"": 0.0015}, ""variante"": ""mxn_hminvar_exp36_spread_medio""}",S7
2026-09-25T06:56:33.614704Z,R08,067c8a8633,mxn_hminvar_exp36_spread_medio,0,fuera_muestra,2007-05-31,2026-07-31,230,12,MXN,11.95891816918317,0.14299401378235266,0.14442456717646623,0.5701644372072612,0.8525490246342045,-0.440103050018694,0.3249102994770856,0.16459229565198186,-0.450613893578293,4.191101749795549,0.9913293365261708,1.0,1.0,0.0,0.0,0,0.14299401378235266,0.0639492100778396,0.0029,0.0015,2007-05-31,fedcc03226b55817,French F-F_Research_Data_Factors CRSP 202607 sha256 b840dba55d319f48; FRED DEXMXUS huella 28098d0c456254a0; Banxico SF43936 huella 379eb41bf5f8814a,"{""comision_por_lado"": 0.0029, ""cortes"": [""2007-05-31""], ""efectivo_en_mxn"": false, ""exposicion_inicial"": 0.0, ""exposicion_max"": 1.0, ""exposicion_min"": 0.0, ""extras"": [], ""fx"": false, ""max_dias_fx"": 10, ""min_historia"": 1, ""periodos_por_anio"": 12, ""permitir_capturas"": false, ""rebalanceo_con_deriva"": true, ""segmentos"": [""dentro_muestra"", ""fuera_muestra""], ""senal"": ""senal_comprar_y_mantener"", ""spread_por_lado"": 0.0015, ""usuario"": {""base"": ""mxn_hminvar_exp36"", ""spread"": 0.0015}, ""variante"": ""mxn_hminvar_exp36_spread_medio""}",S7
2026-09-25T06:56:33.626076Z,R08,4bf5caf8d2,bench50_h000_spread_medio,0,completo,1993-12-31,2026-07-31,391,12,MXN,77.12978726108794,0.1431329576902136,0.0866495497499085,0.37797583501534476,0.6455447554130354,-0.11881838948649304,1.2046364061051726,0.10911222504664145,2.09520450999462,23.674541141772465,0.9906798698671245,0.5,1.0,0.11229630914669349,0.000494103760245451,1,0.16927250239528435,0.11172233927432984,0.0029,0.0015,2007-05-31,d93425e0e4741dff,French F-F_Research_Data_Factors CRSP 202607 sha256 b840dba55d319f48; FRED DEXMXUS huella 28098d0c456254a0; Banxico SF43936 huella 379eb41bf5f8814a,"{""comision_por_lado"": 0.0029, ""cortes"": [""2007-05-31""], ""efectivo_en_mxn"": true, ""exposicion_inicial"": 0.0, ""exposicion_max"": 1.0, ""exposicion_min"": 0.0, ""extras"": [""fx""], ""fx"": true, ""max_dias_fx"": 10, ""min_historia"": 1, ""periodos_por_anio"": 12, ""permitir_capturas"": false, ""rebalanceo_con_deriva"": true, ""segmentos"": [""dentro_muestra"", ""fuera_muestra""], ""senal"": ""senal_mitad"", ""spread_por_lado"": 0.0015, ""usuario"": {""base"": ""bench50_h000"", ""spread"": 0.0015}, ""variante"": ""bench50_h000_spread_medio""}",S7
2026-09-25T06:56:33.626076Z,R08,4bf5caf8d2,bench50_h000_spread_medio,0,dentro_muestra,1993-12-31,2007-05-31,161,12,MXN,11.277485651629737,0.2055901131318829,0.1054827259074213,0.2320554795196522,0.4138670708648448,-0.11620151289855529,1.769255046716685,0.06698864678379944,2.940350583172934,26.79454829728252,0.8235511150863707,0.5,1.0,0.14258369144073527,0.0006273682423392347,1,0.2191061584387033,0.18374024165064107,0.0029,0.0015,2007-05-31,d93425e0e4741dff,French F-F_Research_Data_Factors CRSP 202607 sha256 b840dba55d319f48; FRED DEXMXUS huella 28098d0c456254a0; Banxico SF43936 huella 379eb41bf5f8814a,"{""comision_por_lado"": 0.0029, ""cortes"": [""2007-05-31""], ""efectivo_en_mxn"": true, ""exposicion_inicial"": 0.0, ""exposicion_max"": 1.0, ""exposicion_min"": 0.0, ""extras"": [""fx""], ""fx"": true, ""max_dias_fx"": 10, ""min_historia"": 1, ""periodos_por_anio"": 12, ""permitir_capturas"": false, ""rebalanceo_con_deriva"": true, ""segmentos"": [""dentro_muestra"", ""fuera_muestra""], ""senal"": ""senal_mitad"", ""spread_por_lado"": 0.0015, ""usuario"": {""base"": ""bench50_h000"", ""spread"": 0.0015}, ""variante"": ""bench50_h000_spread_medio""}",S7
2026-09-25T06:56:33.626076Z,R08,4bf5caf8d2,bench50_h000_spread_medio,0,fuera_muestra,2007-05-31,2026-07-31,230,12,MXN,5.363663495767707,0.10136254722089921,0.0686021925594636,0.5367351376536157,0.8682699065685767,-0.11881838948649248,0.8530880418339816,0.15494208810392293,0.11470105857385654,4.125049829578646,0.9904493162840804,0.5,1.0,0.09110249599735608,0.0004008509823883664,0,0.1356175247443545,0.0639492100778396,0.0029,0.0015,2007-05-31,d93425e0e4741dff,French F-F_Research_Data_Factors CRSP 202607 sha256 b840dba55d319f48; FRED DEXMXUS huella 28098d0c456254a0; Banxico SF43936 huella 379eb41bf5f8814a,"{""comision_por_lado"": 0.0029, ""cortes"": [""2007-05-31""], ""efectivo_en_mxn"": true, ""exposicion_inicial"": 0.0, ""exposicion_max"": 1.0, ""exposicion_min"": 0.0, ""extras"": [""fx""], ""fx"": true, ""max_dias_fx"": 10, ""min_historia"": 1, ""periodos_por_anio"": 12, ""permitir_capturas"": false, ""rebalanceo_con_deriva"": true, ""segmentos"": [""dentro_muestra"", ""fuera_muestra""], ""senal"": ""senal_mitad"", ""spread_por_lado"": 0.0015, ""usuario"": {""base"": ""bench50_h000"", ""spread"": 0.0015}, ""variante"": ""bench50_h000_spread_medio""}",S7
2026-09-25T06:56:33.632371Z,R08,da5675b989,bench50_h100_spread_medio,0,completo,1993-12-31,2026-07-31,391,12,MXN,107.43948128055179,0.1546931041686188,0.08535091142214127,0.5289189906096932,0.7548845893219179,-0.23689502877591728,0.6530027454267326,0.15268576080400575,-0.7731274369019453,4.705436189547411,0.9976325223966682,0.5,1.0,0.1218788343261617,0.0005362668710351112,1,0.19303953413135289,0.11172233927432984,0.0029,0.0015,2007-05-31,0fba6fc05d1b0c8b,French F-F_Research_Data_Factors CRSP 202607 sha256 b840dba55d319f48; FRED DEXMXUS huella 28098d0c456254a0; Banxico SF43936 huella 379eb41bf5f8814a,"{""comision_por_lado"": 0.0029, ""cortes"": [""2007-05-31""], ""efectivo_en_mxn"": false, ""exposicion_inicial"": 0.0, ""exposicion_max"": 1.0, ""exposicion_min"": 0.0, ""extras"": [], ""fx"": false, ""max_dias_fx"": 10, ""min_historia"": 1, ""periodos_por_anio"": 12, ""permitir_capturas"": false, ""rebalanceo_con_deriva"": true, ""segmentos"": [""dentro_muestra"", ""fuera_muestra""], ""senal"": ""senal_mitad"", ""spread_por_lado"": 0.0015, ""usuario"": {""base"": ""bench50_h100"", ""spread"": 0.0015}, ""variante"": ""bench50_h100_spread_medio""}",S7
2026-09-25T06:56:33.632371Z,R08,da5675b989,bench50_h100_spread_medio,0,dentro_muestra,1993-12-31,2007-05-31,161,12,MXN,13.954649276735003,0.22345120822610265,0.08775260842396623,0.49741419484768845,0.7008834388739353,-0.12209667448425232,1.830117070509752,0.14359110964702695,-0.8974634148099299,4.620545012062946,0.9550125364436561,0.5,1.0,0.13844098576275865,0.0006091403373561378,1,0.25909756258598393,0.18374024165064107,0.0029,0.0015,2007-05-31,0fba6fc05d1b0c8b,French F-F_Research_Data_Factors CRSP 202607 sha256 b840dba55d319f48; FRED DEXMXUS huella 28098d0c456254a0; Banxico SF43936 huella 379eb41bf5f8814a,"{""comision_por_lado"": 0.0029, ""cortes"": [""2007-05-31""], ""efectivo_en_mxn"": false, ""exposicion_inicial"": 0.0, ""exposicion_max"": 1.0, ""exposicion_min"": 0.0, ""extras"": [], ""fx"": false, ""max_dias_fx"": 10, ""min_historia"": 1, ""periodos_por_anio"": 12, ""permitir_capturas"": false, ""rebalanceo_con_deriva"": true, ""segmentos"": [""dentro_muestra"", ""fuera_muestra""], ""senal"": ""senal_mitad"", ""spread_por_lado"": 0.0015, ""usuario"": {""base"": ""bench50_h100"", ""spread"": 0.0015}, ""variante"": ""bench50_h100_spread_medio""}",S7
2026-09-25T06:56:33.632371Z,R08,da5675b989,bench50_h100_spread_medio,0,fuera_muestra,2007-05-31,2026-07-31,230,12,MXN,6.251221962741137,0.10889037673228086,0.0817420896129256,0.5489363295948553,0.7906737169057152,-0.2368950287759175,0.45965665592451865,0.15846426882977743,-0.7128893561535877,4.675445585810596,0.9877705246215077,0.5,1.0,0.11028934998279814,0.0004852731399243117,0,0.14888705174149997,0.0639492100778396,0.0029,0.0015,2007-05-31,0fba6fc05d1b0c8b,French F-F_Research_Data_Factors CRSP 202607 sha256 b840dba55d319f48; FRED DEXMXUS huella 28098d0c456254a0; Banxico SF43936 huella 379eb41bf5f8814a,"{""comision_por_lado"": 0.0029, ""cortes"": [""2007-05-31""], ""efectivo_en_mxn"": false, ""exposicion_inicial"": 0.0, ""exposicion_max"": 1.0, ""exposicion_min"": 0.0, ""extras"": [], ""fx"": false, ""max_dias_fx"": 10, ""min_historia"": 1, ""periodos_por_anio"": 12, ""permitir_capturas"": false, ""rebalanceo_con_deriva"": true, ""segmentos"": [""dentro_muestra"", ""fuera_muestra""], ""senal"": ""senal_mitad"", ""spread_por_lado"": 0.0015, ""usuario"": {""base"": ""bench50_h100"", ""spread"": 0.0015}, ""variante"": ""bench50_h100_spread_medio""}",S7
2026-09-25T06:56:33.646042Z,R08,3b13ad900d,ivvpeso_real,0,completo,2014-11-30,2026-07-31,140,12,MXN,4.3653878103523205,0.15489076318000405,0.15466402978145774,0.5618555416954529,0.8379915447643476,-0.22709251579332723,0.682060184321386,0.16219372412177638,-0.42193465346140924,3.8433840474100385,0.9666731056322395,1.0,1.0,0.08571931471485567,0.00029144567003050925,1,0.15522797381266473,0.0722356862099196,0.0029,0.0005,,a312a0dc084482de,Yahoo IVVPESO.MX huella 2ec5656f2ebe5e3d; ^SP500TR huella da53bc6647fa70db; DEXMXUS; CETES SF43936; RF French,"{""comision_por_lado"": 0.0029, ""cortes"": [], ""efectivo_en_mxn"": false, ""exposicion_inicial"": 0.0, ""exposicion_max"": 1.0, ""exposicion_min"": 0.0, ""extras"": [], ""fx"": false, ""max_dias_fx"": 10, ""min_historia"": 1, ""periodos_por_anio"": 12, ""permitir_capturas"": false, ""rebalanceo_con_deriva"": true, ""segmentos"": [], ""senal"": ""senal_comprar_y_mantener"", ""spread_por_lado"": 0.0005, ""usuario"": {""instrumento"": ""IVVPESO.MX""}, ""variante"": ""ivvpeso_real""}",S9
2026-09-25T06:56:33.647980Z,R08,c23c3d2280,sp500tr_mxn_h100_sintetico,0,completo,2014-11-30,2026-07-31,140,12,MXN,6.214488361614573,0.1845810763794038,0.15181606539022288,0.7395649949433908,1.1400651234032817,-0.2119792847363723,0.8707505387092789,0.21349402445689547,-0.4634429805147761,3.9307767168509655,0.9909947544369215,1.0,1.0,0.08571931471485567,0.00029144567003050925,1,0.18492695613438936,0.0722356862099196,0.0029,0.0005,,8341ecf46e810289,Yahoo IVVPESO.MX huella 2ec5656f2ebe5e3d; ^SP500TR huella da53bc6647fa70db; DEXMXUS; CETES SF43936; RF French,"{""comision_por_lado"": 0.0029, ""cortes"": [], ""efectivo_en_mxn"": false, ""exposicion_inicial"": 0.0, ""exposicion_max"": 1.0, ""exposicion_min"": 0.0, ""extras"": [], ""fx"": false, ""max_dias_fx"": 10, ""min_historia"": 1, ""periodos_por_anio"": 12, ""permitir_capturas"": false, ""rebalanceo_con_deriva"": true, ""segmentos"": [], ""senal"": ""senal_comprar_y_mantener"", ""spread_por_lado"": 0.0005, ""usuario"": {""activo"": ""^SP500TR"", ""h"": 1.0}, ""variante"": ""sp500tr_mxn_h100_sintetico""}",S9
2026-09-25T06:56:33.655375Z,R08,661759057d,sp500tr_mxn_h000,0,completo,2014-11-30,2026-07-31,140,12,MXN,4.501440540462499,0.15737242692769082,0.14620516709119183,0.5974161604657132,0.9854279734612704,-0.2541646296242176,0.619175166742776,0.1724591905315561,0.11697135045094242,3.9599695253359983,0.978892767598219,1.0,1.0,0.08571931471485567,0.00029144567003050925,1,0.15771036216862533,0.0722356862099196,0.0029,0.0005,,033ef15c3ebf9731,Yahoo IVVPESO.MX huella 2ec5656f2ebe5e3d; ^SP500TR huella da53bc6647fa70db; DEXMXUS; CETES SF43936; RF French,"{""comision_por_lado"": 0.0029, ""cortes"": [], ""efectivo_en_mxn"": true, ""exposicion_inicial"": 0.0, ""exposicion_max"": 1.0, ""exposicion_min"": 0.0, ""extras"": [""fx""], ""fx"": true, ""max_dias_fx"": 10, ""min_historia"": 1, ""periodos_por_anio"": 12, ""permitir_capturas"": false, ""rebalanceo_con_deriva"": true, ""segmentos"": [], ""senal"": ""senal_comprar_y_mantener"", ""spread_por_lado"": 0.0005, ""usuario"": {""activo"": ""^SP500TR"", ""h"": 0.0}, ""variante"": ""sp500tr_mxn_h000""}",S9
