fecha_registro_utc,id_replica,corrida,variante,es_prueba,segmento,fecha_inicio,fecha_fin,n_periodos,periodos_por_anio,moneda,rendimiento_total,cagr,vol_anual,sharpe,sortino,mdd,calmar,sharpe_periodo,asimetria,curtosis,psr,exposicion_media,tiempo_invertido,rotacion_anual,costo_anual,n_cambios_senal,cagr_activo_sin_costos,cagr_efectivo,comision_por_lado,spread_por_lado,cortes,huella_datos,fuente_datos,parametros_json,nota
2026-09-25T07:01:40.938891Z,R09,e7d7753c85,US_tom_m1_p3,1,completo,1927-03-03,2026-07-31,26096,252,USD,1.1398158983669853,0.007681595191623591,0.07208051240556411,-0.2805402433263159,-0.3942717237341781,-0.6969051164980697,0.011022440515609083,-0.017672374204451894,-0.32906794014090357,60.03260159107064,0.0021416372946131412,0.18274831391784183,0.18274831391784183,23.99122142660424,0.08157015285045553,2385,0.10191085182649307,0.031921010768678704,0.0029,0.0005,2008-02-29,a167a7fa2e659d4e,French F-F_Research_Data_Factors_daily CRSP 202607 sha256 1916d331c2c51d2a,"{""comision_por_lado"": 0.0029, ""cortes"": [""2008-02-29""], ""efectivo_en_mxn"": false, ""exposicion_inicial"": 0.0, ""exposicion_max"": 1.0, ""exposicion_min"": 0.0, ""extras"": [""pos_fin_sig"", ""pos_ini_sig""], ""fx"": false, ""max_dias_fx"": 10, ""min_historia"": 200, ""periodos_por_anio"": 252, ""permitir_capturas"": false, ""rebalanceo_con_deriva"": true, ""segmentos"": [""dentro_muestra"", ""fuera_muestra""], ""senal"": ""cambio_de_mes_m1_p3"", ""spread_por_lado"": 0.0005, ""usuario"": {""escenario_costos"": ""defecto"", ""familia"": ""US"", ""tipo"": ""calendario"", ""ventana"": [-1, 3]}, ""variante"": ""US_tom_m1_p3""}",
2026-09-25T07:01:40.938891Z,R09,e7d7753c85,US_tom_m1_p3,1,dentro_muestra,1927-03-03,2008-02-29,21463,252,USD,3.696751913336059,0.01928217304754365,0.0687024591400098,-0.19155060617324252,-0.2748611939243678,-0.3408550198018707,0.05657001342902864,-0.012066553986144606,0.12217893013031184,67.37548256808171,0.03883979306615176,0.1810091785864045,0.1810091785864045,23.989478754690197,0.081564227765948,1943,0.09773938002499216,0.036051376558446924,0.0029,0.0005,2008-02-29,a167a7fa2e659d4e,French F-F_Research_Data_Factors_daily CRSP 202607 sha256 1916d331c2c51d2a,"{""comision_por_lado"": 0.0029, ""cortes"": [""2008-02-29""], ""efectivo_en_mxn"": false, ""exposicion_inicial"": 0.0, ""exposicion_max"": 1.0, ""exposicion_min"": 0.0, ""extras"": [""pos_fin_sig"", ""pos_ini_sig""], ""fx"": false, ""max_dias_fx"": 10, ""min_historia"": 200, ""periodos_por_anio"": 252, ""permitir_capturas"": false, ""rebalanceo_con_deriva"": true, ""segmentos"": [""dentro_muestra"", ""fuera_muestra""], ""senal"": ""cambio_de_mes_m1_p3"", ""spread_por_lado"": 0.0005, ""usuario"": {""escenario_costos"": ""defecto"", ""familia"": ""US"", ""tipo"": ""calendario"", ""ventana"": [-1, 3]}, ""variante"": ""US_tom_m1_p3""}",
2026-09-25T07:01:40.938891Z,R09,e7d7753c85,US_tom_m1_p3,1,fuera_muestra,2008-02-29,2026-07-31,4633,252,USD,-0.5444051681139154,-0.041786791907681975,0.08595734915847561,-0.6157101058723827,-0.8172649624569389,-0.5930967104097125,-0.07045527512505603,-0.038786090948751774,-1.356333578455417,39.6267879954829,0.003556815297766136,0.19080509389164688,0.19080509389164688,23.998885089936078,0.08159620930578293,442,0.12044447891427623,0.01395165224305317,0.0029,0.0005,2008-02-29,a167a7fa2e659d4e,French F-F_Research_Data_Factors_daily CRSP 202607 sha256 1916d331c2c51d2a,"{""comision_por_lado"": 0.0029, ""cortes"": [""2008-02-29""], ""efectivo_en_mxn"": false, ""exposicion_inicial"": 0.0, ""exposicion_max"": 1.0, ""exposicion_min"": 0.0, ""extras"": [""pos_fin_sig"", ""pos_ini_sig""], ""fx"": false, ""max_dias_fx"": 10, ""min_historia"": 200, ""periodos_por_anio"": 252, ""permitir_capturas"": false, ""rebalanceo_con_deriva"": true, ""segmentos"": [""dentro_muestra"", ""fuera_muestra""], ""senal"": ""cambio_de_mes_m1_p3"", ""spread_por_lado"": 0.0005, ""usuario"": {""escenario_costos"": ""defecto"", ""familia"": ""US"", ""tipo"": ""calendario"", ""ventana"": [-1, 3]}, ""variante"": ""US_tom_m1_p3""}",
2026-09-25T07:01:41.280838Z,R09,4c1b47aebd,US_tom_m2_p3,1,completo,1927-03-03,2026-07-31,26096,252,USD,5.557462556671632,0.019097459711509446,0.08059104933797488,-0.10868161012724169,-0.15534883833024019,-0.5772661402377632,0.03308259116608437,-0.006846297916256199,0.08674607989906122,53.18157851041344,0.134518836606141,0.22846413243408953,0.22846413243408953,23.99122142660424,0.08157015285045553,2385,0.10191085182649307,0.031921010768678704,0.0029,0.0005,2008-02-29,a167a7fa2e659d4e,French F-F_Research_Data_Factors_daily CRSP 202607 sha256 1916d331c2c51d2a,"{""comision_por_lado"": 0.0029, ""cortes"": [""2008-02-29""], ""efectivo_en_mxn"": false, ""exposicion_inicial"": 0.0, ""exposicion_max"": 1.0, ""exposicion_min"": 0.0, ""extras"": [""pos_fin_sig"", ""pos_ini_sig""], ""fx"": false, ""max_dias_fx"": 10, ""min_historia"": 200, ""periodos_por_anio"": 252, ""permitir_capturas"": false, ""rebalanceo_con_deriva"": true, ""segmentos"": [""dentro_muestra"", ""fuera_muestra""], ""senal"": ""cambio_de_mes_m2_p3"", ""spread_por_lado"": 0.0005, ""usuario"": {""escenario_costos"": ""defecto"", ""familia"": ""US"", ""tipo"": ""calendario"", ""ventana"": [-2, 3]}, ""variante"": ""US_tom_m2_p3""}",
2026-09-25T07:01:41.280838Z,R09,4c1b47aebd,US_tom_m2_p3,1,dentro_muestra,1927-03-03,2008-02-29,21463,252,USD,9.799855811967452,0.029815008044137947,0.07695715665871977,-0.03623358054633805,-0.05303302736590804,-0.4080012830490515,0.07307577030475532,-0.0022825010294056747,0.7629608337447013,58.149919345721436,0.36915911936083995,0.2262964170898756,0.2262964170898756,23.989478754690197,0.081564227765948,1943,0.09773938002499216,0.036051376558446924,0.0029,0.0005,2008-02-29,a167a7fa2e659d4e,French F-F_Research_Data_Factors_daily CRSP 202607 sha256 1916d331c2c51d2a,"{""comision_por_lado"": 0.0029, ""cortes"": [""2008-02-29""], ""efectivo_en_mxn"": false, ""exposicion_inicial"": 0.0, ""exposicion_max"": 1.0, ""exposicion_min"": 0.0, ""extras"": [""pos_fin_sig"", ""pos_ini_sig""], ""fx"": false, ""max_dias_fx"": 10, ""min_historia"": 200, ""periodos_por_anio"": 252, ""permitir_capturas"": false, ""rebalanceo_con_deriva"": true, ""segmentos"": [""dentro_muestra"", ""fuera_muestra""], ""senal"": ""cambio_de_mes_m2_p3"", ""spread_por_lado"": 0.0005, ""usuario"": {""escenario_costos"": ""defecto"", ""familia"": ""US"", ""tipo"": ""calendario"", ""ventana"": [-2, 3]}, ""variante"": ""US_tom_m2_p3""}",
2026-09-25T07:01:41.280838Z,R09,4c1b47aebd,US_tom_m2_p3,1,fuera_muestra,2008-02-29,2026-07-31,4633,252,USD,-0.3928194347367867,-0.02672627159174401,0.09560174707391945,-0.38090466842843973,-0.5101451502821397,-0.46799988967798234,-0.05710743139305783,-0.023994738711551607,-1.5325380383143157,37.98499544629397,0.04852220745601438,0.2385063673645586,0.2385063673645586,23.998885089936078,0.08159620930578293,442,0.12044447891427623,0.01395165224305317,0.0029,0.0005,2008-02-29,a167a7fa2e659d4e,French F-F_Research_Data_Factors_daily CRSP 202607 sha256 1916d331c2c51d2a,"{""comision_por_lado"": 0.0029, ""cortes"": [""2008-02-29""], ""efectivo_en_mxn"": false, ""exposicion_inicial"": 0.0, ""exposicion_max"": 1.0, ""exposicion_min"": 0.0, ""extras"": [""pos_fin_sig"", ""pos_ini_sig""], ""fx"": false, ""max_dias_fx"": 10, ""min_historia"": 200, ""periodos_por_anio"": 252, ""permitir_capturas"": false, ""rebalanceo_con_deriva"": true, ""segmentos"": [""dentro_muestra"", ""fuera_muestra""], ""senal"": ""cambio_de_mes_m2_p3"", ""spread_por_lado"": 0.0005, ""usuario"": {""escenario_costos"": ""defecto"", ""familia"": ""US"", ""tipo"": ""calendario"", ""ventana"": [-2, 3]}, ""variante"": ""US_tom_m2_p3""}",
2026-09-25T07:01:41.602902Z,R09,7d032ba728,US_tom_m3_p3,1,completo,1927-03-03,2026-07-31,26096,252,USD,6.331620473994373,0.020242075718241104,0.08880442863371953,-0.07858319472347215,-0.11088660498689434,-0.5394350626327525,0.03752458288389369,-0.004950275963506439,-0.3303947190742752,48.95766728837897,0.21179689657148287,0.2741799509503372,0.2741799509503372,23.99122142660424,0.08157015285045553,2385,0.10191085182649307,0.031921010768678704,0.0029,0.0005,2008-02-29,a167a7fa2e659d4e,French F-F_Research_Data_Factors_daily CRSP 202607 sha256 1916d331c2c51d2a,"{""comision_por_lado"": 0.0029, ""cortes"": [""2008-02-29""], ""efectivo_en_mxn"": false, ""exposicion_inicial"": 0.0, ""exposicion_max"": 1.0, ""exposicion_min"": 0.0, ""extras"": [""pos_fin_sig"", ""pos_ini_sig""], ""fx"": false, ""max_dias_fx"": 10, ""min_historia"": 200, ""periodos_por_anio"": 252, ""permitir_capturas"": false, ""rebalanceo_con_deriva"": true, ""segmentos"": [""dentro_muestra"", ""fuera_muestra""], ""senal"": ""cambio_de_mes_m3_p3"", ""spread_por_lado"": 0.0005, ""usuario"": {""escenario_costos"": ""defecto"", ""familia"": ""US"", ""tipo"": ""calendario"", ""ventana"": [-3, 3]}, ""variante"": ""US_tom_m3_p3""}",
2026-09-25T07:01:41.602902Z,R09,7d032ba728,US_tom_m3_p3,1,dentro_muestra,1927-03-03,2008-02-29,21463,252,USD,9.556502365472332,0.029525270199385556,0.08533072632021506,-0.0277542585699205,-0.039696627086676164,-0.5394350626327525,0.054733687601405255,-0.0017483539523569717,-0.009736431237498358,56.403502985189476,0.3989255685451307,0.2715836555933467,0.2715836555933467,23.989478754690197,0.081564227765948,1943,0.09773938002499216,0.036051376558446924,0.0029,0.0005,2008-02-29,a167a7fa2e659d4e,French F-F_Research_Data_Factors_daily CRSP 202607 sha256 1916d331c2c51d2a,"{""comision_por_lado"": 0.0029, ""cortes"": [""2008-02-29""], ""efectivo_en_mxn"": false, ""exposicion_inicial"": 0.0, ""exposicion_max"": 1.0, ""exposicion_min"": 0.0, ""extras"": [""pos_fin_sig"", ""pos_ini_sig""], ""fx"": false, ""max_dias_fx"": 10, ""min_historia"": 200, ""periodos_por_anio"": 252, ""permitir_capturas"": false, ""rebalanceo_con_deriva"": true, ""segmentos"": [""dentro_muestra"", ""fuera_muestra""], ""senal"": ""cambio_de_mes_m3_p3"", ""spread_por_lado"": 0.0005, ""usuario"": {""escenario_costos"": ""defecto"", ""familia"": ""US"", ""tipo"": ""calendario"", ""ventana"": [-3, 3]}, ""variante"": ""US_tom_m3_p3""}",
2026-09-25T07:01:41.602902Z,R09,7d032ba728,US_tom_m3_p3,1,fuera_muestra,2008-02-29,2026-07-31,4633,252,USD,-0.305487724989835,-0.01959879978959389,0.10336254680880812,-0.2741258653298274,-0.37147511571841696,-0.37702184698485774,-0.051983193935127674,-0.017268306371264433,-1.1425600813427088,28.803602938017715,0.11785545802702235,0.2862076408374703,0.2862076408374703,23.998885089936078,0.08159620930578293,442,0.12044447891427623,0.01395165224305317,0.0029,0.0005,2008-02-29,a167a7fa2e659d4e,French F-F_Research_Data_Factors_daily CRSP 202607 sha256 1916d331c2c51d2a,"{""comision_por_lado"": 0.0029, ""cortes"": [""2008-02-29""], ""efectivo_en_mxn"": false, ""exposicion_inicial"": 0.0, ""exposicion_max"": 1.0, ""exposicion_min"": 0.0, ""extras"": [""pos_fin_sig"", ""pos_ini_sig""], ""fx"": false, ""max_dias_fx"": 10, ""min_historia"": 200, ""periodos_por_anio"": 252, ""permitir_capturas"": false, ""rebalanceo_con_deriva"": true, ""segmentos"": [""dentro_muestra"", ""fuera_muestra""], ""senal"": ""cambio_de_mes_m3_p3"", ""spread_por_lado"": 0.0005, ""usuario"": {""escenario_costos"": ""defecto"", ""familia"": ""US"", ""tipo"": ""calendario"", ""ventana"": [-3, 3]}, ""variante"": ""US_tom_m3_p3""}",
2026-09-25T07:01:41.917394Z,R09,f417c0c1db,US_tom_m1_p2,1,completo,1927-03-03,2026-07-31,26096,252,USD,-0.5578727357029539,-0.00817629249130547,0.06239698399053121,-0.5786227987287124,-0.7800393715628172,-0.7168495411868905,-0.01140586974188189,-0.03644981019877032,-1.5163035261535314,75.72676842026469,1.1168826974383705e-09,0.13707081545064378,0.13707081545064378,23.99122142660424,0.08157015285045553,2385,0.10191085182649307,0.031921010768678704,0.0029,0.0005,2008-02-29,a167a7fa2e659d4e,French F-F_Research_Data_Factors_daily CRSP 202607 sha256 1916d331c2c51d2a,"{""comision_por_lado"": 0.0029, ""cortes"": [""2008-02-29""], ""efectivo_en_mxn"": false, ""exposicion_inicial"": 0.0, ""exposicion_max"": 1.0, ""exposicion_min"": 0.0, ""extras"": [""pos_fin_sig"", ""pos_ini_sig""], ""fx"": false, ""max_dias_fx"": 10, ""min_historia"": 200, ""periodos_por_anio"": 252, ""permitir_capturas"": false, ""rebalanceo_con_deriva"": true, ""segmentos"": [""dentro_muestra"", ""fuera_muestra""], ""senal"": ""cambio_de_mes_m1_p2"", ""spread_por_lado"": 0.0005, ""usuario"": {""escenario_costos"": ""defecto"", ""familia"": ""US"", ""tipo"": ""calendario"", ""ventana"": [-1, 2]}, ""variante"": ""US_tom_m1_p2""}",
2026-09-25T07:01:41.917394Z,R09,f417c0c1db,US_tom_m1_p2,1,dentro_muestra,1927-03-03,2008-02-29,21463,252,USD,0.14494921409135753,0.001672638989609343,0.05934686664526682,-0.5111010386586049,-0.6956516667247938,-0.6049730958970148,0.0027648154950250517,-0.03219633912184471,-1.4337338144115728,82.0355940902103,8.886865431878554e-07,0.13576853189209337,0.13576853189209337,23.989478754690197,0.081564227765948,1943,0.09773938002499216,0.036051376558446924,0.0029,0.0005,2008-02-29,a167a7fa2e659d4e,French F-F_Research_Data_Factors_daily CRSP 202607 sha256 1916d331c2c51d2a,"{""comision_por_lado"": 0.0029, ""cortes"": [""2008-02-29""], ""efectivo_en_mxn"": false, ""exposicion_inicial"": 0.0, ""exposicion_max"": 1.0, ""exposicion_min"": 0.0, ""extras"": [""pos_fin_sig"", ""pos_ini_sig""], ""fx"": false, ""max_dias_fx"": 10, ""min_historia"": 200, ""periodos_por_anio"": 252, ""permitir_capturas"": false, ""rebalanceo_con_deriva"": true, ""segmentos"": [""dentro_muestra"", ""fuera_muestra""], ""senal"": ""cambio_de_mes_m1_p2"", ""spread_por_lado"": 0.0005, ""usuario"": {""escenario_costos"": ""defecto"", ""familia"": ""US"", ""tipo"": ""calendario"", ""ventana"": [-1, 2]}, ""variante"": ""US_tom_m1_p2""}",
2026-09-25T07:01:41.917394Z,R09,f417c0c1db,US_tom_m1_p2,1,fuera_muestra,2008-02-29,2026-07-31,4633,252,USD,-0.6138455235781575,-0.050351843247944505,0.07487216162215334,-0.8390006669639702,-1.100819327751432,-0.6469389687676487,-0.07783090164418371,-0.05285207415723786,-1.609131842786141,55.56468050324655,0.0001145455951734875,0.14310382041873515,0.14310382041873515,23.998885089936078,0.08159620930578293,442,0.12044447891427623,0.01395165224305317,0.0029,0.0005,2008-02-29,a167a7fa2e659d4e,French F-F_Research_Data_Factors_daily CRSP 202607 sha256 1916d331c2c51d2a,"{""comision_por_lado"": 0.0029, ""cortes"": [""2008-02-29""], ""efectivo_en_mxn"": false, ""exposicion_inicial"": 0.0, ""exposicion_max"": 1.0, ""exposicion_min"": 0.0, ""extras"": [""pos_fin_sig"", ""pos_ini_sig""], ""fx"": false, ""max_dias_fx"": 10, ""min_historia"": 200, ""periodos_por_anio"": 252, ""permitir_capturas"": false, ""rebalanceo_con_deriva"": true, ""segmentos"": [""dentro_muestra"", ""fuera_muestra""], ""senal"": ""cambio_de_mes_m1_p2"", ""spread_por_lado"": 0.0005, ""usuario"": {""escenario_costos"": ""defecto"", ""familia"": ""US"", ""tipo"": ""calendario"", ""ventana"": [-1, 2]}, ""variante"": ""US_tom_m1_p2""}",
2026-09-25T07:01:42.238893Z,R09,df701b6b4f,US_tom_m1_p4,1,completo,1927-03-03,2026-07-31,26096,252,USD,2.4404355350263724,0.012506706190698935,0.08256125361310417,-0.17966593439935646,-0.25651507485974295,-0.7021317366580446,0.01781247811162538,-0.011317890035493858,0.7430226194634838,76.83018919846272,0.034497046013131694,0.22846413243408953,0.22846413243408953,24.01133985128064,0.08163855549435527,2387,0.10191085182649307,0.031921010768678704,0.0029,0.0005,2008-02-29,a167a7fa2e659d4e,French F-F_Research_Data_Factors_daily CRSP 202607 sha256 1916d331c2c51d2a,"{""comision_por_lado"": 0.0029, ""cortes"": [""2008-02-29""], ""efectivo_en_mxn"": false, ""exposicion_inicial"": 0.0, ""exposicion_max"": 1.0, ""exposicion_min"": 0.0, ""extras"": [""pos_fin_sig"", ""pos_ini_sig""], ""fx"": false, ""max_dias_fx"": 10, ""min_historia"": 200, ""periodos_por_anio"": 252, ""permitir_capturas"": false, ""rebalanceo_con_deriva"": true, ""segmentos"": [""dentro_muestra"", ""fuera_muestra""], ""senal"": ""cambio_de_mes_m1_p4"", ""spread_por_lado"": 0.0005, ""usuario"": {""escenario_costos"": ""defecto"", ""familia"": ""US"", ""tipo"": ""calendario"", ""ventana"": [-1, 4]}, ""variante"": ""US_tom_m1_p4""}",
2026-09-25T07:01:42.238893Z,R09,df701b6b4f,US_tom_m1_p4,1,dentro_muestra,1927-03-03,2008-02-29,21463,252,USD,7.500764845317217,0.0267758913273326,0.07854434231699374,-0.06980083585326352,-0.10276469425527608,-0.37727834022220164,0.07097118618461555,-0.004397039356480386,1.5701659512674435,96.12359594158602,0.26050030020356846,0.2262964170898756,0.2262964170898756,24.01417199067032,0.08164818476828042,1945,0.09773938002499216,0.036051376558446924,0.0029,0.0005,2008-02-29,a167a7fa2e659d4e,French F-F_Research_Data_Factors_daily CRSP 202607 sha256 1916d331c2c51d2a,"{""comision_por_lado"": 0.0029, ""cortes"": [""2008-02-29""], ""efectivo_en_mxn"": false, ""exposicion_inicial"": 0.0, ""exposicion_max"": 1.0, ""exposicion_min"": 0.0, ""extras"": [""pos_fin_sig"", ""pos_ini_sig""], ""fx"": false, ""max_dias_fx"": 10, ""min_historia"": 200, ""periodos_por_anio"": 252, ""permitir_capturas"": false, ""rebalanceo_con_deriva"": true, ""segmentos"": [""dentro_muestra"", ""fuera_muestra""], ""senal"": ""cambio_de_mes_m1_p4"", ""spread_por_lado"": 0.0005, ""usuario"": {""escenario_costos"": ""defecto"", ""familia"": ""US"", ""tipo"": ""calendario"", ""ventana"": [-1, 4]}, ""variante"": ""US_tom_m1_p4""}",
2026-09-25T07:01:42.238893Z,R09,df701b6b4f,US_tom_m1_p4,1,fuera_muestra,2008-02-29,2026-07-31,4633,252,USD,-0.5952792957304807,-0.047927406628064384,0.09899086084876112,-0.5874258382188519,-0.7738787267137913,-0.6365248939219534,-0.0752954159149366,-0.03700434956239865,-1.1767411520411832,32.59155174236265,0.005222682118581123,0.2385063673645586,0.2385063673645586,23.998885089936078,0.08159620930578293,442,0.12044447891427623,0.01395165224305317,0.0029,0.0005,2008-02-29,a167a7fa2e659d4e,French F-F_Research_Data_Factors_daily CRSP 202607 sha256 1916d331c2c51d2a,"{""comision_por_lado"": 0.0029, ""cortes"": [""2008-02-29""], ""efectivo_en_mxn"": false, ""exposicion_inicial"": 0.0, ""exposicion_max"": 1.0, ""exposicion_min"": 0.0, ""extras"": [""pos_fin_sig"", ""pos_ini_sig""], ""fx"": false, ""max_dias_fx"": 10, ""min_historia"": 200, ""periodos_por_anio"": 252, ""permitir_capturas"": false, ""rebalanceo_con_deriva"": true, ""segmentos"": [""dentro_muestra"", ""fuera_muestra""], ""senal"": ""cambio_de_mes_m1_p4"", ""spread_por_lado"": 0.0005, ""usuario"": {""escenario_costos"": ""defecto"", ""familia"": ""US"", ""tipo"": ""calendario"", ""ventana"": [-1, 4]}, ""variante"": ""US_tom_m1_p4""}",
2026-09-25T07:01:42.582354Z,R09,7c9b476e52,US_ref_comprar_mantener,0,completo,1927-03-03,2026-07-31,26096,252,USD,15428.714429168269,0.1018731014521852,0.17151181282402359,0.45305147235092774,0.6385652015507002,-0.8407399476860209,0.12117076360243356,0.02853956016552881,-0.15808139577876998,19.04873847176653,0.9999977997353322,1.0,1.0,0.010059212338198844,3.420132194987607e-05,1,0.10191085182649307,0.031921010768678704,0.0029,0.0005,2008-02-29,a167a7fa2e659d4e,French F-F_Research_Data_Factors_daily CRSP 202607 sha256 1916d331c2c51d2a,"{""comision_por_lado"": 0.0029, ""cortes"": [""2008-02-29""], ""efectivo_en_mxn"": false, ""exposicion_inicial"": 0.0, ""exposicion_max"": 1.0, ""exposicion_min"": 0.0, ""extras"": [""pos_fin_sig"", ""pos_ini_sig""], ""fx"": false, ""max_dias_fx"": 10, ""min_historia"": 200, ""periodos_por_anio"": 252, ""permitir_capturas"": false, ""rebalanceo_con_deriva"": true, ""segmentos"": [""dentro_muestra"", ""fuera_muestra""], ""senal"": ""senal_comprar_y_mantener"", ""spread_por_lado"": 0.0005, ""usuario"": {""escenario_costos"": ""defecto"", ""familia"": ""US"", ""tipo"": ""referencia""}, ""variante"": ""US_ref_comprar_mantener""}",referencia
2026-09-25T07:01:42.582354Z,R09,7c9b476e52,US_ref_comprar_mantener,0,dentro_muestra,1927-03-03,2008-02-29,21463,252,USD,1898.810071106136,0.0976932210251551,0.16436012515724252,0.4167077447377147,0.5884172953281157,-0.8407399476860209,0.11619909496870867,0.026250120523108985,-0.12306147138266242,20.539675657607347,0.999936704764697,1.0,1.0,0.012346617990061861,4.197850116621032e-05,1,0.09773938002499216,0.036051376558446924,0.0029,0.0005,2008-02-29,a167a7fa2e659d4e,French F-F_Research_Data_Factors_daily CRSP 202607 sha256 1916d331c2c51d2a,"{""comision_por_lado"": 0.0029, ""cortes"": [""2008-02-29""], ""efectivo_en_mxn"": false, ""exposicion_inicial"": 0.0, ""exposicion_max"": 1.0, ""exposicion_min"": 0.0, ""extras"": [""pos_fin_sig"", ""pos_ini_sig""], ""fx"": false, ""max_dias_fx"": 10, ""min_historia"": 200, ""periodos_por_anio"": 252, ""permitir_capturas"": false, ""rebalanceo_con_deriva"": true, ""segmentos"": [""dentro_muestra"", ""fuera_muestra""], ""senal"": ""senal_comprar_y_mantener"", ""spread_por_lado"": 0.0005, ""usuario"": {""escenario_costos"": ""defecto"", ""familia"": ""US"", ""tipo"": ""referencia""}, ""variante"": ""US_ref_comprar_mantener""}",referencia
2026-09-25T07:01:42.582354Z,R09,7c9b476e52,US_ref_comprar_mantener,0,fuera_muestra,2008-02-29,2026-07-31,4633,252,USD,7.121714198611734,0.12044447891427623,0.20136782561667763,0.5978876119413076,0.8379822514316426,-0.5072866327433798,0.23742884424712463,0.03766337936102361,-0.25366858236263967,14.252716904875268,0.9945400034531497,1.0,1.0,0.0,0.0,0,0.12044447891427623,0.01395165224305317,0.0029,0.0005,2008-02-29,a167a7fa2e659d4e,French F-F_Research_Data_Factors_daily CRSP 202607 sha256 1916d331c2c51d2a,"{""comision_por_lado"": 0.0029, ""cortes"": [""2008-02-29""], ""efectivo_en_mxn"": false, ""exposicion_inicial"": 0.0, ""exposicion_max"": 1.0, ""exposicion_min"": 0.0, ""extras"": [""pos_fin_sig"", ""pos_ini_sig""], ""fx"": false, ""max_dias_fx"": 10, ""min_historia"": 200, ""periodos_por_anio"": 252, ""permitir_capturas"": false, ""rebalanceo_con_deriva"": true, ""segmentos"": [""dentro_muestra"", ""fuera_muestra""], ""senal"": ""senal_comprar_y_mantener"", ""spread_por_lado"": 0.0005, ""usuario"": {""escenario_costos"": ""defecto"", ""familia"": ""US"", ""tipo"": ""referencia""}, ""variante"": ""US_ref_comprar_mantener""}",referencia
2026-09-25T07:01:42.843910Z,R09,c6a192f5a7,US_ref_efectivo,0,completo,1927-03-03,2026-07-31,26096,252,USD,21.730693867999154,0.031921010768678704,0.001950176739078252,0.0,0.0,0.0,inf,,0.0,3.0,,0.0,0.0,0.0,0.0,0,0.10191085182649307,0.031921010768678704,0.0029,0.0005,2008-02-29,a167a7fa2e659d4e,French F-F_Research_Data_Factors_daily CRSP 202607 sha256 1916d331c2c51d2a,"{""comision_por_lado"": 0.0029, ""cortes"": [""2008-02-29""], ""efectivo_en_mxn"": false, ""exposicion_inicial"": 0.0, ""exposicion_max"": 1.0, ""exposicion_min"": 0.0, ""extras"": [""pos_fin_sig"", ""pos_ini_sig""], ""fx"": false, ""max_dias_fx"": 10, ""min_historia"": 200, ""periodos_por_anio"": 252, ""permitir_capturas"": false, ""rebalanceo_con_deriva"": true, ""segmentos"": [""dentro_muestra"", ""fuera_muestra""], ""senal"": ""senal_efectivo"", ""spread_por_lado"": 0.0005, ""usuario"": {""escenario_costos"": ""defecto"", ""familia"": ""US"", ""tipo"": ""referencia""}, ""variante"": ""US_ref_efectivo""}",referencia
2026-09-25T07:01:42.843910Z,R09,c6a192f5a7,US_ref_efectivo,0,dentro_muestra,1927-03-03,2008-02-29,21463,252,USD,16.61123888768646,0.036051376558446924,0.0020042969050051438,0.0,0.0,0.0,inf,,0.0,3.0,,0.0,0.0,0.0,0.0,0,0.09773938002499216,0.036051376558446924,0.0029,0.0005,2008-02-29,a167a7fa2e659d4e,French F-F_Research_Data_Factors_daily CRSP 202607 sha256 1916d331c2c51d2a,"{""comision_por_lado"": 0.0029, ""cortes"": [""2008-02-29""], ""efectivo_en_mxn"": false, ""exposicion_inicial"": 0.0, ""exposicion_max"": 1.0, ""exposicion_min"": 0.0, ""extras"": [""pos_fin_sig"", ""pos_ini_sig""], ""fx"": false, ""max_dias_fx"": 10, ""min_historia"": 200, ""periodos_por_anio"": 252, ""permitir_capturas"": false, ""rebalanceo_con_deriva"": true, ""segmentos"": [""dentro_muestra"", ""fuera_muestra""], ""senal"": ""senal_efectivo"", ""spread_por_lado"": 0.0005, ""usuario"": {""escenario_costos"": ""defecto"", ""familia"": ""US"", ""tipo"": ""referencia""}, ""variante"": ""US_ref_efectivo""}",referencia
2026-09-25T07:01:42.843910Z,R09,c6a192f5a7,US_ref_efectivo,0,fuera_muestra,2008-02-29,2026-07-31,4633,252,USD,0.290692495454822,0.01395165224305317,0.001237809628549491,0.0,0.0,0.0,inf,,0.0,3.0,,0.0,0.0,0.0,0.0,0,0.12044447891427623,0.01395165224305317,0.0029,0.0005,2008-02-29,a167a7fa2e659d4e,French F-F_Research_Data_Factors_daily CRSP 202607 sha256 1916d331c2c51d2a,"{""comision_por_lado"": 0.0029, ""cortes"": [""2008-02-29""], ""efectivo_en_mxn"": false, ""exposicion_inicial"": 0.0, ""exposicion_max"": 1.0, ""exposicion_min"": 0.0, ""extras"": [""pos_fin_sig"", ""pos_ini_sig""], ""fx"": false, ""max_dias_fx"": 10, ""min_historia"": 200, ""periodos_por_anio"": 252, ""permitir_capturas"": false, ""rebalanceo_con_deriva"": true, ""segmentos"": [""dentro_muestra"", ""fuera_muestra""], ""senal"": ""senal_efectivo"", ""spread_por_lado"": 0.0005, ""usuario"": {""escenario_costos"": ""defecto"", ""familia"": ""US"", ""tipo"": ""referencia""}, ""variante"": ""US_ref_efectivo""}",referencia
2026-09-25T07:01:43.266083Z,R09,afedc9f697,US_ref_sma200,0,completo,1927-03-03,2026-07-31,26096,252,USD,7511.971370769323,0.0939251653001858,0.11273874566715768,0.5533520037026922,0.7724652373746538,-0.3818802604333489,0.24595449158226113,0.034857899744681335,-0.3874923356600694,18.187055035123347,0.9999999878997115,0.7249003678724709,0.7249003678724709,5.663336546405949,0.01925534425778036,563,0.10191085182649307,0.031921010768678704,0.0029,0.0005,2008-02-29,a167a7fa2e659d4e,French F-F_Research_Data_Factors_daily CRSP 202607 sha256 1916d331c2c51d2a,"{""comision_por_lado"": 0.0029, ""cortes"": [""2008-02-29""], ""efectivo_en_mxn"": false, ""exposicion_inicial"": 0.0, ""exposicion_max"": 1.0, ""exposicion_min"": 0.0, ""extras"": [""pos_fin_sig"", ""pos_ini_sig""], ""fx"": false, ""max_dias_fx"": 10, ""min_historia"": 200, ""periodos_por_anio"": 252, ""permitir_capturas"": false, ""rebalanceo_con_deriva"": true, ""segmentos"": [""dentro_muestra"", ""fuera_muestra""], ""senal"": ""media_movil_200"", ""spread_por_lado"": 0.0005, ""usuario"": {""escenario_costos"": ""defecto"", ""familia"": ""US"", ""tipo"": ""referencia"", ""ventana"": 200}, ""variante"": ""US_ref_sma200""}",referencia
2026-09-25T07:01:43.266083Z,R09,afedc9f697,US_ref_sma200,0,dentro_muestra,1927-03-03,2008-02-29,21463,252,USD,1931.2311337081567,0.09792257791658998,0.11100879239230847,0.5524754169913364,0.7772371899570778,-0.3818802604333489,0.256422203665279,0.034802679972280585,-0.2843980331507091,21.342133440790775,0.9999997882885734,0.7135535572846293,0.7135535572846293,5.728830747388703,0.01947802454112167,464,0.09773938002499216,0.036051376558446924,0.0029,0.0005,2008-02-29,a167a7fa2e659d4e,French F-F_Research_Data_Factors_daily CRSP 202607 sha256 1916d331c2c51d2a,"{""comision_por_lado"": 0.0029, ""cortes"": [""2008-02-29""], ""efectivo_en_mxn"": false, ""exposicion_inicial"": 0.0, ""exposicion_max"": 1.0, ""exposicion_min"": 0.0, ""extras"": [""pos_fin_sig"", ""pos_ini_sig""], ""fx"": false, ""max_dias_fx"": 10, ""min_historia"": 200, ""periodos_por_anio"": 252, ""permitir_capturas"": false, ""rebalanceo_con_deriva"": true, ""segmentos"": [""dentro_muestra"", ""fuera_muestra""], ""senal"": ""media_movil_200"", ""spread_por_lado"": 0.0005, ""usuario"": {""escenario_costos"": ""defecto"", ""familia"": ""US"", ""tipo"": ""referencia"", ""ventana"": 200}, ""variante"": ""US_ref_sma200""}",referencia
2026-09-25T07:01:43.266083Z,R09,afedc9f697,US_ref_sma200,0,fuera_muestra,2008-02-29,2026-07-31,4633,252,USD,2.8882363707447034,0.07651796356600582,0.12043924243671505,0.5585215135311746,0.7571872613923973,-0.24901552037161157,0.3072819053680522,0.035183548254354394,-0.7600336408554444,7.297783385103982,0.9908852291831589,0.7774660047485431,0.7774660047485431,5.375315891184778,0.018276074030028237,99,0.12044447891427623,0.01395165224305317,0.0029,0.0005,2008-02-29,a167a7fa2e659d4e,French F-F_Research_Data_Factors_daily CRSP 202607 sha256 1916d331c2c51d2a,"{""comision_por_lado"": 0.0029, ""cortes"": [""2008-02-29""], ""efectivo_en_mxn"": false, ""exposicion_inicial"": 0.0, ""exposicion_max"": 1.0, ""exposicion_min"": 0.0, ""extras"": [""pos_fin_sig"", ""pos_ini_sig""], ""fx"": false, ""max_dias_fx"": 10, ""min_historia"": 200, ""periodos_por_anio"": 252, ""permitir_capturas"": false, ""rebalanceo_con_deriva"": true, ""segmentos"": [""dentro_muestra"", ""fuera_muestra""], ""senal"": ""media_movil_200"", ""spread_por_lado"": 0.0005, ""usuario"": {""escenario_costos"": ""defecto"", ""familia"": ""US"", ""tipo"": ""referencia"", ""ventana"": 200}, ""variante"": ""US_ref_sma200""}",referencia
2026-09-25T07:01:43.588699Z,R09,8366bf37ff,US_ref_resto,0,completo,1927-03-03,2026-07-31,26096,252,USD,-0.9855720278768614,-0.04174067270707493,0.15690003756493417,-0.3744784990914262,-0.5144234052122719,-0.9949404936756587,-0.041952933841169,-0.023589928093729548,-0.10700174419889256,24.330234372027746,6.967183633455054e-05,0.8172516860821581,0.8172516860821581,24.00128063894244,0.0816043541724054,2386,0.10191085182649307,0.031921010768678704,0.0029,0.0005,2008-02-29,a167a7fa2e659d4e,French F-F_Research_Data_Factors_daily CRSP 202607 sha256 1916d331c2c51d2a,"{""comision_por_lado"": 0.0029, ""cortes"": [""2008-02-29""], ""efectivo_en_mxn"": false, ""exposicion_inicial"": 0.0, ""exposicion_max"": 1.0, ""exposicion_min"": 0.0, ""extras"": [""pos_fin_sig"", ""pos_ini_sig""], ""fx"": false, ""max_dias_fx"": 10, ""min_historia"": 200, ""periodos_por_anio"": 252, ""permitir_capturas"": false, ""rebalanceo_con_deriva"": true, ""segmentos"": [""dentro_muestra"", ""fuera_muestra""], ""senal"": ""cambio_de_mes_resto"", ""spread_por_lado"": 0.0005, ""usuario"": {""escenario_costos"": ""defecto"", ""familia"": ""US"", ""tipo"": ""referencia"", ""ventana"": ""complemento de [-1, 3]""}, ""variante"": ""US_ref_resto""}",referencia
2026-09-25T07:01:43.588699Z,R09,8366bf37ff,US_ref_resto,0,dentro_muestra,1927-03-03,2008-02-29,21463,252,USD,-0.9872692740395688,-0.05245172341149662,0.15045085552885668,-0.4889796768205723,-0.6697497614169816,-0.9914745427886721,-0.052902743487460824,-0.030802824310284974,-0.09841388699999261,26.02692384537161,3.3023219145333904e-06,0.8189908214135955,0.8189908214135955,24.00182537268026,0.08160620626711422,1944,0.09773938002499216,0.036051376558446924,0.0029,0.0005,2008-02-29,a167a7fa2e659d4e,French F-F_Research_Data_Factors_daily CRSP 202607 sha256 1916d331c2c51d2a,"{""comision_por_lado"": 0.0029, ""cortes"": [""2008-02-29""], ""efectivo_en_mxn"": false, ""exposicion_inicial"": 0.0, ""exposicion_max"": 1.0, ""exposicion_min"": 0.0, ""extras"": [""pos_fin_sig"", ""pos_ini_sig""], ""fx"": false, ""max_dias_fx"": 10, ""min_historia"": 200, ""periodos_por_anio"": 252, ""permitir_capturas"": false, ""rebalanceo_con_deriva"": true, ""segmentos"": [""dentro_muestra"", ""fuera_muestra""], ""senal"": ""cambio_de_mes_resto"", ""spread_por_lado"": 0.0005, ""usuario"": {""escenario_costos"": ""defecto"", ""familia"": ""US"", ""tipo"": ""referencia"", ""ventana"": ""complemento de [-1, 3]""}, ""variante"": ""US_ref_resto""}",referencia
2026-09-25T07:01:43.588699Z,R09,8366bf37ff,US_ref_resto,0,fuera_muestra,2008-02-29,2026-07-31,4633,252,USD,0.13331888283375282,0.006818320363260355,0.18383119291795544,0.05362652023335981,0.07433027936465834,-0.4827269189269475,0.01412459114237255,0.0033781532432200835,-0.14817535037727186,18.651660269328143,0.590895735381432,0.8091949061083531,0.8091949061083531,23.998885089936078,0.08159620930578293,442,0.12044447891427623,0.01395165224305317,0.0029,0.0005,2008-02-29,a167a7fa2e659d4e,French F-F_Research_Data_Factors_daily CRSP 202607 sha256 1916d331c2c51d2a,"{""comision_por_lado"": 0.0029, ""cortes"": [""2008-02-29""], ""efectivo_en_mxn"": false, ""exposicion_inicial"": 0.0, ""exposicion_max"": 1.0, ""exposicion_min"": 0.0, ""extras"": [""pos_fin_sig"", ""pos_ini_sig""], ""fx"": false, ""max_dias_fx"": 10, ""min_historia"": 200, ""periodos_por_anio"": 252, ""permitir_capturas"": false, ""rebalanceo_con_deriva"": true, ""segmentos"": [""dentro_muestra"", ""fuera_muestra""], ""senal"": ""cambio_de_mes_resto"", ""spread_por_lado"": 0.0005, ""usuario"": {""escenario_costos"": ""defecto"", ""familia"": ""US"", ""tipo"": ""referencia"", ""ventana"": ""complemento de [-1, 3]""}, ""variante"": ""US_ref_resto""}",referencia
2026-09-25T07:01:43.885403Z,R09,9764336395,SPX_tom_m1_p3,1,completo,1928-10-17,2026-07-31,24561,252,USD,0.05759063571928458,0.0005727803357020722,0.08236428331879826,-0.334702511531696,-0.4695156108900491,-0.7312516679569785,0.0007832875613157171,-0.021084276397657045,-0.24242399340233822,70.33405793485898,0.0004834720057192432,0.19107528195106063,0.19107528195106063,24.001616922387726,0.08160549753611966,2347,0.06154047491041226,0.03193266042262244,0.0029,0.0005,2008-02-29,f1c02485bcdc828c,"Yahoo ^GSPC 1d (precio, sin dividendos) 1928-01-03 a 2026-07-31; RF French diaria compuesta en (d-1, d]; French F-F_Research_Data_Factors_daily CRSP 202607 sha256 1916d331c2c51d2a","{""comision_por_lado"": 0.0029, ""cortes"": [""2008-02-29""], ""efectivo_en_mxn"": false, ""exposicion_inicial"": 0.0, ""exposicion_max"": 1.0, ""exposicion_min"": 0.0, ""extras"": [""pos_fin_sig"", ""pos_ini_sig""], ""fx"": false, ""max_dias_fx"": 10, ""min_historia"": 200, ""periodos_por_anio"": 252, ""permitir_capturas"": false, ""rebalanceo_con_deriva"": true, ""segmentos"": [""dentro_muestra"", ""fuera_muestra""], ""senal"": ""cambio_de_mes_m1_p3"", ""spread_por_lado"": 0.0005, ""usuario"": {""escenario_costos"": ""defecto"", ""familia"": ""SPX"", ""tipo"": ""calendario"", ""ventana"": [-1, 3]}, ""variante"": ""SPX_tom_m1_p3""}",
2026-09-25T07:01:43.885403Z,R09,9764336395,SPX_tom_m1_p3,1,dentro_muestra,1928-10-17,2008-02-29,19928,252,USD,1.458331807685683,0.011397595220798085,0.08186602002992549,-0.25547228103477615,-0.36369254563876624,-0.42714514513202695,0.02668319036442562,-0.01609324101162906,0.025698921185345943,77.62545369612198,0.011735191225842267,0.19113809714973906,0.19113809714973906,24.00225085377212,0.08160765290282655,1905,0.053174605081758974,0.036150594213266274,0.0029,0.0005,2008-02-29,f1c02485bcdc828c,"Yahoo ^GSPC 1d (precio, sin dividendos) 1928-01-03 a 2026-07-31; RF French diaria compuesta en (d-1, d]; French F-F_Research_Data_Factors_daily CRSP 202607 sha256 1916d331c2c51d2a","{""comision_por_lado"": 0.0029, ""cortes"": [""2008-02-29""], ""efectivo_en_mxn"": false, ""exposicion_inicial"": 0.0, ""exposicion_max"": 1.0, ""exposicion_min"": 0.0, ""extras"": [""pos_fin_sig"", ""pos_ini_sig""], ""fx"": false, ""max_dias_fx"": 10, ""min_historia"": 200, ""periodos_por_anio"": 252, ""permitir_capturas"": false, ""rebalanceo_con_deriva"": true, ""segmentos"": [""dentro_muestra"", ""fuera_muestra""], ""senal"": ""cambio_de_mes_m1_p3"", ""spread_por_lado"": 0.0005, ""usuario"": {""escenario_costos"": ""defecto"", ""familia"": ""SPX"", ""tipo"": ""calendario"", ""ventana"": [-1, 3]}, ""variante"": ""SPX_tom_m1_p3""}",
2026-09-25T07:01:43.885403Z,R09,9764336395,SPX_tom_m1_p3,1,fuera_muestra,2008-02-29,2026-07-31,4633,252,USD,-0.5697933727201292,-0.044765305928114896,0.08442098826992198,-0.6654320800911422,-0.8828782926500028,-0.6152074251369788,-0.0727645735389941,-0.04191828091251374,-1.2911439490150076,42.329037336076475,0.0018325123960066803,0.19080509389164688,0.19080509389164688,23.998885089936078,0.08159620930578293,442,0.09835886145831152,0.01395165224305317,0.0029,0.0005,2008-02-29,f1c02485bcdc828c,"Yahoo ^GSPC 1d (precio, sin dividendos) 1928-01-03 a 2026-07-31; RF French diaria compuesta en (d-1, d]; French F-F_Research_Data_Factors_daily CRSP 202607 sha256 1916d331c2c51d2a","{""comision_por_lado"": 0.0029, ""cortes"": [""2008-02-29""], ""efectivo_en_mxn"": false, ""exposicion_inicial"": 0.0, ""exposicion_max"": 1.0, ""exposicion_min"": 0.0, ""extras"": [""pos_fin_sig"", ""pos_ini_sig""], ""fx"": false, ""max_dias_fx"": 10, ""min_historia"": 200, ""periodos_por_anio"": 252, ""permitir_capturas"": false, ""rebalanceo_con_deriva"": true, ""segmentos"": [""dentro_muestra"", ""fuera_muestra""], ""senal"": ""cambio_de_mes_m1_p3"", ""spread_por_lado"": 0.0005, ""usuario"": {""escenario_costos"": ""defecto"", ""familia"": ""SPX"", ""tipo"": ""calendario"", ""ventana"": [-1, 3]}, ""variante"": ""SPX_tom_m1_p3""}",
2026-09-25T07:01:44.190573Z,R09,e44eaa8c10,SPX_tom_m2_p3,1,completo,1928-10-17,2026-07-31,24561,252,USD,1.5795911575628288,0.009738065628058123,0.09185375327410537,-0.19153817017060412,-0.2714533709393711,-0.64678045502788,0.015056215060856094,-0.012065770591614011,0.008596692987681478,59.962089237796185,0.02946068494482218,0.2388746386547779,0.2388746386547779,24.001616922387726,0.08160549753611966,2347,0.06154047491041226,0.03193266042262244,0.0029,0.0005,2008-02-29,f1c02485bcdc828c,"Yahoo ^GSPC 1d (precio, sin dividendos) 1928-01-03 a 2026-07-31; RF French diaria compuesta en (d-1, d]; French F-F_Research_Data_Factors_daily CRSP 202607 sha256 1916d331c2c51d2a","{""comision_por_lado"": 0.0029, ""cortes"": [""2008-02-29""], ""efectivo_en_mxn"": false, ""exposicion_inicial"": 0.0, ""exposicion_max"": 1.0, ""exposicion_min"": 0.0, ""extras"": [""pos_fin_sig"", ""pos_ini_sig""], ""fx"": false, ""max_dias_fx"": 10, ""min_historia"": 200, ""periodos_por_anio"": 252, ""permitir_capturas"": false, ""rebalanceo_con_deriva"": true, ""segmentos"": [""dentro_muestra"", ""fuera_muestra""], ""senal"": ""cambio_de_mes_m2_p3"", ""spread_por_lado"": 0.0005, ""usuario"": {""escenario_costos"": ""defecto"", ""familia"": ""SPX"", ""tipo"": ""calendario"", ""ventana"": [-2, 3]}, ""variante"": ""SPX_tom_m2_p3""}",
2026-09-25T07:01:44.190573Z,R09,e44eaa8c10,SPX_tom_m2_p3,1,dentro_muestra,1928-10-17,2008-02-29,19928,252,USD,3.6913124675811426,0.019666250359194226,0.09129558827152426,-0.13070124748607925,-0.18827355187661424,-0.5569224219529294,0.03531236952218886,-0.008233404687954088,0.4331569903791019,64.43150068282046,0.12311308726442244,0.23896025692492975,0.23896025692492975,24.00225085377212,0.08160765290282655,1905,0.053174605081758974,0.036150594213266274,0.0029,0.0005,2008-02-29,f1c02485bcdc828c,"Yahoo ^GSPC 1d (precio, sin dividendos) 1928-01-03 a 2026-07-31; RF French diaria compuesta en (d-1, d]; French F-F_Research_Data_Factors_daily CRSP 202607 sha256 1916d331c2c51d2a","{""comision_por_lado"": 0.0029, ""cortes"": [""2008-02-29""], ""efectivo_en_mxn"": false, ""exposicion_inicial"": 0.0, ""exposicion_max"": 1.0, ""exposicion_min"": 0.0, ""extras"": [""pos_fin_sig"", ""pos_ini_sig""], ""fx"": false, ""max_dias_fx"": 10, ""min_historia"": 200, ""periodos_por_anio"": 252, ""permitir_capturas"": false, ""rebalanceo_con_deriva"": true, ""segmentos"": [""dentro_muestra"", ""fuera_muestra""], ""senal"": ""cambio_de_mes_m2_p3"", ""spread_por_lado"": 0.0005, ""usuario"": {""escenario_costos"": ""defecto"", ""familia"": ""SPX"", ""tipo"": ""calendario"", ""ventana"": [-2, 3]}, ""variante"": ""SPX_tom_m2_p3""}",
2026-09-25T07:01:44.190573Z,R09,e44eaa8c10,SPX_tom_m2_p3,1,fuera_muestra,2008-02-29,2026-07-31,4633,252,USD,-0.4501344399059265,-0.03195190029311623,0.09418113982093647,-0.44532684048192656,-0.5938153674415507,-0.5169995031618865,-0.06180257446613296,-0.028052954096602592,-1.6531269366417976,42.69832776327633,0.02578132941205108,0.2385063673645586,0.2385063673645586,23.998885089936078,0.08159620930578293,442,0.09835886145831152,0.01395165224305317,0.0029,0.0005,2008-02-29,f1c02485bcdc828c,"Yahoo ^GSPC 1d (precio, sin dividendos) 1928-01-03 a 2026-07-31; RF French diaria compuesta en (d-1, d]; French F-F_Research_Data_Factors_daily CRSP 202607 sha256 1916d331c2c51d2a","{""comision_por_lado"": 0.0029, ""cortes"": [""2008-02-29""], ""efectivo_en_mxn"": false, ""exposicion_inicial"": 0.0, ""exposicion_max"": 1.0, ""exposicion_min"": 0.0, ""extras"": [""pos_fin_sig"", ""pos_ini_sig""], ""fx"": false, ""max_dias_fx"": 10, ""min_historia"": 200, ""periodos_por_anio"": 252, ""permitir_capturas"": false, ""rebalanceo_con_deriva"": true, ""segmentos"": [""dentro_muestra"", ""fuera_muestra""], ""senal"": ""cambio_de_mes_m2_p3"", ""spread_por_lado"": 0.0005, ""usuario"": {""escenario_costos"": ""defecto"", ""familia"": ""SPX"", ""tipo"": ""calendario"", ""ventana"": [-2, 3]}, ""variante"": ""SPX_tom_m2_p3""}",
2026-09-25T07:01:44.489125Z,R09,80abe7b703,SPX_tom_m3_p3,1,completo,1928-10-17,2026-07-31,24561,252,USD,1.2818379895854122,0.00847236738975421,0.1002275871049157,-0.18001988754772566,-0.2530421475329086,-0.6267029690318671,0.01351895205290371,-0.011340186988026078,-0.1835502581028071,49.302378762950546,0.03772968645992458,0.2866739953584952,0.2866739953584952,24.001616922387726,0.08160549753611966,2347,0.06154047491041226,0.03193266042262244,0.0029,0.0005,2008-02-29,f1c02485bcdc828c,"Yahoo ^GSPC 1d (precio, sin dividendos) 1928-01-03 a 2026-07-31; RF French diaria compuesta en (d-1, d]; French F-F_Research_Data_Factors_daily CRSP 202607 sha256 1916d331c2c51d2a","{""comision_por_lado"": 0.0029, ""cortes"": [""2008-02-29""], ""efectivo_en_mxn"": false, ""exposicion_inicial"": 0.0, ""exposicion_max"": 1.0, ""exposicion_min"": 0.0, ""extras"": [""pos_fin_sig"", ""pos_ini_sig""], ""fx"": false, ""max_dias_fx"": 10, ""min_historia"": 200, ""periodos_por_anio"": 252, ""permitir_capturas"": false, ""rebalanceo_con_deriva"": true, ""segmentos"": [""dentro_muestra"", ""fuera_muestra""], ""senal"": ""cambio_de_mes_m3_p3"", ""spread_por_lado"": 0.0005, ""usuario"": {""escenario_costos"": ""defecto"", ""familia"": ""SPX"", ""tipo"": ""calendario"", ""ventana"": [-3, 3]}, ""variante"": ""SPX_tom_m3_p3""}",
2026-09-25T07:01:44.489125Z,R09,80abe7b703,SPX_tom_m3_p3,1,dentro_muestra,1928-10-17,2008-02-29,19928,252,USD,2.766188261953996,0.01684823478763109,0.09990365995841081,-0.1389472940233995,-0.1974031091231947,-0.6267029690318671,0.026883923677046402,-0.008752856793602057,0.0768183618588092,53.52100079259211,0.10850009219659074,0.28678241670012045,0.28678241670012045,24.00225085377212,0.08160765290282655,1905,0.053174605081758974,0.036150594213266274,0.0029,0.0005,2008-02-29,f1c02485bcdc828c,"Yahoo ^GSPC 1d (precio, sin dividendos) 1928-01-03 a 2026-07-31; RF French diaria compuesta en (d-1, d]; French F-F_Research_Data_Factors_daily CRSP 202607 sha256 1916d331c2c51d2a","{""comision_por_lado"": 0.0029, ""cortes"": [""2008-02-29""], ""efectivo_en_mxn"": false, ""exposicion_inicial"": 0.0, ""exposicion_max"": 1.0, ""exposicion_min"": 0.0, ""extras"": [""pos_fin_sig"", ""pos_ini_sig""], ""fx"": false, ""max_dias_fx"": 10, ""min_historia"": 200, ""periodos_por_anio"": 252, ""permitir_capturas"": false, ""rebalanceo_con_deriva"": true, ""segmentos"": [""dentro_muestra"", ""fuera_muestra""], ""senal"": ""cambio_de_mes_m3_p3"", ""spread_por_lado"": 0.0005, ""usuario"": {""escenario_costos"": ""defecto"", ""familia"": ""SPX"", ""tipo"": ""calendario"", ""ventana"": [-3, 3]}, ""variante"": ""SPX_tom_m3_p3""}",
2026-09-25T07:01:44.489125Z,R09,80abe7b703,SPX_tom_m3_p3,1,fuera_muestra,2008-02-29,2026-07-31,4633,252,USD,-0.3941253514497598,-0.026840045712178018,0.10158958701690715,-0.353778271500185,-0.4768073777979838,-0.44998203323219244,-0.059646927499277407,-0.02228593632494712,-1.2479729634704708,32.234682868152376,0.062362753866256504,0.2862076408374703,0.2862076408374703,23.998885089936078,0.08159620930578293,442,0.09835886145831152,0.01395165224305317,0.0029,0.0005,2008-02-29,f1c02485bcdc828c,"Yahoo ^GSPC 1d (precio, sin dividendos) 1928-01-03 a 2026-07-31; RF French diaria compuesta en (d-1, d]; French F-F_Research_Data_Factors_daily CRSP 202607 sha256 1916d331c2c51d2a","{""comision_por_lado"": 0.0029, ""cortes"": [""2008-02-29""], ""efectivo_en_mxn"": false, ""exposicion_inicial"": 0.0, ""exposicion_max"": 1.0, ""exposicion_min"": 0.0, ""extras"": [""pos_fin_sig"", ""pos_ini_sig""], ""fx"": false, ""max_dias_fx"": 10, ""min_historia"": 200, ""periodos_por_anio"": 252, ""permitir_capturas"": false, ""rebalanceo_con_deriva"": true, ""segmentos"": [""dentro_muestra"", ""fuera_muestra""], ""senal"": ""cambio_de_mes_m3_p3"", ""spread_por_lado"": 0.0005, ""usuario"": {""escenario_costos"": ""defecto"", ""familia"": ""SPX"", ""tipo"": ""calendario"", ""ventana"": [-3, 3]}, ""variante"": ""SPX_tom_m3_p3""}",
2026-09-25T07:01:44.788038Z,R09,bf51326d66,SPX_tom_m1_p2,1,completo,1928-10-17,2026-07-31,24561,252,USD,-0.6996825208063159,-0.01222626660934667,0.07088778954379113,-0.5835726942175212,-0.7995242842288596,-0.765519127283369,-0.015971209828204495,-0.03676162430541672,-0.5629110986017813,91.99630703531246,4.9506017063549734e-09,0.14331664020194618,0.14331664020194618,24.001616922387726,0.08160549753611966,2347,0.06154047491041226,0.03193266042262244,0.0029,0.0005,2008-02-29,f1c02485bcdc828c,"Yahoo ^GSPC 1d (precio, sin dividendos) 1928-01-03 a 2026-07-31; RF French diaria compuesta en (d-1, d]; French F-F_Research_Data_Factors_daily CRSP 202607 sha256 1916d331c2c51d2a","{""comision_por_lado"": 0.0029, ""cortes"": [""2008-02-29""], ""efectivo_en_mxn"": false, ""exposicion_inicial"": 0.0, ""exposicion_max"": 1.0, ""exposicion_min"": 0.0, ""extras"": [""pos_fin_sig"", ""pos_ini_sig""], ""fx"": false, ""max_dias_fx"": 10, ""min_historia"": 200, ""periodos_por_anio"": 252, ""permitir_capturas"": false, ""rebalanceo_con_deriva"": true, ""segmentos"": [""dentro_muestra"", ""fuera_muestra""], ""senal"": ""cambio_de_mes_m1_p2"", ""spread_por_lado"": 0.0005, ""usuario"": {""escenario_costos"": ""defecto"", ""familia"": ""SPX"", ""tipo"": ""calendario"", ""ventana"": [-1, 2]}, ""variante"": ""SPX_tom_m1_p2""}",
2026-09-25T07:01:44.788038Z,R09,bf51326d66,SPX_tom_m1_p2,1,dentro_muestra,1928-10-17,2008-02-29,19928,252,USD,-0.18704545102257875,-0.0026057267119115046,0.07020572963814041,-0.5098644026456058,-0.7068177605580153,-0.5867593018085198,-0.004440878404279384,-0.032118438375351804,-0.30740101117654567,101.11696627120577,3.426370076053953e-06,0.1433661180248896,0.1433661180248896,24.00225085377212,0.08160765290282655,1905,0.053174605081758974,0.036150594213266274,0.0029,0.0005,2008-02-29,f1c02485bcdc828c,"Yahoo ^GSPC 1d (precio, sin dividendos) 1928-01-03 a 2026-07-31; RF French diaria compuesta en (d-1, d]; French F-F_Research_Data_Factors_daily CRSP 202607 sha256 1916d331c2c51d2a","{""comision_por_lado"": 0.0029, ""cortes"": [""2008-02-29""], ""efectivo_en_mxn"": false, ""exposicion_inicial"": 0.0, ""exposicion_max"": 1.0, ""exposicion_min"": 0.0, ""extras"": [""pos_fin_sig"", ""pos_ini_sig""], ""fx"": false, ""max_dias_fx"": 10, ""min_historia"": 200, ""periodos_por_anio"": 252, ""permitir_capturas"": false, ""rebalanceo_con_deriva"": true, ""segmentos"": [""dentro_muestra"", ""fuera_muestra""], ""senal"": ""cambio_de_mes_m1_p2"", ""spread_por_lado"": 0.0005, ""usuario"": {""escenario_costos"": ""defecto"", ""familia"": ""SPX"", ""tipo"": ""calendario"", ""ventana"": [-1, 2]}, ""variante"": ""SPX_tom_m1_p2""}",
2026-09-25T07:01:44.788038Z,R09,bf51326d66,SPX_tom_m1_p2,1,fuera_muestra,2008-02-29,2026-07-31,4633,252,USD,-0.6305851543958503,-0.05263419063368513,0.07370005082074851,-0.8862642890557889,-1.1623731705951958,-0.66210837728669,-0.07949482658621423,-0.05582940249331145,-1.506754617578593,59.014883869739215,5.3128077023456566e-05,0.14310382041873515,0.14310382041873515,23.998885089936078,0.08159620930578293,442,0.09835886145831152,0.01395165224305317,0.0029,0.0005,2008-02-29,f1c02485bcdc828c,"Yahoo ^GSPC 1d (precio, sin dividendos) 1928-01-03 a 2026-07-31; RF French diaria compuesta en (d-1, d]; French F-F_Research_Data_Factors_daily CRSP 202607 sha256 1916d331c2c51d2a","{""comision_por_lado"": 0.0029, ""cortes"": [""2008-02-29""], ""efectivo_en_mxn"": false, ""exposicion_inicial"": 0.0, ""exposicion_max"": 1.0, ""exposicion_min"": 0.0, ""extras"": [""pos_fin_sig"", ""pos_ini_sig""], ""fx"": false, ""max_dias_fx"": 10, ""min_historia"": 200, ""periodos_por_anio"": 252, ""permitir_capturas"": false, ""rebalanceo_con_deriva"": true, ""segmentos"": [""dentro_muestra"", ""fuera_muestra""], ""senal"": ""cambio_de_mes_m1_p2"", ""spread_por_lado"": 0.0005, ""usuario"": {""escenario_costos"": ""defecto"", ""familia"": ""SPX"", ""tipo"": ""calendario"", ""ventana"": [-1, 2]}, ""variante"": ""SPX_tom_m1_p2""}",
2026-09-25T07:01:45.087112Z,R09,42d9a01139,SPX_tom_m1_p4,1,completo,1928-10-17,2026-07-31,24561,252,USD,0.4484474455993288,0.0037960291709060456,0.0939556044816898,-0.2483799013831734,-0.3583695249097032,-0.7427504412713346,0.005110773363403921,-0.01564646308872916,1.1675175598910918,81.43570196879588,0.007673001227255394,0.2388339237001751,0.2388339237001751,24.001616922387726,0.08160549753611966,2347,0.06154047491041226,0.03193266042262244,0.0029,0.0005,2008-02-29,f1c02485bcdc828c,"Yahoo ^GSPC 1d (precio, sin dividendos) 1928-01-03 a 2026-07-31; RF French diaria compuesta en (d-1, d]; French F-F_Research_Data_Factors_daily CRSP 202607 sha256 1916d331c2c51d2a","{""comision_por_lado"": 0.0029, ""cortes"": [""2008-02-29""], ""efectivo_en_mxn"": false, ""exposicion_inicial"": 0.0, ""exposicion_max"": 1.0, ""exposicion_min"": 0.0, ""extras"": [""pos_fin_sig"", ""pos_ini_sig""], ""fx"": false, ""max_dias_fx"": 10, ""min_historia"": 200, ""periodos_por_anio"": 252, ""permitir_capturas"": false, ""rebalanceo_con_deriva"": true, ""segmentos"": [""dentro_muestra"", ""fuera_muestra""], ""senal"": ""cambio_de_mes_m1_p4"", ""spread_por_lado"": 0.0005, ""usuario"": {""escenario_costos"": ""defecto"", ""familia"": ""SPX"", ""tipo"": ""calendario"", ""ventana"": [-1, 4]}, ""variante"": ""SPX_tom_m1_p4""}",
2026-09-25T07:01:45.087112Z,R09,42d9a01139,SPX_tom_m1_p4,1,dentro_muestra,1928-10-17,2008-02-29,19928,252,USD,2.8248945164823573,0.01704642159816383,0.09317407011715943,-0.15412672631165594,-0.22830565738810996,-0.4417939092225781,0.03858455547329819,-0.009709071147837072,1.7818379251569203,94.14680202287578,0.08732795754853295,0.23891007627458852,0.23891007627458852,24.00225085377212,0.08160765290282655,1905,0.053174605081758974,0.036150594213266274,0.0029,0.0005,2008-02-29,f1c02485bcdc828c,"Yahoo ^GSPC 1d (precio, sin dividendos) 1928-01-03 a 2026-07-31; RF French diaria compuesta en (d-1, d]; French F-F_Research_Data_Factors_daily CRSP 202607 sha256 1916d331c2c51d2a","{""comision_por_lado"": 0.0029, ""cortes"": [""2008-02-29""], ""efectivo_en_mxn"": false, ""exposicion_inicial"": 0.0, ""exposicion_max"": 1.0, ""exposicion_min"": 0.0, ""extras"": [""pos_fin_sig"", ""pos_ini_sig""], ""fx"": false, ""max_dias_fx"": 10, ""min_historia"": 200, ""periodos_por_anio"": 252, ""permitir_capturas"": false, ""rebalanceo_con_deriva"": true, ""segmentos"": [""dentro_muestra"", ""fuera_muestra""], ""senal"": ""cambio_de_mes_m1_p4"", ""spread_por_lado"": 0.0005, ""usuario"": {""escenario_costos"": ""defecto"", ""familia"": ""SPX"", ""tipo"": ""calendario"", ""ventana"": [-1, 4]}, ""variante"": ""SPX_tom_m1_p4""}",
2026-09-25T07:01:45.087112Z,R09,42d9a01139,SPX_tom_m1_p4,1,fuera_muestra,2008-02-29,2026-07-31,4633,252,USD,-0.6213104859865725,-0.05135784779593455,0.09717632989185382,-0.6374487584665625,-0.8384317358590361,-0.6582643894334301,-0.07802009134982736,-0.040155497344033404,-1.1591491112530496,34.57743815460462,0.002724721759376658,0.2385063673645586,0.2385063673645586,23.998885089936078,0.08159620930578293,442,0.09835886145831152,0.01395165224305317,0.0029,0.0005,2008-02-29,f1c02485bcdc828c,"Yahoo ^GSPC 1d (precio, sin dividendos) 1928-01-03 a 2026-07-31; RF French diaria compuesta en (d-1, d]; French F-F_Research_Data_Factors_daily CRSP 202607 sha256 1916d331c2c51d2a","{""comision_por_lado"": 0.0029, ""cortes"": [""2008-02-29""], ""efectivo_en_mxn"": false, ""exposicion_inicial"": 0.0, ""exposicion_max"": 1.0, ""exposicion_min"": 0.0, ""extras"": [""pos_fin_sig"", ""pos_ini_sig""], ""fx"": false, ""max_dias_fx"": 10, ""min_historia"": 200, ""periodos_por_anio"": 252, ""permitir_capturas"": false, ""rebalanceo_con_deriva"": true, ""segmentos"": [""dentro_muestra"", ""fuera_muestra""], ""senal"": ""cambio_de_mes_m1_p4"", ""spread_por_lado"": 0.0005, ""usuario"": {""escenario_costos"": ""defecto"", ""familia"": ""SPX"", ""tipo"": ""calendario"", ""ventana"": [-1, 4]}, ""variante"": ""SPX_tom_m1_p4""}",
2026-09-25T07:01:45.423455Z,R09,aae5f60805,SPX_ref_comprar_mantener,0,completo,1928-10-17,2026-07-31,24561,252,USD,341.5541465119625,0.0615035027634423,0.18947365020645815,0.24450761752955438,0.34451883994033045,-0.8618957937515594,0.07135839762686047,0.015402532134383284,-0.10028952473929716,20.29007344730072,0.9920366139550131,1.0,1.0,0.010226509127561878,3.477013103371038e-05,1,0.06154047491041226,0.03193266042262244,0.0029,0.0005,2008-02-29,f1c02485bcdc828c,"Yahoo ^GSPC 1d (precio, sin dividendos) 1928-01-03 a 2026-07-31; RF French diaria compuesta en (d-1, d]; French F-F_Research_Data_Factors_daily CRSP 202607 sha256 1916d331c2c51d2a","{""comision_por_lado"": 0.0029, ""cortes"": [""2008-02-29""], ""efectivo_en_mxn"": false, ""exposicion_inicial"": 0.0, ""exposicion_max"": 1.0, ""exposicion_min"": 0.0, ""extras"": [""pos_fin_sig"", ""pos_ini_sig""], ""fx"": false, ""max_dias_fx"": 10, ""min_historia"": 200, ""periodos_por_anio"": 252, ""permitir_capturas"": false, ""rebalanceo_con_deriva"": true, ""segmentos"": [""dentro_muestra"", ""fuera_muestra""], ""senal"": ""senal_comprar_y_mantener"", ""spread_por_lado"": 0.0005, ""usuario"": {""escenario_costos"": ""defecto"", ""familia"": ""SPX"", ""tipo"": ""referencia""}, ""variante"": ""SPX_ref_comprar_mantener""}",referencia
2026-09-25T07:01:45.423455Z,R09,aae5f60805,SPX_ref_comprar_mantener,0,dentro_muestra,1928-10-17,2008-02-29,19928,252,USD,59.85845833633064,0.05312941258698323,0.18727147330019847,0.18089432986527706,0.2552862731267319,-0.8618957937515594,0.061642501300218346,0.01139527167631446,-0.07553211588213363,21.600616662770765,0.9460125425207835,1.0,1.0,0.01259960674738694,4.28386629411156e-05,1,0.053174605081758974,0.036150594213266274,0.0029,0.0005,2008-02-29,f1c02485bcdc828c,"Yahoo ^GSPC 1d (precio, sin dividendos) 1928-01-03 a 2026-07-31; RF French diaria compuesta en (d-1, d]; French F-F_Research_Data_Factors_daily CRSP 202607 sha256 1916d331c2c51d2a","{""comision_por_lado"": 0.0029, ""cortes"": [""2008-02-29""], ""efectivo_en_mxn"": false, ""exposicion_inicial"": 0.0, ""exposicion_max"": 1.0, ""exposicion_min"": 0.0, ""extras"": [""pos_fin_sig"", ""pos_ini_sig""], ""fx"": false, ""max_dias_fx"": 10, ""min_historia"": 200, ""periodos_por_anio"": 252, ""permitir_capturas"": false, ""rebalanceo_con_deriva"": true, ""segmentos"": [""dentro_muestra"", ""fuera_muestra""], ""senal"": ""senal_comprar_y_mantener"", ""spread_por_lado"": 0.0005, ""usuario"": {""escenario_costos"": ""defecto"", ""familia"": ""SPX"", ""tipo"": ""referencia""}, ""variante"": ""SPX_ref_comprar_mantener""}",referencia
2026-09-25T07:01:45.423455Z,R09,aae5f60805,SPX_ref_comprar_mantener,0,fuera_muestra,2008-02-29,2026-07-31,4633,252,USD,4.628702334503041,0.09835886145831152,0.19867291620062572,0.5028198830921017,0.7042304066131033,-0.5257845222788189,0.1870706673372798,0.031674675355244576,-0.19486194338149868,15.652753156619351,0.9840317243930217,1.0,1.0,0.0,0.0,0,0.09835886145831152,0.01395165224305317,0.0029,0.0005,2008-02-29,f1c02485bcdc828c,"Yahoo ^GSPC 1d (precio, sin dividendos) 1928-01-03 a 2026-07-31; RF French diaria compuesta en (d-1, d]; French F-F_Research_Data_Factors_daily CRSP 202607 sha256 1916d331c2c51d2a","{""comision_por_lado"": 0.0029, ""cortes"": [""2008-02-29""], ""efectivo_en_mxn"": false, ""exposicion_inicial"": 0.0, ""exposicion_max"": 1.0, ""exposicion_min"": 0.0, ""extras"": [""pos_fin_sig"", ""pos_ini_sig""], ""fx"": false, ""max_dias_fx"": 10, ""min_historia"": 200, ""periodos_por_anio"": 252, ""permitir_capturas"": false, ""rebalanceo_con_deriva"": true, ""segmentos"": [""dentro_muestra"", ""fuera_muestra""], ""senal"": ""senal_comprar_y_mantener"", ""spread_por_lado"": 0.0005, ""usuario"": {""escenario_costos"": ""defecto"", ""familia"": ""SPX"", ""tipo"": ""referencia""}, ""variante"": ""SPX_ref_comprar_mantener""}",referencia
2026-09-25T07:01:45.665831Z,R09,69c08f95e0,SPX_ref_efectivo,0,completo,1928-10-17,2026-07-31,24561,252,USD,20.622161924782315,0.03193266042262244,0.0019789301213256937,0.0,0.0,0.0,inf,,0.0,3.0,,0.0,0.0,0.0,0.0,0,0.06154047491041226,0.03193266042262244,0.0029,0.0005,2008-02-29,f1c02485bcdc828c,"Yahoo ^GSPC 1d (precio, sin dividendos) 1928-01-03 a 2026-07-31; RF French diaria compuesta en (d-1, d]; French F-F_Research_Data_Factors_daily CRSP 202607 sha256 1916d331c2c51d2a","{""comision_por_lado"": 0.0029, ""cortes"": [""2008-02-29""], ""efectivo_en_mxn"": false, ""exposicion_inicial"": 0.0, ""exposicion_max"": 1.0, ""exposicion_min"": 0.0, ""extras"": [""pos_fin_sig"", ""pos_ini_sig""], ""fx"": false, ""max_dias_fx"": 10, ""min_historia"": 200, ""periodos_por_anio"": 252, ""permitir_capturas"": false, ""rebalanceo_con_deriva"": true, ""segmentos"": [""dentro_muestra"", ""fuera_muestra""], ""senal"": ""senal_efectivo"", ""spread_por_lado"": 0.0005, ""usuario"": {""escenario_costos"": ""defecto"", ""familia"": ""SPX"", ""tipo"": ""referencia""}, ""variante"": ""SPX_ref_efectivo""}",referencia
2026-09-25T07:01:45.665831Z,R09,69c08f95e0,SPX_ref_efectivo,0,dentro_muestra,1928-10-17,2008-02-29,19928,252,USD,15.752372854823843,0.036150594213266274,0.0020287644016767042,0.0,0.0,0.0,inf,,0.0,3.0,,0.0,0.0,0.0,0.0,0,0.053174605081758974,0.036150594213266274,0.0029,0.0005,2008-02-29,f1c02485bcdc828c,"Yahoo ^GSPC 1d (precio, sin dividendos) 1928-01-03 a 2026-07-31; RF French diaria compuesta en (d-1, d]; French F-F_Research_Data_Factors_daily CRSP 202607 sha256 1916d331c2c51d2a","{""comision_por_lado"": 0.0029, ""cortes"": [""2008-02-29""], ""efectivo_en_mxn"": false, ""exposicion_inicial"": 0.0, ""exposicion_max"": 1.0, ""exposicion_min"": 0.0, ""extras"": [""pos_fin_sig"", ""pos_ini_sig""], ""fx"": false, ""max_dias_fx"": 10, ""min_historia"": 200, ""periodos_por_anio"": 252, ""permitir_capturas"": false, ""rebalanceo_con_deriva"": true, ""segmentos"": [""dentro_muestra"", ""fuera_muestra""], ""senal"": ""senal_efectivo"", ""spread_por_lado"": 0.0005, ""usuario"": {""escenario_costos"": ""defecto"", ""familia"": ""SPX"", ""tipo"": ""referencia""}, ""variante"": ""SPX_ref_efectivo""}",referencia
2026-09-25T07:01:45.665831Z,R09,69c08f95e0,SPX_ref_efectivo,0,fuera_muestra,2008-02-29,2026-07-31,4633,252,USD,0.290692495454822,0.01395165224305317,0.0012378096285493546,0.0,0.0,0.0,inf,,0.0,3.0,,0.0,0.0,0.0,0.0,0,0.09835886145831152,0.01395165224305317,0.0029,0.0005,2008-02-29,f1c02485bcdc828c,"Yahoo ^GSPC 1d (precio, sin dividendos) 1928-01-03 a 2026-07-31; RF French diaria compuesta en (d-1, d]; French F-F_Research_Data_Factors_daily CRSP 202607 sha256 1916d331c2c51d2a","{""comision_por_lado"": 0.0029, ""cortes"": [""2008-02-29""], ""efectivo_en_mxn"": false, ""exposicion_inicial"": 0.0, ""exposicion_max"": 1.0, ""exposicion_min"": 0.0, ""extras"": [""pos_fin_sig"", ""pos_ini_sig""], ""fx"": false, ""max_dias_fx"": 10, ""min_historia"": 200, ""periodos_por_anio"": 252, ""permitir_capturas"": false, ""rebalanceo_con_deriva"": true, ""segmentos"": [""dentro_muestra"", ""fuera_muestra""], ""senal"": ""senal_efectivo"", ""spread_por_lado"": 0.0005, ""usuario"": {""escenario_costos"": ""defecto"", ""familia"": ""SPX"", ""tipo"": ""referencia""}, ""variante"": ""SPX_ref_efectivo""}",referencia
2026-09-25T07:01:46.087894Z,R09,3494e4a2b1,SPX_ref_sma200,0,completo,1928-10-17,2026-07-31,24561,252,USD,235.06175792243806,0.05746930087436031,0.12192150654986877,0.26225528121735986,0.363738456083057,-0.5388491870163716,0.10665192090679398,0.016520529859867683,-0.37916852403246687,23.811907539068265,0.9950452521004989,0.6794918773665567,0.6794918773665567,6.0234138761339455,0.020479607178855566,589,0.06154047491041226,0.03193266042262244,0.0029,0.0005,2008-02-29,f1c02485bcdc828c,"Yahoo ^GSPC 1d (precio, sin dividendos) 1928-01-03 a 2026-07-31; RF French diaria compuesta en (d-1, d]; French F-F_Research_Data_Factors_daily CRSP 202607 sha256 1916d331c2c51d2a","{""comision_por_lado"": 0.0029, ""cortes"": [""2008-02-29""], ""efectivo_en_mxn"": false, ""exposicion_inicial"": 0.0, ""exposicion_max"": 1.0, ""exposicion_min"": 0.0, ""extras"": [""pos_fin_sig"", ""pos_ini_sig""], ""fx"": false, ""max_dias_fx"": 10, ""min_historia"": 200, ""periodos_por_anio"": 252, ""permitir_capturas"": false, ""rebalanceo_con_deriva"": true, ""segmentos"": [""dentro_muestra"", ""fuera_muestra""], ""senal"": ""media_movil_200"", ""spread_por_lado"": 0.0005, ""usuario"": {""escenario_costos"": ""defecto"", ""familia"": ""SPX"", ""tipo"": ""referencia"", ""ventana"": 200}, ""variante"": ""SPX_ref_sma200""}",referencia
2026-09-25T07:01:46.087894Z,R09,3494e4a2b1,SPX_ref_sma200,0,dentro_muestra,1928-10-17,2008-02-29,19928,252,USD,88.29651818516206,0.058229216774907,0.12336857751662104,0.23332713017174161,0.3256801765513567,-0.5388491870163716,0.10806217802299077,0.014698227632352946,-0.29887839911952807,26.6169729994398,0.9807212981079303,0.6576676033721397,0.6576676033721397,6.0730104522405055,0.020648235537617812,482,0.053174605081758974,0.036150594213266274,0.0029,0.0005,2008-02-29,f1c02485bcdc828c,"Yahoo ^GSPC 1d (precio, sin dividendos) 1928-01-03 a 2026-07-31; RF French diaria compuesta en (d-1, d]; French F-F_Research_Data_Factors_daily CRSP 202607 sha256 1916d331c2c51d2a","{""comision_por_lado"": 0.0029, ""cortes"": [""2008-02-29""], ""efectivo_en_mxn"": false, ""exposicion_inicial"": 0.0, ""exposicion_max"": 1.0, ""exposicion_min"": 0.0, ""extras"": [""pos_fin_sig"", ""pos_ini_sig""], ""fx"": false, ""max_dias_fx"": 10, ""min_historia"": 200, ""periodos_por_anio"": 252, ""permitir_capturas"": false, ""rebalanceo_con_deriva"": true, ""segmentos"": [""dentro_muestra"", ""fuera_muestra""], ""senal"": ""media_movil_200"", ""spread_por_lado"": 0.0005, ""usuario"": {""escenario_costos"": ""defecto"", ""familia"": ""SPX"", ""tipo"": ""referencia"", ""ventana"": 200}, ""variante"": ""SPX_ref_sma200""}",referencia
2026-09-25T07:01:46.087894Z,R09,3494e4a2b1,SPX_ref_sma200,0,fuera_muestra,2008-02-29,2026-07-31,4633,252,USD,1.6435718068306904,0.05420079478659612,0.11550312671165011,0.39562809133264376,0.5324970502941875,-0.2377990427299458,0.22792688382748763,0.024922227174698185,-0.7949357309853845,7.724231935643164,0.9534007120587723,0.7733649902870711,0.7733649902870711,5.809684852088599,0.01975292849710123,107,0.09835886145831152,0.01395165224305317,0.0029,0.0005,2008-02-29,f1c02485bcdc828c,"Yahoo ^GSPC 1d (precio, sin dividendos) 1928-01-03 a 2026-07-31; RF French diaria compuesta en (d-1, d]; French F-F_Research_Data_Factors_daily CRSP 202607 sha256 1916d331c2c51d2a","{""comision_por_lado"": 0.0029, ""cortes"": [""2008-02-29""], ""efectivo_en_mxn"": false, ""exposicion_inicial"": 0.0, ""exposicion_max"": 1.0, ""exposicion_min"": 0.0, ""extras"": [""pos_fin_sig"", ""pos_ini_sig""], ""fx"": false, ""max_dias_fx"": 10, ""min_historia"": 200, ""periodos_por_anio"": 252, ""permitir_capturas"": false, ""rebalanceo_con_deriva"": true, ""segmentos"": [""dentro_muestra"", ""fuera_muestra""], ""senal"": ""media_movil_200"", ""spread_por_lado"": 0.0005, ""usuario"": {""escenario_costos"": ""defecto"", ""familia"": ""SPX"", ""tipo"": ""referencia"", ""ventana"": 200}, ""variante"": ""SPX_ref_sma200""}",referencia
2026-09-25T07:01:46.409240Z,R09,bece625960,SPX_ref_resto,0,completo,1928-10-17,2026-07-31,24561,252,USD,-0.9992013899427088,-0.07034523785567248,0.17187886744230327,-0.5230436668518289,-0.7191723980236685,-0.9995992976331189,-0.07037343665830702,-0.03294865398374422,-0.05337077369412539,26.002410795664574,1.2978521007900312e-07,0.8089247180489394,0.8089247180489394,24.011843431515288,0.08164026766715338,2348,0.06154047491041226,0.03193266042262244,0.0029,0.0005,2008-02-29,f1c02485bcdc828c,"Yahoo ^GSPC 1d (precio, sin dividendos) 1928-01-03 a 2026-07-31; RF French diaria compuesta en (d-1, d]; French F-F_Research_Data_Factors_daily CRSP 202607 sha256 1916d331c2c51d2a","{""comision_por_lado"": 0.0029, ""cortes"": [""2008-02-29""], ""efectivo_en_mxn"": false, ""exposicion_inicial"": 0.0, ""exposicion_max"": 1.0, ""exposicion_min"": 0.0, ""extras"": [""pos_fin_sig"", ""pos_ini_sig""], ""fx"": false, ""max_dias_fx"": 10, ""min_historia"": 200, ""periodos_por_anio"": 252, ""permitir_capturas"": false, ""rebalanceo_con_deriva"": true, ""segmentos"": [""dentro_muestra"", ""fuera_muestra""], ""senal"": ""cambio_de_mes_resto"", ""spread_por_lado"": 0.0005, ""usuario"": {""escenario_costos"": ""defecto"", ""familia"": ""SPX"", ""tipo"": ""referencia"", ""ventana"": ""complemento de [-1, 3]""}, ""variante"": ""SPX_ref_resto""}",referencia
2026-09-25T07:01:46.409240Z,R09,bece625960,SPX_ref_resto,0,dentro_muestra,1928-10-17,2008-02-29,19928,252,USD,-0.9990398913594064,-0.08382502821537052,0.16953162430522636,-0.6434646869079995,-0.883107794491197,-0.9991974096890098,-0.08389235941019925,-0.04053446521453824,-0.047094471734879635,27.59619532158829,6.120079665272726e-09,0.8088619028502609,0.8088619028502609,24.014850460519508,0.08165049156576766,1906,0.053174605081758974,0.036150594213266274,0.0029,0.0005,2008-02-29,f1c02485bcdc828c,"Yahoo ^GSPC 1d (precio, sin dividendos) 1928-01-03 a 2026-07-31; RF French diaria compuesta en (d-1, d]; French F-F_Research_Data_Factors_daily CRSP 202607 sha256 1916d331c2c51d2a","{""comision_por_lado"": 0.0029, ""cortes"": [""2008-02-29""], ""efectivo_en_mxn"": false, ""exposicion_inicial"": 0.0, ""exposicion_max"": 1.0, ""exposicion_min"": 0.0, ""extras"": [""pos_fin_sig"", ""pos_ini_sig""], ""fx"": false, ""max_dias_fx"": 10, ""min_historia"": 200, ""periodos_por_anio"": 252, ""permitir_capturas"": false, ""rebalanceo_con_deriva"": true, ""segmentos"": [""dentro_muestra"", ""fuera_muestra""], ""senal"": ""cambio_de_mes_resto"", ""spread_por_lado"": 0.0005, ""usuario"": {""escenario_costos"": ""defecto"", ""familia"": ""SPX"", ""tipo"": ""referencia"", ""ventana"": ""complemento de [-1, 3]""}, ""variante"": ""SPX_ref_resto""}",referencia
2026-09-25T07:01:46.409240Z,R09,bece625960,SPX_ref_resto,0,fuera_muestra,2008-02-29,2026-07-31,4633,252,USD,-0.1682086552231825,-0.009950082106282343,0.181592046086527,-0.040650894820525314,-0.05626500880651115,-0.5290999720916542,-0.01880567497848729,-0.002560765673032229,-0.08617645639004722,20.491705536852407,0.43081521037785214,0.8091949061083531,0.8091949061083531,23.998885089936078,0.08159620930578293,442,0.09835886145831152,0.01395165224305317,0.0029,0.0005,2008-02-29,f1c02485bcdc828c,"Yahoo ^GSPC 1d (precio, sin dividendos) 1928-01-03 a 2026-07-31; RF French diaria compuesta en (d-1, d]; French F-F_Research_Data_Factors_daily CRSP 202607 sha256 1916d331c2c51d2a","{""comision_por_lado"": 0.0029, ""cortes"": [""2008-02-29""], ""efectivo_en_mxn"": false, ""exposicion_inicial"": 0.0, ""exposicion_max"": 1.0, ""exposicion_min"": 0.0, ""extras"": [""pos_fin_sig"", ""pos_ini_sig""], ""fx"": false, ""max_dias_fx"": 10, ""min_historia"": 200, ""periodos_por_anio"": 252, ""permitir_capturas"": false, ""rebalanceo_con_deriva"": true, ""segmentos"": [""dentro_muestra"", ""fuera_muestra""], ""senal"": ""cambio_de_mes_resto"", ""spread_por_lado"": 0.0005, ""usuario"": {""escenario_costos"": ""defecto"", ""familia"": ""SPX"", ""tipo"": ""referencia"", ""ventana"": ""complemento de [-1, 3]""}, ""variante"": ""SPX_ref_resto""}",referencia
2026-09-25T07:01:46.708348Z,R09,ae096a3b21,US_tom_m1_p3,0,completo,1927-03-03,2026-07-31,26096,252,USD,-0.8047780812132986,-0.01629862982454311,0.07307823931523624,-0.5920950439029985,-0.8133259419407173,-0.849174703480131,-0.019193494292455055,-0.03729848187336201,-0.4194031598426475,57.19383616764519,9.080252105775344e-10,0.18274831391784183,0.18274831391784183,23.99122142660424,0.10556137427706433,2385,0.10191085182649307,0.031921010768678704,0.0029,0.0015,2008-02-29,a167a7fa2e659d4e,French F-F_Research_Data_Factors_daily CRSP 202607 sha256 1916d331c2c51d2a,"{""comision_por_lado"": 0.0029, ""cortes"": [""2008-02-29""], ""efectivo_en_mxn"": false, ""exposicion_inicial"": 0.0, ""exposicion_max"": 1.0, ""exposicion_min"": 0.0, ""extras"": [""pos_fin_sig"", ""pos_ini_sig""], ""fx"": false, ""max_dias_fx"": 10, ""min_historia"": 200, ""periodos_por_anio"": 252, ""permitir_capturas"": false, ""rebalanceo_con_deriva"": true, ""segmentos"": [""dentro_muestra"", ""fuera_muestra""], ""senal"": ""cambio_de_mes_m1_p3"", ""spread_por_lado"": 0.0015, ""usuario"": {""escenario_costos"": ""medio"", ""familia"": ""US"", ""tipo"": ""calendario"", ""ventana"": [-1, 3]}, ""variante"": ""US_tom_m1_p3""}",sensibilidad: spread medio 0.15% por lado
2026-09-25T07:01:46.708348Z,R09,ae096a3b21,US_tom_m1_p3,0,dentro_muestra,1927-03-03,2008-02-29,21463,252,USD,-0.3321798278292287,-0.004972375030709908,0.06969589086416983,-0.5163917145041921,-0.7223974851320397,-0.5487007412662344,-0.009062089143957012,-0.03252962037315138,0.002886426307279421,64.15332323574967,1.1447781139706237e-06,0.1810091785864045,0.1810091785864045,23.989478754690197,0.10555370652064161,1943,0.09773938002499216,0.036051376558446924,0.0029,0.0015,2008-02-29,a167a7fa2e659d4e,French F-F_Research_Data_Factors_daily CRSP 202607 sha256 1916d331c2c51d2a,"{""comision_por_lado"": 0.0029, ""cortes"": [""2008-02-29""], ""efectivo_en_mxn"": false, ""exposicion_inicial"": 0.0, ""exposicion_max"": 1.0, ""exposicion_min"": 0.0, ""extras"": [""pos_fin_sig"", ""pos_ini_sig""], ""fx"": false, ""max_dias_fx"": 10, ""min_historia"": 200, ""periodos_por_anio"": 252, ""permitir_capturas"": false, ""rebalanceo_con_deriva"": true, ""segmentos"": [""dentro_muestra"", ""fuera_muestra""], ""senal"": ""cambio_de_mes_m1_p3"", ""spread_por_lado"": 0.0015, ""usuario"": {""escenario_costos"": ""medio"", ""familia"": ""US"", ""tipo"": ""calendario"", ""ventana"": [-1, 3]}, ""variante"": ""US_tom_m1_p3""}",sensibilidad: spread medio 0.15% por lado
2026-09-25T07:01:46.708348Z,R09,ae096a3b21,US_tom_m1_p3,0,fuera_muestra,2008-02-29,2026-07-31,4633,252,USD,-0.7076729231581511,-0.06459699350754033,0.08698884320923393,-0.8847694052082101,-1.155069329697016,-0.7352198740896494,-0.08786078258225058,-0.05573523366236809,-1.3816050116506264,37.79433217094025,5.041144384654306e-05,0.19080509389164688,0.19080509389164688,23.998885089936078,0.10559509439571806,442,0.12044447891427623,0.01395165224305317,0.0029,0.0015,2008-02-29,a167a7fa2e659d4e,French F-F_Research_Data_Factors_daily CRSP 202607 sha256 1916d331c2c51d2a,"{""comision_por_lado"": 0.0029, ""cortes"": [""2008-02-29""], ""efectivo_en_mxn"": false, ""exposicion_inicial"": 0.0, ""exposicion_max"": 1.0, ""exposicion_min"": 0.0, ""extras"": [""pos_fin_sig"", ""pos_ini_sig""], ""fx"": false, ""max_dias_fx"": 10, ""min_historia"": 200, ""periodos_por_anio"": 252, ""permitir_capturas"": false, ""rebalanceo_con_deriva"": true, ""segmentos"": [""dentro_muestra"", ""fuera_muestra""], ""senal"": ""cambio_de_mes_m1_p3"", ""spread_por_lado"": 0.0015, ""usuario"": {""escenario_costos"": ""medio"", ""familia"": ""US"", ""tipo"": ""calendario"", ""ventana"": [-1, 3]}, ""variante"": ""US_tom_m1_p3""}",sensibilidad: spread medio 0.15% por lado
2026-09-25T07:01:47.014683Z,R09,816bdb73c2,US_tom_m2_p3,0,completo,1927-03-03,2026-07-31,26096,252,USD,-0.40174272765133,-0.005154433459804153,0.08151932733043141,-0.3901306543654201,-0.5465981986825508,-0.7773976346495517,-0.006630369363199509,-0.024575921196995164,0.0020436958625221057,50.799453865956046,3.8260866993100606e-05,0.22846413243408953,0.22846413243408953,23.99122142660424,0.10556137427706433,2385,0.10191085182649307,0.031921010768678704,0.0029,0.0015,2008-02-29,a167a7fa2e659d4e,French F-F_Research_Data_Factors_daily CRSP 202607 sha256 1916d331c2c51d2a,"{""comision_por_lado"": 0.0029, ""cortes"": [""2008-02-29""], ""efectivo_en_mxn"": false, ""exposicion_inicial"": 0.0, ""exposicion_max"": 1.0, ""exposicion_min"": 0.0, ""extras"": [""pos_fin_sig"", ""pos_ini_sig""], ""fx"": false, ""max_dias_fx"": 10, ""min_historia"": 200, ""periodos_por_anio"": 252, ""permitir_capturas"": false, ""rebalanceo_con_deriva"": true, ""segmentos"": [""dentro_muestra"", ""fuera_muestra""], ""senal"": ""cambio_de_mes_m2_p3"", ""spread_por_lado"": 0.0015, ""usuario"": {""escenario_costos"": ""medio"", ""familia"": ""US"", ""tipo"": ""calendario"", ""ventana"": [-2, 3]}, ""variante"": ""US_tom_m2_p3""}",sensibilidad: spread medio 0.15% por lado
2026-09-25T07:01:47.014683Z,R09,816bdb73c2,US_tom_m2_p3,0,dentro_muestra,1927-03-03,2008-02-29,21463,252,USD,0.535606244666345,0.005309823626330035,0.07794036459457823,-0.32860725226755255,-0.4701387212102948,-0.45255438260073555,0.011733006751178913,-0.020700311155052616,0.6461037665726254,55.06349564554674,0.0013325932597444967,0.2262964170898756,0.2262964170898756,23.989478754690197,0.10555370652064161,1943,0.09773938002499216,0.036051376558446924,0.0029,0.0015,2008-02-29,a167a7fa2e659d4e,French F-F_Research_Data_Factors_daily CRSP 202607 sha256 1916d331c2c51d2a,"{""comision_por_lado"": 0.0029, ""cortes"": [""2008-02-29""], ""efectivo_en_mxn"": false, ""exposicion_inicial"": 0.0, ""exposicion_max"": 1.0, ""exposicion_min"": 0.0, ""extras"": [""pos_fin_sig"", ""pos_ini_sig""], ""fx"": false, ""max_dias_fx"": 10, ""min_historia"": 200, ""periodos_por_anio"": 252, ""permitir_capturas"": false, ""rebalanceo_con_deriva"": true, ""segmentos"": [""dentro_muestra"", ""fuera_muestra""], ""senal"": ""cambio_de_mes_m2_p3"", ""spread_por_lado"": 0.0015, ""usuario"": {""escenario_costos"": ""medio"", ""familia"": ""US"", ""tipo"": ""calendario"", ""ventana"": [-2, 3]}, ""variante"": ""US_tom_m2_p3""}",sensibilidad: spread medio 0.15% por lado
2026-09-25T07:01:47.014683Z,R09,816bdb73c2,US_tom_m2_p3,0,fuera_muestra,2008-02-29,2026-07-31,4633,252,USD,-0.6104097164057447,-0.04989498787466462,0.09633989169536956,-0.627709516438963,-0.8293247411211553,-0.6541058977271024,-0.07627967894501567,-0.039541982763954917,-1.5593466677829606,37.23695762239571,0.0029126257044344017,0.2385063673645586,0.2385063673645586,23.998885089936078,0.10559509439571806,442,0.12044447891427623,0.01395165224305317,0.0029,0.0015,2008-02-29,a167a7fa2e659d4e,French F-F_Research_Data_Factors_daily CRSP 202607 sha256 1916d331c2c51d2a,"{""comision_por_lado"": 0.0029, ""cortes"": [""2008-02-29""], ""efectivo_en_mxn"": false, ""exposicion_inicial"": 0.0, ""exposicion_max"": 1.0, ""exposicion_min"": 0.0, ""extras"": [""pos_fin_sig"", ""pos_ini_sig""], ""fx"": false, ""max_dias_fx"": 10, ""min_historia"": 200, ""periodos_por_anio"": 252, ""permitir_capturas"": false, ""rebalanceo_con_deriva"": true, ""segmentos"": [""dentro_muestra"", ""fuera_muestra""], ""senal"": ""cambio_de_mes_m2_p3"", ""spread_por_lado"": 0.0015, ""usuario"": {""escenario_costos"": ""medio"", ""familia"": ""US"", ""tipo"": ""calendario"", ""ventana"": [-2, 3]}, ""variante"": ""US_tom_m2_p3""}",sensibilidad: spread medio 0.15% por lado
2026-09-25T07:01:47.335929Z,R09,e113cbbd6b,US_tom_m3_p3,0,completo,1927-03-03,2026-07-31,26096,252,USD,-0.33111394403541095,-0.004037056364182279,0.08975648077849195,-0.3343730965969699,-0.46418573562068477,-0.7406047312703128,-0.005451026969889552,-0.021063525207289525,-0.37836219931058984,47.35661746429487,0.00032791035368268107,0.2741799509503372,0.2741799509503372,23.99122142660424,0.10556137427706433,2385,0.10191085182649307,0.031921010768678704,0.0029,0.0015,2008-02-29,a167a7fa2e659d4e,French F-F_Research_Data_Factors_daily CRSP 202607 sha256 1916d331c2c51d2a,"{""comision_por_lado"": 0.0029, ""cortes"": [""2008-02-29""], ""efectivo_en_mxn"": false, ""exposicion_inicial"": 0.0, ""exposicion_max"": 1.0, ""exposicion_min"": 0.0, ""extras"": [""pos_fin_sig"", ""pos_ini_sig""], ""fx"": false, ""max_dias_fx"": 10, ""min_historia"": 200, ""periodos_por_anio"": 252, ""permitir_capturas"": false, ""rebalanceo_con_deriva"": true, ""segmentos"": [""dentro_muestra"", ""fuera_muestra""], ""senal"": ""cambio_de_mes_m3_p3"", ""spread_por_lado"": 0.0015, ""usuario"": {""escenario_costos"": ""medio"", ""familia"": ""US"", ""tipo"": ""calendario"", ""ventana"": [-3, 3]}, ""variante"": ""US_tom_m3_p3""}",sensibilidad: spread medio 0.15% por lado
2026-09-25T07:01:47.335929Z,R09,e113cbbd6b,US_tom_m3_p3,0,dentro_muestra,1927-03-03,2008-02-29,21463,252,USD,0.5010043871410974,0.00502698030075166,0.0863320000118238,-0.29168171776376256,-0.40979879046852835,-0.5704485498672642,0.008812329003064993,-0.01837422112350111,-0.07756311271457084,54.431857326503,0.00359767007927414,0.2715836555933467,0.2715836555933467,23.989478754690197,0.10555370652064161,1943,0.09773938002499216,0.036051376558446924,0.0029,0.0015,2008-02-29,a167a7fa2e659d4e,French F-F_Research_Data_Factors_daily CRSP 202607 sha256 1916d331c2c51d2a,"{""comision_por_lado"": 0.0029, ""cortes"": [""2008-02-29""], ""efectivo_en_mxn"": false, ""exposicion_inicial"": 0.0, ""exposicion_max"": 1.0, ""exposicion_min"": 0.0, ""extras"": [""pos_fin_sig"", ""pos_ini_sig""], ""fx"": false, ""max_dias_fx"": 10, ""min_historia"": 200, ""periodos_por_anio"": 252, ""permitir_capturas"": false, ""rebalanceo_con_deriva"": true, ""segmentos"": [""dentro_muestra"", ""fuera_muestra""], ""senal"": ""cambio_de_mes_m3_p3"", ""spread_por_lado"": 0.0015, ""usuario"": {""escenario_costos"": ""medio"", ""familia"": ""US"", ""tipo"": ""calendario"", ""ventana"": [-3, 3]}, ""variante"": ""US_tom_m3_p3""}",sensibilidad: spread medio 0.15% por lado
2026-09-25T07:01:47.335929Z,R09,e113cbbd6b,US_tom_m3_p3,0,fuera_muestra,2008-02-29,2026-07-31,4633,252,USD,-0.5543743498054725,-0.04293718506406219,0.10413816701323764,-0.5030087766898044,-0.6733734050546557,-0.5930567361235095,-0.07239979322167268,-0.031686574533429664,-1.1473005782726673,28.016986964888037,0.014292511978286293,0.2862076408374703,0.2862076408374703,23.998885089936078,0.10559509439571806,442,0.12044447891427623,0.01395165224305317,0.0029,0.0015,2008-02-29,a167a7fa2e659d4e,French F-F_Research_Data_Factors_daily CRSP 202607 sha256 1916d331c2c51d2a,"{""comision_por_lado"": 0.0029, ""cortes"": [""2008-02-29""], ""efectivo_en_mxn"": false, ""exposicion_inicial"": 0.0, ""exposicion_max"": 1.0, ""exposicion_min"": 0.0, ""extras"": [""pos_fin_sig"", ""pos_ini_sig""], ""fx"": false, ""max_dias_fx"": 10, ""min_historia"": 200, ""periodos_por_anio"": 252, ""permitir_capturas"": false, ""rebalanceo_con_deriva"": true, ""segmentos"": [""dentro_muestra"", ""fuera_muestra""], ""senal"": ""cambio_de_mes_m3_p3"", ""spread_por_lado"": 0.0015, ""usuario"": {""escenario_costos"": ""medio"", ""familia"": ""US"", ""tipo"": ""calendario"", ""ventana"": [-3, 3]}, ""variante"": ""US_tom_m3_p3""}",sensibilidad: spread medio 0.15% por lado
2026-09-25T07:01:47.644827Z,R09,33d6dd184a,US_tom_m1_p2,0,completo,1927-03-03,2026-07-31,26096,252,USD,-0.9596633836818143,-0.03177914064881748,0.06352408015564526,-0.931240735401517,-1.222337240990221,-0.9680268251032136,-0.03282878100555644,-0.05866265230012659,-1.6152838208557738,71.04221696045487,0.0,0.13707081545064378,0.13707081545064378,23.99122142660424,0.10556137427706433,2385,0.10191085182649307,0.031921010768678704,0.0029,0.0015,2008-02-29,a167a7fa2e659d4e,French F-F_Research_Data_Factors_daily CRSP 202607 sha256 1916d331c2c51d2a,"{""comision_por_lado"": 0.0029, ""cortes"": [""2008-02-29""], ""efectivo_en_mxn"": false, ""exposicion_inicial"": 0.0, ""exposicion_max"": 1.0, ""exposicion_min"": 0.0, ""extras"": [""pos_fin_sig"", ""pos_ini_sig""], ""fx"": false, ""max_dias_fx"": 10, ""min_historia"": 200, ""periodos_por_anio"": 252, ""permitir_capturas"": false, ""rebalanceo_con_deriva"": true, ""segmentos"": [""dentro_muestra"", ""fuera_muestra""], ""senal"": ""cambio_de_mes_m1_p2"", ""spread_por_lado"": 0.0015, ""usuario"": {""escenario_costos"": ""medio"", ""familia"": ""US"", ""tipo"": ""calendario"", ""ventana"": [-1, 2]}, ""variante"": ""US_tom_m1_p2""}",sensibilidad: spread medio 0.15% por lado
2026-09-25T07:01:47.644827Z,R09,33d6dd184a,US_tom_m1_p2,0,dentro_muestra,1927-03-03,2008-02-29,21463,252,USD,-0.8372023484761483,-0.02216287763519842,0.060468413918343705,-0.8792566700782787,-1.162707158266163,-0.8702216568678676,-0.025468083286926953,-0.05538796399099743,-1.5515952841558351,76.89887892663458,1.1102230246251565e-16,0.13576853189209337,0.13576853189209337,23.989478754690197,0.10555370652064161,1943,0.09773938002499216,0.036051376558446924,0.0029,0.0015,2008-02-29,a167a7fa2e659d4e,French F-F_Research_Data_Factors_daily CRSP 202607 sha256 1916d331c2c51d2a,"{""comision_por_lado"": 0.0029, ""cortes"": [""2008-02-29""], ""efectivo_en_mxn"": false, ""exposicion_inicial"": 0.0, ""exposicion_max"": 1.0, ""exposicion_min"": 0.0, ""extras"": [""pos_fin_sig"", ""pos_ini_sig""], ""fx"": false, ""max_dias_fx"": 10, ""min_historia"": 200, ""periodos_por_anio"": 252, ""permitir_capturas"": false, ""rebalanceo_con_deriva"": true, ""segmentos"": [""dentro_muestra"", ""fuera_muestra""], ""senal"": ""cambio_de_mes_m1_p2"", ""spread_por_lado"": 0.0015, ""usuario"": {""escenario_costos"": ""medio"", ""familia"": ""US"", ""tipo"": ""calendario"", ""ventana"": [-1, 2]}, ""variante"": ""US_tom_m1_p2""}",sensibilidad: spread medio 0.15% por lado
2026-09-25T07:01:47.644827Z,R09,33d6dd184a,US_tom_m1_p2,0,fuera_muestra,2008-02-29,2026-07-31,4633,252,USD,-0.7522285122628072,-0.07295815437109654,0.07604174179989458,-1.1422600485469787,-1.467645829980549,-0.7704866384219622,-0.09469100531129589,-0.07195561954809218,-1.6629307476942143,52.27457214235454,2.412425266218321e-07,0.14310382041873515,0.14310382041873515,23.998885089936078,0.10559509439571806,442,0.12044447891427623,0.01395165224305317,0.0029,0.0015,2008-02-29,a167a7fa2e659d4e,French F-F_Research_Data_Factors_daily CRSP 202607 sha256 1916d331c2c51d2a,"{""comision_por_lado"": 0.0029, ""cortes"": [""2008-02-29""], ""efectivo_en_mxn"": false, ""exposicion_inicial"": 0.0, ""exposicion_max"": 1.0, ""exposicion_min"": 0.0, ""extras"": [""pos_fin_sig"", ""pos_ini_sig""], ""fx"": false, ""max_dias_fx"": 10, ""min_historia"": 200, ""periodos_por_anio"": 252, ""permitir_capturas"": false, ""rebalanceo_con_deriva"": true, ""segmentos"": [""dentro_muestra"", ""fuera_muestra""], ""senal"": ""cambio_de_mes_m1_p2"", ""spread_por_lado"": 0.0015, ""usuario"": {""escenario_costos"": ""medio"", ""familia"": ""US"", ""tipo"": ""calendario"", ""ventana"": [-1, 2]}, ""variante"": ""US_tom_m1_p2""}",sensibilidad: spread medio 0.15% por lado
2026-09-25T07:01:47.959674Z,R09,677c785b26,US_tom_m1_p4,0,completo,1927-03-03,2026-07-31,26096,252,USD,-0.6867481806652804,-0.011608306973978522,0.08344103442058651,-0.4542024104762439,-0.636626100156574,-0.8481440872111152,-0.0136867156760465,-0.028612062452529036,0.6620048085034675,73.9260178842079,2.7383560310956234e-06,0.22846413243408953,0.22846413243408953,24.01133985128064,0.10564989534564048,2387,0.10191085182649307,0.031921010768678704,0.0029,0.0015,2008-02-29,a167a7fa2e659d4e,French F-F_Research_Data_Factors_daily CRSP 202607 sha256 1916d331c2c51d2a,"{""comision_por_lado"": 0.0029, ""cortes"": [""2008-02-29""], ""efectivo_en_mxn"": false, ""exposicion_inicial"": 0.0, ""exposicion_max"": 1.0, ""exposicion_min"": 0.0, ""extras"": [""pos_fin_sig"", ""pos_ini_sig""], ""fx"": false, ""max_dias_fx"": 10, ""min_historia"": 200, ""periodos_por_anio"": 252, ""permitir_capturas"": false, ""rebalanceo_con_deriva"": true, ""segmentos"": [""dentro_muestra"", ""fuera_muestra""], ""senal"": ""cambio_de_mes_m1_p4"", ""spread_por_lado"": 0.0015, ""usuario"": {""escenario_costos"": ""medio"", ""familia"": ""US"", ""tipo"": ""calendario"", ""ventana"": [-1, 4]}, ""variante"": ""US_tom_m1_p4""}",sensibilidad: spread medio 0.15% por lado
2026-09-25T07:01:47.959674Z,R09,677c785b26,US_tom_m1_p4,0,dentro_muestra,1927-03-03,2008-02-29,21463,252,USD,0.2062794380549171,0.002318177170575808,0.07942530018929905,-0.35674816020391925,-0.5142278399301443,-0.4172016567549781,0.00555649080736338,-0.02247302172808095,1.4533637915914002,92.35322449788535,0.0006368238968821327,0.2262964170898756,0.2262964170898756,24.01417199067032,0.10566235675895416,1945,0.09773938002499216,0.036051376558446924,0.0029,0.0015,2008-02-29,a167a7fa2e659d4e,French F-F_Research_Data_Factors_daily CRSP 202607 sha256 1916d331c2c51d2a,"{""comision_por_lado"": 0.0029, ""cortes"": [""2008-02-29""], ""efectivo_en_mxn"": false, ""exposicion_inicial"": 0.0, ""exposicion_max"": 1.0, ""exposicion_min"": 0.0, ""extras"": [""pos_fin_sig"", ""pos_ini_sig""], ""fx"": false, ""max_dias_fx"": 10, ""min_historia"": 200, ""periodos_por_anio"": 252, ""permitir_capturas"": false, ""rebalanceo_con_deriva"": true, ""segmentos"": [""dentro_muestra"", ""fuera_muestra""], ""senal"": ""cambio_de_mes_m1_p4"", ""spread_por_lado"": 0.0015, ""usuario"": {""escenario_costos"": ""medio"", ""familia"": ""US"", ""tipo"": ""calendario"", ""ventana"": [-1, 4]}, ""variante"": ""US_tom_m1_p4""}",sensibilidad: spread medio 0.15% por lado
2026-09-25T07:01:47.959674Z,R09,677c785b26,US_tom_m1_p4,0,fuera_muestra,2008-02-29,2026-07-31,4633,252,USD,-0.7403157100648045,-0.07059143130348056,0.09988286137053387,-0.8228557624489918,-1.0707076198725172,-0.763241897685887,-0.09248893636147387,-0.051835040769439844,-1.18251370796432,31.43311102003634,0.00015778105402902698,0.2385063673645586,0.2385063673645586,23.998885089936078,0.10559509439571806,442,0.12044447891427623,0.01395165224305317,0.0029,0.0015,2008-02-29,a167a7fa2e659d4e,French F-F_Research_Data_Factors_daily CRSP 202607 sha256 1916d331c2c51d2a,"{""comision_por_lado"": 0.0029, ""cortes"": [""2008-02-29""], ""efectivo_en_mxn"": false, ""exposicion_inicial"": 0.0, ""exposicion_max"": 1.0, ""exposicion_min"": 0.0, ""extras"": [""pos_fin_sig"", ""pos_ini_sig""], ""fx"": false, ""max_dias_fx"": 10, ""min_historia"": 200, ""periodos_por_anio"": 252, ""permitir_capturas"": false, ""rebalanceo_con_deriva"": true, ""segmentos"": [""dentro_muestra"", ""fuera_muestra""], ""senal"": ""cambio_de_mes_m1_p4"", ""spread_por_lado"": 0.0015, ""usuario"": {""escenario_costos"": ""medio"", ""familia"": ""US"", ""tipo"": ""calendario"", ""ventana"": [-1, 4]}, ""variante"": ""US_tom_m1_p4""}",sensibilidad: spread medio 0.15% por lado
2026-09-25T07:01:48.271491Z,R09,1c1a86ae1d,US_ref_comprar_mantener,0,completo,1927-03-03,2026-07-31,26096,252,USD,15413.23207473406,0.10186197413518694,0.17151230113622543,0.45299413719587595,0.6384827279546834,-0.8407399476860211,0.12115752845519343,0.02853594839025147,-0.15807631701227398,19.048527222270756,0.999997793640768,1.0,1.0,0.010059212338198844,4.42605342880749e-05,1,0.10191085182649307,0.031921010768678704,0.0029,0.0015,2008-02-29,a167a7fa2e659d4e,French F-F_Research_Data_Factors_daily CRSP 202607 sha256 1916d331c2c51d2a,"{""comision_por_lado"": 0.0029, ""cortes"": [""2008-02-29""], ""efectivo_en_mxn"": false, ""exposicion_inicial"": 0.0, ""exposicion_max"": 1.0, ""exposicion_min"": 0.0, ""extras"": [""pos_fin_sig"", ""pos_ini_sig""], ""fx"": false, ""max_dias_fx"": 10, ""min_historia"": 200, ""periodos_por_anio"": 252, ""permitir_capturas"": false, ""rebalanceo_con_deriva"": true, ""segmentos"": [""dentro_muestra"", ""fuera_muestra""], ""senal"": ""senal_comprar_y_mantener"", ""spread_por_lado"": 0.0015, ""usuario"": {""escenario_costos"": ""medio"", ""familia"": ""US"", ""tipo"": ""referencia""}, ""variante"": ""US_ref_comprar_mantener""}",referencia; sensibilidad: spread medio 0.15% por lado
2026-09-25T07:01:48.271491Z,R09,1c1a86ae1d,US_ref_comprar_mantener,0,dentro_muestra,1927-03-03,2008-02-29,21463,252,USD,1896.903779644064,0.09767961524660307,0.1643607431068599,0.4166350730142448,0.5883126271209491,-0.8407399476860211,0.11618291186882207,0.026245542634831656,-0.12305604851586215,20.539376335535106,0.999936533432275,1.0,1.0,0.012346617990061861,5.4325119156272176e-05,1,0.09773938002499216,0.036051376558446924,0.0029,0.0015,2008-02-29,a167a7fa2e659d4e,French F-F_Research_Data_Factors_daily CRSP 202607 sha256 1916d331c2c51d2a,"{""comision_por_lado"": 0.0029, ""cortes"": [""2008-02-29""], ""efectivo_en_mxn"": false, ""exposicion_inicial"": 0.0, ""exposicion_max"": 1.0, ""exposicion_min"": 0.0, ""extras"": [""pos_fin_sig"", ""pos_ini_sig""], ""fx"": false, ""max_dias_fx"": 10, ""min_historia"": 200, ""periodos_por_anio"": 252, ""permitir_capturas"": false, ""rebalanceo_con_deriva"": true, ""segmentos"": [""dentro_muestra"", ""fuera_muestra""], ""senal"": ""senal_comprar_y_mantener"", ""spread_por_lado"": 0.0015, ""usuario"": {""escenario_costos"": ""medio"", ""familia"": ""US"", ""tipo"": ""referencia""}, ""variante"": ""US_ref_comprar_mantener""}",referencia; sensibilidad: spread medio 0.15% por lado
2026-09-25T07:01:48.271491Z,R09,1c1a86ae1d,US_ref_comprar_mantener,0,fuera_muestra,2008-02-29,2026-07-31,4633,252,USD,7.121714198611734,0.12044447891427623,0.20136782561667763,0.5978876119413076,0.8379822514316426,-0.5072866327433798,0.23742884424712463,0.03766337936102361,-0.25366858236263967,14.252716904875268,0.9945400034531497,1.0,1.0,0.0,0.0,0,0.12044447891427623,0.01395165224305317,0.0029,0.0015,2008-02-29,a167a7fa2e659d4e,French F-F_Research_Data_Factors_daily CRSP 202607 sha256 1916d331c2c51d2a,"{""comision_por_lado"": 0.0029, ""cortes"": [""2008-02-29""], ""efectivo_en_mxn"": false, ""exposicion_inicial"": 0.0, ""exposicion_max"": 1.0, ""exposicion_min"": 0.0, ""extras"": [""pos_fin_sig"", ""pos_ini_sig""], ""fx"": false, ""max_dias_fx"": 10, ""min_historia"": 200, ""periodos_por_anio"": 252, ""permitir_capturas"": false, ""rebalanceo_con_deriva"": true, ""segmentos"": [""dentro_muestra"", ""fuera_muestra""], ""senal"": ""senal_comprar_y_mantener"", ""spread_por_lado"": 0.0015, ""usuario"": {""escenario_costos"": ""medio"", ""familia"": ""US"", ""tipo"": ""referencia""}, ""variante"": ""US_ref_comprar_mantener""}",referencia; sensibilidad: spread medio 0.15% por lado
2026-09-25T07:01:48.550475Z,R09,cbf1e1e9a0,US_ref_efectivo,0,completo,1927-03-03,2026-07-31,26096,252,USD,21.730693867999154,0.031921010768678704,0.001950176739078252,0.0,0.0,0.0,inf,,0.0,3.0,,0.0,0.0,0.0,0.0,0,0.10191085182649307,0.031921010768678704,0.0029,0.0015,2008-02-29,a167a7fa2e659d4e,French F-F_Research_Data_Factors_daily CRSP 202607 sha256 1916d331c2c51d2a,"{""comision_por_lado"": 0.0029, ""cortes"": [""2008-02-29""], ""efectivo_en_mxn"": false, ""exposicion_inicial"": 0.0, ""exposicion_max"": 1.0, ""exposicion_min"": 0.0, ""extras"": [""pos_fin_sig"", ""pos_ini_sig""], ""fx"": false, ""max_dias_fx"": 10, ""min_historia"": 200, ""periodos_por_anio"": 252, ""permitir_capturas"": false, ""rebalanceo_con_deriva"": true, ""segmentos"": [""dentro_muestra"", ""fuera_muestra""], ""senal"": ""senal_efectivo"", ""spread_por_lado"": 0.0015, ""usuario"": {""escenario_costos"": ""medio"", ""familia"": ""US"", ""tipo"": ""referencia""}, ""variante"": ""US_ref_efectivo""}",referencia; sensibilidad: spread medio 0.15% por lado
2026-09-25T07:01:48.550475Z,R09,cbf1e1e9a0,US_ref_efectivo,0,dentro_muestra,1927-03-03,2008-02-29,21463,252,USD,16.61123888768646,0.036051376558446924,0.0020042969050051438,0.0,0.0,0.0,inf,,0.0,3.0,,0.0,0.0,0.0,0.0,0,0.09773938002499216,0.036051376558446924,0.0029,0.0015,2008-02-29,a167a7fa2e659d4e,French F-F_Research_Data_Factors_daily CRSP 202607 sha256 1916d331c2c51d2a,"{""comision_por_lado"": 0.0029, ""cortes"": [""2008-02-29""], ""efectivo_en_mxn"": false, ""exposicion_inicial"": 0.0, ""exposicion_max"": 1.0, ""exposicion_min"": 0.0, ""extras"": [""pos_fin_sig"", ""pos_ini_sig""], ""fx"": false, ""max_dias_fx"": 10, ""min_historia"": 200, ""periodos_por_anio"": 252, ""permitir_capturas"": false, ""rebalanceo_con_deriva"": true, ""segmentos"": [""dentro_muestra"", ""fuera_muestra""], ""senal"": ""senal_efectivo"", ""spread_por_lado"": 0.0015, ""usuario"": {""escenario_costos"": ""medio"", ""familia"": ""US"", ""tipo"": ""referencia""}, ""variante"": ""US_ref_efectivo""}",referencia; sensibilidad: spread medio 0.15% por lado
2026-09-25T07:01:48.550475Z,R09,cbf1e1e9a0,US_ref_efectivo,0,fuera_muestra,2008-02-29,2026-07-31,4633,252,USD,0.290692495454822,0.01395165224305317,0.001237809628549491,0.0,0.0,0.0,inf,,0.0,3.0,,0.0,0.0,0.0,0.0,0,0.12044447891427623,0.01395165224305317,0.0029,0.0015,2008-02-29,a167a7fa2e659d4e,French F-F_Research_Data_Factors_daily CRSP 202607 sha256 1916d331c2c51d2a,"{""comision_por_lado"": 0.0029, ""cortes"": [""2008-02-29""], ""efectivo_en_mxn"": false, ""exposicion_inicial"": 0.0, ""exposicion_max"": 1.0, ""exposicion_min"": 0.0, ""extras"": [""pos_fin_sig"", ""pos_ini_sig""], ""fx"": false, ""max_dias_fx"": 10, ""min_historia"": 200, ""periodos_por_anio"": 252, ""permitir_capturas"": false, ""rebalanceo_con_deriva"": true, ""segmentos"": [""dentro_muestra"", ""fuera_muestra""], ""senal"": ""senal_efectivo"", ""spread_por_lado"": 0.0015, ""usuario"": {""escenario_costos"": ""medio"", ""familia"": ""US"", ""tipo"": ""referencia""}, ""variante"": ""US_ref_efectivo""}",referencia; sensibilidad: spread medio 0.15% por lado
2026-09-25T07:01:49.002224Z,R09,2b53dc5a64,US_ref_sma200,0,completo,1927-03-03,2026-07-31,26096,252,USD,4268.201035149498,0.08772328939401897,0.11289982439300682,0.5043717433723953,0.7024900077980074,-0.40533909589521433,0.21641951216247007,0.0317724333640821,-0.39119968964497814,18.066964253940206,0.9999998210470096,0.7249003678724709,0.7249003678724709,5.663336546405949,0.024918680804186,563,0.10191085182649307,0.031921010768678704,0.0029,0.0015,2008-02-29,a167a7fa2e659d4e,French F-F_Research_Data_Factors_daily CRSP 202607 sha256 1916d331c2c51d2a,"{""comision_por_lado"": 0.0029, ""cortes"": [""2008-02-29""], ""efectivo_en_mxn"": false, ""exposicion_inicial"": 0.0, ""exposicion_max"": 1.0, ""exposicion_min"": 0.0, ""extras"": [""pos_fin_sig"", ""pos_ini_sig""], ""fx"": false, ""max_dias_fx"": 10, ""min_historia"": 200, ""periodos_por_anio"": 252, ""permitir_capturas"": false, ""rebalanceo_con_deriva"": true, ""segmentos"": [""dentro_muestra"", ""fuera_muestra""], ""senal"": ""media_movil_200"", ""spread_por_lado"": 0.0015, ""usuario"": {""escenario_costos"": ""medio"", ""familia"": ""US"", ""tipo"": ""referencia"", ""ventana"": 200}, ""variante"": ""US_ref_sma200""}",referencia; sensibilidad: spread medio 0.15% por lado
2026-09-25T07:01:49.002224Z,R09,2b53dc5a64,US_ref_sma200,0,dentro_muestra,1927-03-03,2008-02-29,21463,252,USD,1211.7113511485138,0.09162626168650867,0.11115957214857425,0.5026674300711224,0.7055651469693102,-0.40533909589521433,0.2260484187545415,0.03166507171762239,-0.2878112447746827,21.19127776836596,0.9999979512387306,0.7135535572846293,0.7135535572846293,5.728830747388703,0.02520685528851013,464,0.09773938002499216,0.036051376558446924,0.0029,0.0015,2008-02-29,a167a7fa2e659d4e,French F-F_Research_Data_Factors_daily CRSP 202607 sha256 1916d331c2c51d2a,"{""comision_por_lado"": 0.0029, ""cortes"": [""2008-02-29""], ""efectivo_en_mxn"": false, ""exposicion_inicial"": 0.0, ""exposicion_max"": 1.0, ""exposicion_min"": 0.0, ""extras"": [""pos_fin_sig"", ""pos_ini_sig""], ""fx"": false, ""max_dias_fx"": 10, ""min_historia"": 200, ""periodos_por_anio"": 252, ""permitir_capturas"": false, ""rebalanceo_con_deriva"": true, ""segmentos"": [""dentro_muestra"", ""fuera_muestra""], ""senal"": ""media_movil_200"", ""spread_por_lado"": 0.0015, ""usuario"": {""escenario_costos"": ""medio"", ""familia"": ""US"", ""tipo"": ""referencia"", ""ventana"": 200}, ""variante"": ""US_ref_sma200""}",referencia; sensibilidad: spread medio 0.15% por lado
2026-09-25T07:01:49.002224Z,R09,2b53dc5a64,US_ref_sma200,0,fuera_muestra,2008-02-29,2026-07-31,4633,252,USD,2.520376906760474,0.07072432910263204,0.12064477922399619,0.5129587743794268,0.6938289132629539,-0.25726307076863364,0.2749105376505324,0.032313365472296525,-0.7643865035731122,7.294762898980262,0.985026924244785,0.7774660047485431,0.7774660047485431,5.375315891184778,0.023651389921213038,99,0.12044447891427623,0.01395165224305317,0.0029,0.0015,2008-02-29,a167a7fa2e659d4e,French F-F_Research_Data_Factors_daily CRSP 202607 sha256 1916d331c2c51d2a,"{""comision_por_lado"": 0.0029, ""cortes"": [""2008-02-29""], ""efectivo_en_mxn"": false, ""exposicion_inicial"": 0.0, ""exposicion_max"": 1.0, ""exposicion_min"": 0.0, ""extras"": [""pos_fin_sig"", ""pos_ini_sig""], ""fx"": false, ""max_dias_fx"": 10, ""min_historia"": 200, ""periodos_por_anio"": 252, ""permitir_capturas"": false, ""rebalanceo_con_deriva"": true, ""segmentos"": [""dentro_muestra"", ""fuera_muestra""], ""senal"": ""media_movil_200"", ""spread_por_lado"": 0.0015, ""usuario"": {""escenario_costos"": ""medio"", ""familia"": ""US"", ""tipo"": ""referencia"", ""ventana"": 200}, ""variante"": ""US_ref_sma200""}",referencia; sensibilidad: spread medio 0.15% por lado
2026-09-25T07:01:49.374998Z,R09,9e8bd03f84,US_ref_resto,0,completo,1927-03-03,2026-07-31,26096,252,USD,-0.9986850129777417,-0.0645542218542825,0.1573857726307545,-0.5197549621685058,-0.7102985330956069,-0.999347894248456,-0.06459634550271354,-0.03274148506165835,-0.1015655789425536,23.98978530303291,6.40447952449108e-08,0.8172516860821581,0.8172516860821581,24.00128063894244,0.1056056348113524,2386,0.10191085182649307,0.031921010768678704,0.0029,0.0015,2008-02-29,a167a7fa2e659d4e,French F-F_Research_Data_Factors_daily CRSP 202607 sha256 1916d331c2c51d2a,"{""comision_por_lado"": 0.0029, ""cortes"": [""2008-02-29""], ""efectivo_en_mxn"": false, ""exposicion_inicial"": 0.0, ""exposicion_max"": 1.0, ""exposicion_min"": 0.0, ""extras"": [""pos_fin_sig"", ""pos_ini_sig""], ""fx"": false, ""max_dias_fx"": 10, ""min_historia"": 200, ""periodos_por_anio"": 252, ""permitir_capturas"": false, ""rebalanceo_con_deriva"": true, ""segmentos"": [""dentro_muestra"", ""fuera_muestra""], ""senal"": ""cambio_de_mes_resto"", ""spread_por_lado"": 0.0015, ""usuario"": {""escenario_costos"": ""medio"", ""familia"": ""US"", ""tipo"": ""referencia"", ""ventana"": ""complemento de [-1, 3]""}, ""variante"": ""US_ref_resto""}",referencia; sensibilidad: spread medio 0.15% por lado
2026-09-25T07:01:49.374998Z,R09,9e8bd03f84,US_ref_resto,0,dentro_muestra,1927-03-03,2008-02-29,21463,252,USD,-0.9981916641715357,-0.07501077740979534,0.1509290703465734,-0.6387136098047367,-0.8701352087131318,-0.9986105697190388,-0.07511514466635355,-0.040235175488944744,-0.09265935235890331,25.622254561511035,2.0999315619718573e-09,0.8189908214135955,0.8189908214135955,24.00182537268026,0.10560803163979789,1944,0.09773938002499216,0.036051376558446924,0.0029,0.0015,2008-02-29,a167a7fa2e659d4e,French F-F_Research_Data_Factors_daily CRSP 202607 sha256 1916d331c2c51d2a,"{""comision_por_lado"": 0.0029, ""cortes"": [""2008-02-29""], ""efectivo_en_mxn"": false, ""exposicion_inicial"": 0.0, ""exposicion_max"": 1.0, ""exposicion_min"": 0.0, ""extras"": [""pos_fin_sig"", ""pos_ini_sig""], ""fx"": false, ""max_dias_fx"": 10, ""min_historia"": 200, ""periodos_por_anio"": 252, ""permitir_capturas"": false, ""rebalanceo_con_deriva"": true, ""segmentos"": [""dentro_muestra"", ""fuera_muestra""], ""senal"": ""cambio_de_mes_resto"", ""spread_por_lado"": 0.0015, ""usuario"": {""escenario_costos"": ""medio"", ""familia"": ""US"", ""tipo"": ""referencia"", ""ventana"": ""complemento de [-1, 3]""}, ""variante"": ""US_ref_resto""}",referencia; sensibilidad: spread medio 0.15% por lado
2026-09-25T07:01:49.374998Z,R09,9e8bd03f84,US_ref_resto,0,fuera_muestra,2008-02-29,2026-07-31,4633,252,USD,-0.2728192399002092,-0.017148922697017288,0.18435466426520766,-0.07691247791919163,-0.10612665507424769,-0.5550622568822747,-0.030895494125903915,-0.004845030697426848,-0.14334683434831977,18.47525016400339,0.3707586894897196,0.8091949061083531,0.8091949061083531,23.998885089936078,0.10559509439571806,442,0.12044447891427623,0.01395165224305317,0.0029,0.0015,2008-02-29,a167a7fa2e659d4e,French F-F_Research_Data_Factors_daily CRSP 202607 sha256 1916d331c2c51d2a,"{""comision_por_lado"": 0.0029, ""cortes"": [""2008-02-29""], ""efectivo_en_mxn"": false, ""exposicion_inicial"": 0.0, ""exposicion_max"": 1.0, ""exposicion_min"": 0.0, ""extras"": [""pos_fin_sig"", ""pos_ini_sig""], ""fx"": false, ""max_dias_fx"": 10, ""min_historia"": 200, ""periodos_por_anio"": 252, ""permitir_capturas"": false, ""rebalanceo_con_deriva"": true, ""segmentos"": [""dentro_muestra"", ""fuera_muestra""], ""senal"": ""cambio_de_mes_resto"", ""spread_por_lado"": 0.0015, ""usuario"": {""escenario_costos"": ""medio"", ""familia"": ""US"", ""tipo"": ""referencia"", ""ventana"": ""complemento de [-1, 3]""}, ""variante"": ""US_ref_resto""}",referencia; sensibilidad: spread medio 0.15% por lado
2026-09-25T07:01:49.688226Z,R09,558fe5b662,SPX_tom_m1_p3,0,completo,1928-10-17,2026-07-31,24561,252,USD,-0.899760805057339,-0.023248466832815784,0.08333613229628498,-0.6198865126292289,-0.8526201754659886,-0.9176992793227196,-0.025333426054310097,-0.03904917984523903,-0.31010215131444396,67.48448524523805,6.026272814096956e-10,0.19107528195106063,0.19107528195106063,24.001616922387726,0.10560711445851159,2347,0.06154047491041226,0.03193266042262244,0.0029,0.0015,2008-02-29,f1c02485bcdc828c,"Yahoo ^GSPC 1d (precio, sin dividendos) 1928-01-03 a 2026-07-31; RF French diaria compuesta en (d-1, d]; French F-F_Research_Data_Factors_daily CRSP 202607 sha256 1916d331c2c51d2a","{""comision_por_lado"": 0.0029, ""cortes"": [""2008-02-29""], ""efectivo_en_mxn"": false, ""exposicion_inicial"": 0.0, ""exposicion_max"": 1.0, ""exposicion_min"": 0.0, ""extras"": [""pos_fin_sig"", ""pos_ini_sig""], ""fx"": false, ""max_dias_fx"": 10, ""min_historia"": 200, ""periodos_por_anio"": 252, ""permitir_capturas"": false, ""rebalanceo_con_deriva"": true, ""segmentos"": [""dentro_muestra"", ""fuera_muestra""], ""senal"": ""cambio_de_mes_m1_p3"", ""spread_por_lado"": 0.0015, ""usuario"": {""escenario_costos"": ""medio"", ""familia"": ""SPX"", ""tipo"": ""calendario"", ""ventana"": [-1, 3]}, ""variante"": ""SPX_tom_m1_p3""}",sensibilidad: spread medio 0.15% por lado
2026-09-25T07:01:49.688226Z,R09,558fe5b662,SPX_tom_m1_p3,0,dentro_muestra,1928-10-17,2008-02-29,19928,252,USD,-0.6368632362973731,-0.01268199326838404,0.08281500573021282,-0.5435676488558707,-0.7582326198995016,-0.6856943832410123,-0.01849511032661688,-0.034241543324112306,-0.05013593114202377,74.59599681915937,8.491875958527295e-07,0.19113809714973906,0.19113809714973906,24.00225085377212,0.10560990375660198,1905,0.053174605081758974,0.036150594213266274,0.0029,0.0015,2008-02-29,f1c02485bcdc828c,"Yahoo ^GSPC 1d (precio, sin dividendos) 1928-01-03 a 2026-07-31; RF French diaria compuesta en (d-1, d]; French F-F_Research_Data_Factors_daily CRSP 202607 sha256 1916d331c2c51d2a","{""comision_por_lado"": 0.0029, ""cortes"": [""2008-02-29""], ""efectivo_en_mxn"": false, ""exposicion_inicial"": 0.0, ""exposicion_max"": 1.0, ""exposicion_min"": 0.0, ""extras"": [""pos_fin_sig"", ""pos_ini_sig""], ""fx"": false, ""max_dias_fx"": 10, ""min_historia"": 200, ""periodos_por_anio"": 252, ""permitir_capturas"": false, ""rebalanceo_con_deriva"": true, ""segmentos"": [""dentro_muestra"", ""fuera_muestra""], ""senal"": ""cambio_de_mes_m1_p3"", ""spread_por_lado"": 0.0015, ""usuario"": {""escenario_costos"": ""medio"", ""familia"": ""SPX"", ""tipo"": ""calendario"", ""ventana"": [-1, 3]}, ""variante"": ""SPX_tom_m1_p3""}",sensibilidad: spread medio 0.15% por lado
2026-09-25T07:01:49.688226Z,R09,558fe5b662,SPX_tom_m1_p3,0,fuera_muestra,2008-02-29,2026-07-31,4633,252,USD,-0.7239629666779026,-0.06750460420009174,0.08548952026357881,-0.9383027258610359,-1.2237106031915908,-0.7496077593174864,-0.09005323565694452,-0.05910751588386464,-1.3234459775692011,40.273444008986544,1.9430056360236758e-05,0.19080509389164688,0.19080509389164688,23.998885089936078,0.10559509439571806,442,0.09835886145831152,0.01395165224305317,0.0029,0.0015,2008-02-29,f1c02485bcdc828c,"Yahoo ^GSPC 1d (precio, sin dividendos) 1928-01-03 a 2026-07-31; RF French diaria compuesta en (d-1, d]; French F-F_Research_Data_Factors_daily CRSP 202607 sha256 1916d331c2c51d2a","{""comision_por_lado"": 0.0029, ""cortes"": [""2008-02-29""], ""efectivo_en_mxn"": false, ""exposicion_inicial"": 0.0, ""exposicion_max"": 1.0, ""exposicion_min"": 0.0, ""extras"": [""pos_fin_sig"", ""pos_ini_sig""], ""fx"": false, ""max_dias_fx"": 10, ""min_historia"": 200, ""periodos_por_anio"": 252, ""permitir_capturas"": false, ""rebalanceo_con_deriva"": true, ""segmentos"": [""dentro_muestra"", ""fuera_muestra""], ""senal"": ""cambio_de_mes_m1_p3"", ""spread_por_lado"": 0.0015, ""usuario"": {""escenario_costos"": ""medio"", ""familia"": ""SPX"", ""tipo"": ""calendario"", ""ventana"": [-1, 3]}, ""variante"": ""SPX_tom_m1_p3""}",sensibilidad: spread medio 0.15% por lado
2026-09-25T07:01:50.004072Z,R09,1f27bc4ed9,SPX_tom_m2_p3,0,completo,1928-10-17,2026-07-31,24561,252,USD,-0.7555045097960451,-0.014301385084080298,0.0927158201202395,-0.449596654921652,-0.6264795347801271,-0.8307224082496629,-0.017215600472621658,-0.02832192712402893,-0.05798319101062893,57.79774502419875,5.003266928371719e-06,0.2388746386547779,0.2388746386547779,24.001616922387726,0.10560711445851159,2347,0.06154047491041226,0.03193266042262244,0.0029,0.0015,2008-02-29,f1c02485bcdc828c,"Yahoo ^GSPC 1d (precio, sin dividendos) 1928-01-03 a 2026-07-31; RF French diaria compuesta en (d-1, d]; French F-F_Research_Data_Factors_daily CRSP 202607 sha256 1916d331c2c51d2a","{""comision_por_lado"": 0.0029, ""cortes"": [""2008-02-29""], ""efectivo_en_mxn"": false, ""exposicion_inicial"": 0.0, ""exposicion_max"": 1.0, ""exposicion_min"": 0.0, ""extras"": [""pos_fin_sig"", ""pos_ini_sig""], ""fx"": false, ""max_dias_fx"": 10, ""min_historia"": 200, ""periodos_por_anio"": 252, ""permitir_capturas"": false, ""rebalanceo_con_deriva"": true, ""segmentos"": [""dentro_muestra"", ""fuera_muestra""], ""senal"": ""cambio_de_mes_m2_p3"", ""spread_por_lado"": 0.0015, ""usuario"": {""escenario_costos"": ""medio"", ""familia"": ""SPX"", ""tipo"": ""calendario"", ""ventana"": [-2, 3]}, ""variante"": ""SPX_tom_m2_p3""}",sensibilidad: spread medio 0.15% por lado
2026-09-25T07:01:50.004072Z,R09,1f27bc4ed9,SPX_tom_m2_p3,0,dentro_muestra,1928-10-17,2008-02-29,19928,252,USD,-0.3070146097979559,-0.004610200189016811,0.09218052362091037,-0.390862318522806,-0.5530521419585044,-0.5886610114134376,-0.007831672388064618,-0.02462201170660618,0.3542814041491232,61.9018605438189,0.0002856025507691484,0.23896025692492975,0.23896025692492975,24.00225085377212,0.10560990375660198,1905,0.053174605081758974,0.036150594213266274,0.0029,0.0015,2008-02-29,f1c02485bcdc828c,"Yahoo ^GSPC 1d (precio, sin dividendos) 1928-01-03 a 2026-07-31; RF French diaria compuesta en (d-1, d]; French F-F_Research_Data_Factors_daily CRSP 202607 sha256 1916d331c2c51d2a","{""comision_por_lado"": 0.0029, ""cortes"": [""2008-02-29""], ""efectivo_en_mxn"": false, ""exposicion_inicial"": 0.0, ""exposicion_max"": 1.0, ""exposicion_min"": 0.0, ""extras"": [""pos_fin_sig"", ""pos_ini_sig""], ""fx"": false, ""max_dias_fx"": 10, ""min_historia"": 200, ""periodos_por_anio"": 252, ""permitir_capturas"": false, ""rebalanceo_con_deriva"": true, ""segmentos"": [""dentro_muestra"", ""fuera_muestra""], ""senal"": ""cambio_de_mes_m2_p3"", ""spread_por_lado"": 0.0015, ""usuario"": {""escenario_costos"": ""medio"", ""familia"": ""SPX"", ""tipo"": ""calendario"", ""ventana"": [-2, 3]}, ""variante"": ""SPX_tom_m2_p3""}",sensibilidad: spread medio 0.15% por lado
2026-09-25T07:01:50.004072Z,R09,1f27bc4ed9,SPX_tom_m2_p3,0,fuera_muestra,2008-02-29,2026-07-31,4633,252,USD,-0.6471852168013645,-0.05499622083283695,0.09494868329847675,-0.6950873986936937,-0.9141463008109418,-0.686332320432333,-0.08013060028732705,-0.043786390390436095,-1.6790384266257499,41.85154479208862,0.0010926397782203834,0.2385063673645586,0.2385063673645586,23.998885089936078,0.10559509439571806,442,0.09835886145831152,0.01395165224305317,0.0029,0.0015,2008-02-29,f1c02485bcdc828c,"Yahoo ^GSPC 1d (precio, sin dividendos) 1928-01-03 a 2026-07-31; RF French diaria compuesta en (d-1, d]; French F-F_Research_Data_Factors_daily CRSP 202607 sha256 1916d331c2c51d2a","{""comision_por_lado"": 0.0029, ""cortes"": [""2008-02-29""], ""efectivo_en_mxn"": false, ""exposicion_inicial"": 0.0, ""exposicion_max"": 1.0, ""exposicion_min"": 0.0, ""extras"": [""pos_fin_sig"", ""pos_ini_sig""], ""fx"": false, ""max_dias_fx"": 10, ""min_historia"": 200, ""periodos_por_anio"": 252, ""permitir_capturas"": false, ""rebalanceo_con_deriva"": true, ""segmentos"": [""dentro_muestra"", ""fuera_muestra""], ""senal"": ""cambio_de_mes_m2_p3"", ""spread_por_lado"": 0.0015, ""usuario"": {""escenario_costos"": ""medio"", ""familia"": ""SPX"", ""tipo"": ""calendario"", ""ventana"": [-2, 3]}, ""variante"": ""SPX_tom_m2_p3""}",sensibilidad: spread medio 0.15% por lado
2026-09-25T07:01:50.308420Z,R09,e3cb749860,SPX_tom_m3_p3,0,completo,1928-10-17,2026-07-31,24561,252,USD,-0.7837257674751817,-0.015536950071541988,0.10112177635647755,-0.41656388578866854,-0.5773242660681669,-0.84182186347429,-0.018456339453360494,-0.02624105826113167,-0.2193006938476153,47.85462705940431,1.9984613010948227e-05,0.2866739953584952,0.2866739953584952,24.001616922387726,0.10560711445851159,2347,0.06154047491041226,0.03193266042262244,0.0029,0.0015,2008-02-29,f1c02485bcdc828c,"Yahoo ^GSPC 1d (precio, sin dividendos) 1928-01-03 a 2026-07-31; RF French diaria compuesta en (d-1, d]; French F-F_Research_Data_Factors_daily CRSP 202607 sha256 1916d331c2c51d2a","{""comision_por_lado"": 0.0029, ""cortes"": [""2008-02-29""], ""efectivo_en_mxn"": false, ""exposicion_inicial"": 0.0, ""exposicion_max"": 1.0, ""exposicion_min"": 0.0, ""extras"": [""pos_fin_sig"", ""pos_ini_sig""], ""fx"": false, ""max_dias_fx"": 10, ""min_historia"": 200, ""periodos_por_anio"": 252, ""permitir_capturas"": false, ""rebalanceo_con_deriva"": true, ""segmentos"": [""dentro_muestra"", ""fuera_muestra""], ""senal"": ""cambio_de_mes_m3_p3"", ""spread_por_lado"": 0.0015, ""usuario"": {""escenario_costos"": ""medio"", ""familia"": ""SPX"", ""tipo"": ""calendario"", ""ventana"": [-3, 3]}, ""variante"": ""SPX_tom_m3_p3""}",sensibilidad: spread medio 0.15% por lado
2026-09-25T07:01:50.308420Z,R09,e3cb749860,SPX_tom_m3_p3,0,dentro_muestra,1928-10-17,2008-02-29,19928,252,USD,-0.4436709427649139,-0.007361123792356539,0.10081950622139066,-0.3766017280887135,-0.527256654073717,-0.6506354199014954,-0.011313745866265618,-0.02372367894856915,0.03146285404721572,51.92700192759777,0.0004253693567685679,0.28678241670012045,0.28678241670012045,24.00225085377212,0.10560990375660198,1905,0.053174605081758974,0.036150594213266274,0.0029,0.0015,2008-02-29,f1c02485bcdc828c,"Yahoo ^GSPC 1d (precio, sin dividendos) 1928-01-03 a 2026-07-31; RF French diaria compuesta en (d-1, d]; French F-F_Research_Data_Factors_daily CRSP 202607 sha256 1916d331c2c51d2a","{""comision_por_lado"": 0.0029, ""cortes"": [""2008-02-29""], ""efectivo_en_mxn"": false, ""exposicion_inicial"": 0.0, ""exposicion_max"": 1.0, ""exposicion_min"": 0.0, ""extras"": [""pos_fin_sig"", ""pos_ini_sig""], ""fx"": false, ""max_dias_fx"": 10, ""min_historia"": 200, ""periodos_por_anio"": 252, ""permitir_capturas"": false, ""rebalanceo_con_deriva"": true, ""segmentos"": [""dentro_muestra"", ""fuera_muestra""], ""senal"": ""cambio_de_mes_m3_p3"", ""spread_por_lado"": 0.0015, ""usuario"": {""escenario_costos"": ""medio"", ""familia"": ""SPX"", ""tipo"": ""calendario"", ""ventana"": [-3, 3]}, ""variante"": ""SPX_tom_m3_p3""}",sensibilidad: spread medio 0.15% por lado
2026-09-25T07:01:50.308420Z,R09,e3cb749860,SPX_tom_m3_p3,0,fuera_muestra,2008-02-29,2026-07-31,4633,252,USD,-0.6112476425378788,-0.05000605360973942,0.10239261269847168,-0.5858480594835512,-0.7799817866854117,-0.6424759531877136,-0.07783334669823673,-0.03690495884436314,-1.2483666799402,31.302385797451635,0.005266092383331034,0.2862076408374703,0.2862076408374703,23.998885089936078,0.10559509439571806,442,0.09835886145831152,0.01395165224305317,0.0029,0.0015,2008-02-29,f1c02485bcdc828c,"Yahoo ^GSPC 1d (precio, sin dividendos) 1928-01-03 a 2026-07-31; RF French diaria compuesta en (d-1, d]; French F-F_Research_Data_Factors_daily CRSP 202607 sha256 1916d331c2c51d2a","{""comision_por_lado"": 0.0029, ""cortes"": [""2008-02-29""], ""efectivo_en_mxn"": false, ""exposicion_inicial"": 0.0, ""exposicion_max"": 1.0, ""exposicion_min"": 0.0, ""extras"": [""pos_fin_sig"", ""pos_ini_sig""], ""fx"": false, ""max_dias_fx"": 10, ""min_historia"": 200, ""periodos_por_anio"": 252, ""permitir_capturas"": false, ""rebalanceo_con_deriva"": true, ""segmentos"": [""dentro_muestra"", ""fuera_muestra""], ""senal"": ""cambio_de_mes_m3_p3"", ""spread_por_lado"": 0.0015, ""usuario"": {""escenario_costos"": ""medio"", ""familia"": ""SPX"", ""tipo"": ""calendario"", ""ventana"": [-3, 3]}, ""variante"": ""SPX_tom_m3_p3""}",sensibilidad: spread medio 0.15% por lado
2026-09-25T07:01:50.654210Z,R09,cb45101e9b,SPX_tom_m1_p2,0,completo,1928-10-17,2026-07-31,24561,252,USD,-0.9715356950743892,-0.03574279905166833,0.07199632316141508,-0.909251289827281,-1.2154670649050945,-0.9770040570975423,-0.03658408457161589,-0.05727744743208806,-0.6756927624539887,87.10532128623217,0.0,0.14331664020194618,0.14331664020194618,24.001616922387726,0.10560711445851159,2347,0.06154047491041226,0.03193266042262244,0.0029,0.0015,2008-02-29,f1c02485bcdc828c,"Yahoo ^GSPC 1d (precio, sin dividendos) 1928-01-03 a 2026-07-31; RF French diaria compuesta en (d-1, d]; French F-F_Research_Data_Factors_daily CRSP 202607 sha256 1916d331c2c51d2a","{""comision_por_lado"": 0.0029, ""cortes"": [""2008-02-29""], ""efectivo_en_mxn"": false, ""exposicion_inicial"": 0.0, ""exposicion_max"": 1.0, ""exposicion_min"": 0.0, ""extras"": [""pos_fin_sig"", ""pos_ini_sig""], ""fx"": false, ""max_dias_fx"": 10, ""min_historia"": 200, ""periodos_por_anio"": 252, ""permitir_capturas"": false, ""rebalanceo_con_deriva"": true, ""segmentos"": [""dentro_muestra"", ""fuera_muestra""], ""senal"": ""cambio_de_mes_m1_p2"", ""spread_por_lado"": 0.0015, ""usuario"": {""escenario_costos"": ""medio"", ""familia"": ""SPX"", ""tipo"": ""calendario"", ""ventana"": [-1, 2]}, ""variante"": ""SPX_tom_m1_p2""}",sensibilidad: spread medio 0.15% por lado
2026-09-25T07:01:50.654210Z,R09,cb45101e9b,SPX_tom_m1_p2,0,dentro_muestra,1928-10-17,2008-02-29,19928,252,USD,-0.879913003187756,-0.02635192086516247,0.07129004441431294,-0.840225001433926,-1.1355518163640133,-0.8992530075713372,-0.02930423434038055,-0.0529291999793585,-0.4322812757868698,95.91465406180195,1.2972956042744954e-13,0.1433661180248896,0.1433661180248896,24.00225085377212,0.10560990375660198,1905,0.053174605081758974,0.036150594213266274,0.0029,0.0015,2008-02-29,f1c02485bcdc828c,"Yahoo ^GSPC 1d (precio, sin dividendos) 1928-01-03 a 2026-07-31; RF French diaria compuesta en (d-1, d]; French F-F_Research_Data_Factors_daily CRSP 202607 sha256 1916d331c2c51d2a","{""comision_por_lado"": 0.0029, ""cortes"": [""2008-02-29""], ""efectivo_en_mxn"": false, ""exposicion_inicial"": 0.0, ""exposicion_max"": 1.0, ""exposicion_min"": 0.0, ""extras"": [""pos_fin_sig"", ""pos_ini_sig""], ""fx"": false, ""max_dias_fx"": 10, ""min_historia"": 200, ""periodos_por_anio"": 252, ""permitir_capturas"": false, ""rebalanceo_con_deriva"": true, ""segmentos"": [""dentro_muestra"", ""fuera_muestra""], ""senal"": ""cambio_de_mes_m1_p2"", ""spread_por_lado"": 0.0015, ""usuario"": {""escenario_costos"": ""medio"", ""familia"": ""SPX"", ""tipo"": ""calendario"", ""ventana"": [-1, 2]}, ""variante"": ""SPX_tom_m1_p2""}",sensibilidad: spread medio 0.15% por lado
2026-09-25T07:01:50.654210Z,R09,cb45101e9b,SPX_tom_m1_p2,0,fuera_muestra,2008-02-29,2026-07-31,4633,252,USD,-0.7629692999141717,-0.07518617062932786,0.0749100056105955,-1.1928686856740953,-1.5311246570331445,-0.7803477718645373,-0.09634956789801616,-0.07514366402500315,-1.5716078278404773,55.355772775524365,8.785183203130487e-08,0.14310382041873515,0.14310382041873515,23.998885089936078,0.10559509439571806,442,0.09835886145831152,0.01395165224305317,0.0029,0.0015,2008-02-29,f1c02485bcdc828c,"Yahoo ^GSPC 1d (precio, sin dividendos) 1928-01-03 a 2026-07-31; RF French diaria compuesta en (d-1, d]; French F-F_Research_Data_Factors_daily CRSP 202607 sha256 1916d331c2c51d2a","{""comision_por_lado"": 0.0029, ""cortes"": [""2008-02-29""], ""efectivo_en_mxn"": false, ""exposicion_inicial"": 0.0, ""exposicion_max"": 1.0, ""exposicion_min"": 0.0, ""extras"": [""pos_fin_sig"", ""pos_ini_sig""], ""fx"": false, ""max_dias_fx"": 10, ""min_historia"": 200, ""periodos_por_anio"": 252, ""permitir_capturas"": false, ""rebalanceo_con_deriva"": true, ""segmentos"": [""dentro_muestra"", ""fuera_muestra""], ""senal"": ""cambio_de_mes_m1_p2"", ""spread_por_lado"": 0.0015, ""usuario"": {""escenario_costos"": ""medio"", ""familia"": ""SPX"", ""tipo"": ""calendario"", ""ventana"": [-1, 2]}, ""variante"": ""SPX_tom_m1_p2""}",sensibilidad: spread medio 0.15% por lado
2026-09-25T07:01:51.009182Z,R09,9c7079a0ca,SPX_tom_m1_p4,0,completo,1928-10-17,2026-07-31,24561,252,USD,-0.8627151177781711,-0.020101955850867603,0.09481291958497848,-0.5001998672247123,-0.7098226564316265,-0.894908941224254,-0.022462571245927782,-0.031509629869145635,1.0952856830293423,78.83814279283231,7.535401063685221e-07,0.2388339237001751,0.2388339237001751,24.001616922387726,0.10560711445851159,2347,0.06154047491041226,0.03193266042262244,0.0029,0.0015,2008-02-29,f1c02485bcdc828c,"Yahoo ^GSPC 1d (precio, sin dividendos) 1928-01-03 a 2026-07-31; RF French diaria compuesta en (d-1, d]; French F-F_Research_Data_Factors_daily CRSP 202607 sha256 1916d331c2c51d2a","{""comision_por_lado"": 0.0029, ""cortes"": [""2008-02-29""], ""efectivo_en_mxn"": false, ""exposicion_inicial"": 0.0, ""exposicion_max"": 1.0, ""exposicion_min"": 0.0, ""extras"": [""pos_fin_sig"", ""pos_ini_sig""], ""fx"": false, ""max_dias_fx"": 10, ""min_historia"": 200, ""periodos_por_anio"": 252, ""permitir_capturas"": false, ""rebalanceo_con_deriva"": true, ""segmentos"": [""dentro_muestra"", ""fuera_muestra""], ""senal"": ""cambio_de_mes_m1_p4"", ""spread_por_lado"": 0.0015, ""usuario"": {""escenario_costos"": ""medio"", ""familia"": ""SPX"", ""tipo"": ""calendario"", ""ventana"": [-1, 4]}, ""variante"": ""SPX_tom_m1_p4""}",sensibilidad: spread medio 0.15% por lado
2026-09-25T07:01:51.009182Z,R09,9c7079a0ca,SPX_tom_m1_p4,0,dentro_muestra,1928-10-17,2008-02-29,19928,252,USD,-0.43499904615117047,-0.007167655459368372,0.09401557547320298,-0.4090659062652147,-0.5952585857739714,-0.5391514916475865,-0.013294325566020082,-0.02576872994792897,1.6938576193115438,91.21652944628208,0.00020355207095357208,0.23891007627458852,0.23891007627458852,24.00225085377212,0.10560990375660198,1905,0.053174605081758974,0.036150594213266274,0.0029,0.0015,2008-02-29,f1c02485bcdc828c,"Yahoo ^GSPC 1d (precio, sin dividendos) 1928-01-03 a 2026-07-31; RF French diaria compuesta en (d-1, d]; French F-F_Research_Data_Factors_daily CRSP 202607 sha256 1916d331c2c51d2a","{""comision_por_lado"": 0.0029, ""cortes"": [""2008-02-29""], ""efectivo_en_mxn"": false, ""exposicion_inicial"": 0.0, ""exposicion_max"": 1.0, ""exposicion_min"": 0.0, ""extras"": [""pos_fin_sig"", ""pos_ini_sig""], ""fx"": false, ""max_dias_fx"": 10, ""min_historia"": 200, ""periodos_por_anio"": 252, ""permitir_capturas"": false, ""rebalanceo_con_deriva"": true, ""segmentos"": [""dentro_muestra"", ""fuera_muestra""], ""senal"": ""cambio_de_mes_m1_p4"", ""spread_por_lado"": 0.0015, ""usuario"": {""escenario_costos"": ""medio"", ""familia"": ""SPX"", ""tipo"": ""calendario"", ""ventana"": [-1, 4]}, ""variante"": ""SPX_tom_m1_p4""}",sensibilidad: spread medio 0.15% por lado
2026-09-25T07:01:51.009182Z,R09,9c7079a0ca,SPX_tom_m1_p4,0,fuera_muestra,2008-02-29,2026-07-31,4633,252,USD,-0.7570183177804684,-0.07394021104782322,0.09810042133793222,-0.8764746162700842,-1.1381881123973252,-0.7778489218187326,-0.09505729065605624,-0.05521271107408117,-1.1683578393792076,33.285564166706784,6.278117994662491e-05,0.2385063673645586,0.2385063673645586,23.998885089936078,0.10559509439571806,442,0.09835886145831152,0.01395165224305317,0.0029,0.0015,2008-02-29,f1c02485bcdc828c,"Yahoo ^GSPC 1d (precio, sin dividendos) 1928-01-03 a 2026-07-31; RF French diaria compuesta en (d-1, d]; French F-F_Research_Data_Factors_daily CRSP 202607 sha256 1916d331c2c51d2a","{""comision_por_lado"": 0.0029, ""cortes"": [""2008-02-29""], ""efectivo_en_mxn"": false, ""exposicion_inicial"": 0.0, ""exposicion_max"": 1.0, ""exposicion_min"": 0.0, ""extras"": [""pos_fin_sig"", ""pos_ini_sig""], ""fx"": false, ""max_dias_fx"": 10, ""min_historia"": 200, ""periodos_por_anio"": 252, ""permitir_capturas"": false, ""rebalanceo_con_deriva"": true, ""segmentos"": [""dentro_muestra"", ""fuera_muestra""], ""senal"": ""cambio_de_mes_m1_p4"", ""spread_por_lado"": 0.0015, ""usuario"": {""escenario_costos"": ""medio"", ""familia"": ""SPX"", ""tipo"": ""calendario"", ""ventana"": [-1, 4]}, ""variante"": ""SPX_tom_m1_p4""}",sensibilidad: spread medio 0.15% por lado
2026-09-25T07:01:51.321217Z,R09,19efaf1ab8,SPX_ref_comprar_mantener,0,completo,1928-10-17,2026-07-31,24561,252,USD,341.210423707914,0.06149260484109731,0.18947375460140548,0.24445321014742705,0.3444420200424148,-0.8618957937515597,0.07134575349699696,0.015399104791464356,-0.10027939017524906,20.290025700212485,0.9920249226343139,1.0,1.0,0.010226509127561878,4.499664016127225e-05,1,0.06154047491041226,0.03193266042262244,0.0029,0.0015,2008-02-29,f1c02485bcdc828c,"Yahoo ^GSPC 1d (precio, sin dividendos) 1928-01-03 a 2026-07-31; RF French diaria compuesta en (d-1, d]; French F-F_Research_Data_Factors_daily CRSP 202607 sha256 1916d331c2c51d2a","{""comision_por_lado"": 0.0029, ""cortes"": [""2008-02-29""], ""efectivo_en_mxn"": false, ""exposicion_inicial"": 0.0, ""exposicion_max"": 1.0, ""exposicion_min"": 0.0, ""extras"": [""pos_fin_sig"", ""pos_ini_sig""], ""fx"": false, ""max_dias_fx"": 10, ""min_historia"": 200, ""periodos_por_anio"": 252, ""permitir_capturas"": false, ""rebalanceo_con_deriva"": true, ""segmentos"": [""dentro_muestra"", ""fuera_muestra""], ""senal"": ""senal_comprar_y_mantener"", ""spread_por_lado"": 0.0015, ""usuario"": {""escenario_costos"": ""medio"", ""familia"": ""SPX"", ""tipo"": ""referencia""}, ""variante"": ""SPX_ref_comprar_mantener""}",referencia; sensibilidad: spread medio 0.15% por lado
2026-09-25T07:01:51.321217Z,R09,19efaf1ab8,SPX_ref_comprar_mantener,0,dentro_muestra,1928-10-17,2008-02-29,19928,252,USD,59.79739225331214,0.05311609170188336,0.18727160123758493,0.1808265325553105,0.2551904410166949,-0.8618957937515597,0.06162704596884714,0.011391000847225633,-0.07551952419581288,21.60055461962488,0.945946558931974,1.0,1.0,0.01259960674738694,5.543826968850253e-05,1,0.053174605081758974,0.036150594213266274,0.0029,0.0015,2008-02-29,f1c02485bcdc828c,"Yahoo ^GSPC 1d (precio, sin dividendos) 1928-01-03 a 2026-07-31; RF French diaria compuesta en (d-1, d]; French F-F_Research_Data_Factors_daily CRSP 202607 sha256 1916d331c2c51d2a","{""comision_por_lado"": 0.0029, ""cortes"": [""2008-02-29""], ""efectivo_en_mxn"": false, ""exposicion_inicial"": 0.0, ""exposicion_max"": 1.0, ""exposicion_min"": 0.0, ""extras"": [""pos_fin_sig"", ""pos_ini_sig""], ""fx"": false, ""max_dias_fx"": 10, ""min_historia"": 200, ""periodos_por_anio"": 252, ""permitir_capturas"": false, ""rebalanceo_con_deriva"": true, ""segmentos"": [""dentro_muestra"", ""fuera_muestra""], ""senal"": ""senal_comprar_y_mantener"", ""spread_por_lado"": 0.0015, ""usuario"": {""escenario_costos"": ""medio"", ""familia"": ""SPX"", ""tipo"": ""referencia""}, ""variante"": ""SPX_ref_comprar_mantener""}",referencia; sensibilidad: spread medio 0.15% por lado
2026-09-25T07:01:51.321217Z,R09,19efaf1ab8,SPX_ref_comprar_mantener,0,fuera_muestra,2008-02-29,2026-07-31,4633,252,USD,4.628702334503041,0.09835886145831152,0.19867291620062572,0.5028198830921017,0.7042304066131033,-0.5257845222788189,0.1870706673372798,0.031674675355244576,-0.19486194338149868,15.652753156619351,0.9840317243930217,1.0,1.0,0.0,0.0,0,0.09835886145831152,0.01395165224305317,0.0029,0.0015,2008-02-29,f1c02485bcdc828c,"Yahoo ^GSPC 1d (precio, sin dividendos) 1928-01-03 a 2026-07-31; RF French diaria compuesta en (d-1, d]; French F-F_Research_Data_Factors_daily CRSP 202607 sha256 1916d331c2c51d2a","{""comision_por_lado"": 0.0029, ""cortes"": [""2008-02-29""], ""efectivo_en_mxn"": false, ""exposicion_inicial"": 0.0, ""exposicion_max"": 1.0, ""exposicion_min"": 0.0, ""extras"": [""pos_fin_sig"", ""pos_ini_sig""], ""fx"": false, ""max_dias_fx"": 10, ""min_historia"": 200, ""periodos_por_anio"": 252, ""permitir_capturas"": false, ""rebalanceo_con_deriva"": true, ""segmentos"": [""dentro_muestra"", ""fuera_muestra""], ""senal"": ""senal_comprar_y_mantener"", ""spread_por_lado"": 0.0015, ""usuario"": {""escenario_costos"": ""medio"", ""familia"": ""SPX"", ""tipo"": ""referencia""}, ""variante"": ""SPX_ref_comprar_mantener""}",referencia; sensibilidad: spread medio 0.15% por lado
2026-09-25T07:01:51.567533Z,R09,a01d878158,SPX_ref_efectivo,0,completo,1928-10-17,2026-07-31,24561,252,USD,20.622161924782315,0.03193266042262244,0.0019789301213256937,0.0,0.0,0.0,inf,,0.0,3.0,,0.0,0.0,0.0,0.0,0,0.06154047491041226,0.03193266042262244,0.0029,0.0015,2008-02-29,f1c02485bcdc828c,"Yahoo ^GSPC 1d (precio, sin dividendos) 1928-01-03 a 2026-07-31; RF French diaria compuesta en (d-1, d]; French F-F_Research_Data_Factors_daily CRSP 202607 sha256 1916d331c2c51d2a","{""comision_por_lado"": 0.0029, ""cortes"": [""2008-02-29""], ""efectivo_en_mxn"": false, ""exposicion_inicial"": 0.0, ""exposicion_max"": 1.0, ""exposicion_min"": 0.0, ""extras"": [""pos_fin_sig"", ""pos_ini_sig""], ""fx"": false, ""max_dias_fx"": 10, ""min_historia"": 200, ""periodos_por_anio"": 252, ""permitir_capturas"": false, ""rebalanceo_con_deriva"": true, ""segmentos"": [""dentro_muestra"", ""fuera_muestra""], ""senal"": ""senal_efectivo"", ""spread_por_lado"": 0.0015, ""usuario"": {""escenario_costos"": ""medio"", ""familia"": ""SPX"", ""tipo"": ""referencia""}, ""variante"": ""SPX_ref_efectivo""}",referencia; sensibilidad: spread medio 0.15% por lado
2026-09-25T07:01:51.567533Z,R09,a01d878158,SPX_ref_efectivo,0,dentro_muestra,1928-10-17,2008-02-29,19928,252,USD,15.752372854823843,0.036150594213266274,0.0020287644016767042,0.0,0.0,0.0,inf,,0.0,3.0,,0.0,0.0,0.0,0.0,0,0.053174605081758974,0.036150594213266274,0.0029,0.0015,2008-02-29,f1c02485bcdc828c,"Yahoo ^GSPC 1d (precio, sin dividendos) 1928-01-03 a 2026-07-31; RF French diaria compuesta en (d-1, d]; French F-F_Research_Data_Factors_daily CRSP 202607 sha256 1916d331c2c51d2a","{""comision_por_lado"": 0.0029, ""cortes"": [""2008-02-29""], ""efectivo_en_mxn"": false, ""exposicion_inicial"": 0.0, ""exposicion_max"": 1.0, ""exposicion_min"": 0.0, ""extras"": [""pos_fin_sig"", ""pos_ini_sig""], ""fx"": false, ""max_dias_fx"": 10, ""min_historia"": 200, ""periodos_por_anio"": 252, ""permitir_capturas"": false, ""rebalanceo_con_deriva"": true, ""segmentos"": [""dentro_muestra"", ""fuera_muestra""], ""senal"": ""senal_efectivo"", ""spread_por_lado"": 0.0015, ""usuario"": {""escenario_costos"": ""medio"", ""familia"": ""SPX"", ""tipo"": ""referencia""}, ""variante"": ""SPX_ref_efectivo""}",referencia; sensibilidad: spread medio 0.15% por lado
2026-09-25T07:01:51.567533Z,R09,a01d878158,SPX_ref_efectivo,0,fuera_muestra,2008-02-29,2026-07-31,4633,252,USD,0.290692495454822,0.01395165224305317,0.0012378096285493546,0.0,0.0,0.0,inf,,0.0,3.0,,0.0,0.0,0.0,0.0,0,0.09835886145831152,0.01395165224305317,0.0029,0.0015,2008-02-29,f1c02485bcdc828c,"Yahoo ^GSPC 1d (precio, sin dividendos) 1928-01-03 a 2026-07-31; RF French diaria compuesta en (d-1, d]; French F-F_Research_Data_Factors_daily CRSP 202607 sha256 1916d331c2c51d2a","{""comision_por_lado"": 0.0029, ""cortes"": [""2008-02-29""], ""efectivo_en_mxn"": false, ""exposicion_inicial"": 0.0, ""exposicion_max"": 1.0, ""exposicion_min"": 0.0, ""extras"": [""pos_fin_sig"", ""pos_ini_sig""], ""fx"": false, ""max_dias_fx"": 10, ""min_historia"": 200, ""periodos_por_anio"": 252, ""permitir_capturas"": false, ""rebalanceo_con_deriva"": true, ""segmentos"": [""dentro_muestra"", ""fuera_muestra""], ""senal"": ""senal_efectivo"", ""spread_por_lado"": 0.0015, ""usuario"": {""escenario_costos"": ""medio"", ""familia"": ""SPX"", ""tipo"": ""referencia""}, ""variante"": ""SPX_ref_efectivo""}",referencia; sensibilidad: spread medio 0.15% por lado
2026-09-25T07:01:51.977841Z,R09,e75b9efc89,SPX_ref_sma200,0,completo,1928-10-17,2026-07-31,24561,252,USD,129.68466885419065,0.051094081367959676,0.1221017746041286,0.21235886119789205,0.2938460276252018,-0.5511811213400614,0.09269925871868939,0.013377350843583482,-0.384160151620116,23.68642264518112,0.9816923502425945,0.6794918773665567,0.6794918773665567,6.0234138761339455,0.02650302105498917,589,0.06154047491041226,0.03193266042262244,0.0029,0.0015,2008-02-29,f1c02485bcdc828c,"Yahoo ^GSPC 1d (precio, sin dividendos) 1928-01-03 a 2026-07-31; RF French diaria compuesta en (d-1, d]; French F-F_Research_Data_Factors_daily CRSP 202607 sha256 1916d331c2c51d2a","{""comision_por_lado"": 0.0029, ""cortes"": [""2008-02-29""], ""efectivo_en_mxn"": false, ""exposicion_inicial"": 0.0, ""exposicion_max"": 1.0, ""exposicion_min"": 0.0, ""extras"": [""pos_fin_sig"", ""pos_ini_sig""], ""fx"": false, ""max_dias_fx"": 10, ""min_historia"": 200, ""periodos_por_anio"": 252, ""permitir_capturas"": false, ""rebalanceo_con_deriva"": true, ""segmentos"": [""dentro_muestra"", ""fuera_muestra""], ""senal"": ""media_movil_200"", ""spread_por_lado"": 0.0015, ""usuario"": {""escenario_costos"": ""medio"", ""familia"": ""SPX"", ""tipo"": ""referencia"", ""ventana"": 200}, ""variante"": ""SPX_ref_sma200""}",referencia; sensibilidad: spread medio 0.15% por lado
2026-09-25T07:01:51.977841Z,R09,e75b9efc89,SPX_ref_sma200,0,dentro_muestra,1928-10-17,2008-02-29,19928,252,USD,54.040831266890315,0.051797044841984,0.12353720980446202,0.18364425161408046,0.25573067740251126,-0.5511811213400614,0.09397463526336355,0.011568500463748308,-0.30437450043316644,26.4791289606177,0.9483948108070542,0.6576676033721397,0.6576676033721397,6.0730104522405055,0.026721245989858044,482,0.053174605081758974,0.036150594213266274,0.0029,0.0015,2008-02-29,f1c02485bcdc828c,"Yahoo ^GSPC 1d (precio, sin dividendos) 1928-01-03 a 2026-07-31; RF French diaria compuesta en (d-1, d]; French F-F_Research_Data_Factors_daily CRSP 202607 sha256 1916d331c2c51d2a","{""comision_por_lado"": 0.0029, ""cortes"": [""2008-02-29""], ""efectivo_en_mxn"": false, ""exposicion_inicial"": 0.0, ""exposicion_max"": 1.0, ""exposicion_min"": 0.0, ""extras"": [""pos_fin_sig"", ""pos_ini_sig""], ""fx"": false, ""max_dias_fx"": 10, ""min_historia"": 200, ""periodos_por_anio"": 252, ""permitir_capturas"": false, ""rebalanceo_con_deriva"": true, ""segmentos"": [""dentro_muestra"", ""fuera_muestra""], ""senal"": ""media_movil_200"", ""spread_por_lado"": 0.0015, ""usuario"": {""escenario_costos"": ""medio"", ""familia"": ""SPX"", ""tipo"": ""referencia"", ""ventana"": 200}, ""variante"": ""SPX_ref_sma200""}",referencia; sensibilidad: spread medio 0.15% por lado
2026-09-25T07:01:51.977841Z,R09,e75b9efc89,SPX_ref_sma200,0,fuera_muestra,2008-02-29,2026-07-31,4633,252,USD,1.3743222230875722,0.04807013622510348,0.11573721956058405,0.3445712495658175,0.46273543410067025,-0.2529501344728685,0.19003799434729887,0.021705948459379187,-0.7964684553253322,7.719045209938521,0.9284173548300649,0.7733649902870711,0.7733649902870711,5.809684852088599,0.025562613349189856,107,0.09835886145831152,0.01395165224305317,0.0029,0.0015,2008-02-29,f1c02485bcdc828c,"Yahoo ^GSPC 1d (precio, sin dividendos) 1928-01-03 a 2026-07-31; RF French diaria compuesta en (d-1, d]; French F-F_Research_Data_Factors_daily CRSP 202607 sha256 1916d331c2c51d2a","{""comision_por_lado"": 0.0029, ""cortes"": [""2008-02-29""], ""efectivo_en_mxn"": false, ""exposicion_inicial"": 0.0, ""exposicion_max"": 1.0, ""exposicion_min"": 0.0, ""extras"": [""pos_fin_sig"", ""pos_ini_sig""], ""fx"": false, ""max_dias_fx"": 10, ""min_historia"": 200, ""periodos_por_anio"": 252, ""permitir_capturas"": false, ""rebalanceo_con_deriva"": true, ""segmentos"": [""dentro_muestra"", ""fuera_muestra""], ""senal"": ""media_movil_200"", ""spread_por_lado"": 0.0015, ""usuario"": {""escenario_costos"": ""medio"", ""familia"": ""SPX"", ""tipo"": ""referencia"", ""ventana"": 200}, ""variante"": ""SPX_ref_sma200""}",referencia; sensibilidad: spread medio 0.15% por lado
2026-09-25T07:01:52.346886Z,R09,8d1cdbc591,SPX_ref_resto,0,completo,1928-10-17,2026-07-31,24561,252,USD,-0.9999243831201031,-0.0924874135306657,0.17233198203962627,-0.6614907658989939,-0.9050529430519124,-0.9999546358290842,-0.09249160933583989,-0.04167000145558055,-0.04846448063745197,25.662169785576022,3.957956185018929e-11,0.8089247180489394,0.8089247180489394,24.011843431515288,0.10565211109867287,2348,0.06154047491041226,0.03193266042262244,0.0029,0.0015,2008-02-29,f1c02485bcdc828c,"Yahoo ^GSPC 1d (precio, sin dividendos) 1928-01-03 a 2026-07-31; RF French diaria compuesta en (d-1, d]; French F-F_Research_Data_Factors_daily CRSP 202607 sha256 1916d331c2c51d2a","{""comision_por_lado"": 0.0029, ""cortes"": [""2008-02-29""], ""efectivo_en_mxn"": false, ""exposicion_inicial"": 0.0, ""exposicion_max"": 1.0, ""exposicion_min"": 0.0, ""extras"": [""pos_fin_sig"", ""pos_ini_sig""], ""fx"": false, ""max_dias_fx"": 10, ""min_historia"": 200, ""periodos_por_anio"": 252, ""permitir_capturas"": false, ""rebalanceo_con_deriva"": true, ""segmentos"": [""dentro_muestra"", ""fuera_muestra""], ""senal"": ""cambio_de_mes_resto"", ""spread_por_lado"": 0.0015, ""usuario"": {""escenario_costos"": ""medio"", ""familia"": ""SPX"", ""tipo"": ""referencia"", ""ventana"": ""complemento de [-1, 3]""}, ""variante"": ""SPX_ref_resto""}",referencia; sensibilidad: spread medio 0.15% por lado
2026-09-25T07:01:52.346886Z,R09,8d1cdbc591,SPX_ref_resto,0,dentro_muestra,1928-10-17,2008-02-29,19928,252,USD,-0.9998583181882699,-0.10564884706817246,0.1699672350456794,-0.783670644002877,-1.0701266027635468,-0.9998781864799499,-0.10566171809398803,-0.049366610328891516,-0.04211472589326854,27.214446400830067,2.244981978094529e-12,0.8088619028502609,0.8088619028502609,24.014850460519508,0.10566534202629049,1906,0.053174605081758974,0.036150594213266274,0.0029,0.0015,2008-02-29,f1c02485bcdc828c,"Yahoo ^GSPC 1d (precio, sin dividendos) 1928-01-03 a 2026-07-31; RF French diaria compuesta en (d-1, d]; French F-F_Research_Data_Factors_daily CRSP 202607 sha256 1916d331c2c51d2a","{""comision_por_lado"": 0.0029, ""cortes"": [""2008-02-29""], ""efectivo_en_mxn"": false, ""exposicion_inicial"": 0.0, ""exposicion_max"": 1.0, ""exposicion_min"": 0.0, ""extras"": [""pos_fin_sig"", ""pos_ini_sig""], ""fx"": false, ""max_dias_fx"": 10, ""min_historia"": 200, ""periodos_por_anio"": 252, ""permitir_capturas"": false, ""rebalanceo_con_deriva"": true, ""segmentos"": [""dentro_muestra"", ""fuera_muestra""], ""senal"": ""cambio_de_mes_resto"", ""spread_por_lado"": 0.0015, ""usuario"": {""escenario_costos"": ""medio"", ""familia"": ""SPX"", ""tipo"": ""referencia"", ""ventana"": ""complemento de [-1, 3]""}, ""variante"": ""SPX_ref_resto""}",referencia; sensibilidad: spread medio 0.15% por lado
2026-09-25T07:01:52.346886Z,R09,8d1cdbc591,SPX_ref_resto,0,fuera_muestra,2008-02-29,2026-07-31,4633,252,USD,-0.46629084585016933,-0.03351815446257933,0.18211639995955292,-0.1725203695883318,-0.23769773674737704,-0.6473351422083724,-0.05177867271075805,-0.01086776176246849,-0.08154590497113658,20.294307540809,0.2297216375852127,0.8091949061083531,0.8091949061083531,23.998885089936078,0.10559509439571806,442,0.09835886145831152,0.01395165224305317,0.0029,0.0015,2008-02-29,f1c02485bcdc828c,"Yahoo ^GSPC 1d (precio, sin dividendos) 1928-01-03 a 2026-07-31; RF French diaria compuesta en (d-1, d]; French F-F_Research_Data_Factors_daily CRSP 202607 sha256 1916d331c2c51d2a","{""comision_por_lado"": 0.0029, ""cortes"": [""2008-02-29""], ""efectivo_en_mxn"": false, ""exposicion_inicial"": 0.0, ""exposicion_max"": 1.0, ""exposicion_min"": 0.0, ""extras"": [""pos_fin_sig"", ""pos_ini_sig""], ""fx"": false, ""max_dias_fx"": 10, ""min_historia"": 200, ""periodos_por_anio"": 252, ""permitir_capturas"": false, ""rebalanceo_con_deriva"": true, ""segmentos"": [""dentro_muestra"", ""fuera_muestra""], ""senal"": ""cambio_de_mes_resto"", ""spread_por_lado"": 0.0015, ""usuario"": {""escenario_costos"": ""medio"", ""familia"": ""SPX"", ""tipo"": ""referencia"", ""ventana"": ""complemento de [-1, 3]""}, ""variante"": ""SPX_ref_resto""}",referencia; sensibilidad: spread medio 0.15% por lado
2026-09-25T07:01:52.670828Z,R09,9e01a742f9,US_tom_m1_p3,0,completo,1927-03-03,2026-07-31,26096,252,USD,7211.251261699435,0.09347574431707306,0.07082873653144746,0.8209692909821703,1.2324144303588396,-0.2277792076580436,0.4103787403519495,0.05171620423713915,-0.031774412379946715,63.87621532505258,0.9999999999999998,0.18274831391784183,0.18274831391784183,23.99122142660424,0.0,2385,0.10191085182649307,0.031921010768678704,0.0,0.0,2008-02-29,a167a7fa2e659d4e,French F-F_Research_Data_Factors_daily CRSP 202607 sha256 1916d331c2c51d2a,"{""comision_por_lado"": 0.0, ""cortes"": [""2008-02-29""], ""efectivo_en_mxn"": false, ""exposicion_inicial"": 0.0, ""exposicion_max"": 1.0, ""exposicion_min"": 0.0, ""extras"": [""pos_fin_sig"", ""pos_ini_sig""], ""fx"": false, ""max_dias_fx"": 10, ""min_historia"": 200, ""periodos_por_anio"": 252, ""permitir_capturas"": false, ""rebalanceo_con_deriva"": true, ""segmentos"": [""dentro_muestra"", ""fuera_muestra""], ""senal"": ""cambio_de_mes_m1_p3"", ""spread_por_lado"": 0.0, ""usuario"": {""escenario_costos"": ""bruto"", ""familia"": ""US"", ""tipo"": ""calendario"", ""ventana"": [-1, 3]}, ""variante"": ""US_tom_m1_p3""}",sensibilidad: bruto (sin comision ni spread)
2026-09-25T07:01:52.670828Z,R09,9e01a742f9,US_tom_m1_p3,0,dentro_muestra,1927-03-03,2008-02-29,21463,252,USD,3512.3569257713384,0.10605743229212083,0.06755390603279783,0.9543964855875576,1.4724546124628168,-0.2277792076580436,0.46561507251944123,0.06012132745282662,0.47796395117568197,71.04838984209337,1.0,0.1810091785864045,0.1810091785864045,23.989478754690197,0.0,1943,0.09773938002499216,0.036051376558446924,0.0,0.0,2008-02-29,a167a7fa2e659d4e,French F-F_Research_Data_Factors_daily CRSP 202607 sha256 1916d331c2c51d2a,"{""comision_por_lado"": 0.0, ""cortes"": [""2008-02-29""], ""efectivo_en_mxn"": false, ""exposicion_inicial"": 0.0, ""exposicion_max"": 1.0, ""exposicion_min"": 0.0, ""extras"": [""pos_fin_sig"", ""pos_ini_sig""], ""fx"": false, ""max_dias_fx"": 10, ""min_historia"": 200, ""periodos_por_anio"": 252, ""permitir_capturas"": false, ""rebalanceo_con_deriva"": true, ""segmentos"": [""dentro_muestra"", ""fuera_muestra""], ""senal"": ""cambio_de_mes_m1_p3"", ""spread_por_lado"": 0.0, ""usuario"": {""escenario_costos"": ""bruto"", ""familia"": ""US"", ""tipo"": ""calendario"", ""ventana"": [-1, 3]}, ""variante"": ""US_tom_m1_p3""}",sensibilidad: bruto (sin comision ni spread)
2026-09-25T07:01:52.670828Z,R09,9e01a742f9,US_tom_m1_p3,0,fuera_muestra,2008-02-29,2026-07-31,4633,252,USD,1.0528091549127243,0.039822751865619566,0.08430612486756206,0.3417597922542304,0.47659475791040806,-0.15810249874578308,0.2518793325945566,0.021528843295852196,-1.2220874432696023,43.36815901379338,0.9254724919413757,0.19080509389164688,0.19080509389164688,23.998885089936078,0.0,442,0.12044447891427623,0.01395165224305317,0.0,0.0,2008-02-29,a167a7fa2e659d4e,French F-F_Research_Data_Factors_daily CRSP 202607 sha256 1916d331c2c51d2a,"{""comision_por_lado"": 0.0, ""cortes"": [""2008-02-29""], ""efectivo_en_mxn"": false, ""exposicion_inicial"": 0.0, ""exposicion_max"": 1.0, ""exposicion_min"": 0.0, ""extras"": [""pos_fin_sig"", ""pos_ini_sig""], ""fx"": false, ""max_dias_fx"": 10, ""min_historia"": 200, ""periodos_por_anio"": 252, ""permitir_capturas"": false, ""rebalanceo_con_deriva"": true, ""segmentos"": [""dentro_muestra"", ""fuera_muestra""], ""senal"": ""cambio_de_mes_m1_p3"", ""spread_por_lado"": 0.0, ""usuario"": {""escenario_costos"": ""bruto"", ""familia"": ""US"", ""tipo"": ""calendario"", ""ventana"": [-1, 3]}, ""variante"": ""US_tom_m1_p3""}",sensibilidad: bruto (sin comision ni spread)
2026-09-25T07:01:53.030192Z,R09,bc0a10e2d8,US_tom_m2_p3,0,completo,1927-03-03,2026-07-31,26096,252,USD,22100.932990587884,0.10586355710681783,0.07935206431313148,0.8770743955350236,1.3266446036242576,-0.2837035615031749,0.3731484953728123,0.055250493616380285,0.33811368223226607,57.275873172219825,1.0,0.22846413243408953,0.22846413243408953,23.99122142660424,0.0,2385,0.10191085182649307,0.031921010768678704,0.0,0.0,2008-02-29,a167a7fa2e659d4e,French F-F_Research_Data_Factors_daily CRSP 202607 sha256 1916d331c2c51d2a,"{""comision_por_lado"": 0.0, ""cortes"": [""2008-02-29""], ""efectivo_en_mxn"": false, ""exposicion_inicial"": 0.0, ""exposicion_max"": 1.0, ""exposicion_min"": 0.0, ""extras"": [""pos_fin_sig"", ""pos_ini_sig""], ""fx"": false, ""max_dias_fx"": 10, ""min_historia"": 200, ""periodos_por_anio"": 252, ""permitir_capturas"": false, ""rebalanceo_con_deriva"": true, ""segmentos"": [""dentro_muestra"", ""fuera_muestra""], ""senal"": ""cambio_de_mes_m2_p3"", ""spread_por_lado"": 0.0, ""usuario"": {""escenario_costos"": ""bruto"", ""familia"": ""US"", ""tipo"": ""calendario"", ""ventana"": [-2, 3]}, ""variante"": ""US_tom_m2_p3""}",sensibilidad: bruto (sin comision ni spread)
2026-09-25T07:01:53.030192Z,R09,bc0a10e2d8,US_tom_m2_p3,0,dentro_muestra,1927-03-03,2008-02-29,21463,252,USD,8077.72097876177,0.11748696646738988,0.07560015543149338,0.9896620950489811,1.5441022149991845,-0.2837035615031749,0.41411875777976476,0.06234285203539931,1.0694001927190009,64.01538806892562,1.0,0.2262964170898756,0.2262964170898756,23.989478754690197,0.0,1943,0.09773938002499216,0.036051376558446924,0.0,0.0,2008-02-29,a167a7fa2e659d4e,French F-F_Research_Data_Factors_daily CRSP 202607 sha256 1916d331c2c51d2a,"{""comision_por_lado"": 0.0, ""cortes"": [""2008-02-29""], ""efectivo_en_mxn"": false, ""exposicion_inicial"": 0.0, ""exposicion_max"": 1.0, ""exposicion_min"": 0.0, ""extras"": [""pos_fin_sig"", ""pos_ini_sig""], ""fx"": false, ""max_dias_fx"": 10, ""min_historia"": 200, ""periodos_por_anio"": 252, ""permitir_capturas"": false, ""rebalanceo_con_deriva"": true, ""segmentos"": [""dentro_muestra"", ""fuera_muestra""], ""senal"": ""cambio_de_mes_m2_p3"", ""spread_por_lado"": 0.0, ""usuario"": {""escenario_costos"": ""bruto"", ""familia"": ""US"", ""tipo"": ""calendario"", ""ventana"": [-2, 3]}, ""variante"": ""US_tom_m2_p3""}",sensibilidad: bruto (sin comision ni spread)
2026-09-25T07:01:53.030192Z,R09,bc0a10e2d8,US_tom_m2_p3,0,fuera_muestra,2008-02-29,2026-07-31,4633,252,USD,1.735820812315687,0.05616595351134168,0.09478349108959287,0.4788074804224119,0.6674509270562353,-0.1561702294199001,0.3596457130143954,0.030162036168455465,-1.3793336599939923,38.303539622294686,0.9774240246472414,0.2385063673645586,0.2385063673645586,23.998885089936078,0.0,442,0.12044447891427623,0.01395165224305317,0.0,0.0,2008-02-29,a167a7fa2e659d4e,French F-F_Research_Data_Factors_daily CRSP 202607 sha256 1916d331c2c51d2a,"{""comision_por_lado"": 0.0, ""cortes"": [""2008-02-29""], ""efectivo_en_mxn"": false, ""exposicion_inicial"": 0.0, ""exposicion_max"": 1.0, ""exposicion_min"": 0.0, ""extras"": [""pos_fin_sig"", ""pos_ini_sig""], ""fx"": false, ""max_dias_fx"": 10, ""min_historia"": 200, ""periodos_por_anio"": 252, ""permitir_capturas"": false, ""rebalanceo_con_deriva"": true, ""segmentos"": [""dentro_muestra"", ""fuera_muestra""], ""senal"": ""cambio_de_mes_m2_p3"", ""spread_por_lado"": 0.0, ""usuario"": {""escenario_costos"": ""bruto"", ""familia"": ""US"", ""tipo"": ""calendario"", ""ventana"": [-2, 3]}, ""variante"": ""US_tom_m2_p3""}",sensibilidad: bruto (sin comision ni spread)
2026-09-25T07:01:53.366706Z,R09,8118d13bfa,US_tom_m3_p3,0,completo,1927-03-03,2026-07-31,26096,252,USD,24710.232893549975,0.10710562587724137,0.0873008725367141,0.8171733287849222,1.2070827462007903,-0.4233495900632297,0.25299569998696475,0.05147708109523151,-0.18131519801881762,51.21846465656744,0.9999999999999998,0.2741799509503372,0.2741799509503372,23.99122142660424,0.0,2385,0.10191085182649307,0.031921010768678704,0.0,0.0,2008-02-29,a167a7fa2e659d4e,French F-F_Research_Data_Factors_daily CRSP 202607 sha256 1916d331c2c51d2a,"{""comision_por_lado"": 0.0, ""cortes"": [""2008-02-29""], ""efectivo_en_mxn"": false, ""exposicion_inicial"": 0.0, ""exposicion_max"": 1.0, ""exposicion_min"": 0.0, ""extras"": [""pos_fin_sig"", ""pos_ini_sig""], ""fx"": false, ""max_dias_fx"": 10, ""min_historia"": 200, ""periodos_por_anio"": 252, ""permitir_capturas"": false, ""rebalanceo_con_deriva"": true, ""segmentos"": [""dentro_muestra"", ""fuera_muestra""], ""senal"": ""cambio_de_mes_m3_p3"", ""spread_por_lado"": 0.0, ""usuario"": {""escenario_costos"": ""bruto"", ""familia"": ""US"", ""tipo"": ""calendario"", ""ventana"": [-3, 3]}, ""variante"": ""US_tom_m3_p3""}",sensibilidad: bruto (sin comision ni spread)
2026-09-25T07:01:53.366706Z,R09,8118d13bfa,US_tom_m3_p3,0,dentro_muestra,1927-03-03,2008-02-29,21463,252,USD,7895.682937913587,0.11717256216887617,0.08371054048110267,0.898364846343745,1.3508194977073122,-0.4233495900632297,0.276774951291144,0.05659166595305483,0.18671385299835158,59.150127438149966,0.9999999999999998,0.2715836555933467,0.2715836555933467,23.989478754690197,0.0,1943,0.09773938002499216,0.036051376558446924,0.0,0.0,2008-02-29,a167a7fa2e659d4e,French F-F_Research_Data_Factors_daily CRSP 202607 sha256 1916d331c2c51d2a,"{""comision_por_lado"": 0.0, ""cortes"": [""2008-02-29""], ""efectivo_en_mxn"": false, ""exposicion_inicial"": 0.0, ""exposicion_max"": 1.0, ""exposicion_min"": 0.0, ""extras"": [""pos_fin_sig"", ""pos_ini_sig""], ""fx"": false, ""max_dias_fx"": 10, ""min_historia"": 200, ""periodos_por_anio"": 252, ""permitir_capturas"": false, ""rebalanceo_con_deriva"": true, ""segmentos"": [""dentro_muestra"", ""fuera_muestra""], ""senal"": ""cambio_de_mes_m3_p3"", ""spread_por_lado"": 0.0, ""usuario"": {""escenario_costos"": ""bruto"", ""familia"": ""US"", ""tipo"": ""calendario"", ""ventana"": [-3, 3]}, ""variante"": ""US_tom_m3_p3""}",sensibilidad: bruto (sin comision ni spread)
2026-09-25T07:01:53.366706Z,R09,8118d13bfa,US_tom_m3_p3,0,fuera_muestra,2008-02-29,2026-07-31,4633,252,USD,2.1293181058221617,0.06390046111420666,0.10228542373457183,0.5223491110818723,0.7329069042266798,-0.16556326350055284,0.3859579701628272,0.03290490108281636,-1.098247790900218,30.097348234826104,0.9858013478256924,0.2862076408374703,0.2862076408374703,23.998885089936078,0.0,442,0.12044447891427623,0.01395165224305317,0.0,0.0,2008-02-29,a167a7fa2e659d4e,French F-F_Research_Data_Factors_daily CRSP 202607 sha256 1916d331c2c51d2a,"{""comision_por_lado"": 0.0, ""cortes"": [""2008-02-29""], ""efectivo_en_mxn"": false, ""exposicion_inicial"": 0.0, ""exposicion_max"": 1.0, ""exposicion_min"": 0.0, ""extras"": [""pos_fin_sig"", ""pos_ini_sig""], ""fx"": false, ""max_dias_fx"": 10, ""min_historia"": 200, ""periodos_por_anio"": 252, ""permitir_capturas"": false, ""rebalanceo_con_deriva"": true, ""segmentos"": [""dentro_muestra"", ""fuera_muestra""], ""senal"": ""cambio_de_mes_m3_p3"", ""spread_por_lado"": 0.0, ""usuario"": {""escenario_costos"": ""bruto"", ""familia"": ""US"", ""tipo"": ""calendario"", ""ventana"": [-3, 3]}, ""variante"": ""US_tom_m3_p3""}",sensibilidad: bruto (sin comision ni spread)
2026-09-25T07:01:53.709137Z,R09,60c11e58d6,US_tom_m1_p2,0,completo,1927-03-03,2026-07-31,26096,252,USD,1489.1903113214637,0.07626771390336917,0.06102758107275109,0.6928644261418251,1.0142938031943167,-0.3208170821424198,0.2377295915605634,0.043646356282255924,-1.0457430375393306,82.2138034547263,0.9999999999936018,0.13707081545064378,0.13707081545064378,23.99122142660424,0.0,2385,0.10191085182649307,0.031921010768678704,0.0,0.0,2008-02-29,a167a7fa2e659d4e,French F-F_Research_Data_Factors_daily CRSP 202607 sha256 1916d331c2c51d2a,"{""comision_por_lado"": 0.0, ""cortes"": [""2008-02-29""], ""efectivo_en_mxn"": false, ""exposicion_inicial"": 0.0, ""exposicion_max"": 1.0, ""exposicion_min"": 0.0, ""extras"": [""pos_fin_sig"", ""pos_ini_sig""], ""fx"": false, ""max_dias_fx"": 10, ""min_historia"": 200, ""periodos_por_anio"": 252, ""permitir_capturas"": false, ""rebalanceo_con_deriva"": true, ""segmentos"": [""dentro_muestra"", ""fuera_muestra""], ""senal"": ""cambio_de_mes_m1_p2"", ""spread_por_lado"": 0.0, ""usuario"": {""escenario_costos"": ""bruto"", ""familia"": ""US"", ""tipo"": ""calendario"", ""ventana"": [-1, 2]}, ""variante"": ""US_tom_m1_p2""}",sensibilidad: bruto (sin comision ni spread)
2026-09-25T07:01:53.709137Z,R09,60c11e58d6,US_tom_m1_p2,0,dentro_muestra,1927-03-03,2008-02-29,21463,252,USD,855.4674748015593,0.0869487335048702,0.05810447197896669,0.8144322767111358,1.2114318461407105,-0.3208170821424198,0.27102276762891075,0.051304411044804925,-0.8918235572693058,88.03530892983521,0.999999999999586,0.13576853189209337,0.13576853189209337,23.989478754690197,0.0,1943,0.09773938002499216,0.036051376558446924,0.0,0.0,2008-02-29,a167a7fa2e659d4e,French F-F_Research_Data_Factors_daily CRSP 202607 sha256 1916d331c2c51d2a,"{""comision_por_lado"": 0.0, ""cortes"": [""2008-02-29""], ""efectivo_en_mxn"": false, ""exposicion_inicial"": 0.0, ""exposicion_max"": 1.0, ""exposicion_min"": 0.0, ""extras"": [""pos_fin_sig"", ""pos_ini_sig""], ""fx"": false, ""max_dias_fx"": 10, ""min_historia"": 200, ""periodos_por_anio"": 252, ""permitir_capturas"": false, ""rebalanceo_con_deriva"": true, ""segmentos"": [""dentro_muestra"", ""fuera_muestra""], ""senal"": ""cambio_de_mes_m1_p2"", ""spread_por_lado"": 0.0, ""usuario"": {""escenario_costos"": ""bruto"", ""familia"": ""US"", ""tipo"": ""calendario"", ""ventana"": [-1, 2]}, ""variante"": ""US_tom_m1_p2""}",sensibilidad: bruto (sin comision ni spread)
2026-09-25T07:01:53.709137Z,R09,60c11e58d6,US_tom_m1_p2,0,fuera_muestra,2008-02-29,2026-07-31,4633,252,USD,0.7399263313142521,0.0305282282885202,0.07301447391336055,0.2591949654132501,0.36304088891080866,-0.14965486367148628,0.203990886360593,0.016327748084843993,-1.333953100618771,62.28431616467977,0.8637117872181596,0.14310382041873515,0.14310382041873515,23.998885089936078,0.0,442,0.12044447891427623,0.01395165224305317,0.0,0.0,2008-02-29,a167a7fa2e659d4e,French F-F_Research_Data_Factors_daily CRSP 202607 sha256 1916d331c2c51d2a,"{""comision_por_lado"": 0.0, ""cortes"": [""2008-02-29""], ""efectivo_en_mxn"": false, ""exposicion_inicial"": 0.0, ""exposicion_max"": 1.0, ""exposicion_min"": 0.0, ""extras"": [""pos_fin_sig"", ""pos_ini_sig""], ""fx"": false, ""max_dias_fx"": 10, ""min_historia"": 200, ""periodos_por_anio"": 252, ""permitir_capturas"": false, ""rebalanceo_con_deriva"": true, ""segmentos"": [""dentro_muestra"", ""fuera_muestra""], ""senal"": ""cambio_de_mes_m1_p2"", ""spread_por_lado"": 0.0, ""usuario"": {""escenario_costos"": ""bruto"", ""familia"": ""US"", ""tipo"": ""calendario"", ""ventana"": [-1, 2]}, ""variante"": ""US_tom_m1_p2""}",sensibilidad: bruto (sin comision ni spread)
2026-09-25T07:01:54.033830Z,R09,d474ce7e93,US_tom_m1_p4,0,completo,1927-03-03,2026-07-31,26096,252,USD,11674.247544138003,0.09878695134344895,0.0814467184756069,0.7808174486067955,1.1730353946223209,-0.2752830925327947,0.35885586155888005,0.04918687591317947,0.9371748456661858,80.59133737564,0.9999999999999989,0.22846413243408953,0.22846413243408953,24.01133985128064,0.0,2387,0.10191085182649307,0.031921010768678704,0.0,0.0,2008-02-29,a167a7fa2e659d4e,French F-F_Research_Data_Factors_daily CRSP 202607 sha256 1916d331c2c51d2a,"{""comision_por_lado"": 0.0, ""cortes"": [""2008-02-29""], ""efectivo_en_mxn"": false, ""exposicion_inicial"": 0.0, ""exposicion_max"": 1.0, ""exposicion_min"": 0.0, ""extras"": [""pos_fin_sig"", ""pos_ini_sig""], ""fx"": false, ""max_dias_fx"": 10, ""min_historia"": 200, ""periodos_por_anio"": 252, ""permitir_capturas"": false, ""rebalanceo_con_deriva"": true, ""segmentos"": [""dentro_muestra"", ""fuera_muestra""], ""senal"": ""cambio_de_mes_m1_p4"", ""spread_por_lado"": 0.0, ""usuario"": {""escenario_costos"": ""bruto"", ""familia"": ""US"", ""tipo"": ""calendario"", ""ventana"": [-1, 4]}, ""variante"": ""US_tom_m1_p4""}",sensibilidad: bruto (sin comision ni spread)
2026-09-25T07:01:54.033830Z,R09,d474ce7e93,US_tom_m1_p4,0,dentro_muestra,1927-03-03,2008-02-29,21463,252,USD,6401.371761939117,0.11428282581506188,0.07750681455192328,0.9318255687110933,1.4530669589556806,-0.2752830925327947,0.415146548825723,0.058699493335735306,1.820590012184343,100.40009104994924,1.0,0.2262964170898756,0.2262964170898756,24.01417199067032,0.0,1945,0.09773938002499216,0.036051376558446924,0.0,0.0,2008-02-29,a167a7fa2e659d4e,French F-F_Research_Data_Factors_daily CRSP 202607 sha256 1916d331c2c51d2a,"{""comision_por_lado"": 0.0, ""cortes"": [""2008-02-29""], ""efectivo_en_mxn"": false, ""exposicion_inicial"": 0.0, ""exposicion_max"": 1.0, ""exposicion_min"": 0.0, ""extras"": [""pos_fin_sig"", ""pos_ini_sig""], ""fx"": false, ""max_dias_fx"": 10, ""min_historia"": 200, ""periodos_por_anio"": 252, ""permitir_capturas"": false, ""rebalanceo_con_deriva"": true, ""segmentos"": [""dentro_muestra"", ""fuera_muestra""], ""senal"": ""cambio_de_mes_m1_p4"", ""spread_por_lado"": 0.0, ""usuario"": {""escenario_costos"": ""bruto"", ""familia"": ""US"", ""tipo"": ""calendario"", ""ventana"": [-1, 4]}, ""variante"": ""US_tom_m1_p4""}",sensibilidad: bruto (sin comision ni spread)
2026-09-25T07:01:54.033830Z,R09,d474ce7e93,US_tom_m1_p4,0,fuera_muestra,2008-02-29,2026-07-31,4633,252,USD,0.8235816316611162,0.03315915044291895,0.09757786051587104,0.24169654047924746,0.3300097369619998,-0.2475613094841348,0.13394318567798652,0.015225450925065354,-1.1300387619441339,34.895359566870695,0.847656557800201,0.2385063673645586,0.2385063673645586,23.998885089936078,0.0,442,0.12044447891427623,0.01395165224305317,0.0,0.0,2008-02-29,a167a7fa2e659d4e,French F-F_Research_Data_Factors_daily CRSP 202607 sha256 1916d331c2c51d2a,"{""comision_por_lado"": 0.0, ""cortes"": [""2008-02-29""], ""efectivo_en_mxn"": false, ""exposicion_inicial"": 0.0, ""exposicion_max"": 1.0, ""exposicion_min"": 0.0, ""extras"": [""pos_fin_sig"", ""pos_ini_sig""], ""fx"": false, ""max_dias_fx"": 10, ""min_historia"": 200, ""periodos_por_anio"": 252, ""permitir_capturas"": false, ""rebalanceo_con_deriva"": true, ""segmentos"": [""dentro_muestra"", ""fuera_muestra""], ""senal"": ""cambio_de_mes_m1_p4"", ""spread_por_lado"": 0.0, ""usuario"": {""escenario_costos"": ""bruto"", ""familia"": ""US"", ""tipo"": ""calendario"", ""ventana"": [-1, 4]}, ""variante"": ""US_tom_m1_p4""}",sensibilidad: bruto (sin comision ni spread)
2026-09-25T07:01:54.354705Z,R09,05d484516b,US_ref_comprar_mantener,0,completo,1927-03-03,2026-07-31,26096,252,USD,15481.354434244777,0.10191085182649307,0.1715105700051597,0.4532453114146694,0.6388425302597,-0.8407399476860211,0.1212156649710574,0.028551770878791433,-0.15810750467209236,19.049285233152148,0.9999978202152868,1.0,1.0,0.010059212338198844,0.0,1,0.10191085182649307,0.031921010768678704,0.0,0.0,2008-02-29,a167a7fa2e659d4e,French F-F_Research_Data_Factors_daily CRSP 202607 sha256 1916d331c2c51d2a,"{""comision_por_lado"": 0.0, ""cortes"": [""2008-02-29""], ""efectivo_en_mxn"": false, ""exposicion_inicial"": 0.0, ""exposicion_max"": 1.0, ""exposicion_min"": 0.0, ""extras"": [""pos_fin_sig"", ""pos_ini_sig""], ""fx"": false, ""max_dias_fx"": 10, ""min_historia"": 200, ""periodos_por_anio"": 252, ""permitir_capturas"": false, ""rebalanceo_con_deriva"": true, ""segmentos"": [""dentro_muestra"", ""fuera_muestra""], ""senal"": ""senal_comprar_y_mantener"", ""spread_por_lado"": 0.0, ""usuario"": {""escenario_costos"": ""bruto"", ""familia"": ""US"", ""tipo"": ""referencia""}, ""variante"": ""US_ref_comprar_mantener""}",referencia; sensibilidad: bruto (sin comision ni spread)
2026-09-25T07:01:54.354705Z,R09,05d484516b,US_ref_comprar_mantener,0,dentro_muestra,1927-03-03,2008-02-29,21463,252,USD,1905.291462077215,0.09773938002499216,0.16435855376226355,0.4169534894137163,0.5887693965604385,-0.8407399476860211,0.11625399779563403,0.02626560098260228,-0.12309246013105654,20.54044855273073,0.9999372807686544,1.0,1.0,0.012346617990061861,0.0,1,0.09773938002499216,0.036051376558446924,0.0,0.0,2008-02-29,a167a7fa2e659d4e,French F-F_Research_Data_Factors_daily CRSP 202607 sha256 1916d331c2c51d2a,"{""comision_por_lado"": 0.0, ""cortes"": [""2008-02-29""], ""efectivo_en_mxn"": false, ""exposicion_inicial"": 0.0, ""exposicion_max"": 1.0, ""exposicion_min"": 0.0, ""extras"": [""pos_fin_sig"", ""pos_ini_sig""], ""fx"": false, ""max_dias_fx"": 10, ""min_historia"": 200, ""periodos_por_anio"": 252, ""permitir_capturas"": false, ""rebalanceo_con_deriva"": true, ""segmentos"": [""dentro_muestra"", ""fuera_muestra""], ""senal"": ""senal_comprar_y_mantener"", ""spread_por_lado"": 0.0, ""usuario"": {""escenario_costos"": ""bruto"", ""familia"": ""US"", ""tipo"": ""referencia""}, ""variante"": ""US_ref_comprar_mantener""}",referencia; sensibilidad: bruto (sin comision ni spread)
2026-09-25T07:01:54.354705Z,R09,05d484516b,US_ref_comprar_mantener,0,fuera_muestra,2008-02-29,2026-07-31,4633,252,USD,7.121714198611734,0.12044447891427623,0.20136782561667763,0.5978876119413076,0.8379822514316426,-0.5072866327433798,0.23742884424712463,0.03766337936102361,-0.25366858236263967,14.252716904875268,0.9945400034531497,1.0,1.0,0.0,0.0,0,0.12044447891427623,0.01395165224305317,0.0,0.0,2008-02-29,a167a7fa2e659d4e,French F-F_Research_Data_Factors_daily CRSP 202607 sha256 1916d331c2c51d2a,"{""comision_por_lado"": 0.0, ""cortes"": [""2008-02-29""], ""efectivo_en_mxn"": false, ""exposicion_inicial"": 0.0, ""exposicion_max"": 1.0, ""exposicion_min"": 0.0, ""extras"": [""pos_fin_sig"", ""pos_ini_sig""], ""fx"": false, ""max_dias_fx"": 10, ""min_historia"": 200, ""periodos_por_anio"": 252, ""permitir_capturas"": false, ""rebalanceo_con_deriva"": true, ""segmentos"": [""dentro_muestra"", ""fuera_muestra""], ""senal"": ""senal_comprar_y_mantener"", ""spread_por_lado"": 0.0, ""usuario"": {""escenario_costos"": ""bruto"", ""familia"": ""US"", ""tipo"": ""referencia""}, ""variante"": ""US_ref_comprar_mantener""}",referencia; sensibilidad: bruto (sin comision ni spread)
2026-09-25T07:01:54.615408Z,R09,1446223fe0,US_ref_efectivo,0,completo,1927-03-03,2026-07-31,26096,252,USD,21.730693867999154,0.031921010768678704,0.001950176739078252,0.0,0.0,0.0,inf,,0.0,3.0,,0.0,0.0,0.0,0.0,0,0.10191085182649307,0.031921010768678704,0.0,0.0,2008-02-29,a167a7fa2e659d4e,French F-F_Research_Data_Factors_daily CRSP 202607 sha256 1916d331c2c51d2a,"{""comision_por_lado"": 0.0, ""cortes"": [""2008-02-29""], ""efectivo_en_mxn"": false, ""exposicion_inicial"": 0.0, ""exposicion_max"": 1.0, ""exposicion_min"": 0.0, ""extras"": [""pos_fin_sig"", ""pos_ini_sig""], ""fx"": false, ""max_dias_fx"": 10, ""min_historia"": 200, ""periodos_por_anio"": 252, ""permitir_capturas"": false, ""rebalanceo_con_deriva"": true, ""segmentos"": [""dentro_muestra"", ""fuera_muestra""], ""senal"": ""senal_efectivo"", ""spread_por_lado"": 0.0, ""usuario"": {""escenario_costos"": ""bruto"", ""familia"": ""US"", ""tipo"": ""referencia""}, ""variante"": ""US_ref_efectivo""}",referencia; sensibilidad: bruto (sin comision ni spread)
2026-09-25T07:01:54.615408Z,R09,1446223fe0,US_ref_efectivo,0,dentro_muestra,1927-03-03,2008-02-29,21463,252,USD,16.61123888768646,0.036051376558446924,0.0020042969050051438,0.0,0.0,0.0,inf,,0.0,3.0,,0.0,0.0,0.0,0.0,0,0.09773938002499216,0.036051376558446924,0.0,0.0,2008-02-29,a167a7fa2e659d4e,French F-F_Research_Data_Factors_daily CRSP 202607 sha256 1916d331c2c51d2a,"{""comision_por_lado"": 0.0, ""cortes"": [""2008-02-29""], ""efectivo_en_mxn"": false, ""exposicion_inicial"": 0.0, ""exposicion_max"": 1.0, ""exposicion_min"": 0.0, ""extras"": [""pos_fin_sig"", ""pos_ini_sig""], ""fx"": false, ""max_dias_fx"": 10, ""min_historia"": 200, ""periodos_por_anio"": 252, ""permitir_capturas"": false, ""rebalanceo_con_deriva"": true, ""segmentos"": [""dentro_muestra"", ""fuera_muestra""], ""senal"": ""senal_efectivo"", ""spread_por_lado"": 0.0, ""usuario"": {""escenario_costos"": ""bruto"", ""familia"": ""US"", ""tipo"": ""referencia""}, ""variante"": ""US_ref_efectivo""}",referencia; sensibilidad: bruto (sin comision ni spread)
2026-09-25T07:01:54.615408Z,R09,1446223fe0,US_ref_efectivo,0,fuera_muestra,2008-02-29,2026-07-31,4633,252,USD,0.290692495454822,0.01395165224305317,0.001237809628549491,0.0,0.0,0.0,inf,,0.0,3.0,,0.0,0.0,0.0,0.0,0,0.12044447891427623,0.01395165224305317,0.0,0.0,2008-02-29,a167a7fa2e659d4e,French F-F_Research_Data_Factors_daily CRSP 202607 sha256 1916d331c2c51d2a,"{""comision_por_lado"": 0.0, ""cortes"": [""2008-02-29""], ""efectivo_en_mxn"": false, ""exposicion_inicial"": 0.0, ""exposicion_max"": 1.0, ""exposicion_min"": 0.0, ""extras"": [""pos_fin_sig"", ""pos_ini_sig""], ""fx"": false, ""max_dias_fx"": 10, ""min_historia"": 200, ""periodos_por_anio"": 252, ""permitir_capturas"": false, ""rebalanceo_con_deriva"": true, ""segmentos"": [""dentro_muestra"", ""fuera_muestra""], ""senal"": ""senal_efectivo"", ""spread_por_lado"": 0.0, ""usuario"": {""escenario_costos"": ""bruto"", ""familia"": ""US"", ""tipo"": ""referencia""}, ""variante"": ""US_ref_efectivo""}",referencia; sensibilidad: bruto (sin comision ni spread)
2026-09-25T07:01:55.054530Z,R09,5969c84d58,US_ref_sma200,0,completo,1927-03-03,2026-07-31,26096,252,USD,51114.74533655713,0.11522976364025128,0.11254409078311756,0.7186787500673506,1.009343946241023,-0.33559862661201234,0.34335588558134694,0.04527250583868938,-0.3763122253912216,18.42623140484877,0.9999999999997404,0.7249003678724709,0.7249003678724709,5.663336546405949,0.0,563,0.10191085182649307,0.031921010768678704,0.0,0.0,2008-02-29,a167a7fa2e659d4e,French F-F_Research_Data_Factors_daily CRSP 202607 sha256 1916d331c2c51d2a,"{""comision_por_lado"": 0.0, ""cortes"": [""2008-02-29""], ""efectivo_en_mxn"": false, ""exposicion_inicial"": 0.0, ""exposicion_max"": 1.0, ""exposicion_min"": 0.0, ""extras"": [""pos_fin_sig"", ""pos_ini_sig""], ""fx"": false, ""max_dias_fx"": 10, ""min_historia"": 200, ""periodos_por_anio"": 252, ""permitir_capturas"": false, ""rebalanceo_con_deriva"": true, ""segmentos"": [""dentro_muestra"", ""fuera_muestra""], ""senal"": ""media_movil_200"", ""spread_por_lado"": 0.0, ""usuario"": {""escenario_costos"": ""bruto"", ""familia"": ""US"", ""tipo"": ""referencia"", ""ventana"": 200}, ""variante"": ""US_ref_sma200""}",referencia; sensibilidad: bruto (sin comision ni spread)
2026-09-25T07:01:55.054530Z,R09,5969c84d58,US_ref_sma200,0,dentro_muestra,1927-03-03,2008-02-29,21463,252,USD,9382.598995250317,0.11955472704166414,0.11085569865608509,0.7204984980374322,1.019610132487827,-0.33559862661201234,0.3562431951781558,0.0453871391857763,-0.2746687451803481,21.63669743507097,0.9999999999754605,0.7135535572846293,0.7135535572846293,5.728830747388703,0.0,464,0.09773938002499216,0.036051376558446924,0.0,0.0,2008-02-29,a167a7fa2e659d4e,French F-F_Research_Data_Factors_daily CRSP 202607 sha256 1916d331c2c51d2a,"{""comision_por_lado"": 0.0, ""cortes"": [""2008-02-29""], ""efectivo_en_mxn"": false, ""exposicion_inicial"": 0.0, ""exposicion_max"": 1.0, ""exposicion_min"": 0.0, ""extras"": [""pos_fin_sig"", ""pos_ini_sig""], ""fx"": false, ""max_dias_fx"": 10, ""min_historia"": 200, ""periodos_por_anio"": 252, ""permitir_capturas"": false, ""rebalanceo_con_deriva"": true, ""segmentos"": [""dentro_muestra"", ""fuera_muestra""], ""senal"": ""media_movil_200"", ""spread_por_lado"": 0.0, ""usuario"": {""escenario_costos"": ""bruto"", ""familia"": ""US"", ""tipo"": ""referencia"", ""ventana"": 200}, ""variante"": ""US_ref_sma200""}",referencia; sensibilidad: bruto (sin comision ni spread)
2026-09-25T07:01:55.054530Z,R09,5969c84d58,US_ref_sma200,0,fuera_muestra,2008-02-29,2026-07-31,4633,252,USD,4.447349717568961,0.09640751388088731,0.12006631233635853,0.7126664207591881,0.972474477673745,-0.22034718644930573,0.4375255043388872,0.044893764692269786,-0.7456117333397346,7.286170601699261,0.9986542273595433,0.7774660047485431,0.7774660047485431,5.375315891184778,0.0,99,0.12044447891427623,0.01395165224305317,0.0,0.0,2008-02-29,a167a7fa2e659d4e,French F-F_Research_Data_Factors_daily CRSP 202607 sha256 1916d331c2c51d2a,"{""comision_por_lado"": 0.0, ""cortes"": [""2008-02-29""], ""efectivo_en_mxn"": false, ""exposicion_inicial"": 0.0, ""exposicion_max"": 1.0, ""exposicion_min"": 0.0, ""extras"": [""pos_fin_sig"", ""pos_ini_sig""], ""fx"": false, ""max_dias_fx"": 10, ""min_historia"": 200, ""periodos_por_anio"": 252, ""permitir_capturas"": false, ""rebalanceo_con_deriva"": true, ""segmentos"": [""dentro_muestra"", ""fuera_muestra""], ""senal"": ""media_movil_200"", ""spread_por_lado"": 0.0, ""usuario"": {""escenario_costos"": ""bruto"", ""familia"": ""US"", ""tipo"": ""referencia"", ""ventana"": 200}, ""variante"": ""US_ref_sma200""}",referencia; sensibilidad: bruto (sin comision ni spread)
2026-09-25T07:01:55.400612Z,R09,857a80b85c,US_ref_resto,0,completo,1927-03-03,2026-07-31,26096,252,USD,47.7953963652883,0.039881283058485595,0.15624344990583772,0.12546514268365677,0.1747604987579973,-0.8282190005757042,0.04815306462513378,0.00790356108924264,-0.13101911504599284,24.950968572893228,0.8989936393065583,0.8172516860821581,0.8172516860821581,24.00128063894244,0.0,2386,0.10191085182649307,0.031921010768678704,0.0,0.0,2008-02-29,a167a7fa2e659d4e,French F-F_Research_Data_Factors_daily CRSP 202607 sha256 1916d331c2c51d2a,"{""comision_por_lado"": 0.0, ""cortes"": [""2008-02-29""], ""efectivo_en_mxn"": false, ""exposicion_inicial"": 0.0, ""exposicion_max"": 1.0, ""exposicion_min"": 0.0, ""extras"": [""pos_fin_sig"", ""pos_ini_sig""], ""fx"": false, ""max_dias_fx"": 10, ""min_historia"": 200, ""periodos_por_anio"": 252, ""permitir_capturas"": false, ""rebalanceo_con_deriva"": true, ""segmentos"": [""dentro_muestra"", ""fuera_muestra""], ""senal"": ""cambio_de_mes_resto"", ""spread_por_lado"": 0.0, ""usuario"": {""escenario_costos"": ""bruto"", ""familia"": ""US"", ""tipo"": ""referencia"", ""ventana"": ""complemento de [-1, 3]""}, ""variante"": ""US_ref_resto""}",referencia; sensibilidad: bruto (sin comision ni spread)
2026-09-25T07:01:55.400612Z,R09,857a80b85c,US_ref_resto,0,dentro_muestra,1927-03-03,2008-02-29,21463,252,USD,8.555577482589026,0.028259801500916115,0.1498542703719166,0.027138575405939797,0.03770674743972181,-0.8282190005757042,0.034121170223422086,0.0017095695585878682,-0.12386797092894497,26.78005724205422,0.5988693402484252,0.8189908214135955,0.8189908214135955,24.00182537268026,0.0,1944,0.09773938002499216,0.036051376558446924,0.0,0.0,2008-02-29,a167a7fa2e659d4e,French F-F_Research_Data_Factors_daily CRSP 202607 sha256 1916d331c2c51d2a,"{""comision_por_lado"": 0.0, ""cortes"": [""2008-02-29""], ""efectivo_en_mxn"": false, ""exposicion_inicial"": 0.0, ""exposicion_max"": 1.0, ""exposicion_min"": 0.0, ""extras"": [""pos_fin_sig"", ""pos_ini_sig""], ""fx"": false, ""max_dias_fx"": 10, ""min_historia"": 200, ""periodos_por_anio"": 252, ""permitir_capturas"": false, ""rebalanceo_con_deriva"": true, ""segmentos"": [""dentro_muestra"", ""fuera_muestra""], ""senal"": ""cambio_de_mes_resto"", ""spread_por_lado"": 0.0, ""usuario"": {""escenario_costos"": ""bruto"", ""familia"": ""US"", ""tipo"": ""referencia"", ""ventana"": ""complemento de [-1, 3]""}, ""variante"": ""US_ref_resto""}",referencia; sensibilidad: bruto (sin comision ni spread)
2026-09-25T07:01:55.400612Z,R09,857a80b85c,US_ref_resto,0,fuera_muestra,2008-02-29,2026-07-31,4633,252,USD,4.10648325066669,0.09256748672158022,0.18293156533408217,0.5006539661910896,0.7026782344912882,-0.44546436220749375,0.20779998261334096,0.031538235415232437,-0.16893101724679807,18.948151888050187,0.9836612349400049,0.8091949061083531,0.8091949061083531,23.998885089936078,0.0,442,0.12044447891427623,0.01395165224305317,0.0,0.0,2008-02-29,a167a7fa2e659d4e,French F-F_Research_Data_Factors_daily CRSP 202607 sha256 1916d331c2c51d2a,"{""comision_por_lado"": 0.0, ""cortes"": [""2008-02-29""], ""efectivo_en_mxn"": false, ""exposicion_inicial"": 0.0, ""exposicion_max"": 1.0, ""exposicion_min"": 0.0, ""extras"": [""pos_fin_sig"", ""pos_ini_sig""], ""fx"": false, ""max_dias_fx"": 10, ""min_historia"": 200, ""periodos_por_anio"": 252, ""permitir_capturas"": false, ""rebalanceo_con_deriva"": true, ""segmentos"": [""dentro_muestra"", ""fuera_muestra""], ""senal"": ""cambio_de_mes_resto"", ""spread_por_lado"": 0.0, ""usuario"": {""escenario_costos"": ""bruto"", ""familia"": ""US"", ""tipo"": ""referencia"", ""ventana"": ""complemento de [-1, 3]""}, ""variante"": ""US_ref_resto""}",referencia; sensibilidad: bruto (sin comision ni spread)
2026-09-25T07:01:55.732020Z,R09,a8bf541b9e,SPX_tom_m1_p3,0,completo,1928-10-17,2026-07-31,24561,252,USD,3130.883385732809,0.08580012596323128,0.08100936089587037,0.6708219731570083,0.9959663419222597,-0.31787209996022703,0.2699202791750733,0.042257812261216436,-0.028075237073249854,74.37397840241292,0.9999999999631377,0.19107528195106063,0.19107528195106063,24.001616922387726,0.0,2347,0.06154047491041226,0.03193266042262244,0.0,0.0,2008-02-29,f1c02485bcdc828c,"Yahoo ^GSPC 1d (precio, sin dividendos) 1928-01-03 a 2026-07-31; RF French diaria compuesta en (d-1, d]; French F-F_Research_Data_Factors_daily CRSP 202607 sha256 1916d331c2c51d2a","{""comision_por_lado"": 0.0, ""cortes"": [""2008-02-29""], ""efectivo_en_mxn"": false, ""exposicion_inicial"": 0.0, ""exposicion_max"": 1.0, ""exposicion_min"": 0.0, ""extras"": [""pos_fin_sig"", ""pos_ini_sig""], ""fx"": false, ""max_dias_fx"": 10, ""min_historia"": 200, ""periodos_por_anio"": 252, ""permitir_capturas"": false, ""rebalanceo_con_deriva"": true, ""segmentos"": [""dentro_muestra"", ""fuera_muestra""], ""senal"": ""cambio_de_mes_m1_p3"", ""spread_por_lado"": 0.0, ""usuario"": {""escenario_costos"": ""bruto"", ""familia"": ""SPX"", ""tipo"": ""calendario"", ""ventana"": [-1, 3]}, ""variante"": ""SPX_tom_m1_p3""}",sensibilidad: bruto (sin comision ni spread)
2026-09-25T07:01:55.732020Z,R09,a8bf541b9e,SPX_tom_m1_p3,0,dentro_muestra,1928-10-17,2008-02-29,19928,252,USD,1614.6924652474154,0.09754935260977371,0.08060436600790098,0.7571282293280563,1.1423213630343019,-0.31787209996022703,0.30688239899626085,0.04769459536639802,0.2503173864905991,81.46733477294569,0.9999999999822411,0.19113809714973906,0.19113809714973906,24.00225085377212,0.0,1905,0.053174605081758974,0.036150594213266274,0.0,0.0,2008-02-29,f1c02485bcdc828c,"Yahoo ^GSPC 1d (precio, sin dividendos) 1928-01-03 a 2026-07-31; RF French diaria compuesta en (d-1, d]; French F-F_Research_Data_Factors_daily CRSP 202607 sha256 1916d331c2c51d2a","{""comision_por_lado"": 0.0, ""cortes"": [""2008-02-29""], ""efectivo_en_mxn"": false, ""exposicion_inicial"": 0.0, ""exposicion_max"": 1.0, ""exposicion_min"": 0.0, ""extras"": [""pos_fin_sig"", ""pos_ini_sig""], ""fx"": false, ""max_dias_fx"": 10, ""min_historia"": 200, ""periodos_por_anio"": 252, ""permitir_capturas"": false, ""rebalanceo_con_deriva"": true, ""segmentos"": [""dentro_muestra"", ""fuera_muestra""], ""senal"": ""cambio_de_mes_m1_p3"", ""spread_por_lado"": 0.0, ""usuario"": {""escenario_costos"": ""bruto"", ""familia"": ""SPX"", ""tipo"": ""calendario"", ""ventana"": [-1, 3]}, ""variante"": ""SPX_tom_m1_p3""}",sensibilidad: bruto (sin comision ni spread)
2026-09-25T07:01:55.732020Z,R09,a8bf541b9e,SPX_tom_m1_p3,0,fuera_muestra,2008-02-29,2026-07-31,4633,252,USD,0.9384155420030431,0.03659056239145997,0.08267380571339879,0.3091106921741211,0.43176888627685134,-0.1521065165375206,0.2405588085533078,0.01947214331151819,-1.1355752783830055,46.59050288765177,0.904576035786577,0.19080509389164688,0.19080509389164688,23.998885089936078,0.0,442,0.09835886145831152,0.01395165224305317,0.0,0.0,2008-02-29,f1c02485bcdc828c,"Yahoo ^GSPC 1d (precio, sin dividendos) 1928-01-03 a 2026-07-31; RF French diaria compuesta en (d-1, d]; French F-F_Research_Data_Factors_daily CRSP 202607 sha256 1916d331c2c51d2a","{""comision_por_lado"": 0.0, ""cortes"": [""2008-02-29""], ""efectivo_en_mxn"": false, ""exposicion_inicial"": 0.0, ""exposicion_max"": 1.0, ""exposicion_min"": 0.0, ""extras"": [""pos_fin_sig"", ""pos_ini_sig""], ""fx"": false, ""max_dias_fx"": 10, ""min_historia"": 200, ""periodos_por_anio"": 252, ""permitir_capturas"": false, ""rebalanceo_con_deriva"": true, ""segmentos"": [""dentro_muestra"", ""fuera_muestra""], ""senal"": ""cambio_de_mes_m1_p3"", ""spread_por_lado"": 0.0, ""usuario"": {""escenario_costos"": ""bruto"", ""familia"": ""SPX"", ""tipo"": ""calendario"", ""ventana"": [-1, 3]}, ""variante"": ""SPX_tom_m1_p3""}",sensibilidad: bruto (sin comision ni spread)
2026-09-25T07:01:56.066278Z,R09,55309d599e,SPX_tom_m2_p3,0,completo,1928-10-17,2026-07-31,24561,252,USD,7638.0414357815525,0.09574609703151271,0.09067714555773897,0.7092836722092919,1.0548457481409752,-0.43865244150246263,0.2182732568490108,0.04468067156343908,0.21205864949378406,63.51981681081182,0.9999999999978557,0.2388746386547779,0.2388746386547779,24.001616922387726,0.0,2347,0.06154047491041226,0.03193266042262244,0.0,0.0,2008-02-29,f1c02485bcdc828c,"Yahoo ^GSPC 1d (precio, sin dividendos) 1928-01-03 a 2026-07-31; RF French diaria compuesta en (d-1, d]; French F-F_Research_Data_Factors_daily CRSP 202607 sha256 1916d331c2c51d2a","{""comision_por_lado"": 0.0, ""cortes"": [""2008-02-29""], ""efectivo_en_mxn"": false, ""exposicion_inicial"": 0.0, ""exposicion_max"": 1.0, ""exposicion_min"": 0.0, ""extras"": [""pos_fin_sig"", ""pos_ini_sig""], ""fx"": false, ""max_dias_fx"": 10, ""min_historia"": 200, ""periodos_por_anio"": 252, ""permitir_capturas"": false, ""rebalanceo_con_deriva"": true, ""segmentos"": [""dentro_muestra"", ""fuera_muestra""], ""senal"": ""cambio_de_mes_m2_p3"", ""spread_por_lado"": 0.0, ""usuario"": {""escenario_costos"": ""bruto"", ""familia"": ""SPX"", ""tipo"": ""calendario"", ""ventana"": [-2, 3]}, ""variante"": ""SPX_tom_m2_p3""}",sensibilidad: bruto (sin comision ni spread)
2026-09-25T07:01:56.066278Z,R09,55309d599e,SPX_tom_m2_p3,0,dentro_muestra,1928-10-17,2008-02-29,19928,252,USD,3082.277115926712,0.10652233923440435,0.09005083173528315,0.777310531029089,1.1778194410220177,-0.43865244150246263,0.24283995518079507,0.04896596087082203,0.6538800620580675,68.93230129374001,0.9999999999970555,0.23896025692492975,0.23896025692492975,24.00225085377212,0.0,1905,0.053174605081758974,0.036150594213266274,0.0,0.0,2008-02-29,f1c02485bcdc828c,"Yahoo ^GSPC 1d (precio, sin dividendos) 1928-01-03 a 2026-07-31; RF French diaria compuesta en (d-1, d]; French F-F_Research_Data_Factors_daily CRSP 202607 sha256 1916d331c2c51d2a","{""comision_por_lado"": 0.0, ""cortes"": [""2008-02-29""], ""efectivo_en_mxn"": false, ""exposicion_inicial"": 0.0, ""exposicion_max"": 1.0, ""exposicion_min"": 0.0, ""extras"": [""pos_fin_sig"", ""pos_ini_sig""], ""fx"": false, ""max_dias_fx"": 10, ""min_historia"": 200, ""periodos_por_anio"": 252, ""permitir_capturas"": false, ""rebalanceo_con_deriva"": true, ""segmentos"": [""dentro_muestra"", ""fuera_muestra""], ""senal"": ""cambio_de_mes_m2_p3"", ""spread_por_lado"": 0.0, ""usuario"": {""escenario_costos"": ""bruto"", ""familia"": ""SPX"", ""tipo"": ""calendario"", ""ventana"": [-2, 3]}, ""variante"": ""SPX_tom_m2_p3""}",sensibilidad: bruto (sin comision ni spread)
2026-09-25T07:01:56.066278Z,R09,55309d599e,SPX_tom_m2_p3,0,fuera_muestra,2008-02-29,2026-07-31,4633,252,USD,1.477572124906323,0.0504952660582787,0.0932866205161804,0.4271757944204987,0.5931382522748839,-0.1734236114936779,0.2911671924218894,0.02690954567007363,-1.4955493974139218,42.94843790122525,0.9632035775568607,0.2385063673645586,0.2385063673645586,23.998885089936078,0.0,442,0.09835886145831152,0.01395165224305317,0.0,0.0,2008-02-29,f1c02485bcdc828c,"Yahoo ^GSPC 1d (precio, sin dividendos) 1928-01-03 a 2026-07-31; RF French diaria compuesta en (d-1, d]; French F-F_Research_Data_Factors_daily CRSP 202607 sha256 1916d331c2c51d2a","{""comision_por_lado"": 0.0, ""cortes"": [""2008-02-29""], ""efectivo_en_mxn"": false, ""exposicion_inicial"": 0.0, ""exposicion_max"": 1.0, ""exposicion_min"": 0.0, ""extras"": [""pos_fin_sig"", ""pos_ini_sig""], ""fx"": false, ""max_dias_fx"": 10, ""min_historia"": 200, ""periodos_por_anio"": 252, ""permitir_capturas"": false, ""rebalanceo_con_deriva"": true, ""segmentos"": [""dentro_muestra"", ""fuera_muestra""], ""senal"": ""cambio_de_mes_m2_p3"", ""spread_por_lado"": 0.0, ""usuario"": {""escenario_costos"": ""bruto"", ""familia"": ""SPX"", ""tipo"": ""calendario"", ""ventana"": [-2, 3]}, ""variante"": ""SPX_tom_m2_p3""}",sensibilidad: bruto (sin comision ni spread)
2026-09-25T07:01:56.463699Z,R09,196f477137,SPX_tom_m3_p3,0,completo,1928-10-17,2026-07-31,24561,252,USD,6756.293651391025,0.09437258844364127,0.09878939367308887,0.6461304454857807,0.9449218625275263,-0.5429729821918825,0.17380715346586198,0.04070239222054172,-0.0794737890951617,51.55974286020935,0.9999999998540263,0.2866739953584952,0.2866739953584952,24.001616922387726,0.0,2347,0.06154047491041226,0.03193266042262244,0.0,0.0,2008-02-29,f1c02485bcdc828c,"Yahoo ^GSPC 1d (precio, sin dividendos) 1928-01-03 a 2026-07-31; RF French diaria compuesta en (d-1, d]; French F-F_Research_Data_Factors_daily CRSP 202607 sha256 1916d331c2c51d2a","{""comision_por_lado"": 0.0, ""cortes"": [""2008-02-29""], ""efectivo_en_mxn"": false, ""exposicion_inicial"": 0.0, ""exposicion_max"": 1.0, ""exposicion_min"": 0.0, ""extras"": [""pos_fin_sig"", ""pos_ini_sig""], ""fx"": false, ""max_dias_fx"": 10, ""min_historia"": 200, ""periodos_por_anio"": 252, ""permitir_capturas"": false, ""rebalanceo_con_deriva"": true, ""segmentos"": [""dentro_muestra"", ""fuera_muestra""], ""senal"": ""cambio_de_mes_m3_p3"", ""spread_por_lado"": 0.0, ""usuario"": {""escenario_costos"": ""bruto"", ""familia"": ""SPX"", ""tipo"": ""calendario"", ""ventana"": [-3, 3]}, ""variante"": ""SPX_tom_m3_p3""}",sensibilidad: bruto (sin comision ni spread)
2026-09-25T07:01:56.463699Z,R09,196f477137,SPX_tom_m3_p3,0,dentro_muestra,1928-10-17,2008-02-29,19928,252,USD,2474.256585997993,0.1034642825603247,0.09839575143451397,0.6912393593774033,1.0231575513763178,-0.5429729821918825,0.19055143801567867,0.04354398669838601,0.20141482405454889,56.017677794844886,0.9999999994503584,0.28678241670012045,0.28678241670012045,24.00225085377212,0.0,1905,0.053174605081758974,0.036150594213266274,0.0,0.0,2008-02-29,f1c02485bcdc828c,"Yahoo ^GSPC 1d (precio, sin dividendos) 1928-01-03 a 2026-07-31; RF French diaria compuesta en (d-1, d]; French F-F_Research_Data_Factors_daily CRSP 202607 sha256 1916d331c2c51d2a","{""comision_por_lado"": 0.0, ""cortes"": [""2008-02-29""], ""efectivo_en_mxn"": false, ""exposicion_inicial"": 0.0, ""exposicion_max"": 1.0, ""exposicion_min"": 0.0, ""extras"": [""pos_fin_sig"", ""pos_ini_sig""], ""fx"": false, ""max_dias_fx"": 10, ""min_historia"": 200, ""periodos_por_anio"": 252, ""permitir_capturas"": false, ""rebalanceo_con_deriva"": true, ""segmentos"": [""dentro_muestra"", ""fuera_muestra""], ""senal"": ""cambio_de_mes_m3_p3"", ""spread_por_lado"": 0.0, ""usuario"": {""escenario_costos"": ""bruto"", ""familia"": ""SPX"", ""tipo"": ""calendario"", ""ventana"": [-3, 3]}, ""variante"": ""SPX_tom_m3_p3""}",sensibilidad: bruto (sin comision ni spread)
2026-09-25T07:01:56.463699Z,R09,196f477137,SPX_tom_m3_p3,0,fuera_muestra,2008-02-29,2026-07-31,4633,252,USD,1.7299366415650064,0.056042489424224406,0.10044476221767809,0.45614081509341864,0.6365124939004578,-0.17626856497861199,0.3179380817619096,0.02873417046579722,-1.2143308927775778,33.7760429143812,0.9723244195786374,0.2862076408374703,0.2862076408374703,23.998885089936078,0.0,442,0.09835886145831152,0.01395165224305317,0.0,0.0,2008-02-29,f1c02485bcdc828c,"Yahoo ^GSPC 1d (precio, sin dividendos) 1928-01-03 a 2026-07-31; RF French diaria compuesta en (d-1, d]; French F-F_Research_Data_Factors_daily CRSP 202607 sha256 1916d331c2c51d2a","{""comision_por_lado"": 0.0, ""cortes"": [""2008-02-29""], ""efectivo_en_mxn"": false, ""exposicion_inicial"": 0.0, ""exposicion_max"": 1.0, ""exposicion_min"": 0.0, ""extras"": [""pos_fin_sig"", ""pos_ini_sig""], ""fx"": false, ""max_dias_fx"": 10, ""min_historia"": 200, ""periodos_por_anio"": 252, ""permitir_capturas"": false, ""rebalanceo_con_deriva"": true, ""segmentos"": [""dentro_muestra"", ""fuera_muestra""], ""senal"": ""cambio_de_mes_m3_p3"", ""spread_por_lado"": 0.0, ""usuario"": {""escenario_costos"": ""bruto"", ""familia"": ""SPX"", ""tipo"": ""calendario"", ""ventana"": [-3, 3]}, ""variante"": ""SPX_tom_m3_p3""}",sensibilidad: bruto (sin comision ni spread)
2026-09-25T07:01:56.877538Z,R09,ed31dbfd64,SPX_tom_m1_p2,0,completo,1928-10-17,2026-07-31,24561,252,USD,888.3415767549485,0.07191087466810742,0.0693736950299187,0.584576664740125,0.8633025673651339,-0.3566378794656153,0.20163554913420403,0.03682486850366551,-0.15968218650106045,98.91715661624347,0.999999992497357,0.14331664020194618,0.14331664020194618,24.001616922387726,0.0,2347,0.06154047491041226,0.03193266042262244,0.0,0.0,2008-02-29,f1c02485bcdc828c,"Yahoo ^GSPC 1d (precio, sin dividendos) 1928-01-03 a 2026-07-31; RF French diaria compuesta en (d-1, d]; French F-F_Research_Data_Factors_daily CRSP 202607 sha256 1916d331c2c51d2a","{""comision_por_lado"": 0.0, ""cortes"": [""2008-02-29""], ""efectivo_en_mxn"": false, ""exposicion_inicial"": 0.0, ""exposicion_max"": 1.0, ""exposicion_min"": 0.0, ""extras"": [""pos_fin_sig"", ""pos_ini_sig""], ""fx"": false, ""max_dias_fx"": 10, ""min_historia"": 200, ""periodos_por_anio"": 252, ""permitir_capturas"": false, ""rebalanceo_con_deriva"": true, ""segmentos"": [""dentro_muestra"", ""fuera_muestra""], ""senal"": ""cambio_de_mes_m1_p2"", ""spread_por_lado"": 0.0, ""usuario"": {""escenario_costos"": ""bruto"", ""familia"": ""SPX"", ""tipo"": ""calendario"", ""ventana"": [-1, 2]}, ""variante"": ""SPX_tom_m1_p2""}",sensibilidad: bruto (sin comision ni spread)
2026-09-25T07:01:56.877538Z,R09,ed31dbfd64,SPX_tom_m1_p2,0,dentro_muestra,1928-10-17,2008-02-29,19928,252,USD,533.2991272638523,0.08235321511225813,0.06880092072541133,0.6709025163551074,1.0044340472670434,-0.3566378794656153,0.2309155024016401,0.042262886005787106,0.11522262778635034,107.6346169880222,0.9999999974271715,0.1433661180248896,0.1433661180248896,24.00225085377212,0.0,1905,0.053174605081758974,0.036150594213266274,0.0,0.0,2008-02-29,f1c02485bcdc828c,"Yahoo ^GSPC 1d (precio, sin dividendos) 1928-01-03 a 2026-07-31; RF French diaria compuesta en (d-1, d]; French F-F_Research_Data_Factors_daily CRSP 202607 sha256 1916d331c2c51d2a","{""comision_por_lado"": 0.0, ""cortes"": [""2008-02-29""], ""efectivo_en_mxn"": false, ""exposicion_inicial"": 0.0, ""exposicion_max"": 1.0, ""exposicion_min"": 0.0, ""extras"": [""pos_fin_sig"", ""pos_ini_sig""], ""fx"": false, ""max_dias_fx"": 10, ""min_historia"": 200, ""periodos_por_anio"": 252, ""permitir_capturas"": false, ""rebalanceo_con_deriva"": true, ""segmentos"": [""dentro_muestra"", ""fuera_muestra""], ""senal"": ""cambio_de_mes_m1_p2"", ""spread_por_lado"": 0.0, ""usuario"": {""escenario_costos"": ""bruto"", ""familia"": ""SPX"", ""tipo"": ""calendario"", ""ventana"": [-1, 2]}, ""variante"": ""SPX_tom_m1_p2""}",sensibilidad: bruto (sin comision ni spread)
2026-09-25T07:01:56.877538Z,R09,ed31dbfd64,SPX_tom_m1_p2,0,fuera_muestra,2008-02-29,2026-07-31,4633,252,USD,0.6645012716177812,0.02805149688958819,0.07173339405090676,0.22890259289781884,0.3212692757558468,-0.1468084331906757,0.1910755143960615,0.01441950798251163,-1.1983914656241301,66.63761791383612,0.8343194469836481,0.14310382041873515,0.14310382041873515,23.998885089936078,0.0,442,0.09835886145831152,0.01395165224305317,0.0,0.0,2008-02-29,f1c02485bcdc828c,"Yahoo ^GSPC 1d (precio, sin dividendos) 1928-01-03 a 2026-07-31; RF French diaria compuesta en (d-1, d]; French F-F_Research_Data_Factors_daily CRSP 202607 sha256 1916d331c2c51d2a","{""comision_por_lado"": 0.0, ""cortes"": [""2008-02-29""], ""efectivo_en_mxn"": false, ""exposicion_inicial"": 0.0, ""exposicion_max"": 1.0, ""exposicion_min"": 0.0, ""extras"": [""pos_fin_sig"", ""pos_ini_sig""], ""fx"": false, ""max_dias_fx"": 10, ""min_historia"": 200, ""periodos_por_anio"": 252, ""permitir_capturas"": false, ""rebalanceo_con_deriva"": true, ""segmentos"": [""dentro_muestra"", ""fuera_muestra""], ""senal"": ""cambio_de_mes_m1_p2"", ""spread_por_lado"": 0.0, ""usuario"": {""escenario_costos"": ""bruto"", ""familia"": ""SPX"", ""tipo"": ""calendario"", ""ventana"": [-1, 2]}, ""variante"": ""SPX_tom_m1_p2""}",sensibilidad: bruto (sin comision ni spread)
2026-09-25T07:01:57.214293Z,R09,f56f0f1232,SPX_tom_m1_p4,0,completo,1928-10-17,2026-07-31,24561,252,USD,4288.342527030201,0.08929792648315038,0.09275550024639616,0.631384449039857,0.9537774747832289,-0.3282532233220643,0.2720397550994833,0.03977348175792847,1.3249703806046056,84.96912626862593,0.9999999998461007,0.2388339237001751,0.2388339237001751,24.001616922387726,0.0,2347,0.06154047491041226,0.03193266042262244,0.0,0.0,2008-02-29,f1c02485bcdc828c,"Yahoo ^GSPC 1d (precio, sin dividendos) 1928-01-03 a 2026-07-31; RF French diaria compuesta en (d-1, d]; French F-F_Research_Data_Factors_daily CRSP 202607 sha256 1916d331c2c51d2a","{""comision_por_lado"": 0.0, ""cortes"": [""2008-02-29""], ""efectivo_en_mxn"": false, ""exposicion_inicial"": 0.0, ""exposicion_max"": 1.0, ""exposicion_min"": 0.0, ""extras"": [""pos_fin_sig"", ""pos_ini_sig""], ""fx"": false, ""max_dias_fx"": 10, ""min_historia"": 200, ""periodos_por_anio"": 252, ""permitir_capturas"": false, ""rebalanceo_con_deriva"": true, ""segmentos"": [""dentro_muestra"", ""fuera_muestra""], ""senal"": ""cambio_de_mes_m1_p4"", ""spread_por_lado"": 0.0, ""usuario"": {""escenario_costos"": ""bruto"", ""familia"": ""SPX"", ""tipo"": ""calendario"", ""ventana"": [-1, 4]}, ""variante"": ""SPX_tom_m1_p4""}",sensibilidad: bruto (sin comision ni spread)
2026-09-25T07:01:57.214293Z,R09,f56f0f1232,SPX_tom_m1_p4,0,dentro_muestra,1928-10-17,2008-02-29,19928,252,USD,2512.840170527865,0.10367935110174065,0.09204458802445159,0.7341140732024579,1.1415334019248247,-0.3282532233220643,0.31585173803462113,0.04624483980110404,1.9591976377745144,97.77497500793191,0.9999999999861899,0.23891007627458852,0.23891007627458852,24.00225085377212,0.0,1905,0.053174605081758974,0.036150594213266274,0.0,0.0,2008-02-29,f1c02485bcdc828c,"Yahoo ^GSPC 1d (precio, sin dividendos) 1928-01-03 a 2026-07-31; RF French diaria compuesta en (d-1, d]; French F-F_Research_Data_Factors_daily CRSP 202607 sha256 1916d331c2c51d2a","{""comision_por_lado"": 0.0, ""cortes"": [""2008-02-29""], ""efectivo_en_mxn"": false, ""exposicion_inicial"": 0.0, ""exposicion_max"": 1.0, ""exposicion_min"": 0.0, ""extras"": [""pos_fin_sig"", ""pos_ini_sig""], ""fx"": false, ""max_dias_fx"": 10, ""min_historia"": 200, ""periodos_por_anio"": 252, ""permitir_capturas"": false, ""rebalanceo_con_deriva"": true, ""segmentos"": [""dentro_muestra"", ""fuera_muestra""], ""senal"": ""cambio_de_mes_m1_p4"", ""spread_por_lado"": 0.0, ""usuario"": {""escenario_costos"": ""bruto"", ""familia"": ""SPX"", ""tipo"": ""calendario"", ""ventana"": [-1, 4]}, ""variante"": ""SPX_tom_m1_p4""}",sensibilidad: bruto (sin comision ni spread)
2026-09-25T07:01:57.214293Z,R09,f56f0f1232,SPX_tom_m1_p4,0,fuera_muestra,2008-02-29,2026-07-31,4633,252,USD,0.7062908681777831,0.02943654388191219,0.09568196378893533,0.20675789061595895,0.2822365244406093,-0.2517358195186927,0.11693426838577643,0.013024522861193395,-1.101298544369206,37.18432134551538,0.8104290556738716,0.2385063673645586,0.2385063673645586,23.998885089936078,0.0,442,0.09835886145831152,0.01395165224305317,0.0,0.0,2008-02-29,f1c02485bcdc828c,"Yahoo ^GSPC 1d (precio, sin dividendos) 1928-01-03 a 2026-07-31; RF French diaria compuesta en (d-1, d]; French F-F_Research_Data_Factors_daily CRSP 202607 sha256 1916d331c2c51d2a","{""comision_por_lado"": 0.0, ""cortes"": [""2008-02-29""], ""efectivo_en_mxn"": false, ""exposicion_inicial"": 0.0, ""exposicion_max"": 1.0, ""exposicion_min"": 0.0, ""extras"": [""pos_fin_sig"", ""pos_ini_sig""], ""fx"": false, ""max_dias_fx"": 10, ""min_historia"": 200, ""periodos_por_anio"": 252, ""permitir_capturas"": false, ""rebalanceo_con_deriva"": true, ""segmentos"": [""dentro_muestra"", ""fuera_muestra""], ""senal"": ""cambio_de_mes_m1_p4"", ""spread_por_lado"": 0.0, ""usuario"": {""escenario_costos"": ""bruto"", ""familia"": ""SPX"", ""tipo"": ""calendario"", ""ventana"": [-1, 4]}, ""variante"": ""SPX_tom_m1_p4""}",sensibilidad: bruto (sin comision ni spread)
2026-09-25T07:01:57.538903Z,R09,9ffa2704a1,SPX_ref_comprar_mantener,0,completo,1928-10-17,2026-07-31,24561,252,USD,342.72280404571103,0.06154047491041226,0.189473702173238,0.24469207774633853,0.34477898817267866,-0.8618957937515594,0.07140129393432361,0.015414152035821282,-0.1003240865992454,20.290061788183678,0.9920761396340518,1.0,1.0,0.010226509127561878,0.0,1,0.06154047491041226,0.03193266042262244,0.0,0.0,2008-02-29,f1c02485bcdc828c,"Yahoo ^GSPC 1d (precio, sin dividendos) 1928-01-03 a 2026-07-31; RF French diaria compuesta en (d-1, d]; French F-F_Research_Data_Factors_daily CRSP 202607 sha256 1916d331c2c51d2a","{""comision_por_lado"": 0.0, ""cortes"": [""2008-02-29""], ""efectivo_en_mxn"": false, ""exposicion_inicial"": 0.0, ""exposicion_max"": 1.0, ""exposicion_min"": 0.0, ""extras"": [""pos_fin_sig"", ""pos_ini_sig""], ""fx"": false, ""max_dias_fx"": 10, ""min_historia"": 200, ""periodos_por_anio"": 252, ""permitir_capturas"": false, ""rebalanceo_con_deriva"": true, ""segmentos"": [""dentro_muestra"", ""fuera_muestra""], ""senal"": ""senal_comprar_y_mantener"", ""spread_por_lado"": 0.0, ""usuario"": {""escenario_costos"": ""bruto"", ""familia"": ""SPX"", ""tipo"": ""referencia""}, ""variante"": ""SPX_ref_comprar_mantener""}",referencia; sensibilidad: bruto (sin comision ni spread)
2026-09-25T07:01:57.538903Z,R09,9ffa2704a1,SPX_ref_comprar_mantener,0,dentro_muestra,1928-10-17,2008-02-29,19928,252,USD,60.066083018593005,0.053174605081758974,0.1872715457212302,0.18112435082523076,0.2556111277903913,-0.8618957937515594,0.061694935127025924,0.011409761634799455,-0.07557520350051691,21.600593880686546,0.9462359345153755,1.0,1.0,0.01259960674738694,0.0,1,0.053174605081758974,0.036150594213266274,0.0,0.0,2008-02-29,f1c02485bcdc828c,"Yahoo ^GSPC 1d (precio, sin dividendos) 1928-01-03 a 2026-07-31; RF French diaria compuesta en (d-1, d]; French F-F_Research_Data_Factors_daily CRSP 202607 sha256 1916d331c2c51d2a","{""comision_por_lado"": 0.0, ""cortes"": [""2008-02-29""], ""efectivo_en_mxn"": false, ""exposicion_inicial"": 0.0, ""exposicion_max"": 1.0, ""exposicion_min"": 0.0, ""extras"": [""pos_fin_sig"", ""pos_ini_sig""], ""fx"": false, ""max_dias_fx"": 10, ""min_historia"": 200, ""periodos_por_anio"": 252, ""permitir_capturas"": false, ""rebalanceo_con_deriva"": true, ""segmentos"": [""dentro_muestra"", ""fuera_muestra""], ""senal"": ""senal_comprar_y_mantener"", ""spread_por_lado"": 0.0, ""usuario"": {""escenario_costos"": ""bruto"", ""familia"": ""SPX"", ""tipo"": ""referencia""}, ""variante"": ""SPX_ref_comprar_mantener""}",referencia; sensibilidad: bruto (sin comision ni spread)
2026-09-25T07:01:57.538903Z,R09,9ffa2704a1,SPX_ref_comprar_mantener,0,fuera_muestra,2008-02-29,2026-07-31,4633,252,USD,4.628702334503041,0.09835886145831152,0.19867291620062572,0.5028198830921017,0.7042304066131033,-0.5257845222788189,0.1870706673372798,0.031674675355244576,-0.19486194338149868,15.652753156619351,0.9840317243930217,1.0,1.0,0.0,0.0,0,0.09835886145831152,0.01395165224305317,0.0,0.0,2008-02-29,f1c02485bcdc828c,"Yahoo ^GSPC 1d (precio, sin dividendos) 1928-01-03 a 2026-07-31; RF French diaria compuesta en (d-1, d]; French F-F_Research_Data_Factors_daily CRSP 202607 sha256 1916d331c2c51d2a","{""comision_por_lado"": 0.0, ""cortes"": [""2008-02-29""], ""efectivo_en_mxn"": false, ""exposicion_inicial"": 0.0, ""exposicion_max"": 1.0, ""exposicion_min"": 0.0, ""extras"": [""pos_fin_sig"", ""pos_ini_sig""], ""fx"": false, ""max_dias_fx"": 10, ""min_historia"": 200, ""periodos_por_anio"": 252, ""permitir_capturas"": false, ""rebalanceo_con_deriva"": true, ""segmentos"": [""dentro_muestra"", ""fuera_muestra""], ""senal"": ""senal_comprar_y_mantener"", ""spread_por_lado"": 0.0, ""usuario"": {""escenario_costos"": ""bruto"", ""familia"": ""SPX"", ""tipo"": ""referencia""}, ""variante"": ""SPX_ref_comprar_mantener""}",referencia; sensibilidad: bruto (sin comision ni spread)
2026-09-25T07:01:57.841608Z,R09,d343cf0f4a,SPX_ref_efectivo,0,completo,1928-10-17,2026-07-31,24561,252,USD,20.622161924782315,0.03193266042262244,0.0019789301213256937,0.0,0.0,0.0,inf,,0.0,3.0,,0.0,0.0,0.0,0.0,0,0.06154047491041226,0.03193266042262244,0.0,0.0,2008-02-29,f1c02485bcdc828c,"Yahoo ^GSPC 1d (precio, sin dividendos) 1928-01-03 a 2026-07-31; RF French diaria compuesta en (d-1, d]; French F-F_Research_Data_Factors_daily CRSP 202607 sha256 1916d331c2c51d2a","{""comision_por_lado"": 0.0, ""cortes"": [""2008-02-29""], ""efectivo_en_mxn"": false, ""exposicion_inicial"": 0.0, ""exposicion_max"": 1.0, ""exposicion_min"": 0.0, ""extras"": [""pos_fin_sig"", ""pos_ini_sig""], ""fx"": false, ""max_dias_fx"": 10, ""min_historia"": 200, ""periodos_por_anio"": 252, ""permitir_capturas"": false, ""rebalanceo_con_deriva"": true, ""segmentos"": [""dentro_muestra"", ""fuera_muestra""], ""senal"": ""senal_efectivo"", ""spread_por_lado"": 0.0, ""usuario"": {""escenario_costos"": ""bruto"", ""familia"": ""SPX"", ""tipo"": ""referencia""}, ""variante"": ""SPX_ref_efectivo""}",referencia; sensibilidad: bruto (sin comision ni spread)
2026-09-25T07:01:57.841608Z,R09,d343cf0f4a,SPX_ref_efectivo,0,dentro_muestra,1928-10-17,2008-02-29,19928,252,USD,15.752372854823843,0.036150594213266274,0.0020287644016767042,0.0,0.0,0.0,inf,,0.0,3.0,,0.0,0.0,0.0,0.0,0,0.053174605081758974,0.036150594213266274,0.0,0.0,2008-02-29,f1c02485bcdc828c,"Yahoo ^GSPC 1d (precio, sin dividendos) 1928-01-03 a 2026-07-31; RF French diaria compuesta en (d-1, d]; French F-F_Research_Data_Factors_daily CRSP 202607 sha256 1916d331c2c51d2a","{""comision_por_lado"": 0.0, ""cortes"": [""2008-02-29""], ""efectivo_en_mxn"": false, ""exposicion_inicial"": 0.0, ""exposicion_max"": 1.0, ""exposicion_min"": 0.0, ""extras"": [""pos_fin_sig"", ""pos_ini_sig""], ""fx"": false, ""max_dias_fx"": 10, ""min_historia"": 200, ""periodos_por_anio"": 252, ""permitir_capturas"": false, ""rebalanceo_con_deriva"": true, ""segmentos"": [""dentro_muestra"", ""fuera_muestra""], ""senal"": ""senal_efectivo"", ""spread_por_lado"": 0.0, ""usuario"": {""escenario_costos"": ""bruto"", ""familia"": ""SPX"", ""tipo"": ""referencia""}, ""variante"": ""SPX_ref_efectivo""}",referencia; sensibilidad: bruto (sin comision ni spread)
2026-09-25T07:01:57.841608Z,R09,d343cf0f4a,SPX_ref_efectivo,0,fuera_muestra,2008-02-29,2026-07-31,4633,252,USD,0.290692495454822,0.01395165224305317,0.0012378096285493546,0.0,0.0,0.0,inf,,0.0,3.0,,0.0,0.0,0.0,0.0,0,0.09835886145831152,0.01395165224305317,0.0,0.0,2008-02-29,f1c02485bcdc828c,"Yahoo ^GSPC 1d (precio, sin dividendos) 1928-01-03 a 2026-07-31; RF French diaria compuesta en (d-1, d]; French F-F_Research_Data_Factors_daily CRSP 202607 sha256 1916d331c2c51d2a","{""comision_por_lado"": 0.0, ""cortes"": [""2008-02-29""], ""efectivo_en_mxn"": false, ""exposicion_inicial"": 0.0, ""exposicion_max"": 1.0, ""exposicion_min"": 0.0, ""extras"": [""pos_fin_sig"", ""pos_ini_sig""], ""fx"": false, ""max_dias_fx"": 10, ""min_historia"": 200, ""periodos_por_anio"": 252, ""permitir_capturas"": false, ""rebalanceo_con_deriva"": true, ""segmentos"": [""dentro_muestra"", ""fuera_muestra""], ""senal"": ""senal_efectivo"", ""spread_por_lado"": 0.0, ""usuario"": {""escenario_costos"": ""bruto"", ""familia"": ""SPX"", ""tipo"": ""referencia""}, ""variante"": ""SPX_ref_efectivo""}",referencia; sensibilidad: bruto (sin comision ni spread)
2026-09-25T07:01:58.306038Z,R09,b152b3c352,SPX_ref_sma200,0,completo,1928-10-17,2026-07-31,24561,252,USD,1753.7920051990452,0.07938680121642738,0.12167009848943658,0.4317291581827906,0.602570601051199,-0.49443250679194684,0.16056145202004832,0.027196380625879292,-0.36381542109493376,24.015297729829896,0.9999884331673508,0.6794918773665567,0.6794918773665567,6.0234138761339455,0.0,589,0.06154047491041226,0.03193266042262244,0.0,0.0,2008-02-29,f1c02485bcdc828c,"Yahoo ^GSPC 1d (precio, sin dividendos) 1928-01-03 a 2026-07-31; RF French diaria compuesta en (d-1, d]; French F-F_Research_Data_Factors_daily CRSP 202607 sha256 1916d331c2c51d2a","{""comision_por_lado"": 0.0, ""cortes"": [""2008-02-29""], ""efectivo_en_mxn"": false, ""exposicion_inicial"": 0.0, ""exposicion_max"": 1.0, ""exposicion_min"": 0.0, ""extras"": [""pos_fin_sig"", ""pos_ini_sig""], ""fx"": false, ""max_dias_fx"": 10, ""min_historia"": 200, ""periodos_por_anio"": 252, ""permitir_capturas"": false, ""rebalanceo_con_deriva"": true, ""segmentos"": [""dentro_muestra"", ""fuera_muestra""], ""senal"": ""media_movil_200"", ""spread_por_lado"": 0.0, ""usuario"": {""escenario_costos"": ""bruto"", ""familia"": ""SPX"", ""tipo"": ""referencia"", ""ventana"": 200}, ""variante"": ""SPX_ref_sma200""}",referencia; sensibilidad: bruto (sin comision ni spread)
2026-09-25T07:01:58.306038Z,R09,b152b3c352,SPX_ref_sma200,0,dentro_muestra,1928-10-17,2008-02-29,19928,252,USD,460.07226512105063,0.08034493920206875,0.12315578493720651,0.40209289151047595,0.5648026598214321,-0.49443250679194684,0.16249930596872597,0.025329471306752234,-0.2819347154822836,26.833696382027718,0.9998114261952588,0.6576676033721397,0.6576676033721397,6.0730104522405055,0.0,482,0.053174605081758974,0.036150594213266274,0.0,0.0,2008-02-29,f1c02485bcdc828c,"Yahoo ^GSPC 1d (precio, sin dividendos) 1928-01-03 a 2026-07-31; RF French diaria compuesta en (d-1, d]; French F-F_Research_Data_Factors_daily CRSP 202607 sha256 1916d331c2c51d2a","{""comision_por_lado"": 0.0, ""cortes"": [""2008-02-29""], ""efectivo_en_mxn"": false, ""exposicion_inicial"": 0.0, ""exposicion_max"": 1.0, ""exposicion_min"": 0.0, ""extras"": [""pos_fin_sig"", ""pos_ini_sig""], ""fx"": false, ""max_dias_fx"": 10, ""min_historia"": 200, ""periodos_por_anio"": 252, ""permitir_capturas"": false, ""rebalanceo_con_deriva"": true, ""segmentos"": [""dentro_muestra"", ""fuera_muestra""], ""senal"": ""media_movil_200"", ""spread_por_lado"": 0.0, ""usuario"": {""escenario_costos"": ""bruto"", ""familia"": ""SPX"", ""tipo"": ""referencia"", ""ventana"": 200}, ""variante"": ""SPX_ref_sma200""}",referencia; sensibilidad: bruto (sin comision ni spread)
2026-09-25T07:01:58.306038Z,R09,b152b3c352,SPX_ref_sma200,0,fuera_muestra,2008-02-29,2026-07-31,4633,252,USD,2.8058936482296164,0.07526756055186912,0.1150734689412032,0.5689628162642973,0.770439745287707,-0.19026100534110513,0.39560161272630395,0.03584128850186349,-0.7905056411773536,7.698058655115852,0.9918686103616198,0.7733649902870711,0.7733649902870711,5.809684852088599,0.0,107,0.09835886145831152,0.01395165224305317,0.0,0.0,2008-02-29,f1c02485bcdc828c,"Yahoo ^GSPC 1d (precio, sin dividendos) 1928-01-03 a 2026-07-31; RF French diaria compuesta en (d-1, d]; French F-F_Research_Data_Factors_daily CRSP 202607 sha256 1916d331c2c51d2a","{""comision_por_lado"": 0.0, ""cortes"": [""2008-02-29""], ""efectivo_en_mxn"": false, ""exposicion_inicial"": 0.0, ""exposicion_max"": 1.0, ""exposicion_min"": 0.0, ""extras"": [""pos_fin_sig"", ""pos_ini_sig""], ""fx"": false, ""max_dias_fx"": 10, ""min_historia"": 200, ""periodos_por_anio"": 252, ""permitir_capturas"": false, ""rebalanceo_con_deriva"": true, ""segmentos"": [""dentro_muestra"", ""fuera_muestra""], ""senal"": ""media_movil_200"", ""spread_por_lado"": 0.0, ""usuario"": {""escenario_costos"": ""bruto"", ""familia"": ""SPX"", ""tipo"": ""referencia"", ""ventana"": 200}, ""variante"": ""SPX_ref_sma200""}",referencia; sensibilidad: bruto (sin comision ni spread)
2026-09-25T07:01:58.689560Z,R09,325de89d64,SPX_ref_resto,0,completo,1928-10-17,2026-07-31,24561,252,USD,1.373022622800431,0.008876551242628317,0.17128410172847666,-0.0465570618810807,-0.0648799384627375,-0.9073682526616738,0.009782743904241574,-0.0029328192264567745,-0.07485776551716282,26.658097716380393,0.32288072805226076,0.8089247180489394,0.8089247180489394,24.011843431515288,0.0,2348,0.06154047491041226,0.03193266042262244,0.0,0.0,2008-02-29,f1c02485bcdc828c,"Yahoo ^GSPC 1d (precio, sin dividendos) 1928-01-03 a 2026-07-31; RF French diaria compuesta en (d-1, d]; French F-F_Research_Data_Factors_daily CRSP 202607 sha256 1916d331c2c51d2a","{""comision_por_lado"": 0.0, ""cortes"": [""2008-02-29""], ""efectivo_en_mxn"": false, ""exposicion_inicial"": 0.0, ""exposicion_max"": 1.0, ""exposicion_min"": 0.0, ""extras"": [""pos_fin_sig"", ""pos_ini_sig""], ""fx"": false, ""max_dias_fx"": 10, ""min_historia"": 200, ""periodos_por_anio"": 252, ""permitir_capturas"": false, ""rebalanceo_con_deriva"": true, ""segmentos"": [""dentro_muestra"", ""fuera_muestra""], ""senal"": ""cambio_de_mes_resto"", ""spread_por_lado"": 0.0, ""usuario"": {""escenario_costos"": ""bruto"", ""familia"": ""SPX"", ""tipo"": ""referencia"", ""ventana"": ""complemento de [-1, 3]""}, ""variante"": ""SPX_ref_resto""}",referencia; sensibilidad: bruto (sin comision ni spread)
2026-09-25T07:01:58.689560Z,R09,325de89d64,SPX_ref_resto,0,dentro_muestra,1928-10-17,2008-02-29,19928,252,USD,-0.36683384151670073,-0.005741755237704926,0.1690104989679645,-0.16041270477546374,-0.2231783028962918,-0.9073682526616738,-0.0063279216799376255,-0.010105050570740483,-0.06863919343476223,28.344082828443433,0.07686832833609847,0.8088619028502609,0.8088619028502609,24.014850460519508,0.0,1906,0.053174605081758974,0.036150594213266274,0.0,0.0,2008-02-29,f1c02485bcdc828c,"Yahoo ^GSPC 1d (precio, sin dividendos) 1928-01-03 a 2026-07-31; RF French diaria compuesta en (d-1, d]; French F-F_Research_Data_Factors_daily CRSP 202607 sha256 1916d331c2c51d2a","{""comision_por_lado"": 0.0, ""cortes"": [""2008-02-29""], ""efectivo_en_mxn"": false, ""exposicion_inicial"": 0.0, ""exposicion_max"": 1.0, ""exposicion_min"": 0.0, ""extras"": [""pos_fin_sig"", ""pos_ini_sig""], ""fx"": false, ""max_dias_fx"": 10, ""min_historia"": 200, ""periodos_por_anio"": 252, ""permitir_capturas"": false, ""rebalanceo_con_deriva"": true, ""segmentos"": [""dentro_muestra"", ""fuera_muestra""], ""senal"": ""cambio_de_mes_resto"", ""spread_por_lado"": 0.0, ""usuario"": {""escenario_costos"": ""bruto"", ""familia"": ""SPX"", ""tipo"": ""referencia"", ""ventana"": ""complemento de [-1, 3]""}, ""variante"": ""SPX_ref_resto""}",referencia; sensibilidad: bruto (sin comision ni spread)
2026-09-25T07:01:58.689560Z,R09,325de89d64,SPX_ref_resto,0,fuera_muestra,2008-02-29,2026-07-31,4633,252,USD,2.7478671135627715,0.07437094522849885,0.18070025662496336,0.4114196573789104,0.5766767379029255,-0.4611730166547081,0.16126473697003452,0.02591700233114278,-0.10727061628213465,20.815919803498147,0.9606702920409964,0.8091949061083531,0.8091949061083531,23.998885089936078,0.0,442,0.09835886145831152,0.01395165224305317,0.0,0.0,2008-02-29,f1c02485bcdc828c,"Yahoo ^GSPC 1d (precio, sin dividendos) 1928-01-03 a 2026-07-31; RF French diaria compuesta en (d-1, d]; French F-F_Research_Data_Factors_daily CRSP 202607 sha256 1916d331c2c51d2a","{""comision_por_lado"": 0.0, ""cortes"": [""2008-02-29""], ""efectivo_en_mxn"": false, ""exposicion_inicial"": 0.0, ""exposicion_max"": 1.0, ""exposicion_min"": 0.0, ""extras"": [""pos_fin_sig"", ""pos_ini_sig""], ""fx"": false, ""max_dias_fx"": 10, ""min_historia"": 200, ""periodos_por_anio"": 252, ""permitir_capturas"": false, ""rebalanceo_con_deriva"": true, ""segmentos"": [""dentro_muestra"", ""fuera_muestra""], ""senal"": ""cambio_de_mes_resto"", ""spread_por_lado"": 0.0, ""usuario"": {""escenario_costos"": ""bruto"", ""familia"": ""SPX"", ""tipo"": ""referencia"", ""ventana"": ""complemento de [-1, 3]""}, ""variante"": ""SPX_ref_resto""}",referencia; sensibilidad: bruto (sin comision ni spread)
2026-09-25T07:01:58.832575Z,R09,ed227b5fb6,USMXN_tom_m1_p3,0,completo,1993-11-08,2026-07-31,8236,252,MXN,1.5929308507872513,0.02954251381756423,0.08696905906702695,-0.8562117331872089,-1.121579687817813,-0.4860781411689933,0.0607772934337594,-0.05393626941973674,-1.3378139728094156,62.48282768996217,3.468474081835815e-07,0.1905050995628946,0.1905050995628946,23.987388103405003,0.08155711955157788,785,0.16889148338831905,0.11282482905039948,0.0029,0.0005,2008-02-29,4f2c746fc3ec044a,French F-F_Research_Data_Factors_daily CRSP 202607 sha256 1916d331c2c51d2a; FRED DEXMXUS; CETES FRED INTGSTMXM193N diario aproximado (tasa/360),"{""comision_por_lado"": 0.0029, ""cortes"": [""2008-02-29""], ""efectivo_en_mxn"": true, ""exposicion_inicial"": 0.0, ""exposicion_max"": 1.0, ""exposicion_min"": 0.0, ""extras"": [""fx"", ""pos_fin_sig"", ""pos_ini_sig""], ""fx"": true, ""max_dias_fx"": 10, ""min_historia"": 200, ""periodos_por_anio"": 252, ""permitir_capturas"": false, ""rebalanceo_con_deriva"": true, ""segmentos"": [""dentro_muestra"", ""fuera_muestra""], ""senal"": ""cambio_de_mes_m1_p3"", ""spread_por_lado"": 0.0005, ""usuario"": {""escenario_costos"": ""defecto"", ""familia"": ""USMXN"", ""moneda"": ""MXN"", ""tipo"": ""calendario"", ""ventana"": [-1, 3]}, ""variante"": ""USMXN_tom_m1_p3""}",sensibilidad: MXN (activo French convertido con DEXMXUS; efectivo CETES diario)
2026-09-25T07:01:58.832575Z,R09,ed227b5fb6,USMXN_tom_m1_p3,0,dentro_muestra,1993-11-08,2008-02-29,3603,252,MXN,2.1993138151142873,0.08467315640458506,0.09211326898457405,-0.8717375701799877,-1.1580497647174919,-0.2011303341685431,0.42098650486818506,-0.05491430521923721,-0.9896960144190275,77.70149142847752,0.0005008308687783347,0.19011934499028588,0.19011934499028588,23.972588978185993,0.08150680252583223,343,0.1936800201099642,0.17955572076037596,0.0029,0.0005,2008-02-29,4f2c746fc3ec044a,French F-F_Research_Data_Factors_daily CRSP 202607 sha256 1916d331c2c51d2a; FRED DEXMXUS; CETES FRED INTGSTMXM193N diario aproximado (tasa/360),"{""comision_por_lado"": 0.0029, ""cortes"": [""2008-02-29""], ""efectivo_en_mxn"": true, ""exposicion_inicial"": 0.0, ""exposicion_max"": 1.0, ""exposicion_min"": 0.0, ""extras"": [""fx"", ""pos_fin_sig"", ""pos_ini_sig""], ""fx"": true, ""max_dias_fx"": 10, ""min_historia"": 200, ""periodos_por_anio"": 252, ""permitir_capturas"": false, ""rebalanceo_con_deriva"": true, ""segmentos"": [""dentro_muestra"", ""fuera_muestra""], ""senal"": ""cambio_de_mes_m1_p3"", ""spread_por_lado"": 0.0005, ""usuario"": {""escenario_costos"": ""defecto"", ""familia"": ""USMXN"", ""moneda"": ""MXN"", ""tipo"": ""calendario"", ""ventana"": [-1, 3]}, ""variante"": ""USMXN_tom_m1_p3""}",sensibilidad: MXN (activo French convertido con DEXMXUS; efectivo CETES diario)
2026-09-25T07:01:58.832575Z,R09,ed227b5fb6,USMXN_tom_m1_p3,0,fuera_muestra,2008-02-29,2026-07-31,4633,252,MXN,-0.18953531893693787,-0.011345345352458791,0.0826659091867631,-0.844827161166594,-1.0924518676668378,-0.3778672804017913,-0.030024683112004655,-0.05321910879236886,-1.6929515002283755,43.24640434932051,9.340994386924928e-05,0.19080509389164688,0.19080509389164688,23.998885089936078,0.08159620930578293,442,0.14998987525162244,0.06360041072487732,0.0029,0.0005,2008-02-29,4f2c746fc3ec044a,French F-F_Research_Data_Factors_daily CRSP 202607 sha256 1916d331c2c51d2a; FRED DEXMXUS; CETES FRED INTGSTMXM193N diario aproximado (tasa/360),"{""comision_por_lado"": 0.0029, ""cortes"": [""2008-02-29""], ""efectivo_en_mxn"": true, ""exposicion_inicial"": 0.0, ""exposicion_max"": 1.0, ""exposicion_min"": 0.0, ""extras"": [""fx"", ""pos_fin_sig"", ""pos_ini_sig""], ""fx"": true, ""max_dias_fx"": 10, ""min_historia"": 200, ""periodos_por_anio"": 252, ""permitir_capturas"": false, ""rebalanceo_con_deriva"": true, ""segmentos"": [""dentro_muestra"", ""fuera_muestra""], ""senal"": ""cambio_de_mes_m1_p3"", ""spread_por_lado"": 0.0005, ""usuario"": {""escenario_costos"": ""defecto"", ""familia"": ""USMXN"", ""moneda"": ""MXN"", ""tipo"": ""calendario"", ""ventana"": [-1, 3]}, ""variante"": ""USMXN_tom_m1_p3""}",sensibilidad: MXN (activo French convertido con DEXMXUS; efectivo CETES diario)
2026-09-25T07:01:58.971395Z,R09,46b796733e,USMXN_ref_comprar_mantener,0,completo,1993-11-08,2026-07-31,8236,252,MXN,163.61421842256345,0.16876984149629948,0.208056064081838,0.338900325136783,0.5128652416504651,-0.45668104275883303,0.3695573621290527,0.02134871379882999,1.534990463164403,36.0986840561889,0.9753400131341146,1.0,1.0,0.030557182297331214,0.00010389441981092611,1,0.16889148338831905,0.11282482905039948,0.0029,0.0005,2008-02-29,4f2c746fc3ec044a,French F-F_Research_Data_Factors_daily CRSP 202607 sha256 1916d331c2c51d2a; FRED DEXMXUS; CETES FRED INTGSTMXM193N diario aproximado (tasa/360),"{""comision_por_lado"": 0.0029, ""cortes"": [""2008-02-29""], ""efectivo_en_mxn"": true, ""exposicion_inicial"": 0.0, ""exposicion_max"": 1.0, ""exposicion_min"": 0.0, ""extras"": [""fx"", ""pos_fin_sig"", ""pos_ini_sig""], ""fx"": true, ""max_dias_fx"": 10, ""min_historia"": 200, ""periodos_por_anio"": 252, ""permitir_capturas"": false, ""rebalanceo_con_deriva"": true, ""segmentos"": [""dentro_muestra"", ""fuera_muestra""], ""senal"": ""senal_comprar_y_mantener"", ""spread_por_lado"": 0.0005, ""usuario"": {""escenario_costos"": ""defecto"", ""familia"": ""USMXN"", ""moneda"": ""MXN"", ""tipo"": ""referencia""}, ""variante"": ""USMXN_ref_comprar_mantener""}",referencia; sensibilidad: MXN (activo French convertido con DEXMXUS; efectivo CETES diario)
2026-09-25T07:01:58.971395Z,R09,46b796733e,USMXN_ref_comprar_mantener,0,dentro_muestra,1993-11-08,2008-02-29,3603,252,MXN,11.549717237307568,0.19339591743541007,0.2207466282939036,0.16076090284301559,0.25239509108107316,-0.45668104275883303,0.42348137830967464,0.010126984987257994,2.6007723045335176,52.07411116723994,0.7309008156823258,1.0,1.0,0.06989092996555683,0.00023762916188289324,1,0.1936800201099642,0.17955572076037596,0.0029,0.0005,2008-02-29,4f2c746fc3ec044a,French F-F_Research_Data_Factors_daily CRSP 202607 sha256 1916d331c2c51d2a; FRED DEXMXUS; CETES FRED INTGSTMXM193N diario aproximado (tasa/360),"{""comision_por_lado"": 0.0029, ""cortes"": [""2008-02-29""], ""efectivo_en_mxn"": true, ""exposicion_inicial"": 0.0, ""exposicion_max"": 1.0, ""exposicion_min"": 0.0, ""extras"": [""fx"", ""pos_fin_sig"", ""pos_ini_sig""], ""fx"": true, ""max_dias_fx"": 10, ""min_historia"": 200, ""periodos_por_anio"": 252, ""permitir_capturas"": false, ""rebalanceo_con_deriva"": true, ""segmentos"": [""dentro_muestra"", ""fuera_muestra""], ""senal"": ""senal_comprar_y_mantener"", ""spread_por_lado"": 0.0005, ""usuario"": {""escenario_costos"": ""defecto"", ""familia"": ""USMXN"", ""moneda"": ""MXN"", ""tipo"": ""referencia""}, ""variante"": ""USMXN_ref_comprar_mantener""}",referencia; sensibilidad: MXN (activo French convertido con DEXMXUS; efectivo CETES diario)
2026-09-25T07:01:58.971395Z,R09,46b796733e,USMXN_ref_comprar_mantener,0,fuera_muestra,2008-02-29,2026-07-31,4633,252,MXN,12.116966327591886,0.14998987525162244,0.19764113714674011,0.4944221187002411,0.7238106969566579,-0.30749198149313517,0.48778467172800405,0.031145665923107035,0.3759722920969327,16.015635994021267,0.983345554173596,1.0,1.0,0.0,0.0,0,0.14998987525162244,0.06360041072487732,0.0029,0.0005,2008-02-29,4f2c746fc3ec044a,French F-F_Research_Data_Factors_daily CRSP 202607 sha256 1916d331c2c51d2a; FRED DEXMXUS; CETES FRED INTGSTMXM193N diario aproximado (tasa/360),"{""comision_por_lado"": 0.0029, ""cortes"": [""2008-02-29""], ""efectivo_en_mxn"": true, ""exposicion_inicial"": 0.0, ""exposicion_max"": 1.0, ""exposicion_min"": 0.0, ""extras"": [""fx"", ""pos_fin_sig"", ""pos_ini_sig""], ""fx"": true, ""max_dias_fx"": 10, ""min_historia"": 200, ""periodos_por_anio"": 252, ""permitir_capturas"": false, ""rebalanceo_con_deriva"": true, ""segmentos"": [""dentro_muestra"", ""fuera_muestra""], ""senal"": ""senal_comprar_y_mantener"", ""spread_por_lado"": 0.0005, ""usuario"": {""escenario_costos"": ""defecto"", ""familia"": ""USMXN"", ""moneda"": ""MXN"", ""tipo"": ""referencia""}, ""variante"": ""USMXN_ref_comprar_mantener""}",referencia; sensibilidad: MXN (activo French convertido con DEXMXUS; efectivo CETES diario)
2026-09-25T07:01:59.094454Z,R09,1e39c86ceb,USMXN_ref_efectivo,0,completo,1993-11-08,2026-07-31,8236,252,MXN,32.0629716777983,0.11282482905039948,0.008380189795174834,0.0,0.0,0.0,inf,,0.0,3.0,,0.0,0.0,0.0,0.0,0,0.16889148338831905,0.11282482905039948,0.0029,0.0005,2008-02-29,4f2c746fc3ec044a,French F-F_Research_Data_Factors_daily CRSP 202607 sha256 1916d331c2c51d2a; FRED DEXMXUS; CETES FRED INTGSTMXM193N diario aproximado (tasa/360),"{""comision_por_lado"": 0.0029, ""cortes"": [""2008-02-29""], ""efectivo_en_mxn"": true, ""exposicion_inicial"": 0.0, ""exposicion_max"": 1.0, ""exposicion_min"": 0.0, ""extras"": [""fx"", ""pos_fin_sig"", ""pos_ini_sig""], ""fx"": true, ""max_dias_fx"": 10, ""min_historia"": 200, ""periodos_por_anio"": 252, ""permitir_capturas"": false, ""rebalanceo_con_deriva"": true, ""segmentos"": [""dentro_muestra"", ""fuera_muestra""], ""senal"": ""senal_efectivo"", ""spread_por_lado"": 0.0005, ""usuario"": {""escenario_costos"": ""defecto"", ""familia"": ""USMXN"", ""moneda"": ""MXN"", ""tipo"": ""referencia""}, ""variante"": ""USMXN_ref_efectivo""}",referencia; sensibilidad: MXN (activo French convertido con DEXMXUS; efectivo CETES diario)
2026-09-25T07:01:59.094454Z,R09,1e39c86ceb,USMXN_ref_efectivo,0,dentro_muestra,1993-11-08,2008-02-29,3603,252,MXN,9.620582394095045,0.17955572076037596,0.011186720867643723,0.0,0.0,0.0,inf,,0.0,3.0,,0.0,0.0,0.0,0.0,0,0.1936800201099642,0.17955572076037596,0.0029,0.0005,2008-02-29,4f2c746fc3ec044a,French F-F_Research_Data_Factors_daily CRSP 202607 sha256 1916d331c2c51d2a; FRED DEXMXUS; CETES FRED INTGSTMXM193N diario aproximado (tasa/360),"{""comision_por_lado"": 0.0029, ""cortes"": [""2008-02-29""], ""efectivo_en_mxn"": true, ""exposicion_inicial"": 0.0, ""exposicion_max"": 1.0, ""exposicion_min"": 0.0, ""extras"": [""fx"", ""pos_fin_sig"", ""pos_ini_sig""], ""fx"": true, ""max_dias_fx"": 10, ""min_historia"": 200, ""periodos_por_anio"": 252, ""permitir_capturas"": false, ""rebalanceo_con_deriva"": true, ""segmentos"": [""dentro_muestra"", ""fuera_muestra""], ""senal"": ""senal_efectivo"", ""spread_por_lado"": 0.0005, ""usuario"": {""escenario_costos"": ""defecto"", ""familia"": ""USMXN"", ""moneda"": ""MXN"", ""tipo"": ""referencia""}, ""variante"": ""USMXN_ref_efectivo""}",referencia; sensibilidad: MXN (activo French convertido con DEXMXUS; efectivo CETES diario)
2026-09-25T07:01:59.094454Z,R09,1e39c86ceb,USMXN_ref_efectivo,0,fuera_muestra,2008-02-29,2026-07-31,4633,252,MXN,2.1131034486565476,0.06360041072487732,0.002984111928279357,0.0,0.0,0.0,inf,,0.0,3.0,,0.0,0.0,0.0,0.0,0,0.14998987525162244,0.06360041072487732,0.0029,0.0005,2008-02-29,4f2c746fc3ec044a,French F-F_Research_Data_Factors_daily CRSP 202607 sha256 1916d331c2c51d2a; FRED DEXMXUS; CETES FRED INTGSTMXM193N diario aproximado (tasa/360),"{""comision_por_lado"": 0.0029, ""cortes"": [""2008-02-29""], ""efectivo_en_mxn"": true, ""exposicion_inicial"": 0.0, ""exposicion_max"": 1.0, ""exposicion_min"": 0.0, ""extras"": [""fx"", ""pos_fin_sig"", ""pos_ini_sig""], ""fx"": true, ""max_dias_fx"": 10, ""min_historia"": 200, ""periodos_por_anio"": 252, ""permitir_capturas"": false, ""rebalanceo_con_deriva"": true, ""segmentos"": [""dentro_muestra"", ""fuera_muestra""], ""senal"": ""senal_efectivo"", ""spread_por_lado"": 0.0005, ""usuario"": {""escenario_costos"": ""defecto"", ""familia"": ""USMXN"", ""moneda"": ""MXN"", ""tipo"": ""referencia""}, ""variante"": ""USMXN_ref_efectivo""}",referencia; sensibilidad: MXN (activo French convertido con DEXMXUS; efectivo CETES diario)
2026-09-25T07:01:59.296497Z,R09,3cacbe7f5f,USMXN_ref_sma200,0,completo,1993-11-08,2026-07-31,8236,252,MXN,51.32798121749048,0.12854704399851924,0.15502271513778215,0.16671581588297602,0.25653795637926585,-0.24222843889200008,0.5306851853833446,0.010502109248752063,3.191212660480774,91.22526014337096,0.8335207031325016,0.7612918892666343,0.7612918892666343,6.508679829331548,0.0221295114197272,213,0.16889148338831905,0.11282482905039948,0.0029,0.0005,2008-02-29,4f2c746fc3ec044a,French F-F_Research_Data_Factors_daily CRSP 202607 sha256 1916d331c2c51d2a; FRED DEXMXUS; CETES FRED INTGSTMXM193N diario aproximado (tasa/360),"{""comision_por_lado"": 0.0029, ""cortes"": [""2008-02-29""], ""efectivo_en_mxn"": true, ""exposicion_inicial"": 0.0, ""exposicion_max"": 1.0, ""exposicion_min"": 0.0, ""extras"": [""fx"", ""pos_fin_sig"", ""pos_ini_sig""], ""fx"": true, ""max_dias_fx"": 10, ""min_historia"": 200, ""periodos_por_anio"": 252, ""permitir_capturas"": false, ""rebalanceo_con_deriva"": true, ""segmentos"": [""dentro_muestra"", ""fuera_muestra""], ""senal"": ""media_movil_200"", ""spread_por_lado"": 0.0005, ""usuario"": {""escenario_costos"": ""defecto"", ""familia"": ""USMXN"", ""moneda"": ""MXN"", ""tipo"": ""referencia"", ""ventana"": 200}, ""variante"": ""USMXN_ref_sma200""}",referencia; sensibilidad: MXN (activo French convertido con DEXMXUS; efectivo CETES diario)
2026-09-25T07:01:59.296497Z,R09,3cacbe7f5f,USMXN_ref_sma200,0,dentro_muestra,1993-11-08,2008-02-29,3603,252,MXN,7.546415426964556,0.16177827295494418,0.18722333651785183,0.009396007233732103,0.015230277102681536,-0.23210438266643674,0.6970065411795345,0.0005918928204147402,4.137322664735791,96.03850205628146,0.5141861333392196,0.7404940327504858,0.7404940327504858,7.967566016073479,0.027089724454649834,114,0.1936800201099642,0.17955572076037596,0.0029,0.0005,2008-02-29,4f2c746fc3ec044a,French F-F_Research_Data_Factors_daily CRSP 202607 sha256 1916d331c2c51d2a; FRED DEXMXUS; CETES FRED INTGSTMXM193N diario aproximado (tasa/360),"{""comision_por_lado"": 0.0029, ""cortes"": [""2008-02-29""], ""efectivo_en_mxn"": true, ""exposicion_inicial"": 0.0, ""exposicion_max"": 1.0, ""exposicion_min"": 0.0, ""extras"": [""fx"", ""pos_fin_sig"", ""pos_ini_sig""], ""fx"": true, ""max_dias_fx"": 10, ""min_historia"": 200, ""periodos_por_anio"": 252, ""permitir_capturas"": false, ""rebalanceo_con_deriva"": true, ""segmentos"": [""dentro_muestra"", ""fuera_muestra""], ""senal"": ""media_movil_200"", ""spread_por_lado"": 0.0005, ""usuario"": {""escenario_costos"": ""defecto"", ""familia"": ""USMXN"", ""moneda"": ""MXN"", ""tipo"": ""referencia"", ""ventana"": 200}, ""variante"": ""USMXN_ref_sma200""}",referencia; sensibilidad: MXN (activo French convertido con DEXMXUS; efectivo CETES diario)
2026-09-25T07:01:59.296497Z,R09,3cacbe7f5f,USMXN_ref_sma200,0,fuera_muestra,2008-02-29,2026-07-31,4633,252,MXN,5.122798694338217,0.10338818864243526,0.12434172539291556,0.35826610744412785,0.5088628851863162,-0.2422284388920003,0.42682101703397346,0.022568643416197826,0.05850748253125909,9.013711875910122,0.9377584209770964,0.7774660047485431,0.7774660047485431,5.375315891184778,0.018276074030028237,99,0.14998987525162244,0.06360041072487732,0.0029,0.0005,2008-02-29,4f2c746fc3ec044a,French F-F_Research_Data_Factors_daily CRSP 202607 sha256 1916d331c2c51d2a; FRED DEXMXUS; CETES FRED INTGSTMXM193N diario aproximado (tasa/360),"{""comision_por_lado"": 0.0029, ""cortes"": [""2008-02-29""], ""efectivo_en_mxn"": true, ""exposicion_inicial"": 0.0, ""exposicion_max"": 1.0, ""exposicion_min"": 0.0, ""extras"": [""fx"", ""pos_fin_sig"", ""pos_ini_sig""], ""fx"": true, ""max_dias_fx"": 10, ""min_historia"": 200, ""periodos_por_anio"": 252, ""permitir_capturas"": false, ""rebalanceo_con_deriva"": true, ""segmentos"": [""dentro_muestra"", ""fuera_muestra""], ""senal"": ""media_movil_200"", ""spread_por_lado"": 0.0005, ""usuario"": {""escenario_costos"": ""defecto"", ""familia"": ""USMXN"", ""moneda"": ""MXN"", ""tipo"": ""referencia"", ""ventana"": 200}, ""variante"": ""USMXN_ref_sma200""}",referencia; sensibilidad: MXN (activo French convertido con DEXMXUS; efectivo CETES diario)
